0	0	0.013554478659008586
1	1	0.036454517989510465
2	2	1.9616493646993896
3	3	0.11039660795374848
4	4	0.034701083147023574
5	5	0.5833703250666179
6	6	0.7009477442406946
7	7	0.3868368093233581
8	8	0.1778798422519072
9	9	0.0539273237825273
10	10	0.1391449610019486
11	11	0.010006276083333389
12	12	0.006921895787577619
13	13	0.10425894014496932
14	14	0.3479019335151741
15	15	0.8689585563563954
16	16	0.12014690176363967
17	17	0.12525821568687004
18	18	0.05973021583159108
19	19	1.0579888813241534
20	20	0.02038298795090822
21	21	0.2764916442653273
22	22	0.37779760702736526
23	23	0.07985988484785764
24	24	0.024425652940640554
25	25	2.5093765888145403
26	26	1.3161839077243522
27	27	0.9960982271940816
28	28	0.0007342501153104323
29	29	0.07092996970118871
30	30	0.2296821884416002
31	31	0.19101821285120557
32	32	0.1549607089454113
33	33	0.14297431552186643
34	34	0.13265705987314833
35	35	0.6752486835925843
36	36	0.01004183937005307
37	37	0.26546233557886395
38	38	0.0010634399418972063
39	39	1.077737371954024
40	40	0.2780672111613499
41	41	0.18915829605158221
42	42	0.3215402057255179
43	43	1.5261028666796637
44	44	0.0034657293171288534
45	45	0.4507032068745929
46	46	0.1307838031320347
47	47	0.028937135675368143
48	48	0.3218901282067429
49	49	0.9620170770187884
50	50	0.752402007532445
51	51	0.06222529609469738
52	52	0.35381331469674915
53	53	0.049710860396187426
54	54	0.0019746529487076636
55	55	1.2667137149515812
56	56	0.7560805710258501
57	57	0.008466155102497623
58	58	0.02243388808905652
59	59	0.00021311621901529316
60	60	0.001034398022789002
61	61	0.1325988864023171
62	62	0.05362525544401222
63	63	0.6848106299767
64	64	0.6296142119221114
65	65	0.0009786700505645335
66	66	1.5927480210717984
67	67	0.005251555656464405
68	68	0.27999635564728975
69	69	0.5475831067818578
70	70	0.4153318345145642
71	71	1.1013969416914982e-05
72	72	0.32920276364789447
73	73	0.0077268743792332515
74	74	0.3240344274437233
75	75	0.14776796816177917
76	76	0.008439110302106062
77	77	0.6495066797342429
78	78	0.6864783720117268
79	79	0.02117140999246997
80	80	0.11719112587887293
81	81	0.04086310971641928
82	82	0.0625542026711556
83	83	0.1918620016712775
84	84	0.018561383729355268
85	85	0.08273065282102327
86	86	0.6659541051045892
87	87	0.010546482191535094
88	88	0.048732770962767985
89	89	0.552687479128151
90	90	0.0005394718886507389
91	91	0.284669882339728
92	92	1.0680881958779052
93	93	1.172649554051061
94	94	0.49464078528116734
95	95	0.2757640262483534
96	96	0.7529833384351348
97	97	0.4646887232785986
98	98	0.0004281571152590823
99	99	1.388060387095945
100	100	0.0006464314707625216
101	101	0.050159969962783504
102	102	0.01891533219513147
103	103	0.29830514354277754
104	104	0.0009755742747046958
105	105	0.5191049851656592
106	106	0.10800516334454005
107	107	0.09498465007621582
108	108	0.26373199150127724
109	109	0.08577638555687774
110	110	1.6907497080706486
111	111	0.3879311288023961
112	112	0.03275840257642807
113	113	0.534262467785538
114	114	0.05979743739838007
115	115	0.005172093428229578
116	116	0.03502717276161094
117	117	0.02218109674430212
118	118	0.27684912624535596
119	119	0.007130049091685603
120	120	2.33406959817408
121	121	0.045884847808820246
122	122	0.6687814997175654
123	123	0.5318084735248576
124	124	0.3705181369446992
125	125	0.10387457363831351
126	126	0.17672878435709738
127	127	0.12361350045101703
128	128	1.0886152159005922
129	129	0.5058349371044997
130	130	0.6277882256502462
131	131	1.0341765172443786
132	132	0.44051438562621453
133	133	2.2236758260953895
134	134	0.007174885025530114
135	135	0.44582600828157715
136	136	0.0001319227563243227
137	137	0.4173371642371721
138	138	0.5426935378450634
139	139	0.5271767345992892
140	140	0.11075763437044285
141	141	0.14362107137057975
142	142	0.622337033277582
143	143	0.37755087440590973
144	144	0.07111230042676028
145	145	1.4817529939848222
146	146	0.01800602128857278
147	147	0.1693004241591011
148	148	0.06810633491957079
149	149	0.2731854314406479
150	150	0.41958924996551306
151	151	0.039958994132236705
152	152	0.11953734091459939
153	153	0.024522190870349708
154	154	0.19009336513361705
155	155	0.003173116790914395
156	156	1.3906115948154516
157	157	0.11556210114028716
158	158	0.017513281402623992
159	159	0.6361295983147829
160	160	0.44244933353052857
161	161	0.00010486434681969359
162	162	2.6394791738557837
163	163	0.5497656910709315
164	164	0.15702973333626918
165	165	0.0228271571614569
166	166	0.0007281880758760441
167	167	0.12773132581553331
168	168	0.19157223200170584
169	169	0.3452783259572271
170	170	0.002760509111991387
171	171	1.058618757683283
172	172	0.09837349612096712
173	173	0.4288428857965522
174	174	0.4339398339951508
175	175	0.057440153527809255
176	176	0.12597381322816337
177	177	2.0871908313698464
178	178	0.003280792115943066
179	179	0.5213965088952383
180	180	0.1999118713671711
181	181	1.4388758047546026
182	182	0.01293604782289217
183	183	0.005207238940296759
184	184	2.281917518347037
185	185	0.07399305010248221
186	186	2.641460092357132
187	187	0.2808392975637427
188	188	0.14768514267760502
189	189	0.30805563441513284
190	190	1.7118824527860135
191	191	0.332547904907503
192	192	0.2395921274201959
193	193	0.24433698258660702
194	194	0.038567043963226265
195	195	0.7548097814623514
196	196	0.4217056502189906
197	197	0.3497432273479583
198	198	0.4595205878602453
199	199	0.27679829904219333
200	200	0.18742499758359363
201	201	0.026661291215384825
202	202	0.7587600996608109
203	203	0.0006125630412977248
204	204	0.09340023198845106
205	205	0.4407962608491003
206	206	0.2704907520377571
207	207	0.20674866117724927
208	208	0.851017274925606
209	209	0.5999024639123747
210	210	0.7467424881582194
211	211	0.40040965516948596
212	212	2.590824362120167
213	213	0.17358637096073906
214	214	0.7695382008941398
215	215	0.4544380344103508
216	216	0.19134969002207275
217	217	0.587485917877387
218	218	2.0817726654588684
219	219	0.0025858769907533496
220	220	0.04260988051172096
221	221	0.0005933554183275249
222	222	0.14512330871327367
223	223	0.000267081558632801
224	224	0.7739750849874472
225	225	0.01843696088800291
226	226	0.7422523597198963
227	227	0.004802139912765642
228	228	0.022704044436164184
229	229	1.1377432877469649
230	230	0.00015565229407083568
231	231	0.19970481356619274
232	232	0.0009064959234796507
233	233	0.20446019601911963
234	234	1.816723698617845
235	235	0.674269531088911
236	236	0.3390997190920497
237	237	0.26040750772157467
238	238	0.5151921437648719
239	239	0.0015167330152772622
240	240	0.009296017821506904
241	241	0.04237977418304696
242	242	0.12019058084738687
243	243	0.08951441972809736
244	244	0.04390345941078024
245	245	0.2885957513183765
246	246	0.8431324904519508
247	247	0.3325685539148311
248	248	0.10163706781718343
249	249	0.15656493448198586
250	250	4.623264182952875
251	251	0.21880503681516966
252	252	1.7116160419660957
253	253	0.4311702675281647
254	254	0.004386542813729124
255	255	0.00944391866888781
256	256	0.7636208063022619
257	257	0.039945226069322756
258	258	0.005231106299647442
259	259	0.0678586507940529
260	260	0.1378893085144643
261	261	0.47627636990955496
262	262	1.8878214340787225
263	263	1.223055643941871
264	264	0.025129385823017384
265	265	0.6732214081348276
266	266	0.031341122377496186
267	267	0.07479920238426033
268	268	0.903832016824271
269	269	0.5733962622549357
270	270	0.02852540919937485
271	271	1.6280616821974563
272	272	0.7873192585571919
273	273	0.0022516630077735454
274	274	0.034746372909746304
275	275	0.10205221685730212
276	276	0.4181336005505734
277	277	0.5176137240622718
278	278	0.05575924116356709
279	279	0.7465070314433091
280	280	0.837343182336314
281	281	0.08231271053943881
282	282	0.911101287794281
283	283	0.5705612027725974
284	284	1.0211637495462982
285	285	0.009110391210327147
286	286	0.4161914780454591
287	287	0.021476798245324755
288	288	0.06686880826799993
289	289	0.24842781806809353
290	290	0.04055919500373671
291	291	0.0371563107864287
292	292	0.08264825282890859
293	293	0.20767191567981547
294	294	1.6850031972690205e-05
295	295	0.25435662344562915
296	296	0.041020446855009614
297	297	0.600501782799177
298	298	0.7360088884852745
299	299	0.981978677115773
300	300	0.3246294394041095
301	301	2.063202222643104
302	302	0.23729432923903485
303	303	0.0373575381089972
304	304	0.03690196391523078
305	305	0.22906269409691232
306	306	0.27788971185952693
307	307	0.00017483118933143635
308	308	0.03815170993549087
309	309	0.01012561862603452
310	310	0.333254430380205
311	311	0.009850785184850237
312	312	0.4840442666826516
313	313	0.0488860298161936
314	314	0.01767219413066382
315	315	4.222849241797724
316	316	0.021335339554759986
317	317	4.167032107140741
318	318	0.06905805545042314
319	319	0.4920540232168422
320	320	0.26139481072771764
321	321	0.04713300081521588
322	322	0.12537292427412958
323	323	2.5547524400576416
324	324	0.5278974113975118
325	325	0.6141105237189259
326	326	0.4959050843955109
327	327	0.022891535892998572
328	328	0.33323477544460955
329	329	1.7206226116632355
330	330	0.4947374187314472
331	331	1.1152326670556103
332	332	0.7945069972894622
333	333	0.15054543083834768
334	334	0.1683038776885886
335	335	0.44076885237256
336	336	0.03427590914788726
337	337	0.6297134520399794
338	338	0.23112210423157165
339	339	0.18676913607253048
340	340	0.21718039194357056
341	341	2.751551825910364
342	342	0.01737040623309195
343	343	0.08494862909464504
344	344	0.3473395683316741
345	345	0.28462927905126706
346	346	0.29939695162769087
347	347	0.030980677160606228
348	348	0.8976997310453779
349	349	0.0011962056352493298
350	350	0.07621618832660187
351	351	1.4522522985026551
352	352	0.029217160425733357
353	353	0.4313508246040656
354	354	0.0689386542865037
355	355	2.2776456426401857
356	356	0.17470569383031193
357	357	0.003144913367822116
358	358	3.616451719369704
359	359	0.19859638710736566
360	360	0.018023291280819267
361	361	0.6183360136604412
362	362	0.19994995448317035
363	363	0.12324815729789491
364	364	0.9584360756241018
365	365	0.09712300275135352
366	366	0.013627972181794972
367	367	0.007336421149363684
368	368	0.13622657723006873
369	369	0.29914856824634356
370	370	0.014422758028501296
371	371	0.44907890622791563
372	372	0.7520125705687816
373	373	0.0052372803424884365
374	374	0.00034724035059931777
375	375	0.10658648433088001
376	376	0.2833272307904031
377	377	0.8251582860237608
378	378	1.0415240803001942
379	379	0.11475198730079245
380	380	0.34620426233891705
381	381	0.02937456906237956
382	382	1.5077810684152553
383	383	0.034359661893598806
384	384	1.2350691785301335
385	385	2.1335154870400577
386	386	0.17357534724973472
387	387	0.17068545202591304
388	388	0.24282111999716674
389	389	0.39563102074571066
390	390	0.25957064285471476
391	391	0.10862702283552332
392	392	1.7340770284635985
393	393	0.02023071973230457
394	394	0.43301199714497907
395	395	2.902114628791614
396	396	0.16023291427797234
397	397	1.4640786446379102
398	398	0.07765461087676812
399	399	0.31179401561560055
400	400	0.2854476639591721
401	401	0.034655069124312717
402	402	0.0023095623041148013
403	403	0.003850500081595383
404	404	0.1491060654476946
405	405	0.14867064989831452
406	406	0.15610748153889403
407	407	0.023113149074152285
408	408	0.04609198262763676
409	409	0.0983588299317795
410	410	0.18409985982483895
411	411	0.10502611028086699
412	412	1.3548563897643389
413	413	0.05739973441005686
414	414	1.0250143013936823
415	415	0.22076837215784356
416	416	0.1394712103042797
417	417	0.04382265964026715
418	418	1.5500542856243626
419	419	0.0003127011395269865
420	420	1.3952415674313277
421	421	0.07099945668127494
422	422	0.0005637130921072798
423	423	0.1357000351526217
424	424	9.64973764602922e-05
425	425	1.4880926300061847
426	426	0.026009748070581606
427	427	0.3576956943092045
428	428	0.2559235670155663
429	429	0.48361295952846967
430	430	0.0547512362951733
431	431	0.024171895106355267
432	432	1.6739301665979929
433	433	0.04540105610466604
434	434	0.3931473279573753
435	435	1.4342230032142391
436	436	1.4446449194268334
437	437	0.057923199546985514
438	438	0.008297443214582308
439	439	0.17538889367695132
440	440	1.450665925999906
441	441	0.0014194152041879186
442	442	2.8881379284436957
443	443	0.9672699829463838
444	444	0.11638481907460399
445	445	0.6180876659559378
446	446	0.16106923955187064
447	447	0.06861871388530548
448	448	0.3537265519710329
449	449	0.10776792898729731
450	450	0.0009759619387045927
451	451	1.887396528840788
452	452	0.022700323783172605
453	453	1.6563082081631117e-12
454	454	0.04670163062106683
455	455	0.0005719637129741776
456	456	0.13568451639121523
457	457	0.07522686974955953
458	458	0.32626461243425553
459	459	0.19424454374899336
460	460	1.190894464207894
461	461	0.9202758643284605
462	462	0.0899540570961747
463	463	0.30391124596585145
464	464	0.12561723368944275
465	465	0.8979619269910487
466	466	0.19442396407898374
467	467	0.043494187219174696
468	468	0.022946745742913603
469	469	0.011836154546775826
470	470	0.021276919630796035
471	471	0.3594538597220628
472	472	0.7717714159304129
473	473	0.20332215307356982
474	474	0.03773472841967604
475	475	0.15165164861474595
476	476	0.335362003959247
477	477	0.07675355017575733
478	478	0.006670921354128016
479	479	0.9578216622435157
480	480	0.045169202923394554
481	481	2.796865277389167e-05
482	482	0.12654249915832486
483	483	0.7378377351849871
484	484	0.6595357741850276
485	485	0.10887313225220235
486	486	0.261125334973639
487	487	0.09933787097583018
488	488	2.110162486201338
489	489	0.3170184296044499
490	490	1.4055139124575657e-07
491	491	0.940083948316422
492	492	0.3410973099378568
493	493	2.3619573732763346
494	494	0.17607247323958505
495	495	0.1176112161096505
496	496	0.3367377308381661
497	497	0.08072744392589791
498	498	0.0061891280315376765
499	499	0.00245258751140228
500	500	0.07498911079288885
501	501	0.03167655737591786
502	502	0.0011006142754523417
503	503	0.639313067588158
504	504	0.03942949988683016
505	505	0.11057813933740587
506	506	0.3095761433014167
507	507	0.3820561371390136
508	508	0.7262990563964004
509	509	0.6257355642783711
510	510	0.12803885668063575
511	511	0.18189345481414246
512	512	0.09776149164360223
513	513	1.2607690360625914
514	514	0.0057324065537604114
515	515	0.3820031114944293
516	516	1.3866859692130318
517	517	0.1438133899038148
518	518	0.26688864528162964
519	519	0.12627107856605177
520	520	0.11942489846675333
521	521	0.0038247006115912146
522	522	0.0035186250548632013
523	523	0.0003576737950432217
524	524	0.15296306269732593
525	525	0.022501011799022107
526	526	0.6385749776509767
527	527	0.5366011797769499
528	528	1.5294905824008505
529	529	0.06858005915677308
530	530	1.2133664237409743
531	531	0.7079439447769114
532	532	0.9768653572428618
533	533	0.0522702496510373
534	534	0.37485124609916887
535	535	4.073844045597467
536	536	0.07517757088142868
537	537	0.13424421113654264
538	538	0.49921795245875533
539	539	0.0021602214682864143
540	540	1.4946965354280173
541	541	1.0694678404125713
542	542	0.2511792664928847
543	543	0.113715326040719
544	544	0.13134191725456912
545	545	0.763599691668101
546	546	0.5227201853971172
547	547	0.022391044782304657
548	548	0.3707532057606425
549	549	0.0037248564961811195
550	550	0.1252509932183055
551	551	0.09934142971879971
552	552	0.028333860439875094
553	553	0.7592105141671621
554	554	1.1245670436936797
555	555	0.07439781604157247
556	556	1.516102170558113
557	557	0.38512300415267187
558	558	2.084606681311165
559	559	0.03993907870485099
560	560	0.005681063124588763
561	561	0.38695597216992333
562	562	1.101748348286396
563	563	0.23058509592960955
564	564	0.41459444026021536
565	565	0.04340764896844601
566	566	0.8685978209554557
567	567	0.003320960413548209
568	568	0.10778219089690778
569	569	1.2939851977306556
570	570	0.03836723644565991
571	571	0.04955944388471256
572	572	0.14068996618032825
573	573	0.3950770719359176
574	574	0.4179285626307152
575	575	0.3643694088723775
576	576	0.3307682415479453
577	577	0.1077787329871534
578	578	0.0005199002075758153
579	579	1.3047179902227328
580	580	0.6320016830058938
581	581	1.007286433801422
582	582	0.7004773808691283
583	583	0.16150476455981616
584	584	0.23488172589032735
585	585	0.3228311117438313
586	586	0.6253583771618499
587	587	0.4671828888462537
588	588	0.049151303962601436
589	589	0.029492500073635585
590	590	0.022663231451115918
591	591	7.898455822731572e-05
592	592	0.5568980775433928
593	593	0.10580341391914345
594	594	2.2536274687293765
595	595	8.383807858185879e-05
596	596	0.27722774482967255
597	597	0.03147839606082963
598	598	0.2802830554871539
599	599	0.16729321932169974
600	600	0.35421813170229494
601	601	0.6235529374462526
602	602	0.5756896288253557
603	603	0.3533934129671879
604	604	0.03963664351562762
605	605	0.9537001410113182
606	606	0.2817611724662867
607	607	1.042604114630445
608	608	0.1404107935677313
609	609	0.14984654248932547
610	610	0.07978529568322379
611	611	1.9539941828585086
612	612	0.09790018027540405
613	613	0.9364052898116536
614	614	0.003618237302445074
615	615	0.45132462385276706
616	616	0.9977115030985819
617	617	0.006276946532014037
618	618	0.2102775097189892
619	619	0.04618955574646033
620	620	0.00527059408318844
621	621	0.002383287508166395
622	622	7.031433741945646e-05
623	623	0.006230682410186769
624	624	1.4573645229718502
625	625	1.337385439209757
626	626	2.647102512700003e-05
627	627	0.3444935565503361
628	628	0.3197279473834912
629	629	0.0005679538532092202
630	630	0.20023242409075903
631	631	1.707849058169971
632	632	0.40319936546360946
633	633	1.0468773185600286
634	634	0.0001330975738074584
635	635	0.19257869351724471
636	636	0.014635844026424191
637	637	0.3380227924275992
638	638	0.17621518522456875
639	639	0.039264221357887055
640	640	0.17371790234405085
641	641	0.017737197066277677
642	642	0.5990379912041706
643	643	0.32696117275785985
644	644	0.22091138444026504
645	645	0.28889148063859926
646	646	2.586830702105789
647	647	0.005260728977891521
648	648	0.0048256961169526906
649	649	0.09746984833619499
650	650	0.2925923462886818
651	651	0.6454980793792674
652	652	0.04810707218642837
653	653	0.0753957627946056
654	654	0.257177248285812
655	655	2.2684088609688797
656	656	0.6026524332729692
657	657	0.46703460220541376
658	658	0.21396411114057856
659	659	0.07719567735454354
660	660	0.17884224353132916
661	661	0.09883824601970981
662	662	0.2277258089332581
663	663	0.05329322209038625
664	664	0.04921636874932072
665	665	1.9643188169030321
666	666	0.1957875852300654
667	667	0.023628059512327708
668	668	0.21379956251392598
669	669	0.5568368951604236
670	670	0.29387763877354106
671	671	0.4053167584690409
672	672	2.0177400371178633
673	673	0.035836905125903214
674	674	0.35172185217967333
675	675	0.11700567305087738
676	676	0.9918158059736516
677	677	1.0781690752452175
678	678	0.7014495125444306
679	679	0.0005608273209671359
680	680	0.015369533751731742
681	681	0.4831912391569164
682	682	0.009638516522262545
683	683	0.012496288368918734
684	684	0.2539380291037878
685	685	0.47015492978097756
686	686	1.205058373004661
687	687	0.13212301140923555
688	688	0.8190143693895335
689	689	0.7471317640815834
690	690	0.9882844557727558
691	691	0.1011948805354361
692	692	0.3476663117522673
693	693	0.4675984559714117
694	694	0.41834335409726786
695	695	0.11709588478817334
696	696	1.327772252643397
697	697	0.04700467929444627
698	698	0.1375053356619802
699	699	0.8683918703523261
700	700	2.3359772884979875
701	701	0.13233605184111702
702	702	5.61636132092976e-05
703	703	0.004504409422596565
704	704	0.3434231274237895
705	705	0.23239822868270574
706	706	0.43826270588804994
707	707	0.13458465833289848
708	708	0.0316130386842813
709	709	0.41612693327866646
710	710	0.9291780951181458
711	711	4.239694380804166
712	712	0.11915149837021573
713	713	0.008910427731948443
714	714	0.00025628070449460323
715	715	0.9411542602407353
716	716	1.0705618752793797
717	717	0.7960339214913776
718	718	0.3951964239400088
719	719	0.0008578257298044198
720	720	0.4516070185441122
721	721	0.5749465457723477
722	722	0.24945164116662583
723	723	0.01805316284565293
724	724	0.5288678428887919
725	725	1.9946069244960372
726	726	0.10389062789196644
727	727	0.6224874786423843
728	728	0.9436331088032807
729	729	0.028285327397418698
730	730	4.054257955872661
731	731	0.5022922461275982
732	732	0.3488776040416148
733	733	1.3729315192456855
734	734	0.2832595713686618
735	735	0.16306470841127982
736	736	1.5480940535691645
737	737	0.0334665047770063
738	738	0.04683871493409401
739	739	0.696414671135899
740	740	0.05643968962031324
741	741	0.1420117998087871
742	742	0.002418800077152164
743	743	0.9499497367631692
744	744	0.10947498511063855
745	745	0.8668958873684959
746	746	1.037535591004585
747	747	1.4341201501977447
748	748	0.004685502241247942
749	749	1.2859058093089968
750	750	1.484261113573681
751	751	0.2859912474708179
752	752	0.35060092760979017
753	753	0.20985858373523178
754	754	0.045329685839455625
755	755	0.5020787916990088
756	756	0.18539275960559012
757	757	0.08407424422124564
758	758	0.1081019166866837
759	759	0.017785547004501516
760	760	0.23434990894592977
761	761	0.3518706562353672
762	762	0.6829582503391949
763	763	0.0007750455240795801
764	764	0.0030690632237925365
765	765	0.1002637519033342
766	766	0.9424480389730346
767	767	0.1418709367300717
768	768	0.6751140781080718
769	769	0.01340733894908899
770	770	2.3608820160430732
771	771	0.20897044858854932
772	772	0.07497121425988933
773	773	0.0014031388876432206
774	774	0.599762741426302
775	775	2.2882134361859503
776	776	0.32111582670596267
777	777	1.2036279303207948
778	778	0.0030653954097219233
779	779	0.04547132361616428
780	780	0.403804814943642
781	781	0.30491064206624063
782	782	0.30702283691449
783	783	0.5439754824731237
784	784	1.0059770118930973
785	785	0.17195090508928437
786	786	0.015392093105011438
787	787	0.025342655741427363
788	788	0.17354535919200276
789	789	0.0028729391414323304
790	790	0.38280633809545683
791	791	0.586642625154873
792	792	0.0040737765169339525
793	793	0.27192704237736726
794	794	0.2895002544489564
795	795	0.2559986099367693
796	796	0.1347830837431668
797	797	0.23148949808903174
798	798	0.3086895638063212
799	799	0.29921493557556317
800	800	0.25876538260598336
801	801	0.08804882997695629
802	802	0.3489052135535398
803	803	0.27761970939592895
804	804	0.01244135633205766
805	805	1.1179434975015503
806	806	0.0055915976033527855
807	807	0.814881010077328
808	808	0.4503872113951193
809	809	0.10610270852695657
810	810	0.2899593716096843
811	811	1.8034361109808166
812	812	0.06527584427950471
813	813	0.14799172798836485
814	814	0.11773143619858152
815	815	0.8195382919235407
816	816	0.03582029290795264
817	817	0.19444923785895665
818	818	0.7855093002241165
819	819	0.35358546521710266
820	820	0.2663071934545935
821	821	3.045677702429933
822	822	0.06213243959546935
823	823	1.4278861065569501
824	824	0.1310796510625787
825	825	0.32508216492743314
826	826	0.20307548188071955
827	827	0.00048590592101811374
828	828	2.4318762318348597
829	829	1.7585584750373926
830	830	0.044776027950462365
831	831	0.4116673927732655
832	832	0.03470657074730122
833	833	0.07530170738040237
834	834	0.22511057161562792
835	835	7.854172992187021e-05
836	836	0.4798897228903147
837	837	0.2512421062745129
838	838	0.17823007103746732
839	839	0.10111115953229384
840	840	2.4874589941825347
841	841	1.1639335645324418
842	842	0.046153488126868036
843	843	0.34041814629485984
844	844	0.007535527700288995
845	845	1.453743466166402
846	846	0.004193992690148355
847	847	1.1418031805137638
848	848	1.158982307782462
849	849	0.6867060715551714
850	850	0.004504376843740807
851	851	1.234720590198486
852	852	0.37231232254262564
853	853	1.1328021160445454
854	854	1.560777309103701
855	855	0.006060215788983748
856	856	0.02564068770236446
857	857	0.3200715456010011
858	858	0.44570355438708165
859	859	0.030862032880734944
860	860	0.020289041797838366
861	861	0.008135195858024954
862	862	0.017940272336509765
863	863	2.3406850300273887
864	864	0.7339072992883219
865	865	0.16379430315625745
866	866	0.0006844309360051358
867	867	1.1587695960882913
868	868	0.23201241555981944
869	869	1.4104256395073094
870	870	1.5708497881894168
871	871	0.45857383922353306
872	872	0.6020754372958591
873	873	0.38805794501215873
874	874	0.13489591129101794
875	875	0.023814967329869898
876	876	0.006005263859460829
877	877	0.2785798870440871
878	878	0.60159012962546
879	879	0.5562686338459919
880	880	0.6336827572216123
881	881	5.981757502473454e-05
882	882	0.06180150037305468
883	883	0.04297987113610115
884	884	1.196767796064929
885	885	0.013104893276307608
886	886	0.05890646395558104
887	887	0.28124001171824364
888	888	0.003672011794590376
889	889	0.3547102770024864
890	890	0.34566202720056777
891	891	1.3480607955372523
892	892	0.03577950157569294
893	893	0.9813790179491994
894	894	0.024074156032393452
895	895	0.42129740304846525
896	896	0.006760101073304579
897	897	0.012961937966543604
898	898	0.0005077945378840739
899	899	0.16321631867114358
900	900	0.5119024343055234
901	901	3.587185855916982
902	902	0.13108310331910594
903	903	0.1607499886324728
904	904	0.6404050055665839
905	905	0.856105933407029
906	906	0.0012631220826467443
907	907	0.7521432824641966
908	908	0.007836029687655498
909	909	1.6411377069033415
910	910	0.03565266299919329
911	911	0.013182972221226327
912	912	0.29868845811358147
913	913	0.16459726709767758
914	914	0.5998282925220978
915	915	0.008580172379572903
916	916	1.602515280628875
917	917	0.015275019971489244
918	918	0.10925410530301853
919	919	0.36956992140881434
920	920	0.3510060118478208
921	921	0.015136635429959114
922	922	0.11581711612646318
923	923	0.030832028067420175
924	924	0.17809883842334595
925	925	0.10873120176434409
926	926	0.08328179842421843
927	927	0.3273091532356611
928	928	0.5274979892999326
929	929	0.007654069004845229
930	930	0.4327404390714664
931	931	1.5432091698915793
932	932	0.09324852124380856
933	933	2.2115012055735277
934	934	0.2759447421775537
935	935	0.003535986406040798
936	936	1.0659610278259597
937	937	0.08923787434680869
938	938	0.6936490429599881
939	939	0.0006607523833453112
940	940	0.9795433628009886
941	941	0.019011783460316126
942	942	0.0014051217931061336
943	943	0.08123001792468586
944	944	0.07005383584594996
945	945	0.12371223581874033
946	946	0.010893185826627261
947	947	0.04346813494251696
948	948	0.1772737331427403
949	949	0.00012272377608809918
950	950	0.2931771773926061
951	951	0.3362311593597078
952	952	0.08680946429584556
953	953	0.06854866408079
954	954	1.385741646298207
955	955	0.613524174322609
956	956	0.06246260257104024
957	957	0.00015912578435254958
958	958	0.23361009662614635
959	959	0.48496739916344195
960	960	0.07194119802350903
961	961	0.6848146400525075
962	962	0.3005832309067818
963	963	0.16631248672420415
964	964	0.02594000897382252
965	965	0.175931671596625
966	966	0.1247656176521968
967	967	0.039932974740893315
968	968	0.0017771562504011618
969	969	1.3805220166408245
970	970	0.5964908082472341
971	971	0.2500786258858937
972	972	0.31175741657088935
973	973	0.3341465638361788
974	974	0.21330608218245703
975	975	0.591383094826232
976	976	0.48496722925646313
977	977	0.132319305730945
978	978	0.0045505959234196066
979	979	0.05559566101031569
980	980	0.3105636667639357
981	981	2.7685555689223573
982	982	0.75428022087965
983	983	0.021322693122287167
984	984	1.2121856839316607
985	985	0.3993031562642019
986	986	0.377804164997011
987	987	0.0005043969420922855
988	988	0.31563519476667506
989	989	0.047360671444632824
990	990	0.004502478375357604
991	991	0.10973584383795416
992	992	0.05132055073753081
993	993	0.07340535908278434
994	994	0.8769017833876565
995	995	0.052846302493740956
996	996	0.14911033904763699
997	997	0.2729367915788526
998	998	0.9430023722318337
999	999	0.22792610776600006
1000	1000	0.16675435662941682
1001	1001	0.2615087022385106
1002	1002	0.00022718333415417156
1003	1003	0.17272697046243182
1004	1004	0.02921662071712142
1005	1005	0.12858395183083376
1006	1006	0.39129585761145325
1007	1007	0.20076866798754484
1008	1008	0.05697317910650952
1009	1009	0.08998231792482257
1010	1010	0.025966927481325484
1011	1011	0.2828428908784286
1012	1012	0.00030164684967690737
1013	1013	0.018448666208907054
1014	1014	0.28715241116018597
1015	1015	1.600043180753191
1016	1016	0.00013739719466512642
1017	1017	0.4413675263489267
1018	1018	0.023811056723689324
1019	1019	0.055947789214357585
1020	1020	1.1632310262195655
1021	1021	0.31876233864888487
1022	1022	0.14744087099658532
1023	1023	0.8653904833281422
1024	1024	0.6852292667895047
1025	1025	1.090551325438171
1026	1026	0.07630911478205549
1027	1027	0.04529384895812847
1028	1028	0.008480846187296989
1029	1029	0.006468862706769834
1030	1030	0.3488731916383031
1031	1031	0.0562724726722011
1032	1032	0.018400844933479474
1033	1033	6.008375211515223e-06
1034	1034	0.003818281602184763
1035	1035	0.30023055971501345
1036	1036	0.15263701238946586
1037	1037	0.31587041883630257
1038	1038	0.24773912310945329
1039	1039	0.3871715964455886
1040	1040	0.018053573043723285
1041	1041	0.01808011732162406
1042	1042	0.5509430616008797
1043	1043	0.0033598738258081872
1044	1044	0.08428606759714878
1045	1045	0.572875806156253
1046	1046	0.028847555619021737
1047	1047	0.2144826114921677
1048	1048	0.08885700208832678
1049	1049	0.005263362111791348
1050	1050	0.25766877793485166
1051	1051	0.12911560939659275
1052	1052	0.3868854279466074
1053	1053	0.08052139120685022
1054	1054	1.2223931551252558
1055	1055	0.04907792464982934
1056	1056	0.14690587358692472
1057	1057	0.0064397775745157725
1058	1058	0.006617898285013257
1059	1059	0.21470011485748272
1060	1060	0.05959361238314409
1061	1061	0.2457261010324076
1062	1062	0.07556695546364613
1063	1063	0.11132442481420947
1064	1064	0.23482777637556884
1065	1065	0.12435794833465151
1066	1066	3.0006232875588523
1067	1067	0.019667616124100507
1068	1068	0.13782250163667067
1069	1069	0.5141572291445232
1070	1070	0.05705557139106476
1071	1071	0.8985435516551992
1072	1072	0.4444142718776704
1073	1073	0.009828562948812415
1074	1074	1.2392420329857219
1075	1075	1.6996275920405326
1076	1076	1.4474815387187696
1077	1077	0.24366963553871443
1078	1078	0.30426596835785397
1079	1079	4.8959659736913615e-05
1080	1080	0.060843179169745305
1081	1081	0.4459409209364998
1082	1082	0.035882040236253125
1083	1083	0.35858271147213827
1084	1084	1.8988986208101155
1085	1085	0.5296468174230884
1086	1086	0.8983301021833501
1087	1087	0.6833073936214981
1088	1088	0.24570791305176962
1089	1089	0.16937907377835598
1090	1090	0.013697037058579145
1091	1091	0.21457612051479785
1092	1092	0.19010459681042094
1093	1093	0.06541281383698726
1094	1094	1.199850069926258
1095	1095	1.2764796230107864
1096	1096	0.003912807159688027
1097	1097	0.22279473554442678
1098	1098	0.46037025854469604
1099	1099	0.07969668804727369
1100	1100	0.02747592085725603
1101	1101	0.24373141389295136
1102	1102	0.2190891013560606
1103	1103	1.9386983771006356
1104	1104	0.6665229442757273
1105	1105	0.20775299888017015
1106	1106	0.249800273780941
1107	1107	0.825481050965807
1108	1108	0.98174867229132
1109	1109	0.4882114442223612
1110	1110	0.0010215254029264963
1111	1111	0.0020501158628988174
1112	1112	0.6265235560916794
1113	1113	1.5680701403028914
1114	1114	0.12074479548649578
1115	1115	0.21379578868067128
1116	1116	0.0038150801562769547
1117	1117	0.7948011042670858
1118	1118	0.5561598507188092
1119	1119	0.10824239424902034
1120	1120	0.3300874322480239
1121	1121	1.5015186924579644
1122	1122	0.0436866234762548
1123	1123	0.44829756633157947
1124	1124	0.6089026065741724
1125	1125	0.07838941679013325
1126	1126	0.743885536342101
1127	1127	0.10724712860849642
1128	1128	0.35193740769751003
1129	1129	1.1917206943782468
1130	1130	0.007441463745438942
1131	1131	0.023362334338561958
1132	1132	0.004731144043399735
1133	1133	0.5111165779870034
1134	1134	0.18985826847587525
1135	1135	0.043999247815339676
1136	1136	0.022476228071877654
1137	1137	0.028532735132136604
1138	1138	0.5612456839367703
1139	1139	0.05773389708304789
1140	1140	0.021066713789042922
1141	1141	4.616210690817685
1142	1142	1.7056978098227396
1143	1143	0.1675897985852916
1144	1144	3.031689296200575
1145	1145	0.5407254103730874
1146	1146	0.7522280655859608
1147	1147	0.6068363093503101
1148	1148	1.0973892134527548
1149	1149	0.1483183224513548
1150	1150	0.03247982210651421
1151	1151	0.04905313935232942
1152	1152	0.03252253079238027
1153	1153	0.026968311025140714
1154	1154	1.0684527577940592
1155	1155	0.39284815086814934
1156	1156	0.0026832469770886507
1157	1157	0.29460610010423144
1158	1158	0.004373045962404978
1159	1159	0.8730272206342382
1160	1160	0.04240660436396462
1161	1161	0.5485113309908737
1162	1162	0.4480550528317949
1163	1163	0.13371958219138055
1164	1164	1.0075759016481238
1165	1165	0.07373451833807103
1166	1166	4.258570173353049
1167	1167	0.06152849043433704
1168	1168	0.1088036916629293
1169	1169	0.04218028315854669
1170	1170	0.18302696761593265
1171	1171	0.6398380415398501
1172	1172	1.5906977637349335
1173	1173	0.16968018645005428
1174	1174	1.3199570407181829
1175	1175	0.12141626876819674
1176	1176	0.015790255523856437
1177	1177	0.9459470524510901
1178	1178	0.045406916817618374
1179	1179	0.9236553280668041
1180	1180	0.0163277186166965
1181	1181	1.8282911712797842
1182	1182	0.007671554512771086
1183	1183	7.4048932599759135e-06
1184	1184	0.8194457503671506
1185	1185	0.8242722534854837
1186	1186	1.2928273083888855
1187	1187	0.9570866012756043
1188	1188	0.5866345378595862
1189	1189	0.21076129801989252
1190	1190	0.7543372929053845
1191	1191	0.05175664774296357
1192	1192	0.30168516628359093
1193	1193	0.41244077056369804
1194	1194	0.04361157183186482
1195	1195	1.2982022149220083
1196	1196	0.10726590725618995
1197	1197	1.4760495272261622
1198	1198	0.2718215300737698
1199	1199	0.00047782958009014517
1200	1200	0.16775899188498714
1201	1201	0.9612392550033596
1202	1202	0.025489168138075013
1203	1203	0.15738121769906724
1204	1204	4.717464067376772e-05
1205	1205	2.991176396703915
1206	1206	0.004242339667733188
1207	1207	0.06776141468604911
1208	1208	0.1653060301766907
1209	1209	0.7414056931690375
1210	1210	0.2915112826191248
1211	1211	0.7945352694186619
1212	1212	0.41287916309192707
1213	1213	4.203053966779587
1214	1214	0.7278729248508403
1215	1215	1.2320495648368246
1216	1216	0.1360756933370119
1217	1217	0.7513616150290434
1218	1218	1.4273141778116576
1219	1219	0.3624851085799384
1220	1220	1.411607484793284
1221	1221	0.045093656778353836
1222	1222	0.016012098099841023
1223	1223	0.15637290579044316
1224	1224	0.20950679766581648
1225	1225	0.002789862241063647
1226	1226	0.18441688531738576
1227	1227	0.01870280338478964
1228	1228	0.95416426455609
1229	1229	0.02341677098985481
1230	1230	0.2608132540903277
1231	1231	0.5152373253467349
1232	1232	0.1954260112217534
1233	1233	0.9780186760905256
1234	1234	0.059647795571687846
1235	1235	0.046186176300068035
1236	1236	0.03200093738599351
1237	1237	0.04464319635273059
1238	1238	0.9036396712744375
1239	1239	0.05326573216000184
1240	1240	1.1035195199945356
1241	1241	0.008553170691257963
1242	1242	0.024963710911882847
1243	1243	0.09601947812933237
1244	1244	0.39570731855308705
1245	1245	0.47436181445342246
1246	1246	0.06463566494140166
1247	1247	0.003794722266672443
1248	1248	0.11081809169524316
1249	1249	0.38055455242582803
1250	1250	0.3123402738823316
1251	1251	0.20854325275577554
1252	1252	1.9397756842412734
1253	1253	0.07231910308960333
1254	1254	0.06988236692661995
1255	1255	0.007087464426114035
1256	1256	0.0008637681958345847
1257	1257	0.4088778644251982
1258	1258	0.25595933080938993
1259	1259	0.11617373045185238
1260	1260	0.9027725721712561
1261	1261	0.6450642308357922
1262	1262	0.14531895170315168
1263	1263	0.13893935628443443
1264	1264	0.20905075002758386
1265	1265	1.0371889774616367
1266	1266	0.06055608609009039
1267	1267	0.4246983863955003
1268	1268	0.04015548069481501
1269	1269	0.05088233976798377
1270	1270	0.8445053736425225
1271	1271	3.103369100975359
1272	1272	0.0036542027833131904
1273	1273	2.685956075938492
1274	1274	1.0406774535116412
1275	1275	2.8199601483166177
1276	1276	0.7318319150123501
1277	1277	0.19757285376197137
1278	1278	0.4170104974612542
1279	1279	0.11708766224790623
1280	1280	0.021873348106930632
1281	1281	0.07764176205482733
1282	1282	2.273349758468407e-05
1283	1283	1.1180368854409695
1284	1284	0.2391019128877902
1285	1285	0.03713947832605399
1286	1286	1.2661586851337698
1287	1287	0.1681474819748306
1288	1288	0.16207630764908895
1289	1289	0.36576634381889556
1290	1290	0.26339740312210036
1291	1291	0.4227334965080319
1292	1292	0.00011215449700669159
1293	1293	0.29501082920712285
1294	1294	1.7940424987663157
1295	1295	0.14591012309021717
1296	1296	1.1380455797411813
1297	1297	0.30728109404470183
1298	1298	0.27364195105138556
1299	1299	0.03961756498530011
1300	1300	1.2702603509969965
1301	1301	0.04400574774214173
1302	1302	0.0002850805953195018
1303	1303	0.7752141273830224
1304	1304	0.8610084993905843
1305	1305	0.22436598280624287
1306	1306	0.008401709427246173
1307	1307	0.00422367216381905
1308	1308	0.3753767704801995
1309	1309	0.0048641452363204305
1310	1310	0.0006190156730271288
1311	1311	0.13392369350171945
1312	1312	0.05460955413516202
1313	1313	0.15353244337181815
1314	1314	0.26980265321084224
1315	1315	0.06262655353779095
1316	1316	0.9528573544436247
1317	1317	0.20393192356588685
1318	1318	0.10031677364538838
1319	1319	0.2979771396026455
1320	1320	0.2614017961000649
1321	1321	0.22236384992859912
1322	1322	0.808728546578482
1323	1323	0.07223263391515419
1324	1324	1.3336570391785514
1325	1325	0.19279693026365008
1326	1326	0.291143186785255
1327	1327	0.41522660484991675
1328	1328	0.012428305205122643
1329	1329	0.21048926875113322
1330	1330	0.11208578702009332
1331	1331	0.14076757502852644
1332	1332	2.986610197529321
1333	1333	0.2790028975227305
1334	1334	1.6885753515702109
1335	1335	1.0897642959115073
1336	1336	0.6859373515981438
1337	1337	0.5593102341992578
1338	1338	1.4660483865618081
1339	1339	1.7149931665354692
1340	1340	0.9927087682182199
1341	1341	1.9622866117060003
1342	1342	0.10795710763732877
1343	1343	0.030635968557758766
1344	1344	2.042782390987726
1345	1345	0.002497118155052018
1346	1346	0.04490853472307846
1347	1347	0.0981457547643795
1348	1348	0.05286722146526198
1349	1349	0.5029066153271012
1350	1350	0.03540660912583692
1351	1351	0.13284209124235613
1352	1352	0.08252021395509142
1353	1353	0.08433436125105556
1354	1354	0.13470956350250782
1355	1355	0.07959600094681961
1356	1356	0.1787858201019794
1357	1357	0.41580463148897717
1358	1358	0.07142302794208173
1359	1359	0.6030487416392224
1360	1360	1.9518551268128035
1361	1361	0.11650515981792219
1362	1362	0.002245178670267743
1363	1363	0.002404664660847588
1364	1364	0.0004922569882875201
1365	1365	0.0035195644037158006
1366	1366	0.20345898653080913
1367	1367	7.572937465479939e-05
1368	1368	0.28799346882267957
1369	1369	0.05597600867969665
1370	1370	0.2559562872040747
1371	1371	0.0016790947749101028
1372	1372	0.8989914043296542
1373	1373	0.0055547883544414195
1374	1374	1.277208169109739
1375	1375	0.11705876370541399
1376	1376	0.4607130392467935
1377	1377	0.2605161322716492
1378	1378	0.01743311760690248
1379	1379	1.2309490718100062
1380	1380	0.11797883926709009
1381	1381	0.028595204977861204
1382	1382	0.5630197995014493
1383	1383	0.6848156184507402
1384	1384	0.40137926083054765
1385	1385	0.00277054587049459
1386	1386	1.6234786288350584
1387	1387	0.08221370394390067
1388	1388	0.2649208767278262
1389	1389	0.17583851157365268
1390	1390	0.2709326528665645
1391	1391	1.346920513841538
1392	1392	0.004115749703798059
1393	1393	0.0068196179924657225
1394	1394	5.750839364707092e-05
1395	1395	0.6546148778404499
1396	1396	0.06379453775161496
1397	1397	0.9993758303893842
1398	1398	0.18242118014867564
1399	1399	1.109333935625306
1400	1400	0.6831594587871234
1401	1401	0.161581238484012
1402	1402	0.2765994047508208
1403	1403	0.12843149439255633
1404	1404	0.960159053142834
1405	1405	0.031582868483499185
1406	1406	0.04112319511019897
1407	1407	0.09254606955631396
1408	1408	0.0008260937892300948
1409	1409	0.3488262079623962
1410	1410	0.3064914025634454
1411	1411	1.455159313258488
1412	1412	0.24580780116673098
1413	1413	0.0021083652665984816
1414	1414	0.11622084719597553
1415	1415	0.24831659358597988
1416	1416	0.4013392487448654
1417	1417	0.004464767947023095
1418	1418	0.5331573385401354
1419	1419	0.032775409762017156
1420	1420	0.07779417682199158
1421	1421	0.2826852273324471
1422	1422	0.4969252513203199
1423	1423	2.3005011123744152e-05
1424	1424	0.0010744187055189837
1425	1425	0.0011436861357266126
1426	1426	2.255322058156312
1427	1427	0.345865123482301
1428	1428	0.2312058231052858
1429	1429	0.008580103604492136
1430	1430	1.0129215450672766
1431	1431	0.23527401730300374
1432	1432	1.5067061063912055
1433	1433	0.5914731018222582
1434	1434	0.005294812848075905
1435	1435	0.9554626690355457
1436	1436	0.25005585728407126
1437	1437	0.01885086241390087
1438	1438	0.15700835559490625
1439	1439	0.2807717683103944
1440	1440	0.40732016578558494
1441	1441	1.1494688145819703
1442	1442	1.0761263607130258
1443	1443	0.6872960927717761
1444	1444	0.24835858533458088
1445	1445	0.22873240562603123
1446	1446	0.7240217626329043
1447	1447	2.28789247446752
1448	1448	0.1116145775156225
1449	1449	0.009624645707710686
1450	1450	0.0754110254689126
1451	1451	2.0255219816663383
1452	1452	0.48980590665783036
1453	1453	0.001758563455229196
1454	1454	0.08054058721664964
1455	1455	0.046432582990726286
1456	1456	1.283564825569208
1457	1457	1.757758896623889
1458	1458	0.015601644231660548
1459	1459	0.3808269911989614
1460	1460	0.00385844942893279
1461	1461	0.7660650139100769
1462	1462	0.06949739584203286
1463	1463	0.0541297150083716
1464	1464	0.32930530792679125
1465	1465	0.7085212547506465
1466	1466	0.40391999304733756
1467	1467	0.23202207837153818
1468	1468	0.0003432780932054718
1469	1469	1.0960132737680757
1470	1470	0.06628773366894207
1471	1471	1.4673430648032237
1472	1472	0.27776554910501017
1473	1473	0.005465765404618408
1474	1474	0.20349182297405602
1475	1475	0.09484929602931458
1476	1476	1.5823607882438686
1477	1477	0.5969834585134084
1478	1478	0.4432636392131764
1479	1479	0.1425628477213938
1480	1480	0.6137890235503755
1481	1481	1.1199246991139329
1482	1482	0.5122933449241145
1483	1483	0.07317871032211627
1484	1484	0.3169180514426822
1485	1485	0.7278670485890562
1486	1486	0.6178456112339372
1487	1487	0.4644471701756621
1488	1488	0.09604772192855979
1489	1489	0.33924916675842126
1490	1490	0.1041383804091235
1491	1491	1.1863256614161846
1492	1492	0.5133962817302573
1493	1493	0.6291431008251438
1494	1494	0.06846212827446821
1495	1495	0.9080450431606398
1496	1496	0.48156448411637914
1497	1497	1.1640059021424427
1498	1498	0.28721090423718637
1499	1499	0.18782806094525817
1500	1500	0.06166227221129597
1501	1501	1.270649858736589e-05
1502	1502	0.052454881421078875
1503	1503	0.4958787262338239
1504	1504	0.2376554576142112
1505	1505	0.1010570359131516
1506	1506	0.037980358086250485
1507	1507	1.0873005815584862
1508	1508	0.3026635595732297
1509	1509	0.22483944042234133
1510	1510	0.40968617900129056
1511	1511	0.030358635889743982
1512	1512	1.1651843232670986
1513	1513	0.34378303798115817
1514	1514	1.3719913908690158
1515	1515	0.35772822352171707
1516	1516	0.5914190519823317
1517	1517	0.6276033329566773
1518	1518	3.2188858995786345
1519	1519	1.0450019785160563
1520	1520	0.5097159275146894
1521	1521	0.9848685986789856
1522	1522	0.2618394124775379
1523	1523	0.17207005654123816
1524	1524	0.5008362622977197
1525	1525	0.005200374113754444
1526	1526	0.1185575847152933
1527	1527	1.918634964312728
1528	1528	0.7534397175972601
1529	1529	0.4039615537473424
1530	1530	0.007131567893744413
1531	1531	0.15948002199988476
1532	1532	0.4120580080232245
1533	1533	0.05261321310254205
1534	1534	0.0010202986114264446
1535	1535	0.0038315459625993926
1536	1536	0.06812986459835733
1537	1537	0.6665773490916732
1538	1538	0.010815948499030087
1539	1539	0.024455634613438148
1540	1540	0.16653975980664282
1541	1541	0.5386393984837405
1542	1542	0.0826046507005485
1543	1543	0.14050511750269004
1544	1544	0.3916602406373451
1545	1545	0.05504950728855668
1546	1546	0.08660877434669674
1547	1547	0.051120711240035255
1548	1548	0.6378478977689449
1549	1549	0.17941460426838177
1550	1550	0.01967601049324582
1551	1551	0.42342250324565267
1552	1552	0.5249781788238502
1553	1553	0.0015362377792670146
1554	1554	0.6795051586851795
1555	1555	2.823603539636593
1556	1556	0.0018718457102748865
1557	1557	0.7919420628981839
1558	1558	0.027497954032817747
1559	1559	0.8590013084236358
1560	1560	0.01671669039151996
1561	1561	0.1897897931000759
1562	1562	0.3242040800499073
1563	1563	0.4382066285505172
1564	1564	0.017421628909278983
1565	1565	0.27042047192039725
1566	1566	0.05792189217634158
1567	1567	0.014944117279059367
1568	1568	0.8611283338431385
1569	1569	1.0322179797885778
1570	1570	0.7908678586974944
1571	1571	0.1604392203701393
1572	1572	0.0753395924466954
1573	1573	0.3897951297131188
1574	1574	0.08853625609286568
1575	1575	0.4372014530661981
1576	1576	0.04927159712862724
1577	1577	0.5222730701463641
1578	1578	1.1686191654925324
1579	1579	1.0620177524085093
1580	1580	0.017276947924682203
1581	1581	7.120253880802031e-05
1582	1582	0.6812420279272855
1583	1583	0.6321233104896999
1584	1584	0.007780065880890425
1585	1585	0.11671750429953709
1586	1586	0.4879133537848745
1587	1587	0.3041044816562196
1588	1588	0.06766205974158655
1589	1589	0.03302056668035904
1590	1590	0.00816538492910874
1591	1591	0.09567141586995678
1592	1592	1.1575236834079203
1593	1593	0.20780797481263796
1594	1594	0.14231837170141617
1595	1595	0.06785794038305681
1596	1596	0.28761550569504296
1597	1597	0.7471342129578318
1598	1598	0.08056504929501815
1599	1599	0.15006607479711842
1600	1600	0.28906514370968
1601	1601	0.0007231402545927158
1602	1602	0.2377846004973907
1603	1603	0.00015614910848528552
1604	1604	0.10877152632787801
1605	1605	0.0024818905379614528
1606	1606	1.2785656066611664
1607	1607	0.034599131170949045
1608	1608	1.598488074090799
1609	1609	0.6697596124085953
1610	1610	0.3649057334890372
1611	1611	2.5445769702435723
1612	1612	0.08646012236328052
1613	1613	0.0050824633085225415
1614	1614	0.4390108007093747
1615	1615	0.005448610031593064
1616	1616	1.6297313963933027
1617	1617	0.9068346213356521
1618	1618	0.5521407009626403
1619	1619	0.020969372445512263
1620	1620	0.3647157271814499
1621	1621	0.0003172027349100193
1622	1622	0.11174826310904223
1623	1623	1.1205003924042254
1624	1624	0.11348795239640819
1625	1625	0.10543646207658677
1626	1626	0.19095460226059144
1627	1627	0.12043798569879384
1628	1628	0.36920705294906014
1629	1629	0.3372964190710131
1630	1630	0.09623712760845476
1631	1631	0.005861752947914178
1632	1632	0.09559841327547276
1633	1633	0.024573333115919874
1634	1634	0.3514419009461524
1635	1635	0.9272064208136258
1636	1636	1.1089641650837958
1637	1637	0.11559650224979588
1638	1638	0.12666692022764203
1639	1639	0.5575325817990472
1640	1640	0.09840439734782862
1641	1641	0.01622674403494346
1642	1642	0.7078990656651966
1643	1643	0.330036769777129
1644	1644	0.00039905339412002564
1645	1645	2.8079601922219335
1646	1646	0.29710230937483595
1647	1647	0.9685503120261518
1648	1648	0.032599931366405294
1649	1649	0.01539874194965285
1650	1650	0.08327563154355072
1651	1651	0.7126710729958158
1652	1652	0.12376422067266811
1653	1653	0.01451234092487534
1654	1654	0.8875339691516541
1655	1655	0.6069818144334163
1656	1656	0.8093522930422852
1657	1657	0.10234326863324421
1658	1658	0.7751521141059823
1659	1659	0.003436657075884406
1660	1660	0.21643723525046749
1661	1661	0.0017920884271139545
1662	1662	0.23075949615716668
1663	1663	0.6698637790080099
1664	1664	0.10065212592093953
1665	1665	0.12367815210510438
1666	1666	1.2316651110953536
1667	1667	0.1304399304555442
1668	1668	0.068761873309875
1669	1669	0.09651682972056959
1670	1670	0.03797520095975861
1671	1671	0.5608551149181111
1672	1672	0.04127132192478951
1673	1673	0.3460806708356652
1674	1674	0.1940746840870373
1675	1675	0.5365962447869238
1676	1676	0.3367157825828907
1677	1677	0.00846732906298104
1678	1678	1.2132972538232267
1679	1679	1.4612761242745604
1680	1680	0.126508934573915
1681	1681	0.3832942043306512
1682	1682	0.05202057627923912
1683	1683	0.29859495786783147
1684	1684	0.18401817327494024
1685	1685	0.006853989054305822
1686	1686	0.7582706980452888
1687	1687	0.05973637520809524
1688	1688	0.06967002482884667
1689	1689	0.009902497614758613
1690	1690	0.11658608288382094
1691	1691	2.4555628774207916
1692	1692	2.0214935426205822
1693	1693	0.0848519260795565
1694	1694	0.239734328837865
1695	1695	0.355829863647919
1696	1696	1.8999613132896591
1697	1697	1.10494389971804
1698	1698	0.09647055929984431
1699	1699	0.17228725412202883
1700	1700	0.06567589319452309
1701	1701	0.8211846818918971
1702	1702	0.27725944518749696
1703	1703	0.898334209621519
1704	1704	3.151277672622878e-05
1705	1705	0.03139015050812084
1706	1706	0.08074312528668584
1707	1707	2.3005063818437557
1708	1708	0.4991329799794974
1709	1709	0.0005444064290544646
1710	1710	0.15496004383697048
1711	1711	0.2082993203114834
1712	1712	0.3199049271450735
1713	1713	3.220352837352803e-09
1714	1714	0.100030736676425
1715	1715	0.23247760217299704
1716	1716	1.1965752016372169
1717	1717	0.5906691708691357
1718	1718	0.14445299946871598
1719	1719	0.6088084991902892
1720	1720	0.005192842258072326
1721	1721	0.3474217270746328
1722	1722	0.06279139075571746
1723	1723	0.12400145199882615
1724	1724	4.301423991700043
1725	1725	0.38243391368819146
1726	1726	0.09791311906851959
1727	1727	0.038853130111319904
1728	1728	0.11929925044274155
1729	1729	0.07535782426958675
1730	1730	0.14209985062349376
1731	1731	0.049527248215611
1732	1732	0.6297652736960001
1733	1733	1.2406057844221712
1734	1734	0.8886268988647404
1735	1735	0.11653503899472836
1736	1736	0.0015932159848214267
1737	1737	0.35418300767866273
1738	1738	1.0462246017005545
1739	1739	1.2953350497387128
1740	1740	2.241558621270678
1741	1741	0.030082049012899854
1742	1742	0.49761500333969955
1743	1743	0.0773177830532855
1744	1744	2.0922361497132855
1745	1745	3.0701461256249214
1746	1746	0.010418179536610603
1747	1747	0.00014256410807786583
1748	1748	0.5451869290445928
1749	1749	2.4558710427613466
1750	1750	0.014352997045607921
1751	1751	1.3938850536447096
1752	1752	0.021309883284543325
1753	1753	1.1489437622859424
1754	1754	0.04465444230931338
1755	1755	0.003886052036958896
1756	1756	0.37767281271615627
1757	1757	1.1616720394924338
1758	1758	2.1101368534592693
1759	1759	0.2901521729828488
1760	1760	0.023899901298688915
1761	1761	0.5495485014231095
1762	1762	0.0003416302071992876
1763	1763	1.9262053155523333
1764	1764	0.3852122566171337
1765	1765	0.8561739329866446
1766	1766	1.278443472389796
1767	1767	0.0002530892437473188
1768	1768	0.6419804745556112
1769	1769	1.8020849664478058
1770	1770	0.46075913879188457
1771	1771	0.0942769630980029
1772	1772	0.1976709089160306
1773	1773	0.5058262175984587
1774	1774	0.21482118179191928
1775	1775	0.026670833895276823
1776	1776	0.07969922338412647
1777	1777	1.4147558824262714
1778	1778	4.030066728029681
1779	1779	0.2433817017245781
1780	1780	0.00489010940820116
1781	1781	0.03948556845839876
1782	1782	0.06848269162395777
1783	1783	0.22064029395648663
1784	1784	0.14556253622648527
1785	1785	0.3994440130450546
1786	1786	0.0804560158864279
1787	1787	0.3949728594310045
1788	1788	0.16293670889564738
1789	1789	0.008638664627501801
1790	1790	0.15690034306693548
1791	1791	0.14270686648846942
1792	1792	0.4040478080072077
1793	1793	0.01911971581719632
1794	1794	0.9349672337179805
1795	1795	0.04984588025294915
1796	1796	0.17736850118016337
1797	1797	0.07375962909988737
1798	1798	0.04951147910820948
1799	1799	0.0014309736835942514
1800	1800	0.6570174580642516
1801	1801	0.3895915959496366
1802	1802	0.09027071132535568
1803	1803	0.39878931761036845
1804	1804	0.03344345421961371
1805	1805	0.3720663735773585
1806	1806	0.20045615474384484
1807	1807	3.0228727873144563
1808	1808	0.3688807075806361
1809	1809	0.01459497053385779
1810	1810	1.9440346821472976
1811	1811	2.7100864661047406
1812	1812	0.1906636630852614
1813	1813	1.240179163629122
1814	1814	1.2848615490689077
1815	1815	0.7958185759448306
1816	1816	0.2422719249718909
1817	1817	0.03356819216070428
1818	1818	0.001562940718735192
1819	1819	0.16227554692422266
1820	1820	1.0403603602413314
1821	1821	1.6042208193544472
1822	1822	0.10251817270397208
1823	1823	0.3686651409022099
1824	1824	0.5438173059121122
1825	1825	1.299788255332123
1826	1826	1.9187452833935168
1827	1827	0.711456997082378
1828	1828	0.5801703342906668
1829	1829	0.0870204393717116
1830	1830	1.2703207209454264
1831	1831	0.021576165840381252
1832	1832	0.6030195506017793
1833	1833	0.14016735096303817
1834	1834	0.22937551947822035
1835	1835	1.106413261563297
1836	1836	1.0061954067092822
1837	1837	0.6718790062333174
1838	1838	0.0735109852656594
1839	1839	0.36410212470333203
1840	1840	0.802007592085573
1841	1841	1.7278254312697456
1842	1842	0.046372184579513746
1843	1843	0.34787362369604363
1844	1844	0.2941797225517669
1845	1845	0.35860381457639434
1846	1846	0.8517564358361331
1847	1847	1.0363705202922529
1848	1848	1.0185770492936561
1849	1849	0.017161437077668117
1850	1850	0.22662680439337135
1851	1851	0.036469272331105994
1852	1852	0.8665001559734843
1853	1853	0.3945373819600073
1854	1854	0.26405485373390075
1855	1855	0.07785790776025424
1856	1856	0.09077979047949719
1857	1857	0.005803350445931119
1858	1858	0.7183451072934641
1859	1859	0.3695204410880864
1860	1860	0.0024421852054273027
1861	1861	1.2092777001584627
1862	1862	0.037242327607485914
1863	1863	0.24918716568607951
1864	1864	0.8844320961728566
1865	1865	2.2029385029635136
1866	1866	0.0014356528408865055
1867	1867	0.04126005576877803
1868	1868	0.09455371551928012
1869	1869	0.06286377391697376
1870	1870	0.06460654658620121
1871	1871	0.19958061589852755
1872	1872	1.6348532119613315
1873	1873	0.20611171250350663
1874	1874	0.16974255453854722
1875	1875	0.2837541160941515
1876	1876	0.012850360283529717
1877	1877	0.7459642955621933
1878	1878	0.01959980233900588
1879	1879	0.005159315557728423
1880	1880	3.07876437021153
1881	1881	0.5328420353100639
1882	1882	0.06604099372259574
1883	1883	0.531858963752175
1884	1884	1.5816708152660022e-05
1885	1885	0.0072846980038802425
1886	1886	2.3754051110455684e-06
1887	1887	0.01246781097989691
1888	1888	0.2060814624700213
1889	1889	0.16213294986349036
1890	1890	0.5876292553661265
1891	1891	0.8933727161372294
1892	1892	0.08786839735958665
1893	1893	0.28619737672977213
1894	1894	0.5647057266081221
1895	1895	0.6481914761630442
1896	1896	0.013098607108977957
1897	1897	0.5748265047297557
1898	1898	0.05943733364628898
1899	1899	0.8624527297579142
1900	1900	0.9915125664051789
1901	1901	0.005792146132082128
1902	1902	0.036665689003114635
1903	1903	0.7545683533331059
1904	1904	0.07004627357510948
1905	1905	0.199936749406875
1906	1906	0.061142924508979284
1907	1907	2.6559770172919843
1908	1908	0.15561998751680106
1909	1909	0.002091473119796145
1910	1910	0.00023865008561922983
1911	1911	0.0025051447901212795
1912	1912	0.2730852047385246
1913	1913	0.03509378449798239
1914	1914	0.9383401900692744
1915	1915	0.09437409483436691
1916	1916	0.4304623312931865
1917	1917	1.5284127267861751
1918	1918	0.3223367527486005
1919	1919	0.009406392495208252
1920	1920	0.00430972502258949
1921	1921	4.217919055724761
1922	1922	0.0061597400681318686
1923	1923	0.04682777290530692
1924	1924	0.07905736130024835
1925	1925	0.04521394246556879
1926	1926	0.3592304212663112
1927	1927	1.0509180121483874
1928	1928	1.3246565089513047
1929	1929	1.9089507776611394
1930	1930	0.040484013096605036
1931	1931	1.0208267053717512
1932	1932	0.7521252995873577
1933	1933	0.07361594098480657
1934	1934	0.001962448165614289
1935	1935	0.11721617244342074
1936	1936	0.020948659063154393
1937	1937	1.2256026292657416
1938	1938	0.5176765194146685
1939	1939	0.7387155134312916
1940	1940	0.02000569680180655
1941	1941	3.2610159417706646
1942	1942	0.002699468171253646
1943	1943	0.014600592950246141
1944	1944	0.27692345123787476
1945	1945	0.7745123010275091
1946	1946	0.03486682896667367
1947	1947	0.9178107648854582
1948	1948	0.12327747217199858
1949	1949	0.6658313005828054
1950	1950	0.5499194586262532
1951	1951	0.7700923091620736
1952	1952	1.6280396234259678
1953	1953	0.10607209765153042
1954	1954	0.0019438003979830598
1955	1955	4.0890021969452786
1956	1956	0.05595857102655118
1957	1957	1.9331238001006776
1958	1958	0.05123268027449632
1959	1959	0.721934263409264
1960	1960	0.047959428880334116
1961	1961	1.0413694391180284
1962	1962	0.012447616810119126
1963	1963	1.7305409079833454
1964	1964	1.8570413313318972
1965	1965	0.494081014702856
1966	1966	0.0009850166114172216
1967	1967	0.13101404808265
1968	1968	0.21121464672134532
1969	1969	0.0016922639210664304
1970	1970	0.5431694264759129
1971	1971	1.2004473515948597
1972	1972	0.00019424402130744736
1973	1973	0.0008940000332664849
1974	1974	1.7893203722736477
1975	1975	1.2557236560235812
1976	1976	0.00032451040365010804
1977	1977	0.14245240362058917
1978	1978	1.1199991542840868
1979	1979	0.005249898663118811
1980	1980	0.23284834604269172
1981	1981	0.27716990287224785
1982	1982	0.36675154538082483
1983	1983	0.28434100614278734
1984	1984	0.010676780128248204
1985	1985	1.025751741559111
1986	1986	0.11411859168009113
1987	1987	0.17524411724715405
1988	1988	0.0001102924337716206
1989	1989	0.9966464759898915
1990	1990	0.22824153334076783
1991	1991	1.1354352795608746
1992	1992	0.14816139087188346
1993	1993	0.13397820291782628
1994	1994	0.30280159237604976
1995	1995	0.009290911973359739
1996	1996	0.02157746185561094
1997	1997	0.040434243857129376
1998	1998	0.16183203823641432
1999	1999	0.1106687163211612
2000	2000	0.15771463943826122
2001	2001	0.08250520416980593
2002	2002	0.5331109779797298
2003	2003	0.025218455050365962
2004	2004	2.2511649260803734
2005	2005	0.7242686800803392
2006	2006	0.614141791855428
2007	2007	0.014618421328177564
2008	2008	0.2007457727330959
2009	2009	1.0025161279676233
2010	2010	1.6177381358194463
2011	2011	0.004691433375662911
2012	2012	0.054185528306604794
2013	2013	0.0017358567885227803
2014	2014	0.49572690715634254
2015	2015	0.05432524269322451
2016	2016	0.0031848868404493105
2017	2017	0.20606045936332837
2018	2018	0.22627632536891154
2019	2019	0.004112857451299555
2020	2020	0.33296314403671357
2021	2021	0.057664092545050324
2022	2022	3.12512547842132
2023	2023	0.336503713319781
2024	2024	0.18092803548497818
2025	2025	0.11540452609553456
2026	2026	0.18603575746810075
2027	2027	0.5688714619848513
2028	2028	0.015021527087802727
2029	2029	1.865854350665352
2030	2030	0.05457015610986495
2031	2031	0.28198183177898434
2032	2032	0.02217642851548676
2033	2033	0.0020396926007084527
2034	2034	0.2043601334506172
2035	2035	0.029730484034685627
2036	2036	0.7782715434871224
2037	2037	0.1751505932356442
2038	2038	0.0507496331678678
2039	2039	0.13860242892090746
2040	2040	0.0002236050626136277
2041	2041	1.5126359996267493
2042	2042	0.6236406780726651
2043	2043	0.8069607266632912
2044	2044	0.8491709443662755
2045	2045	0.6315366436748662
2046	2046	0.12146660787859269
2047	2047	0.0003544653745302954
2048	2048	3.0070519561928077
2049	2049	0.5657070474351001
2050	2050	0.48577077301415766
2051	2051	0.10923174971146303
2052	2052	0.2559793545530984
2053	2053	2.1533589988249053
2054	2054	0.005656073242145215
2055	2055	0.5053366278898704
2056	2056	0.9249183368296328
2057	2057	0.6320994349042941
2058	2058	0.16222222402525802
2059	2059	0.06614262350258224
2060	2060	0.0211167618528203
2061	2061	1.0693306242670828
2062	2062	0.06482760451432949
2063	2063	1.2300777856113423
2064	2064	0.25813674417923843
2065	2065	2.024712115001781
2066	2066	0.0017938496348026433
2067	2067	1.3259965463082806
2068	2068	0.03128634890057831
2069	2069	0.006885844503216452
2070	2070	0.43286207764479573
2071	2071	0.46439891275350825
2072	2072	0.001978296830423722
2073	2073	0.48466158178135543
2074	2074	0.11685108435413756
2075	2075	0.1637067692272893
2076	2076	0.2770772397214351
2077	2077	0.4357991624922986
2078	2078	0.001030179379132664
2079	2079	1.3581178292738136
2080	2080	0.04479424003148626
2081	2081	1.3988394943689204
2082	2082	0.001271330492816941
2083	2083	0.22864472801851973
2084	2084	1.3088368250174667
2085	2085	0.007927951737460456
2086	2086	1.6240513925013254
2087	2087	0.06881952309640567
2088	2088	2.3002105792908147
2089	2089	0.11512427627893365
2090	2090	4.302379850699363
2091	2091	0.8193751513925382
2092	2092	0.12655370494181306
2093	2093	0.09158509999454117
2094	2094	0.7107698490851871
2095	2095	0.0001987968147364679
2096	2096	0.05705476186343663
2097	2097	0.0451355885244754
2098	2098	0.0010539603878175084
2099	2099	0.03532978626392077
2100	2100	0.4227317567640391
2101	2101	0.27423569257547614
2102	2102	0.004845157948951175
2103	2103	0.18607685687232256
2104	2104	0.05632306728935619
2105	2105	0.4249773963168786
2106	2106	0.015630206517012746
2107	2107	0.5759267652410004
2108	2108	2.5617193924433694
2109	2109	0.1331424628478239
2110	2110	0.4797302426297992
2111	2111	1.0911010115153499
2112	2112	0.13707406604879438
2113	2113	0.3762470896951398
2114	2114	0.0013539424989030607
2115	2115	0.16543662768977385
2116	2116	0.02762825917412411
2117	2117	0.04916488477706437
2118	2118	0.04815198545022137
2119	2119	0.144062833890986
2120	2120	0.2922260344706779
2121	2121	0.23783721738376706
2122	2122	0.04474639144113911
2123	2123	0.13134308353212323
2124	2124	0.020382838742651805
2125	2125	1.124006956781207
2126	2126	0.002269055122834561
2127	2127	0.5169115041282564
2128	2128	0.4460106527629862
2129	2129	0.11407457912741535
2130	2130	0.46696685511738834
2131	2131	0.15408782005328003
2132	2132	3.435142331288458
2133	2133	0.1917368746127937
2134	2134	0.3872477133679213
2135	2135	0.5679076207397892
2136	2136	0.061890351732553764
2137	2137	1.9610594621688422
2138	2138	0.2707084792457012
2139	2139	0.2574401276937838
2140	2140	0.5172368121203035
2141	2141	0.04248578488314661
2142	2142	0.09076089563673731
2143	2143	0.01130596860763103
2144	2144	0.0392896422806591
2145	2145	0.015301137638717979
2146	2146	0.26557727609624804
2147	2147	0.13185795629357655
2148	2148	0.7203071581993031
2149	2149	0.2030576977956177
2150	2150	0.248469026408947
2151	2151	0.3102961112556114
2152	2152	1.282543956021876
2153	2153	0.019580199064976368
2154	2154	0.04962493498340958
2155	2155	1.5711388209876256
2156	2156	0.146502300030109
2157	2157	0.8860796665543457
2158	2158	0.0014081300525084
2159	2159	0.613363704476902
2160	2160	0.2843605477894654
2161	2161	0.04110439947185072
2162	2162	1.7951090363846385
2163	2163	0.006174010409740508
2164	2164	0.01223067305779735
2165	2165	1.3818241874156691
2166	2166	0.5588209551589919
2167	2167	0.6232547239570239
2168	2168	4.8519834228242
2169	2169	0.0006955066809239289
2170	2170	0.5550377721057014
2171	2171	0.0010075275934113823
2172	2172	1.5401980118157628
2173	2173	0.016954632790820275
2174	2174	0.4047930655642655
2175	2175	0.6964891920693511
2176	2176	2.5076107297951613
2177	2177	0.106568524417571
2178	2178	0.0017566905344919362
2179	2179	0.28600257361239534
2180	2180	1.2495911627263725
2181	2181	1.4368138836962059
2182	2182	1.1138701973985075
2183	2183	0.40117895726619424
2184	2184	0.2343915523139368
2185	2185	0.604916405347053
2186	2186	0.1935111061020141
2187	2187	0.0544150985990251
2188	2188	0.039270087798048185
2189	2189	0.8167465661204842
2190	2190	0.05770122449766044
2191	2191	0.024867501140629675
2192	2192	0.054064243521241236
2193	2193	0.12296566261910422
2194	2194	1.3571972878871053
2195	2195	2.8789259797583298
2196	2196	0.23072343023686356
2197	2197	0.24123372787310673
2198	2198	0.1722100211854493
2199	2199	0.13089210057057882
2200	2200	0.17020002390452918
2201	2201	0.5651050833205683
2202	2202	0.2745889813086866
2203	2203	0.16304816343868928
2204	2204	2.031991574760492
2205	2205	0.2314714462463875
2206	2206	1.3547763046746928
2207	2207	0.3758046437016385
2208	2208	0.22817430437456768
2209	2209	0.003061482251256586
2210	2210	0.31279531907850955
2211	2211	0.7700670273066188
2212	2212	0.10032999449111599
2213	2213	0.47269536135217993
2214	2214	0.34700066117788403
2215	2215	0.3310201911389405
2216	2216	0.18676651761548244
2217	2217	0.008253752567248024
2218	2218	0.1096591825046624
2219	2219	0.0348465796501686
2220	2220	0.07324672169940297
2221	2221	0.3058937442158366
2222	2222	1.211900575233758
2223	2223	0.21684863962576464
2224	2224	0.3712063588261601
2225	2225	0.15565099885703396
2226	2226	0.941660897191702
2227	2227	0.21607546694685306
2228	2228	0.8585771685463883
2229	2229	0.19756750500151396
2230	2230	0.17326270622019654
2231	2231	0.1660486290140079
2232	2232	0.631524233440021
2233	2233	0.016537353981010534
2234	2234	0.4819133430833238
2235	2235	0.03249818790765988
2236	2236	0.14651371434825483
2237	2237	0.0018178627794211615
2238	2238	0.1102031421276104
2239	2239	0.34157468967603577
2240	2240	0.2173770481224351
2241	2241	1.438780026911141
2242	2242	0.1675426805957679
2243	2243	0.11010320936465563
2244	2244	1.263088227014638
2245	2245	0.11885045603781177
2246	2246	2.1939524414957527
2247	2247	0.07646616554063097
2248	2248	0.10844795403884123
2249	2249	0.0022357579562705815
2250	2250	0.5041725487159475
2251	2251	0.23761362792836166
2252	2252	0.2288897435083369
2253	2253	0.13056984143228934
2254	2254	0.00953039560588094
2255	2255	0.31572692947168657
2256	2256	1.1813208100410995
2257	2257	0.16002295016152981
2258	2258	0.04612213996472243
2259	2259	2.021994337003297
2260	2260	0.4070114551637403
2261	2261	0.2927756806293341
2262	2262	2.3200734651324026
2263	2263	0.12681329166569713
2264	2264	0.318860906219797
2265	2265	0.17247341778847053
2266	2266	0.05407641184726442
2267	2267	0.06464112561268605
2268	2268	0.04096169150173965
2269	2269	1.5977849833238855
2270	2270	0.7126058356980082
2271	2271	0.000273322452301425
2272	2272	0.007118899660824812
2273	2273	0.03370337585176613
2274	2274	0.2817332544266229
2275	2275	0.6675406683545346
2276	2276	0.01799694174601119
2277	2277	1.0386156623472038
2278	2278	1.2889811411390537
2279	2279	0.05995917969790326
2280	2280	0.4926247099961663
2281	2281	1.8058963005340092
2282	2282	0.002548681773371964
2283	2283	0.11561527309301955
2284	2284	1.0862934358282876
2285	2285	0.008450753368706165
2286	2286	0.026311707861530746
2287	2287	0.09935578624776763
2288	2288	1.451783221083111
2289	2289	0.0001720283131166783
2290	2290	0.46816416314122716
2291	2291	1.6592863734760974
2292	2292	0.002734056054634125
2293	2293	1.1278535440254684
2294	2294	0.0033887581290867226
2295	2295	0.09819681763313201
2296	2296	0.33453403077291294
2297	2297	0.5829279282457422
2298	2298	0.6336504378962524
2299	2299	3.6382328952955056
2300	2300	0.417104895908158
2301	2301	0.00037245871412945933
2302	2302	0.15566783026112987
2303	2303	0.2688797659078772
2304	2304	0.005474690736343999
2305	2305	0.9125666858884537
2306	2306	0.006736134378908342
2307	2307	0.23315045966833214
2308	2308	0.39667005039980924
2309	2309	0.009354062039453381
2310	2310	1.362077284317365
2311	2311	0.2222539288130443
2312	2312	0.13657796902325653
2313	2313	0.03543617163428924
2314	2314	1.8161399671411365
2315	2315	0.028870003797228157
2316	2316	3.965554762088982e-05
2317	2317	0.17433071163643138
2318	2318	0.8239048024399597
2319	2319	0.16880288543839303
2320	2320	1.0543823354911361
2321	2321	0.16462964231220936
2322	2322	0.0007689078420564896
2323	2323	0.405857677790783
2324	2324	0.11929515731997402
2325	2325	0.38459614932890174
2326	2326	0.3680498094916767
2327	2327	0.1853827292861578
2328	2328	0.014520039767978592
2329	2329	0.056598604884022644
2330	2330	0.2467253127814149
2331	2331	0.023229012086454587
2332	2332	0.2352004273033353
2333	2333	0.02576141273173737
2334	2334	0.11316445158908853
2335	2335	0.3380997018157078
2336	2336	0.5344411485807103
2337	2337	0.18079349519262722
2338	2338	0.049264143066915025
2339	2339	0.024164081283102642
2340	2340	0.0243041637826508
2341	2341	0.003859099437590637
2342	2342	0.14322894697142782
2343	2343	0.04421837902446756
2344	2344	0.1214411382778192
2345	2345	0.5343290740723974
2346	2346	0.0702550313976325
2347	2347	0.0613108444185209
2348	2348	0.1867987457657999
2349	2349	0.3577695415800026
2350	2350	0.06273207589988192
2351	2351	0.3615762900857229
2352	2352	0.13463271202624685
2353	2353	2.3372405509583363
2354	2354	1.1791974271058563
2355	2355	0.02594885714766361
2356	2356	0.5514112451304205
2357	2357	1.9667805876896143e-05
2358	2358	1.1654606154852472
2359	2359	0.19038199404911427
2360	2360	0.3622363756362882
2361	2361	0.02263417597659077
2362	2362	0.05494590774808575
2363	2363	0.5595760719529214
2364	2364	0.9438676450105494
2365	2365	0.22280603029000495
2366	2366	1.3504634198605467
2367	2367	0.08381136872116823
2368	2368	0.007203673012338928
2369	2369	0.9138454758615405
2370	2370	0.04543978666167826
2371	2371	0.5724531834670341
2372	2372	0.13611293424231863
2373	2373	0.048310510226856895
2374	2374	0.13581805746274805
2375	2375	0.2714630237523797
2376	2376	1.6689383125068438
2377	2377	0.007066815363588709
2378	2378	0.14378721481879278
2379	2379	1.0140282515374852
2380	2380	0.22404045562893643
2381	2381	0.18664893335366145
2382	2382	0.457458717226082
2383	2383	1.5401901449592624e-06
2384	2384	0.062275748122020025
2385	2385	0.14812681173109143
2386	2386	0.12092114740000526
2387	2387	1.8124433380830909
2388	2388	0.9157654101087153
2389	2389	0.29597000317822797
2390	2390	0.6777412139315726
2391	2391	0.1416573441352611
2392	2392	0.2575824190600726
2393	2393	0.5737424282978443
2394	2394	0.11252402641785281
2395	2395	0.49238892911474624
2396	2396	0.7960207951377329
2397	2397	0.005555826953297567
2398	2398	0.0003015293050418295
2399	2399	0.3317648765196829
2400	2400	0.7624813223304236
2401	2401	0.3501471483043139
2402	2402	1.7427889386980233
2403	2403	0.18376078435238447
2404	2404	0.004409684571774102
2405	2405	0.7294111046841181
2406	2406	0.9612852847484807
2407	2407	0.10724096700746488
2408	2408	0.024918641694355557
2409	2409	0.06170628300325234
2410	2410	0.052236721423962275
2411	2411	1.9237466028052714
2412	2412	1.3430985683603682
2413	2413	0.21859827300775225
2414	2414	0.14642423105823518
2415	2415	0.44088939812516903
2416	2416	0.2207618442589104
2417	2417	0.6048008650450437
2418	2418	0.977566542373574
2419	2419	0.3070827525002753
2420	2420	0.002930031670663204
2421	2421	0.02439625918428145
2422	2422	0.009310268027636114
2423	2423	0.5176013305405823
2424	2424	0.09000597715053396
2425	2425	0.28004297271486084
2426	2426	0.18870287581051612
2427	2427	0.33931295644353937
2428	2428	1.7856957182984547
2429	2429	2.5287364726975423
2430	2430	0.3768282431422161
2431	2431	0.032381233581123076
2432	2432	0.03323271087029935
2433	2433	0.03132146275696749
2434	2434	0.17856062432571593
2435	2435	0.14985085209574125
2436	2436	0.47211654041400314
2437	2437	0.23495057418173396
2438	2438	0.0004896593066044305
2439	2439	0.062326139820821545
2440	2440	0.022730480107775432
2441	2441	0.00588814819687768
2442	2442	0.016593723890747626
2443	2443	0.001686469111651125
2444	2444	2.446668291992326
2445	2445	2.7188796366336216
2446	2446	0.2704787102708767
2447	2447	1.8007937770043012
2448	2448	0.0366966016060822
2449	2449	0.1609433012674017
2450	2450	0.019218354750748203
2451	2451	0.1267286510666181
2452	2452	0.00023391674785370808
2453	2453	0.08304778457360486
2454	2454	0.0009272898629168492
2455	2455	0.7061014634133441
2456	2456	1.616615924039833
2457	2457	4.594063573128889
2458	2458	0.9681065374307537
2459	2459	0.3286116048817998
2460	2460	0.31553287838406213
2461	2461	0.001250045093192731
2462	2462	0.23053336621266993
2463	2463	0.7720966486470835
2464	2464	0.40649814309671184
2465	2465	1.4528964087127612
2466	2466	0.2921022407175123
2467	2467	0.7271963533712315
2468	2468	0.474397151790698
2469	2469	1.7434354571503776
2470	2470	0.004175953415608297
2471	2471	0.4733341580595979
2472	2472	0.05832987461804244
2473	2473	0.9759670621357961
2474	2474	0.005519300874709733
2475	2475	0.6563200384238869
2476	2476	0.2270490287726065
2477	2477	0.13896800138290633
2478	2478	0.006834464843854378
2479	2479	0.07553482260014635
2480	2480	0.5394787101965604
2481	2481	0.07159654281477917
2482	2482	0.4010585910514965
2483	2483	0.1767632143217274
2484	2484	0.2902720873715602
2485	2485	0.008538546956129338
2486	2486	0.21373437917496568
2487	2487	0.07116600741351758
2488	2488	3.92760348532563
2489	2489	0.03577203188505892
2490	2490	0.4899410480468892
2491	2491	1.5628546491271384e-06
2492	2492	0.03376785166584689
2493	2493	0.5833334551483375
2494	2494	0.23202751594366886
2495	2495	0.02007835936593198
2496	2496	0.9458675112641171
2497	2497	0.2366497783025364
2498	2498	0.4113305903584415
2499	2499	0.04246261714844442
2500	2500	0.03775374190125618
2501	2501	0.1498750893028559
2502	2502	0.215558642998708
2503	2503	0.0001374547226338317
2504	2504	0.031031155584582474
2505	2505	0.31842373491939824
2506	2506	0.1538916785524713
2507	2507	0.029769353526445965
2508	2508	0.00034411635626609263
2509	2509	0.3411383551173878
2510	2510	0.8362964647195551
2511	2511	0.6475567816535363
2512	2512	0.10131421912450303
2513	2513	0.0016467069418149528
2514	2514	0.5089218426443612
2515	2515	0.14937031631029546
2516	2516	0.2933232420556427
2517	2517	0.8519217191600058
2518	2518	0.09135059170533123
2519	2519	0.0018649943222092576
2520	2520	1.9009718657098924
2521	2521	0.17447632986383377
2522	2522	1.45370516679642
2523	2523	1.797477609291281
2524	2524	0.06907567461126149
2525	2525	0.19702234076932149
2526	2526	1.1635529940038167
2527	2527	0.028483524664926232
2528	2528	0.208728727853571
2529	2529	1.305618341506068
2530	2530	0.07747221734458207
2531	2531	0.00959084570169716
2532	2532	0.8781293333373101
2533	2533	0.34133539956686376
2534	2534	0.3279151195639611
2535	2535	4.777075706770201
2536	2536	0.3712729261135029
2537	2537	0.0006488608458766132
2538	2538	2.232255873762921
2539	2539	0.9574879397676107
2540	2540	0.03958862325197308
2541	2541	0.07723972146619244
2542	2542	0.031895689147366006
2543	2543	0.08301494096688787
2544	2544	0.09646024331178842
2545	2545	0.40521044966074854
2546	2546	0.01312089403090669
2547	2547	0.04274655314902204
2548	2548	0.6352005928946207
2549	2549	0.49970415526933754
2550	2550	0.3492719322102207
2551	2551	0.0481305800864822
2552	2552	1.1063674824144678
2553	2553	1.7541882761654612
2554	2554	0.00021690537960933966
2555	2555	0.01236415950012493
2556	2556	0.1249301612907239
2557	2557	0.0001247719597430223
2558	2558	1.9635985423096256
2559	2559	1.1019585139216155
2560	2560	0.0828796632204457
2561	2561	0.028225224402877554
2562	2562	0.0031497746797430966
2563	2563	1.7897788879451575
2564	2564	0.34136129555268235
2565	2565	0.4003866572164653
2566	2566	0.21518995891820614
2567	2567	0.6496668451022641
2568	2568	0.5678342466542766
2569	2569	0.1773139845850468
2570	2570	0.6486507249000473
2571	2571	0.19540319637312956
2572	2572	0.739481219446416
2573	2573	0.11520214451281487
2574	2574	0.35877719175157735
2575	2575	0.07192859581136155
2576	2576	0.4026172503603399
2577	2577	1.222980303526148
2578	2578	1.6166896229668763
2579	2579	2.70328846803099
2580	2580	0.7439084504437622
2581	2581	0.10288829202281471
2582	2582	0.01758918816597909
2583	2583	0.16410507696211382
2584	2584	0.2970789898366036
2585	2585	0.06894913835960323
2586	2586	2.382474299071882
2587	2587	0.34099174112234
2588	2588	0.35673509084085714
2589	2589	0.0519835147973013
2590	2590	0.002797831893433147
2591	2591	0.15003701198432215
2592	2592	0.5031170302221123
2593	2593	0.000613232270501368
2594	2594	0.6130144186943847
2595	2595	0.0045927259978675045
2596	2596	0.7146435671170629
2597	2597	0.02890360263084957
2598	2598	0.021278675535628153
2599	2599	0.16650197483042417
2600	2600	0.467031860377295
2601	2601	0.20846374975881168
2602	2602	0.7508930436515652
2603	2603	0.0001411505606806357
2604	2604	3.620376703460784
2605	2605	0.11532891374803995
2606	2606	0.389263814135447
2607	2607	0.8187002815013659
2608	2608	1.1343758569335227
2609	2609	0.07881038485212719
2610	2610	0.7859788056825974
2611	2611	0.042267460148562454
2612	2612	1.3729663100054663
2613	2613	0.012114816597775028
2614	2614	1.749132143856374
2615	2615	1.0701233987478775
2616	2616	0.08331555293497656
2617	2617	0.0034858096339174497
2618	2618	0.03302440779823292
2619	2619	2.5061196852220373
2620	2620	0.024633437634361894
2621	2621	1.0331740521752755
2622	2622	0.04760083902325511
2623	2623	0.006711697093189183
2624	2624	0.2517157381851763
2625	2625	0.07393194027758757
2626	2626	0.5626541047147963
2627	2627	1.3813893182356647
2628	2628	0.13047015238551107
2629	2629	0.9446466712484313
2630	2630	1.1065433082805611
2631	2631	0.05780617825095195
2632	2632	0.8688226636719381
2633	2633	0.6224751168040027
2634	2634	3.658697650518471
2635	2635	0.2712416210175889
2636	2636	0.11937992315598182
2637	2637	0.13708701362248427
2638	2638	0.0019028339053067727
2639	2639	0.11012888046504239
2640	2640	0.0008736995889184394
2641	2641	0.9872877823822671
2642	2642	0.006755164699340102
2643	2643	0.07922346922172228
2644	2644	0.07390366730835118
2645	2645	0.10213958363800801
2646	2646	0.1817204979222564
2647	2647	0.5803015046683706
2648	2648	0.012663454602289908
2649	2649	0.15624063969531102
2650	2650	2.6766873409908385
2651	2651	0.09708079791885853
2652	2652	0.06992545042522495
2653	2653	0.3090706255047977
2654	2654	0.4615866894764417
2655	2655	0.062079608446013186
2656	2656	0.07067597492177548
2657	2657	0.24452806822010745
2658	2658	0.07452006757822825
2659	2659	0.6912648398457057
2660	2660	0.34768817203713914
2661	2661	0.11949020771345341
2662	2662	1.4410951367644664
2663	2663	0.5017921213078361
2664	2664	0.6334032054722
2665	2665	1.1912015551642392
2666	2666	2.041814215951114
2667	2667	0.4829901500222734
2668	2668	0.0794869318014763
2669	2669	0.3208110978658711
2670	2670	0.27959011308912207
2671	2671	0.7784255325104529
2672	2672	0.06327864618086428
2673	2673	0.012465465703646561
2674	2674	0.27023902140374456
2675	2675	0.01839017980898654
2676	2676	0.32510437138062137
2677	2677	0.968089094973771
2678	2678	0.6877398589276502
2679	2679	0.3059606744497581
2680	2680	0.060337159265871694
2681	2681	0.0023088272873154174
2682	2682	1.1746447369984947
2683	2683	0.8660928824187675
2684	2684	0.667072158910462
2685	2685	0.038893896544491526
2686	2686	0.7610707239290558
2687	2687	0.356407909730463
2688	2688	0.2561093683976371
2689	2689	0.10174051426537566
2690	2690	0.6206712108614317
2691	2691	0.05465100159963058
2692	2692	0.028451226139224788
2693	2693	0.023184972001345942
2694	2694	0.24993134972335326
2695	2695	0.6504607794081083
2696	2696	0.4987482137644549
2697	2697	0.05863267447721848
2698	2698	0.944956352442726
2699	2699	0.017098219267054553
2700	2700	0.012749201936015513
2701	2701	3.761177698536625e-07
2702	2702	0.25176019860959853
2703	2703	0.9276633616949909
2704	2704	0.27956800786880864
2705	2705	0.1817093725090932
2706	2706	0.31411398906617544
2707	2707	0.10904537735748515
2708	2708	1.6123290591298072
2709	2709	0.5770093062970428
2710	2710	0.07210894908992851
2711	2711	0.011960227190175836
2712	2712	1.7781829605390453
2713	2713	0.04573064089944706
2714	2714	0.1459243925695303
2715	2715	0.24196518622267482
2716	2716	0.3091839099129885
2717	2717	0.33507109582766087
2718	2718	1.5953950630503189
2719	2719	0.048455339805278205
2720	2720	1.1176391539516848
2721	2721	0.7428493456378601
2722	2722	0.31046594146977813
2723	2723	0.3657982547314794
2724	2724	0.3545417855693376
2725	2725	0.375011451727134
2726	2726	0.05499641315865685
2727	2727	1.4437478593715942
2728	2728	1.4742286350705391
2729	2729	1.536320829391952
2730	2730	0.8821438758492515
2731	2731	0.7415031684412479
2732	2732	0.7091118262316735
2733	2733	0.30383740010770427
2734	2734	0.0028675288446597252
2735	2735	0.07682409199774992
2736	2736	0.4761474093813713
2737	2737	0.009231677385214847
2738	2738	1.381969642329676
2739	2739	0.10112055902907481
2740	2740	0.15426924930790506
2741	2741	0.5328568369928403
2742	2742	0.22942352927865464
2743	2743	0.044791649696076914
2744	2744	0.25782583678468596
2745	2745	0.07956065896501964
2746	2746	0.002937202951931397
2747	2747	0.06385895492987222
2748	2748	0.25605110225802163
2749	2749	0.0012060446675723753
2750	2750	0.789055396540604
2751	2751	0.6285628251055696
2752	2752	0.786219397632583
2753	2753	0.2619877313094818
2754	2754	0.01863818667834754
2755	2755	0.42874934330481557
2756	2756	0.04644985551572039
2757	2757	0.006041012428959498
2758	2758	0.03128078901766485
2759	2759	0.01095225314287535
2760	2760	0.7590230507868054
2761	2761	0.0004279467388825028
2762	2762	0.6769490879283546
2763	2763	0.2029315195850276
2764	2764	0.7533596992016081
2765	2765	0.601764338861468
2766	2766	0.21680735019956474
2767	2767	1.2774768726054568
2768	2768	0.4954248312329631
2769	2769	0.3286866776448049
2770	2770	0.2228054340398855
2771	2771	0.10148138021209706
2772	2772	0.5499622080030724
2773	2773	0.01639518522660685
2774	2774	0.8300043073514414
2775	2775	0.6000358220934104
2776	2776	0.8237518975035543
2777	2777	0.0950191893217262
2778	2778	0.6289753669394634
2779	2779	0.12223284710944467
2780	2780	1.1991739878934153
2781	2781	0.012067260987168076
2782	2782	0.02212612321002449
2783	2783	1.4959540191595473
2784	2784	0.15852206526638188
2785	2785	0.21618415052423956
2786	2786	0.626688454141991
2787	2787	1.9006791800051543
2788	2788	0.09066619464821002
2789	2789	0.0189927047927563
2790	2790	0.5838908267545128
2791	2791	0.39588782743726364
2792	2792	0.21968561481564575
2793	2793	0.34974179465069455
2794	2794	0.0006953958369386776
2795	2795	0.0348135199340097
2796	2796	0.3526482045406812
2797	2797	0.686150948643889
2798	2798	0.030780641817667535
2799	2799	1.8306428072127183
2800	2800	0.785737573189456
2801	2801	0.9740554180238172
2802	2802	0.22188549304849595
2803	2803	0.8366955769914124
2804	2804	0.25503951875496805
2805	2805	0.0018136754444662323
2806	2806	0.5920496811546487
2807	2807	0.28120510469365817
2808	2808	0.6043127122376962
2809	2809	0.700672000199112
2810	2810	1.4029778541058129
2811	2811	1.4540208184999104
2812	2812	0.6473502654624015
2813	2813	1.3918015010459504
2814	2814	1.681023155384532
2815	2815	0.006571290821985701
2816	2816	0.10519217801076501
2817	2817	0.23851472482526548
2818	2818	0.07976535471775258
2819	2819	1.121284312391735
2820	2820	0.03946708705590643
2821	2821	0.7792242013524058
2822	2822	0.19300526536493576
2823	2823	0.4318328344707171
2824	2824	1.32734013741029
2825	2825	0.6273940907768965
2826	2826	0.2433247801523527
2827	2827	1.099811472321159
2828	2828	0.02191721517910404
2829	2829	0.03944751960526647
2830	2830	0.09440348366398041
2831	2831	0.04591108673719411
2832	2832	0.766468364490437
2833	2833	0.23315217975224764
2834	2834	0.634716573830699
2835	2835	0.0037121485593871397
2836	2836	0.2401755048344135
2837	2837	0.06313222992405876
2838	2838	0.4757061149866743
2839	2839	1.001147302644563
2840	2840	1.3514109019373763
2841	2841	0.034335281490156695
2842	2842	0.00968784501243306
2843	2843	1.5714878505747942
2844	2844	0.5336117827051621
2845	2845	0.23717694543064582
2846	2846	0.4703685688232727
2847	2847	0.038070426077329585
2848	2848	0.8993442688424843
2849	2849	0.808077549383958
2850	2850	0.48609795494151536
2851	2851	0.2554133960589981
2852	2852	1.9513333573824798
2853	2853	0.12015252817340519
2854	2854	0.021990350966748222
2855	2855	0.39135077628711196
2856	2856	0.20949037212649183
2857	2857	0.009476096797810508
2858	2858	0.07273044064360018
2859	2859	1.0119692896578405
2860	2860	0.9936636821523732
2861	2861	0.3027677313815322
2862	2862	1.0167697856089914
2863	2863	0.26713796459909206
2864	2864	0.2502426460725431
2865	2865	0.6124240301403308
2866	2866	0.8572101528476337
2867	2867	0.013403140053098537
2868	2868	0.16529996316056092
2869	2869	0.2534309683504002
2870	2870	0.026150101379948314
2871	2871	1.8061618675741353
2872	2872	0.16981048269935117
2873	2873	0.12233298595257884
2874	2874	0.05199757360028576
2875	2875	1.171214553501923
2876	2876	0.438715245883613
2877	2877	0.6858058373016681
2878	2878	0.10525475629643578
2879	2879	0.38318475037863686
2880	2880	0.2611554661883292
2881	2881	0.2847697999341342
2882	2882	0.01054458572035269
2883	2883	0.30854334149000523
2884	2884	0.07648208737710196
2885	2885	0.37033710013493043
2886	2886	1.1459293566934303
2887	2887	1.2361770852832228
2888	2888	0.42285849126375014
2889	2889	0.2924424722177542
2890	2890	2.531933641805256
2891	2891	1.3241542125052155e-05
2892	2892	0.057469503830288364
2893	2893	0.9458043337796477
2894	2894	0.9776053616059985
2895	2895	0.24437245040467226
2896	2896	0.028489681468491967
2897	2897	0.4490847399922356
2898	2898	0.5604204629595961
2899	2899	0.30567976232269456
2900	2900	1.5252586986186067
2901	2901	0.3873796446328136
2902	2902	0.6999961099868234
2903	2903	0.05604082899122205
2904	2904	0.4820640500959654
2905	2905	0.0012495473543915586
2906	2906	0.07154080629639462
2907	2907	0.0050614246210308935
2908	2908	0.6849091274251494
2909	2909	0.010009361316431424
2910	2910	0.815830755508526
2911	2911	0.11177094058945265
2912	2912	0.07087462205916423
2913	2913	0.32558852228976626
2914	2914	0.6259556068281247
2915	2915	0.002206884669424947
2916	2916	0.22086360487106546
2917	2917	0.0068613099697785
2918	2918	0.059380623064642736
2919	2919	0.05089651923738043
2920	2920	4.799564447107417e-05
2921	2921	0.009468820299561115
2922	2922	0.03623657368883961
2923	2923	0.12987523728118808
2924	2924	0.9743796018695443
2925	2925	0.7724807255610585
2926	2926	0.0020305769642446785
2927	2927	0.0058773596441639925
2928	2928	0.08505884107446272
2929	2929	0.2194250437915085
2930	2930	0.8882732815611375
2931	2931	2.158810249552982
2932	2932	0.00492337250828811
2933	2933	0.025682490797965203
2934	2934	0.0857413906110774
2935	2935	0.009387997584770137
2936	2936	0.04391991935978578
2937	2937	0.01701549798686882
2938	2938	0.13622194531220813
2939	2939	0.3045458068470303
2940	2940	0.05963992157814406
2941	2941	0.042802967108936864
2942	2942	3.098773080334385
2943	2943	0.3022876144929489
2944	2944	9.135935963473597e-06
2945	2945	0.05229914319659722
2946	2946	0.019748946780257265
2947	2947	0.5145508861260096
2948	2948	1.7470099067993203
2949	2949	0.7806000311248654
2950	2950	0.05951123648934873
2951	2951	0.06270143168291008
2952	2952	0.3402293614247735
2953	2953	0.5290683909062552
2954	2954	0.15217321165517064
2955	2955	0.31484867406119116
2956	2956	0.2063273427488454
2957	2957	0.0698473566015303
2958	2958	0.19819235895848544
2959	2959	0.5926213965365928
2960	2960	0.0066223824465147406
2961	2961	1.0061006383238698
2962	2962	0.041268524087847314
2963	2963	0.11352183802692964
2964	2964	3.2067946159019716
2965	2965	1.3127092070136923
2966	2966	2.7087578823071308
2967	2967	0.7275691878991061
2968	2968	1.4873161166007351
2969	2969	0.027738624283875787
2970	2970	1.6084214804070047
2971	2971	0.08822254941339147
2972	2972	2.1230843133156867
2973	2973	1.0592102546267295
2974	2974	0.3300112168352542
2975	2975	0.814638052074239
2976	2976	0.12394260884442267
2977	2977	0.07039670451950955
2978	2978	0.5147820548732547
2979	2979	3.5873793880974896
2980	2980	0.6596365640012533
2981	2981	0.2742968390089917
2982	2982	0.2816567001024788
2983	2983	0.2337531453622234
2984	2984	0.9762696734582013
2985	2985	0.11007777966511917
2986	2986	0.47172107321230905
2987	2987	0.00961643951876019
2988	2988	0.5990062823532672
2989	2989	0.22219577575591698
2990	2990	0.18650711818412793
2991	2991	5.149007619410844e-05
2992	2992	0.02642987683001219
2993	2993	0.008200208088184306
2994	2994	0.21924702094286821
2995	2995	0.8899636420174555
2996	2996	0.23677003740414676
2997	2997	0.31758216367319825
2998	2998	0.00021475496950612758
2999	2999	0.22360958989999813
3000	3000	0.005342545378799598
3001	3001	0.17634424958225806
3002	3002	0.6627212616174629
3003	3003	0.09256472273080875
3004	3004	0.0009288564213593169
3005	3005	0.1119370305254853
3006	3006	0.0602462283895526
3007	3007	0.37750775453219304
3008	3008	0.019269307839165258
3009	3009	0.10727087667887023
3010	3010	0.23471503165736674
3011	3011	4.666923179319618e-05
3012	3012	0.5505540000427525
3013	3013	0.011313239794047301
3014	3014	1.2098299612251218
3015	3015	0.6967213005585172
3016	3016	0.01406432719756321
3017	3017	0.12307225496444163
3018	3018	0.03679712656739786
3019	3019	0.013724334030412746
3020	3020	0.024244518057221293
3021	3021	0.30534225357064193
3022	3022	0.0005115838953918821
3023	3023	0.05455096885872258
3024	3024	0.3123685655432578
3025	3025	0.006443799633014507
3026	3026	0.10000691595927931
3027	3027	0.13940158720120305
3028	3028	0.000264343267383968
3029	3029	0.20290047468864017
3030	3030	0.18852529751899494
3031	3031	0.15260688120025728
3032	3032	0.42089445418255805
3033	3033	0.18176398960434845
3034	3034	0.12600194989496855
3035	3035	0.3288154186426392
3036	3036	0.25724862062211507
3037	3037	0.6400422027907741
3038	3038	0.4360951946702337
3039	3039	0.5638153745621791
3040	3040	0.020169118408274962
3041	3041	1.842495444830217e-05
3042	3042	0.002085137511743506
3043	3043	0.12679591788421102
3044	3044	1.7274793857555323e-05
3045	3045	0.12152072757401225
3046	3046	0.2626427479956896
3047	3047	0.2914453644207203
3048	3048	0.5008349629149438
3049	3049	0.04092909075046818
3050	3050	0.0014456951149475533
3051	3051	0.09353421476959005
3052	3052	0.5099152402043033
3053	3053	1.4935967880558865
3054	3054	0.004516529514454154
3055	3055	0.21872538017788729
3056	3056	0.4387561114109317
3057	3057	3.277157883232303
3058	3058	0.25703611645866087
3059	3059	0.023962485993726804
3060	3060	0.3198648816919421
3061	3061	0.20990198529081427
3062	3062	0.11055203651283653
3063	3063	3.3036456663153504
3064	3064	0.00020682589321139376
3065	3065	0.007760284790601914
3066	3066	1.1003198715881652
3067	3067	0.17112138809567498
3068	3068	0.6902202820559428
3069	3069	1.4071578384887065
3070	3070	0.18931643506074816
3071	3071	0.025313680708128016
3072	3072	0.0008124139775402069
3073	3073	0.20449576791994267
3074	3074	0.03442312821494696
3075	3075	0.33213247450849226
3076	3076	1.9034383881814574
3077	3077	1.0283845151947595
3078	3078	0.24545473390119052
3079	3079	0.4198604102008349
3080	3080	0.765203999562793
3081	3081	0.12253529740782605
3082	3082	0.6612292378026852
3083	3083	0.2980069920012441
3084	3084	0.039306194732659935
3085	3085	0.0930539530230904
3086	3086	1.7692563270893424
3087	3087	0.9383218754689179
3088	3088	1.1294264703870611
3089	3089	0.13287333944741705
3090	3090	0.7129514069318993
3091	3091	0.2638853183621271
3092	3092	0.25774353696518987
3093	3093	1.497710024783366
3094	3094	0.0001677837688195611
3095	3095	0.12711676242681683
3096	3096	0.22436600091541728
3097	3097	0.5450746272473947
3098	3098	0.14559925775647392
3099	3099	3.2469798350432373
3100	3100	0.12864034584737888
3101	3101	1.5201582208423288
3102	3102	0.0942513051869527
3103	3103	1.5735355507227355
3104	3104	0.16298817818989975
3105	3105	0.9537334278516861
3106	3106	1.4661824858642964
3107	3107	1.0046233039509747
3108	3108	0.06031049797044194
3109	3109	0.026197950156554482
3110	3110	0.2791053103258963
3111	3111	0.7401968579683007
3112	3112	0.051108549362474436
3113	3113	0.23636287466040512
3114	3114	0.3326688946139839
3115	3115	0.15672875895127938
3116	3116	0.012041916736454725
3117	3117	0.19013256293902317
3118	3118	0.04921997693361215
3119	3119	0.29961413742385623
3120	3120	3.8300630676478384
3121	3121	0.00881528598554976
3122	3122	0.5553735487522644
3123	3123	0.1047883314348857
3124	3124	0.07635890858277279
3125	3125	0.009789215986071033
3126	3126	1.957297020818567
3127	3127	0.38576818785335826
3128	3128	0.025314305915585263
3129	3129	0.9082280534347105
3130	3130	0.49633939009427336
3131	3131	0.031377690983823724
3132	3132	1.5476674568042512
3133	3133	0.49850966592286927
3134	3134	0.038791558279764354
3135	3135	0.8298940216616643
3136	3136	0.5791714584625737
3137	3137	0.12697909100862134
3138	3138	0.010760287867374096
3139	3139	0.14616377741096645
3140	3140	0.4484140823482573
3141	3141	0.040519838286334826
3142	3142	0.014479233757020602
3143	3143	0.3912073507504315
3144	3144	0.4582459936008051
3145	3145	1.0426793554659208
3146	3146	0.08458304376942365
3147	3147	0.032646979307262715
3148	3148	3.0310991066518183
3149	3149	1.5611173349333403
3150	3150	2.2761471949829066
3151	3151	0.0007708885613034411
3152	3152	0.11162866383242452
3153	3153	0.07046885703439673
3154	3154	0.018923483779495185
3155	3155	0.06246144720371978
3156	3156	0.40471546114583934
3157	3157	1.2371589233518359
3158	3158	0.6511927374847742
3159	3159	0.21614972174008995
3160	3160	0.0869326160082518
3161	3161	0.6772769971804896
3162	3162	0.5964960105319391
3163	3163	0.011506152627662794
3164	3164	0.0016640064523329675
3165	3165	0.0036456237101044346
3166	3166	0.5116117643611697
3167	3167	0.018640940944746113
3168	3168	0.5682246333876404
3169	3169	1.3914524996874882
3170	3170	0.006466309927541863
3171	3171	0.14427591601661205
3172	3172	2.633373386329463
3173	3173	0.06937891906760361
3174	3174	0.3213929402962691
3175	3175	0.04217188508984875
3176	3176	0.8633522092700426
3177	3177	0.341076383157799
3178	3178	0.2204509400111088
3179	3179	1.4648776013409435
3180	3180	0.1870640242192399
3181	3181	0.3051601669029785
3182	3182	0.2949100766555039
3183	3183	0.0020013538639019317
3184	3184	0.8542794902481007
3185	3185	2.5242974890854137
3186	3186	2.457583502605516
3187	3187	0.3766293015668431
3188	3188	0.7175379923699996
3189	3189	0.05678276674115454
3190	3190	0.03751230965324844
3191	3191	0.19233884884460925
3192	3192	0.179850510046542
3193	3193	0.03006990251845049
3194	3194	0.03237506029698062
3195	3195	0.01471422308612392
3196	3196	0.6244503127326074
3197	3197	0.00036894269464352714
3198	3198	0.23331485303760308
3199	3199	0.1601464094013748
3200	3200	0.5192377026080239
3201	3201	0.4555853152220936
3202	3202	1.813897749240518
3203	3203	0.5885140694795393
3204	3204	0.17429766228687776
3205	3205	0.5181008294400268
3206	3206	0.6164190040813856
3207	3207	1.7694095217061046e-05
3208	3208	0.4725429731139006
3209	3209	0.00015055695214538997
3210	3210	0.019360748148972883
3211	3211	0.5333814857851154
3212	3212	0.07813163007198434
3213	3213	0.10286759761159005
3214	3214	0.1038390805954265
3215	3215	0.197252185286324
3216	3216	0.22924746514956842
3217	3217	0.008099216078474159
3218	3218	0.005905088724938727
3219	3219	3.8011651947215505e-05
3220	3220	0.028692695664279056
3221	3221	0.10187749161413868
3222	3222	0.8494829313865829
3223	3223	0.007290615355300707
3224	3224	0.3069474763234287
3225	3225	0.30273546062951123
3226	3226	0.15060306181882194
3227	3227	0.0007680822400529153
3228	3228	0.002643860201800645
3229	3229	1.5947321353050505
3230	3230	0.4132545268354148
3231	3231	0.14988625535242533
3232	3232	0.3457793624035212
3233	3233	0.600837874778384
3234	3234	0.005392088469025123
3235	3235	0.35603526152012926
3236	3236	0.009008622020619228
3237	3237	0.007836802948892807
3238	3238	0.8083621630448553
3239	3239	0.03760419327619435
3240	3240	0.5341046772384141
3241	3241	0.935452481086736
3242	3242	0.5259819292024657
3243	3243	0.8998896653055319
3244	3244	0.5744219995857084
3245	3245	0.29589217513713817
3246	3246	0.938354300300423
3247	3247	1.428111996281324
3248	3248	0.008509103124595073
3249	3249	0.021013536566196967
3250	3250	1.467683834543066
3251	3251	0.48307213203150645
3252	3252	0.02979814447831436
3253	3253	2.033127780176879
3254	3254	0.19257999628852174
3255	3255	0.020359380191020116
3256	3256	1.500563670985882
3257	3257	0.1320112810219831
3258	3258	0.2271103568183898
3259	3259	1.9483065132994366
3260	3260	0.000214787210542509
3261	3261	0.05020965713527793
3262	3262	0.5597826395444438
3263	3263	1.0323516332998242
3264	3264	0.0008653559442841341
3265	3265	0.06315278440654049
3266	3266	0.7710458652627585
3267	3267	0.8615368175497221
3268	3268	0.04110191401638949
3269	3269	0.006870708888560841
3270	3270	0.17827845029275555
3271	3271	0.5201816304217275
3272	3272	0.26468131102230386
3273	3273	0.5911881169201761
3274	3274	0.0014491950456733953
3275	3275	0.6707419990709377
3276	3276	0.17276534424437265
3277	3277	0.0006679102974514561
3278	3278	0.6870401321228274
3279	3279	0.006439363940457168
3280	3280	0.17289781079379152
3281	3281	0.8045471103086169
3282	3282	0.144640432426562
3283	3283	1.070229805822167
3284	3284	0.14739605531342756
3285	3285	0.04845978150222433
3286	3286	0.23096444083202167
3287	3287	1.3265010115715652
3288	3288	0.0908322331547594
3289	3289	0.0027752804771187106
3290	3290	0.23887538481367598
3291	3291	0.07888229473526587
3292	3292	0.6069376947684773
3293	3293	4.799673099039739
3294	3294	0.0016231558689697187
3295	3295	0.0680133013465876
3296	3296	1.6650998297304167
3297	3297	0.06007794093996192
3298	3298	0.4477351919197547
3299	3299	1.291973828019905
3300	3300	0.1105304393500081
3301	3301	0.0008967791879641409
3302	3302	4.563800558544715
3303	3303	0.16458319368273447
3304	3304	0.35376033740083485
3305	3305	0.08522988570420122
3306	3306	0.022512270321757313
3307	3307	0.7253382147434484
3308	3308	0.10772005211362712
3309	3309	0.010597367876476329
3310	3310	0.007740858560591805
3311	3311	0.44997704582270676
3312	3312	0.7476193193250643
3313	3313	0.5257467160039203
3314	3314	0.2599620252491112
3315	3315	0.1731718340047288
3316	3316	0.004709831475008688
3317	3317	0.8602345606797872
3318	3318	1.4375417502576648
3319	3319	1.7156683353105773
3320	3320	0.5557438414787753
3321	3321	0.05843317836035152
3322	3322	1.7591724086831326
3323	3323	0.8179498169118082
3324	3324	0.27326622170282294
3325	3325	0.04674737047983467
3326	3326	0.08004455122535242
3327	3327	0.00772153138696875
3328	3328	0.024311324118720733
3329	3329	0.1614276263044148
3330	3330	0.00015681071796298316
3331	3331	0.0023409130564597366
3332	3332	0.7027412701272272
3333	3333	0.3534491364427294
3334	3334	0.0011209007801100555
3335	3335	0.6460383337517899
3336	3336	0.2574507161917644
3337	3337	0.6334438876078616
3338	3338	0.5946862459469882
3339	3339	0.11408993087716839
3340	3340	0.08453678779831748
3341	3341	0.27133136526623597
3342	3342	0.05073730928804314
3343	3343	0.5136929075887979
3344	3344	0.5140073349652323
3345	3345	0.03155862492419305
3346	3346	2.03718789400257
3347	3347	0.032882172437346
3348	3348	0.2233816876818906
3349	3349	0.14153605498798894
3350	3350	0.1318110178528835
3351	3351	0.31520819186521487
3352	3352	0.0925715095946102
3353	3353	0.013865655073635486
3354	3354	0.09632640622360543
3355	3355	0.7616993375805432
3356	3356	0.7207361225363565
3357	3357	0.6771779688131747
3358	3358	2.347832976870792
3359	3359	0.013998703529370247
3360	3360	0.15575948590823038
3361	3361	0.8908952730652481
3362	3362	0.1613134207174384
3363	3363	0.012379354665671324
3364	3364	0.7604760167010789
3365	3365	0.9242810061906085
3366	3366	0.30817214189369324
3367	3367	1.2196324723517413
3368	3368	0.37340372194187105
3369	3369	0.19185672903662432
3370	3370	0.1923986815896564
3371	3371	0.5845542875623206
3372	3372	0.17053066346288848
3373	3373	0.832393480876891
3374	3374	0.22218393549053198
3375	3375	0.0024611162323171704
3376	3376	1.0364435902007316
3377	3377	0.007061179329524243
3378	3378	0.22683481787339965
3379	3379	0.012234045006997676
3380	3380	0.031862164606554264
3381	3381	0.037655437871363086
3382	3382	8.83350708367196e-05
3383	3383	0.7217350382038311
3384	3384	2.928816288918023
3385	3385	0.22349717080239592
3386	3386	0.051451923716448404
3387	3387	0.2400221489031872
3388	3388	0.0004687882854202713
3389	3389	1.3870726452289095
3390	3390	0.37829377595429003
3391	3391	0.414878244886918
3392	3392	0.7027145950063932
3393	3393	0.7232432871769295
3394	3394	5.93603881960336e-06
3395	3395	2.505549741689516
3396	3396	0.10983957666673452
3397	3397	0.01167838010214097
3398	3398	1.175745349882074
3399	3399	0.554656605851839
3400	3400	0.24540740146807682
3401	3401	0.08508092196675117
3402	3402	0.06140078490921345
3403	3403	0.7093537663187672
3404	3404	0.7704042731209921
3405	3405	0.006278186590831419
3406	3406	1.1205392969502972
3407	3407	0.12762254600841183
3408	3408	0.05087050224018602
3409	3409	0.7802177403636315
3410	3410	0.17022175178284052
3411	3411	2.7290625785909364
3412	3412	0.0008451659070828336
3413	3413	0.10248720266407114
3414	3414	1.1893634596967366
3415	3415	3.5823398347919575
3416	3416	0.8728938635524084
3417	3417	2.4977462053938764
3418	3418	0.057143171527659783
3419	3419	0.08375165487747872
3420	3420	0.46726034059789273
3421	3421	0.009876544744291836
3422	3422	0.3838944219421088
3423	3423	0.10304654909727573
3424	3424	1.4575107667048723
3425	3425	0.09558812377656456
3426	3426	1.3834179668163444
3427	3427	0.332886966736829
3428	3428	0.32326102789834515
3429	3429	0.4006602102144895
3430	3430	0.38506067967237895
3431	3431	0.16539518884822504
3432	3432	1.069674929479359
3433	3433	0.05393587364340245
3434	3434	0.5951689115893709
3435	3435	0.1479494467074981
3436	3436	0.18847887668651578
3437	3437	0.07302387794759524
3438	3438	0.0007561309511366936
3439	3439	0.008555631507306514
3440	3440	0.1257566013178209
3441	3441	2.5862887402989174
3442	3442	0.10498114371951978
3443	3443	0.651953178729553
3444	3444	0.001672861293212768
3445	3445	0.22610797002067606
3446	3446	0.26314305195530624
3447	3447	0.6370887841358377
3448	3448	0.5836840966244573
3449	3449	1.8492054870222299
3450	3450	0.19996413517163514
3451	3451	0.00011472698819207273
3452	3452	0.05267310319067249
3453	3453	0.380955882198932
3454	3454	0.024154490544832263
3455	3455	0.03291821796513774
3456	3456	0.041477017011267284
3457	3457	0.09216380745601974
3458	3458	0.017963228331871587
3459	3459	0.5033247690680639
3460	3460	0.23751783896457335
3461	3461	0.2215599928103673
3462	3462	0.01710296462059264
3463	3463	1.2592545590205062
3464	3464	8.938279852127671e-05
3465	3465	0.9497963444155644
3466	3466	0.28520400372036137
3467	3467	0.00210274659879551
3468	3468	0.8309900511579523
3469	3469	0.8060009053601455
3470	3470	0.189967068241449
3471	3471	0.05466380506558242
3472	3472	0.10301905896254321
3473	3473	0.007244484520169509
3474	3474	1.0775224129112564
3475	3475	0.12565394561528476
3476	3476	0.43246242669361185
3477	3477	0.2690026722004334
3478	3478	0.12279698270149814
3479	3479	0.36821164161906583
3480	3480	0.47491034806401583
3481	3481	0.025439524008035685
3482	3482	0.02370984215778175
3483	3483	1.6305137615149887
3484	3484	0.3358617106286166
3485	3485	0.3529697082844895
3486	3486	0.004175481878814622
3487	3487	2.364399016150609
3488	3488	0.4087780621825446
3489	3489	1.306059317114889
3490	3490	0.42327888204414327
3491	3491	0.4977660720433694
3492	3492	0.5074308336484514
3493	3493	0.2708196884178656
3494	3494	0.04403605933032256
3495	3495	0.1504542246392199
3496	3496	1.613352804564308
3497	3497	0.0014868332201076074
3498	3498	0.06862109182421987
3499	3499	0.008528663928193226
3500	3500	0.46868263721510534
3501	3501	0.6336551390276499
3502	3502	0.13483965475943901
3503	3503	0.0044863382937915
3504	3504	0.5923575053528912
3505	3505	0.050841102943470835
3506	3506	0.0007600697708357739
3507	3507	1.768169101392413
3508	3508	0.824769912428851
3509	3509	0.002569539991370254
3510	3510	0.12563657326602343
3511	3511	0.4435974914718607
3512	3512	0.0020693827501563297
3513	3513	2.602939815970841
3514	3514	0.027215784409420605
3515	3515	0.031896853828943306
3516	3516	0.37763127166263116
3517	3517	0.004656509594818403
3518	3518	2.435797795737457
3519	3519	0.07038312319183025
3520	3520	0.3815435042682401
3521	3521	0.02644851988856616
3522	3522	0.007693247761989178
3523	3523	0.005243543861594324
3524	3524	1.267553035477105
3525	3525	0.18782466117416644
3526	3526	0.40620873450898815
3527	3527	0.17988218815437618
3528	3528	0.950289898445048
3529	3529	0.5246101769618845
3530	3530	0.382102909329464
3531	3531	0.09203923058914495
3532	3532	0.1705778564696941
3533	3533	0.009112472531208383
3534	3534	6.85894346489742e-05
3535	3535	0.8394341153711662
3536	3536	0.4852888873442868
3537	3537	1.295190708260225
3538	3538	0.14004099252367957
3539	3539	0.6262481066256136
3540	3540	0.03140520089581913
3541	3541	0.8266573359133663
3542	3542	0.14151787898574064
3543	3543	0.01827170680164312
3544	3544	1.0693638363471272
3545	3545	2.179059856650194
3546	3546	0.033459067111883685
3547	3547	1.5026185226244497
3548	3548	0.4073974938213162
3549	3549	0.11062561948036671
3550	3550	0.1549053087092627
3551	3551	0.20061049018407326
3552	3552	0.00350236166197933
3553	3553	0.31227871290672526
3554	3554	0.016014745868497344
3555	3555	0.6193226025826096
3556	3556	0.6833598961130132
3557	3557	0.6653478581932862
3558	3558	2.663072086844012
3559	3559	1.2483330450041963
3560	3560	0.8287009083751017
3561	3561	0.19201734995904846
3562	3562	0.0027563800893728478
3563	3563	0.13631342236209462
3564	3564	0.00843742773961369
3565	3565	0.0018443833259509013
3566	3566	0.0686608707156413
3567	3567	1.0018453789204618
3568	3568	0.002027019192807468
3569	3569	0.4880186276439928
3570	3570	0.12000619484007695
3571	3571	0.006512307107454531
3572	3572	0.01143984542980085
3573	3573	0.5004035295140338
3574	3574	0.0026809585774869426
3575	3575	0.1003139225621806
3576	3576	0.2813887142744378
3577	3577	0.15951630994983787
3578	3578	0.19928966537899084
3579	3579	0.0066261979767706
3580	3580	0.257316213662696
3581	3581	2.976057339598652
3582	3582	0.056088052853579345
3583	3583	0.014809613205061935
3584	3584	1.8238146826893895
3585	3585	0.06997246976930702
3586	3586	0.37279635918248943
3587	3587	1.6046627980071861
3588	3588	1.8940852272371622
3589	3589	0.1891523969814193
3590	3590	0.24217335479418578
3591	3591	1.9338398671367807
3592	3592	0.005528845259440922
3593	3593	0.7314857837290564
3594	3594	1.6087845375175693
3595	3595	0.34602597538521324
3596	3596	0.031046981338271985
3597	3597	0.12162608155069955
3598	3598	0.40782364454669173
3599	3599	0.20217961612765334
3600	3600	0.0008791432258184335
3601	3601	2.0399707024252005
3602	3602	0.09463254824498647
3603	3603	1.246120871601234
3604	3604	0.01730764831607119
3605	3605	0.2850417482736761
3606	3606	0.7581279397896864
3607	3607	1.428158055229202e-05
3608	3608	1.1592391655816332
3609	3609	0.31688486906822216
3610	3610	0.1642986511513705
3611	3611	0.4772350085116142
3612	3612	0.25487088763339755
3613	3613	0.4530680209716082
3614	3614	0.06811623913603793
3615	3615	0.431458838308441
3616	3616	5.378257540151599
3617	3617	2.4411853946710247
3618	3618	0.00012988112210409193
3619	3619	3.065463877467935
3620	3620	0.5048924945230238
3621	3621	0.20296632664909203
3622	3622	0.02191602710767425
3623	3623	0.12445507317513675
3624	3624	0.4313441001763034
3625	3625	0.21472819458779974
3626	3626	0.029721298820245944
3627	3627	2.1032437061829667
3628	3628	0.15192148969164093
3629	3629	1.6067738668236262
3630	3630	0.03288420220471632
3631	3631	0.014179621130545363
3632	3632	0.6899480346015566
3633	3633	0.1356359799158544
3634	3634	1.8471493545193665
3635	3635	0.12838161609862356
3636	3636	0.7899668704392739
3637	3637	0.22537452260227753
3638	3638	0.010451732384034037
3639	3639	0.9345104130054673
3640	3640	0.3048399155088833
3641	3641	0.498556470376674
3642	3642	0.5955062825397947
3643	3643	0.03860673836594168
3644	3644	1.9147502614375744
3645	3645	2.5952423901909194
3646	3646	0.01649440278560441
3647	3647	0.0035230913767698656
3648	3648	0.6294825341194176
3649	3649	0.012948981620238758
3650	3650	0.19430392800341462
3651	3651	1.2581369845851513
3652	3652	0.016201271574379204
3653	3653	0.3075417799034595
3654	3654	1.1958044355590907
3655	3655	2.8142697837734203
3656	3656	0.15891899109805052
3657	3657	0.002048256172083437
3658	3658	0.7763886547261901
3659	3659	1.717803020163081
3660	3660	1.0082202388620083
3661	3661	2.222671814595751
3662	3662	2.2807431332983628
3663	3663	0.2519611430087463
3664	3664	0.4795689290272208
3665	3665	0.40494399329623476
3666	3666	0.013718302333584606
3667	3667	0.5892102290208775
3668	3668	0.005798199399163667
3669	3669	1.3276102318538852
3670	3670	0.08515342147202841
3671	3671	0.3277246860792517
3672	3672	0.157170997585206
3673	3673	0.722398756787887
3674	3674	0.03022866661055442
3675	3675	0.017124440432992143
3676	3676	0.01836529858398325
3677	3677	1.6838650209347112
3678	3678	0.6611268553793981
3679	3679	0.006779598174159872
3680	3680	1.9920656330763873
3681	3681	0.020561552718070638
3682	3682	0.005133062587459134
3683	3683	0.041716729795549065
3684	3684	0.16428032949612734
3685	3685	0.7211555118590374
3686	3686	0.545999067655677
3687	3687	0.0018772404489689574
3688	3688	1.2360564355259762
3689	3689	0.3476759225666283
3690	3690	0.026857898813451218
3691	3691	0.1784722888071268
3692	3692	0.03354176984535102
3693	3693	0.06974789168833208
3694	3694	1.1436191290463278
3695	3695	0.7998831150338817
3696	3696	1.3625384789256072
3697	3697	0.41336132672011955
3698	3698	0.1141431895882644
3699	3699	0.10079549657098197
3700	3700	1.2254574818663668
3701	3701	0.45614625006877857
3702	3702	0.00263451014108361
3703	3703	0.17627294838495064
3704	3704	0.1229710988863219
3705	3705	1.3257026286419464
3706	3706	0.0015327144185056686
3707	3707	0.3702998159588119
3708	3708	0.2342459824392493
3709	3709	0.9490321008612415
3710	3710	3.194260108025702
3711	3711	0.30076089110515647
3712	3712	1.8316463340315068
3713	3713	0.4308525578501793
3714	3714	0.024642612717605473
3715	3715	0.32906793953755653
3716	3716	0.031055482885268645
3717	3717	0.007172054377146581
3718	3718	0.6131172659793385
3719	3719	0.4292082154863987
3720	3720	0.053428713673144286
3721	3721	0.07975652666226891
3722	3722	0.11026157120151987
3723	3723	0.4787913626222043
3724	3724	0.5583809253825728
3725	3725	0.8587364535714973
3726	3726	0.8113782035293186
3727	3727	0.009615076552685753
3728	3728	0.15825434663167295
3729	3729	0.15913872408719937
3730	3730	1.2687319862014876
3731	3731	0.9359027675183267
3732	3732	0.6462204116584915
3733	3733	4.213020262361656
3734	3734	0.016622326940155585
3735	3735	0.4650307426400349
3736	3736	0.8969069834197199
3737	3737	0.05875210106803745
3738	3738	0.031231907962214443
3739	3739	0.07096973643927781
3740	3740	0.1534072728409203
3741	3741	1.1604407555210883
3742	3742	0.29761993698838174
3743	3743	1.1467271689367593
3744	3744	3.9852595840807057
3745	3745	0.0003784693374673326
3746	3746	0.314993699809059
3747	3747	0.5283490907104774
3748	3748	0.1161440501305542
3749	3749	0.1569482714862202
3750	3750	0.10557406984015943
3751	3751	0.00010817088870108927
3752	3752	0.5353041468110138
3753	3753	0.014584978646474194
3754	3754	0.11827117124141324
3755	3755	0.025423577762024217
3756	3756	0.10218136045389092
3757	3757	1.2844304359987235
3758	3758	0.8657252732052045
3759	3759	0.12706442400772272
3760	3760	1.0363120017358132
3761	3761	0.007133151741661517
3762	3762	1.2035813133983746
3763	3763	0.033385478340961984
3764	3764	1.5369247123708647
3765	3765	0.0014754557919187527
3766	3766	0.1315705985947826
3767	3767	0.01584646253219665
3768	3768	0.49884791853784466
3769	3769	1.25226573868725
3770	3770	0.4391362518220022
3771	3771	0.037047808022790805
3772	3772	0.29905569251946007
3773	3773	1.4958963615437362
3774	3774	0.30094521134514934
3775	3775	0.0074175355984943655
3776	3776	0.017656835295978567
3777	3777	0.563491982512197
3778	3778	0.550811490244502
3779	3779	0.29822527060663784
3780	3780	0.13786517613696506
3781	3781	0.000561736611497308
3782	3782	0.36644961586606345
3783	3783	0.20041166042602127
3784	3784	0.2194529392742517
3785	3785	0.38566990366158976
3786	3786	0.46958003774142454
3787	3787	3.3085824683467324
3788	3788	0.7762380188560277
3789	3789	0.9013020696631853
3790	3790	0.4531715949324659
3791	3791	0.01997976414160496
3792	3792	0.11776336269795096
3793	3793	2.7239035603338237
3794	3794	0.046888377888053036
3795	3795	0.19419031272516105
3796	3796	0.29080770157963204
3797	3797	0.09596348306182764
3798	3798	0.03164509180415895
3799	3799	0.10041135565431683
3800	3800	0.33388246469108535
3801	3801	0.14240181336745092
3802	3802	0.25300154339930525
3803	3803	0.5549775289752745
3804	3804	3.3401347967445574
3805	3805	0.2096716848393392
3806	3806	0.29840903106972355
3807	3807	0.8405764669897834
3808	3808	1.5179156150766981
3809	3809	0.0013443681476333427
3810	3810	0.10908391613292748
3811	3811	0.0017763572601372597
3812	3812	1.677700956164886
3813	3813	0.1963590543787545
3814	3814	0.2292342506072953
3815	3815	0.4885219135148105
3816	3816	0.0840066393209494
3817	3817	0.06756096145372165
3818	3818	0.4119928191488712
3819	3819	0.47976629172749674
3820	3820	0.019052561751664986
3821	3821	0.04254912403292885
3822	3822	0.0009654634207652219
3823	3823	0.41442452777564986
3824	3824	0.02621512211908893
3825	3825	0.03465861122819651
3826	3826	0.04017139217484492
3827	3827	0.5615649302580281
3828	3828	1.2376155032600593
3829	3829	0.508334744284638
3830	3830	0.04942376308944321
3831	3831	0.5034339538562551
3832	3832	0.5802277057370112
3833	3833	0.007963495021794557
3834	3834	0.11734207844529561
3835	3835	0.2884963593896845
3836	3836	2.398719562431364
3837	3837	1.6980630344365104
3838	3838	0.18738557656027532
3839	3839	1.6481956986477169
3840	3840	0.1013645406319947
3841	3841	0.0599141187004152
3842	3842	0.21004609209135075
3843	3843	0.006641713975011082
3844	3844	0.02261012128983963
3845	3845	0.034565765541687575
3846	3846	1.0404447328738733
3847	3847	9.582877721226215e-07
3848	3848	0.4367600584465433
3849	3849	0.03052701970746957
3850	3850	0.024711350065019396
3851	3851	0.4728062209836128
3852	3852	0.3646434101553891
3853	3853	0.30233477462930447
3854	3854	0.08166003575698831
3855	3855	0.0524066947788892
3856	3856	0.166955504941363
3857	3857	2.9506221052222044
3858	3858	0.04477752728181596
3859	3859	0.008365292883257228
3860	3860	0.06137561994629953
3861	3861	0.10348087880382274
3862	3862	0.29725499555175006
3863	3863	0.17499366948986902
3864	3864	0.22702967872744997
3865	3865	0.3510481158375768
3866	3866	0.4058570282208253
3867	3867	0.4562566162793269
3868	3868	1.0444028126590628
3869	3869	0.2670145038689378
3870	3870	0.4394481498276267
3871	3871	0.16969298317132664
3872	3872	0.17328059302889165
3873	3873	8.4371727601601e-06
3874	3874	0.7847458281413369
3875	3875	0.007917509708033722
3876	3876	0.31593038724922407
3877	3877	0.03219389656872527
3878	3878	0.003564988314364736
3879	3879	0.8507775557478752
3880	3880	0.156315502796949
3881	3881	0.10396677594923771
3882	3882	0.23242845906366072
3883	3883	0.9771099350737654
3884	3884	0.4035494041269601
3885	3885	2.85598294604957
3886	3886	0.09510631406161375
3887	3887	0.09640101669494767
3888	3888	0.0233128219662207
3889	3889	0.9791904049015563
3890	3890	0.09333241915253446
3891	3891	0.0034472751486732153
3892	3892	0.6279714991583102
3893	3893	0.01539008104128528
3894	3894	0.35657677012447037
3895	3895	1.1968697330823237
3896	3896	1.0321588346886694
3897	3897	0.24703844663901506
3898	3898	0.0021055466093581414
3899	3899	0.6861461205437537
3900	3900	0.008204106940065174
3901	3901	0.11206403093699348
3902	3902	1.154714395277775
3903	3903	0.00713470621026491
3904	3904	0.11521274975152505
3905	3905	0.976663789575803
3906	3906	0.775072323798515
3907	3907	0.02532924358650245
3908	3908	0.5542423522472317
3909	3909	0.11808676196826923
3910	3910	0.32120909076783377
3911	3911	0.9798033444274856
3912	3912	0.03444439651361699
3913	3913	1.3200650440632997
3914	3914	3.7450309811768463
3915	3915	0.00025551031171079967
3916	3916	0.8648344300349405
3917	3917	0.00216708797486351
3918	3918	0.3834522020095719
3919	3919	0.43505538403537736
3920	3920	0.8005745229779776
3921	3921	0.30679741699380203
3922	3922	0.13449204043704407
3923	3923	0.09332094966135988
3924	3924	0.4651165357249153
3925	3925	0.1773646657046891
3926	3926	0.008465634876981919
3927	3927	0.11689683606428032
3928	3928	0.0076696046440710595
3929	3929	0.010657499486221725
3930	3930	0.052073883098526896
3931	3931	5.101074529990736
3932	3932	1.4477524064603053
3933	3933	4.080453750925028
3934	3934	0.9228339667106954
3935	3935	0.12585741495817887
3936	3936	1.2168447383544215e-05
3937	3937	0.00773641906801283
3938	3938	0.03740387260944971
3939	3939	0.49132942369653715
3940	3940	0.3997517093294854
3941	3941	0.0035820519901453175
3942	3942	0.2021760746708009
3943	3943	0.23091790998390238
3944	3944	0.3069962392856883
3945	3945	1.153728246474014
3946	3946	1.5904216078639424
3947	3947	0.7308831455887054
3948	3948	0.4531430112581975
3949	3949	0.012060466497782637
3950	3950	0.009673381224078745
3951	3951	0.007119693937281137
3952	3952	0.0018343816366202452
3953	3953	0.3891013870315088
3954	3954	0.06472223738035171
3955	3955	1.4555909760772814
3956	3956	0.06599504631125888
3957	3957	0.4740284572570213
3958	3958	0.001263333905032965
3959	3959	0.5297446008439602
3960	3960	0.0023988284150991534
3961	3961	0.6186529646372734
3962	3962	0.03049865840603018
3963	3963	0.00033973774062588105
3964	3964	0.6487478897006496
3965	3965	0.2613766612272951
3966	3966	2.531740619729247
3967	3967	0.3306630617490933
3968	3968	0.21640442983726785
3969	3969	0.6934940757626046
3970	3970	0.06864772881860819
3971	3971	0.00109952923519788
3972	3972	0.1358440929226158
3973	3973	0.047430108943338684
3974	3974	0.084681721080333
3975	3975	1.2855034831623702
3976	3976	0.8819063036098865
3977	3977	0.42002439781548473
3978	3978	0.5226951348272058
3979	3979	0.006973328983530584
3980	3980	0.023978860958065857
3981	3981	0.06089010895950076
3982	3982	0.04414190020782277
3983	3983	0.5012738210985304
3984	3984	0.4081000724447174
3985	3985	0.5433005815900978
3986	3986	3.8057527645520266
3987	3987	0.012026185460057152
3988	3988	0.7881673101569525
3989	3989	0.24473419371551897
3990	3990	0.18429315211687539
3991	3991	0.06493000974974812
3992	3992	0.002859649708216766
3993	3993	0.013206042376869415
3994	3994	0.7329248413936933
3995	3995	0.0050406925171677195
3996	3996	0.052010199690236486
3997	3997	0.010044500014954104
3998	3998	0.15355406826287477
3999	3999	0.3029650693952712
4000	4000	0.01483313032422848
4001	4001	0.03014338226110714
4002	4002	0.747583968160101
4003	4003	0.5458886343230424
4004	4004	0.5889120378779382
4005	4005	0.2220965541562592
4006	4006	0.15601170580269608
4007	4007	0.8689247240164042
4008	4008	0.3798342835914647
4009	4009	0.09328221896071039
4010	4010	0.6543719635925902
4011	4011	1.2133125548653712
4012	4012	0.19363347046553897
4013	4013	0.944170189793082
4014	4014	0.04874182584617236
4015	4015	0.0006153015401625085
4016	4016	0.27406190430841343
4017	4017	1.2254441287739657
4018	4018	1.1691321613345003
4019	4019	0.11381644299481665
4020	4020	1.6812297443440127
4021	4021	0.03095892933339433
4022	4022	0.09084169750921238
4023	4023	0.020251880602861875
4024	4024	1.6374400860289804
4025	4025	0.04185283335856933
4026	4026	0.3916720957280019
4027	4027	1.510266665129587
4028	4028	0.1634968224307389
4029	4029	1.3743395859782803
4030	4030	0.06530342655772381
4031	4031	1.5965102314823751
4032	4032	0.18232242630835307
4033	4033	0.06194187923500161
4034	4034	0.01977599147793814
4035	4035	6.214392281752508e-05
4036	4036	0.36905272128171784
4037	4037	1.6519100480110713
4038	4038	0.003404580262170108
4039	4039	1.0637484899455436
4040	4040	0.44213439936930693
4041	4041	0.06703928037611206
4042	4042	0.1911494219302726
4043	4043	0.48726780353365085
4044	4044	0.01397059990983734
4045	4045	0.1338812011419298
4046	4046	0.16071711190665156
4047	4047	1.5611337746573153
4048	4048	0.07468294372807027
4049	4049	1.0846508378682496
4050	4050	0.47856803846797735
4051	4051	0.4187288650580808
4052	4052	0.49156505183246374
4053	4053	0.2873777003350319
4054	4054	0.06725062465234441
4055	4055	2.656463161458086
4056	4056	1.5149028802821467
4057	4057	0.6018264349933279
4058	4058	0.005615526651386818
4059	4059	1.4702876954012845
4060	4060	0.38022065027510177
4061	4061	0.013329781713974757
4062	4062	0.21911285921445514
4063	4063	0.04682124191532654
4064	4064	0.17397757518372245
4065	4065	0.015091486504987916
4066	4066	0.31729412809672874
4067	4067	0.04591671445312771
4068	4068	0.0048905911542196055
4069	4069	0.24351884760104084
4070	4070	0.06575317784842177
4071	4071	0.7819938410825558
4072	4072	0.05629912607371462
4073	4073	0.15630878137585205
4074	4074	1.3301451970806724
4075	4075	0.1685722293649371
4076	4076	0.09797440660056461
4077	4077	0.3284268692741626
4078	4078	0.9516112795767341
4079	4079	1.7109258839565236
4080	4080	0.0254681322716013
4081	4081	0.09887343665461279
4082	4082	0.34648669168996105
4083	4083	0.024717604011136228
4084	4084	0.09737687464360825
4085	4085	1.6143823773400572
4086	4086	0.12479303646244094
4087	4087	0.00034974432576804316
4088	4088	0.3872305966734329
4089	4089	0.0027555869496530315
4090	4090	0.5354722967317719
4091	4091	2.503395182395442
4092	4092	0.02340434149054516
4093	4093	1.9276481266723868
4094	4094	1.0265910162288363
4095	4095	0.13960801547439167
4096	4096	0.020182664955172572
4097	4097	1.03917858660219
4098	4098	0.36607215256594505
4099	4099	1.0349821282170928
4100	4100	0.10777490791855243
4101	4101	0.24045159196652938
4102	4102	0.23171184771709327
4103	4103	0.2646603696661332
4104	4104	0.0025633734041221154
4105	4105	0.008829820398643159
4106	4106	0.04297294717055871
4107	4107	0.03202317620324569
4108	4108	0.26494754456302066
4109	4109	0.042118768175005594
4110	4110	0.08085692089630274
4111	4111	0.04317495765141911
4112	4112	0.021099639701424984
4113	4113	0.6206966838631165
4114	4114	0.6552491763822831
4115	4115	0.033146023814478336
4116	4116	1.2505845800282713
4117	4117	0.0849518249732526
4118	4118	0.0034229312219820423
4119	4119	0.0007053456653036625
4120	4120	0.01064927424684845
4121	4121	2.0736932456649395
4122	4122	0.0070008461793231
4123	4123	0.5687189858298128
4124	4124	0.3207889503538991
4125	4125	0.7572221532684327
4126	4126	0.03221994343740858
4127	4127	0.07246668103563637
4128	4128	0.753631835678885
4129	4129	0.7814622966272515
4130	4130	0.3979910881025235
4131	4131	0.07382656006822962
4132	4132	0.9718671132941062
4133	4133	1.1711046225436044
4134	4134	0.8073780294393929
4135	4135	0.9160525035415245
4136	4136	0.009536663867100769
4137	4137	0.02165177930730083
4138	4138	0.02447178146286202
4139	4139	0.647583955374684
4140	4140	0.35110487532931534
4141	4141	0.06140427549464278
4142	4142	0.09346217221110246
4143	4143	1.4669956396125876
4144	4144	0.00016677756559732845
4145	4145	0.4541621997655516
4146	4146	0.12603543493979733
4147	4147	0.8078044745211344
4148	4148	1.2935772767812463
4149	4149	2.9091876911482443e-06
4150	4150	0.2130964794223839
4151	4151	0.011336842320900082
4152	4152	0.17535872374768163
4153	4153	0.49755000507421626
4154	4154	0.0006326429352702173
4155	4155	0.09130682069042091
4156	4156	0.1846144750877224
4157	4157	0.3886196269577746
4158	4158	2.192802590575348
4159	4159	1.6172291833531007
4160	4160	0.10808256610009391
4161	4161	0.10108667850744239
4162	4162	0.010306855621754133
4163	4163	0.2053026528097138
4164	4164	0.020861205003259137
4165	4165	0.193463772978394
4166	4166	0.004896093518141154
4167	4167	0.010391397035334017
4168	4168	0.1551534196816913
4169	4169	0.02642611550261194
4170	4170	0.015796942148686502
4171	4171	1.3164267004972319
4172	4172	0.012250986309305656
4173	4173	0.36617570880050293
4174	4174	2.1210192303213455
4175	4175	0.47576811591587376
4176	4176	0.09173827748180902
4177	4177	0.11552988393780965
4178	4178	0.2756641354989641
4179	4179	0.0024607310676808738
4180	4180	1.953231567293405
4181	4181	0.7021237219728493
4182	4182	1.0496385168868827
4183	4183	0.14955363530208604
4184	4184	0.23077940538366506
4185	4185	0.691612324265664
4186	4186	0.6060042527862345
4187	4187	0.005352415209153168
4188	4188	0.26725055695346034
4189	4189	0.0433231128141081
4190	4190	0.18987345013023674
4191	4191	0.0309439937934415
4192	4192	0.10828602099926372
4193	4193	0.09792047698056358
4194	4194	0.27372294932718694
4195	4195	0.07360556176313893
4196	4196	0.46293467387776094
4197	4197	0.5595741653499755
4198	4198	0.09389800392801338
4199	4199	0.2068379658891261
4200	4200	0.0366022994270464
4201	4201	0.00021512886863924474
4202	4202	0.002906107038401348
4203	4203	0.16750418898774258
4204	4204	0.5119291804375771
4205	4205	0.09503650926799558
4206	4206	0.19877143408801268
4207	4207	0.35675043374848814
4208	4208	0.0020461010579983885
4209	4209	2.1078345811522317e-07
4210	4210	0.3220287316435487
4211	4211	0.05545810950780972
4212	4212	0.20701363457265373
4213	4213	1.0646686889581438
4214	4214	0.09765862741873985
4215	4215	1.112474534738792
4216	4216	1.0780550564070457
4217	4217	0.10105506935161261
4218	4218	0.012019191679321395
4219	4219	0.17024759423782182
4220	4220	0.6059306627626345
4221	4221	0.1411580064089427
4222	4222	0.4144331864076089
4223	4223	0.016245014074304003
4224	4224	3.379269108594887
4225	4225	0.004155128472817938
4226	4226	0.05026590274726926
4227	4227	0.09303610725040017
4228	4228	0.007438519597905194
4229	4229	0.6784363921062561
4230	4230	0.0893672582941226
4231	4231	0.08609392979117819
4232	4232	1.310973323941
4233	4233	0.600275957118158
4234	4234	0.007205490092770715
4235	4235	1.558043344310724
4236	4236	0.5337371369325429
4237	4237	0.05203770784434201
4238	4238	0.0723596805133981
4239	4239	0.43447770509921907
4240	4240	0.011299830463971998
4241	4241	0.7282602912879153
4242	4242	0.11905592237137694
4243	4243	0.15976933347683414
4244	4244	0.15859170242916892
4245	4245	0.18141544016760683
4246	4246	0.1556075198291724
4247	4247	0.408373864025604
4248	4248	1.262150116634585
4249	4249	0.05972687561341488
4250	4250	1.6967522073892283
4251	4251	0.00015430212037847765
4252	4252	1.5636511807006155
4253	4253	0.3041765203501743
4254	4254	0.21128681968531984
4255	4255	0.009171699575756326
4256	4256	0.02720846714618369
4257	4257	0.00973301933014386
4258	4258	0.002375491246557972
4259	4259	0.6305129907461435
4260	4260	0.3155483136259301
4261	4261	0.07018852818599966
4262	4262	0.7912426411934922
4263	4263	0.756250605334121
4264	4264	0.004514803803130052
4265	4265	0.0495655383698833
4266	4266	0.3632081005613627
4267	4267	0.05006028426110202
4268	4268	0.009371489250910012
4269	4269	0.08156923398004416
4270	4270	1.1034782750791807
4271	4271	0.0028369117738437323
4272	4272	0.6040249665024953
4273	4273	0.0034357230558050593
4274	4274	0.5456839668200089
4275	4275	0.5415167870388996
4276	4276	0.5783571648263939
4277	4277	0.0012881721862002882
4278	4278	1.269540588476737
4279	4279	0.005306845305865174
4280	4280	0.11117768347963936
4281	4281	0.5560764192863207
4282	4282	0.06512783810136553
4283	4283	2.589539537299087
4284	4284	2.427654507968932
4285	4285	0.6472652986748926
4286	4286	0.12772143254500337
4287	4287	0.2600255070872317
4288	4288	0.0004870668231903611
4289	4289	0.22168686528524956
4290	4290	0.2624361710534583
4291	4291	0.009548693924464134
4292	4292	0.9761876213107927
4293	4293	0.42845647432587664
4294	4294	0.15727788016831273
4295	4295	0.42569659388358505
4296	4296	0.03962452848382257
4297	4297	0.86696419284739
4298	4298	0.04424630158659581
4299	4299	0.016003660358193145
4300	4300	0.2220192120312279
4301	4301	0.024586222246774855
4302	4302	0.6723256819015891
4303	4303	0.5686597162775945
4304	4304	0.8485979990556946
4305	4305	0.22096194632549873
4306	4306	0.0005121142911181457
4307	4307	0.3542656913167616
4308	4308	0.11079927271845723
4309	4309	0.25396208488379124
4310	4310	1.511146114692593
4311	4311	0.6708528588453778
4312	4312	0.19501566057581454
4313	4313	0.004819138366244935
4314	4314	0.8314668389328963
4315	4315	0.02895067291846336
4316	4316	0.6016241808520641
4317	4317	1.8330431758493244
4318	4318	0.026766256077335723
4319	4319	3.042029537543022
4320	4320	0.3861998429457832
4321	4321	0.21488860040501553
4322	4322	0.0656421690908395
4323	4323	0.7381607737844288
4324	4324	0.34074217126788003
4325	4325	0.06321896513087544
4326	4326	0.8812557679308992
4327	4327	0.3797600036371119
4328	4328	3.5710662651384326
4329	4329	0.045322295887404516
4330	4330	0.07675705362554792
4331	4331	0.6128047228707735
4332	4332	0.0016482707487943734
4333	4333	0.2144897184183783
4334	4334	0.4305859880131795
4335	4335	1.173008034192204
4336	4336	0.030543093939956717
4337	4337	0.04521913300655058
4338	4338	0.0013498195048383445
4339	4339	0.3885214446872875
4340	4340	0.38990689151939706
4341	4341	0.028269675170617077
4342	4342	0.06416928515769182
4343	4343	0.02564851644994759
4344	4344	0.6813652208791044
4345	4345	0.8785392878227842
4346	4346	0.7123892434066086
4347	4347	0.48239829456019134
4348	4348	0.9477005504471202
4349	4349	0.6632983421757445
4350	4350	1.0598203481596895
4351	4351	0.03667571608017293
4352	4352	0.011256228290368814
4353	4353	7.401552119423144
4354	4354	0.25558157784255225
4355	4355	0.37893478029482774
4356	4356	0.1382098476454273
4357	4357	0.11823175772715937
4358	4358	0.0032818276996472964
4359	4359	0.08678800309087706
4360	4360	2.575899576282007
4361	4361	0.9026825548397582
4362	4362	0.4038190929859594
4363	4363	1.2076735806177374
4364	4364	0.2521616732092755
4365	4365	0.005560495096077444
4366	4366	0.27273668937249285
4367	4367	0.6697581765606637
4368	4368	0.14212678156904765
4369	4369	0.1304311648282586
4370	4370	0.5352540475056351
4371	4371	7.628283775013908e-05
4372	4372	0.09708310249766218
4373	4373	0.43730498218047525
4374	4374	2.489837677422354e-05
4375	4375	0.11309688631011822
4376	4376	0.5554267497038669
4377	4377	0.8625198312187565
4378	4378	1.0546064565836197
4379	4379	0.08333716581850881
4380	4380	0.28974349973809865
4381	4381	0.008940153105460988
4382	4382	1.2402397643425755
4383	4383	0.0018225437609585553
4384	4384	0.1235366926714839
4385	4385	0.09627822138803573
4386	4386	0.0008978930684959194
4387	4387	1.4539020443683115
4388	4388	0.3268697866733093
4389	4389	0.6874213603864351
4390	4390	0.07423009795435367
4391	4391	0.3620839146023262
4392	4392	0.09779027072601776
4393	4393	1.1250882714387695
4394	4394	0.75302943678225
4395	4395	0.12522139735937365
4396	4396	0.2979613078543588
4397	4397	0.5652242876842777
4398	4398	0.610453757463179
4399	4399	0.3540499996135655
4400	4400	0.5918881112746474
4401	4401	0.05740879202262319
4402	4402	0.18286478074683363
4403	4403	0.0034885284610649873
4404	4404	0.17086191766872447
4405	4405	0.008723242528293445
4406	4406	0.009252207294013649
4407	4407	3.425534906047284
4408	4408	0.3709868078660267
4409	4409	0.33793410701698023
4410	4410	0.06239771484586323
4411	4411	0.36545874485898977
4412	4412	0.0568340536135428
4413	4413	0.011922079631989942
4414	4414	0.296346129543876
4415	4415	4.221559407828079
4416	4416	0.4282669913699579
4417	4417	0.28280586665103985
4418	4418	0.329945082235238
4419	4419	0.13793368560716762
4420	4420	0.01247565997607567
4421	4421	0.1454394722837533
4422	4422	1.157091033205079
4423	4423	0.17393345337875446
4424	4424	0.18679821701922447
4425	4425	0.4279930943841631
4426	4426	0.1055866888618103
4427	4427	1.2215482736655365
4428	4428	0.09946901871012688
4429	4429	3.512926062548298
4430	4430	0.5242306344436158
4431	4431	1.9733454910989783
4432	4432	1.0828051385761228
4433	4433	0.022898300584726052
4434	4434	0.3135766844244032
4435	4435	0.007565308929060629
4436	4436	0.18105874843515216
4437	4437	0.826527118563582
4438	4438	0.008357188269881605
4439	4439	0.8831453693042838
4440	4440	0.8249777561981907
4441	4441	0.09534704423251704
4442	4442	1.7509900251069515
4443	4443	0.9727780485531368
4444	4444	0.9753298095657108
4445	4445	0.16104223107983565
4446	4446	0.06777310717402073
4447	4447	0.27911258266942535
4448	4448	0.18074073577640487
4449	4449	0.7101437695292148
4450	4450	1.6240897693492469
4451	4451	2.7744767449293435
4452	4452	0.17497013551742113
4453	4453	0.053343332523218184
4454	4454	0.4168364675953154
4455	4455	0.1662886463192603
4456	4456	1.1598461168814864
4457	4457	0.2285550229950233
4458	4458	0.5972306772069967
4459	4459	0.3106599190601688
4460	4460	0.48965438375175413
4461	4461	0.022869904012399352
4462	4462	0.13513364814038253
4463	4463	0.057180059601142724
4464	4464	8.342929929767233e-05
4465	4465	0.9854247149767327
4466	4466	2.3931530112580037
4467	4467	0.0934111301959759
4468	4468	0.012991756643222165
4469	4469	1.334820553952581
4470	4470	0.9140991742652707
4471	4471	0.013876948290573383
4472	4472	0.04993927957519266
4473	4473	1.5131621592453448
4474	4474	0.3330507184408522
4475	4475	0.13758185942627937
4476	4476	0.04656318530885501
4477	4477	0.11197605776224757
4478	4478	2.709672106254146
4479	4479	0.2895503411636151
4480	4480	0.44247487820941683
4481	4481	0.565083190498551
4482	4482	0.020778468674786957
4483	4483	0.2714333308418358
4484	4484	0.21996628841378996
4485	4485	0.21990188245076014
4486	4486	0.43349692905050224
4487	4487	0.005914645110045005
4488	4488	0.10739598991802098
4489	4489	0.6167470952382348
4490	4490	0.10240205477384379
4491	4491	1.5482461331714101
4492	4492	0.05570705998168405
4493	4493	8.575969718707996e-05
4494	4494	0.5662090695456937
4495	4495	0.26065446272037557
4496	4496	0.17199448003985449
4497	4497	0.04077494841667132
4498	4498	0.10617004124055081
4499	4499	0.2993805097711143
4500	4500	0.20224978465230306
4501	4501	2.078441230464511
4502	4502	0.9839703949250487
4503	4503	0.5090637708522844
4504	4504	0.24720803113211434
4505	4505	0.3138069156769516
4506	4506	0.010924837376144353
4507	4507	0.35555776335565853
4508	4508	4.3502679614880504e-05
4509	4509	0.07317804806355718
4510	4510	0.6740522162948609
4511	4511	0.4789367147152156
4512	4512	0.19477592626399937
4513	4513	0.03158709622540989
4514	4514	0.17500243717504999
4515	4515	0.5392267830920803
4516	4516	0.7410926224365124
4517	4517	0.2938100292535604
4518	4518	0.31566039739328305
4519	4519	0.1979963972476374
4520	4520	0.013962459026175558
4521	4521	0.42362351584508207
4522	4522	0.40189255450636285
4523	4523	1.0147798031630773
4524	4524	0.2528177549703929
4525	4525	0.12008605656159785
4526	4526	0.42030603927396465
4527	4527	0.8874148687638318
4528	4528	0.830426827503456
4529	4529	0.1596869767797162
4530	4530	0.00221158990457183
4531	4531	0.5216424000613077
4532	4532	0.015214372536546146
4533	4533	0.46870044748133677
4534	4534	0.04424012374150402
4535	4535	0.2342201100547904
4536	4536	0.6985772472930616
4537	4537	0.6269447883780015
4538	4538	0.054241902785755046
4539	4539	0.5622421555081121
4540	4540	0.08787307303882154
4541	4541	0.8729877958762753
4542	4542	0.2934157873626689
4543	4543	0.06269705863921543
4544	4544	0.18860467233480283
4545	4545	1.4872492046116368
4546	4546	0.03230121404025348
4547	4547	0.2426749065543389
4548	4548	0.1578232496094742
4549	4549	0.10862034298179106
4550	4550	1.1534221624068768
4551	4551	0.08945112547592907
4552	4552	0.50870825680567
4553	4553	0.030593853737186948
4554	4554	0.12913620756265626
4555	4555	1.0223826383803831
4556	4556	0.10541560221115054
4557	4557	0.07334131187407127
4558	4558	0.014810806505897152
4559	4559	0.22240496567676898
4560	4560	0.07002202918286464
4561	4561	0.004085393059841679
4562	4562	1.4395936996427785
4563	4563	0.08136792802876275
4564	4564	0.2194406990988044
4565	4565	0.17560541727679072
4566	4566	0.10911397430900704
4567	4567	0.014253752965591608
4568	4568	0.008177352561452576
4569	4569	0.10093458039827846
4570	4570	0.408752969153937
4571	4571	0.013092615249675785
4572	4572	0.3517128097617781
4573	4573	0.5825785107656932
4574	4574	0.033331721717417176
4575	4575	0.20348953424782917
4576	4576	0.3088891925730189
4577	4577	1.1151903543191932
4578	4578	0.22675080881830825
4579	4579	0.07457937604755513
4580	4580	0.07492177739566719
4581	4581	0.07381787400658368
4582	4582	0.05490557062902301
4583	4583	0.23050557820513606
4584	4584	0.024953481267040403
4585	4585	2.1160943376911017
4586	4586	0.44506317627453484
4587	4587	2.3932483525839454
4588	4588	0.14861934873615384
4589	4589	0.3010112930675229
4590	4590	0.14433783279762605
4591	4591	0.4216596325360103
4592	4592	1.2893331390338094
4593	4593	0.016143698062460205
4594	4594	2.6471822545827832
4595	4595	0.18870163511851343
4596	4596	0.024952668528800723
4597	4597	0.20006061811741838
4598	4598	0.0008094713960170119
4599	4599	0.2944647088888161
4600	4600	0.08777968422394873
4601	4601	0.028519484919041042
4602	4602	0.014985683409687601
4603	4603	0.11291939381412244
4604	4604	0.051487390127944246
4605	4605	0.8979454445482565
4606	4606	0.05545878790265085
4607	4607	0.10618356854444723
4608	4608	0.778545105124804
4609	4609	0.43270511284242685
4610	4610	0.14076059307269476
4611	4611	0.23253760562271095
4612	4612	0.21623942706994945
4613	4613	0.2524223465887406
4614	4614	0.1744982308633282
4615	4615	0.3853996534656492
4616	4616	0.06474253638163614
4617	4617	0.06481107251260537
4618	4618	0.6092222039240734
4619	4619	0.518905036305146
4620	4620	0.25220264029278616
4621	4621	0.00021583533512892108
4622	4622	0.012561540987120565
4623	4623	0.024333309795028773
4624	4624	0.10923120206299781
4625	4625	0.15456291345374099
4626	4626	1.3406381499721398
4627	4627	0.035687044505546495
4628	4628	0.10606159219371032
4629	4629	0.0027908269957879974
4630	4630	0.18405141049654125
4631	4631	0.04647449776167201
4632	4632	0.1441498315941049
4633	4633	0.00141587842178425
4634	4634	1.0800541669958952
4635	4635	0.027203485006578886
4636	4636	0.24561995738564785
4637	4637	0.010787513212257623
4638	4638	0.08427633598755749
4639	4639	0.0009741261054355446
4640	4640	0.2448196257174888
4641	4641	0.06320749680790952
4642	4642	0.10557105554811472
4643	4643	0.3644992066256459
4644	4644	0.002038915231773531
4645	4645	0.09853854780189321
4646	4646	0.2973816615559116
4647	4647	0.7335995622613976
4648	4648	0.11558654124135535
4649	4649	0.1670801968378692
4650	4650	0.12349878819022793
4651	4651	0.16202011717145862
4652	4652	0.03904256090725508
4653	4653	0.2012704608168838
4654	4654	0.011132478201214461
4655	4655	0.27420731868386894
4656	4656	0.25488771281264594
4657	4657	0.1090174772186282
4658	4658	0.028267151937703572
4659	4659	1.730924372331244
4660	4660	0.055822578190701425
4661	4661	0.030234698634962864
4662	4662	0.10853514351050536
4663	4663	0.009058084247312262
4664	4664	0.5304349328235205
4665	4665	0.06606118371410286
4666	4666	1.1046120847277492
4667	4667	1.0027145783713176
4668	4668	8.394851087762016e-05
4669	4669	0.14592809586109642
4670	4670	0.3410672544575919
4671	4671	0.047947168756412036
4672	4672	0.12427368333947952
4673	4673	0.4613135318188641
4674	4674	1.8629256716188796
4675	4675	0.010580551636351868
4676	4676	0.03225215391483146
4677	4677	0.13600695518429007
4678	4678	0.7886726846417419
4679	4679	0.30190985754077804
4680	4680	0.036086263615544074
4681	4681	0.14509390686546803
4682	4682	0.23452625780599173
4683	4683	0.0011202427873564444
4684	4684	1.666568427156422
4685	4685	0.2686037114251612
4686	4686	0.1734012277950959
4687	4687	0.043072633730761055
4688	4688	1.2937815495932738
4689	4689	1.6647387856065061
4690	4690	1.3291466536014886
4691	4691	1.2993806054173374
4692	4692	0.1706171374357304
4693	4693	0.15607030740939976
4694	4694	1.635584684527413
4695	4695	0.8719543817197747
4696	4696	0.7997534082376724
4697	4697	0.3114970088297393
4698	4698	0.02356992069799886
4699	4699	0.17194113150305226
4700	4700	1.0026346006279145
4701	4701	8.462787771635487e-05
4702	4702	0.23723772774571494
4703	4703	0.0016758215386633265
4704	4704	0.20438347750062447
4705	4705	0.25370533033011977
4706	4706	1.300153517773625
4707	4707	0.2861618658335823
4708	4708	3.18752105492905
4709	4709	0.20695024292746106
4710	4710	0.03760269855667256
4711	4711	0.038742931367113015
4712	4712	0.0021503261801632486
4713	4713	0.035200960328557705
4714	4714	0.0035997574529537833
4715	4715	0.9932220595594969
4716	4716	0.8097283077283829
4717	4717	0.31028167977533594
4718	4718	0.8590900882970623
4719	4719	0.033161703053950824
4720	4720	1.4376201480134934
4721	4721	0.5164342472083797
4722	4722	0.3137324564476538
4723	4723	0.01825136469457781
4724	4724	0.0650098132176844
4725	4725	0.02465022648542397
4726	4726	0.10192269687189902
4727	4727	0.07860888217062231
4728	4728	2.014098433572871
4729	4729	0.8805553623287612
4730	4730	0.17830230631432964
4731	4731	0.010727088511562507
4732	4732	4.6837890766769596e-05
4733	4733	0.034950021798751084
4734	4734	1.3723459543228747
4735	4735	0.9041642817324275
4736	4736	1.0095936474446767
4737	4737	0.18443544062076594
4738	4738	1.7522731202266926
4739	4739	0.003943040842190364
4740	4740	0.6227536537697533
4741	4741	0.6709567084653629
4742	4742	0.979491544677746
4743	4743	2.470989490629031
4744	4744	0.018561948804819452
4745	4745	0.7553910743302094
4746	4746	0.31339102865574486
4747	4747	0.0034179772347370436
4748	4748	0.0032311202727721357
4749	4749	0.16736534338777156
4750	4750	0.9863821258374255
4751	4751	3.1557644564148424
4752	4752	0.1285631817307419
4753	4753	0.3185324665942792
4754	4754	0.10448921013227973
4755	4755	0.00043648822676303284
4756	4756	0.0008215976596006026
4757	4757	0.16594014756579187
4758	4758	1.4141202764698366
4759	4759	0.11633183518103617
4760	4760	0.032274822962063916
4761	4761	0.06042727667014221
4762	4762	0.6356630836354704
4763	4763	0.7685316419460106
4764	4764	0.7336297493585663
4765	4765	0.028617416829916805
4766	4766	0.5277432406429536
4767	4767	0.030682305127450595
4768	4768	0.005915535020450842
4769	4769	0.0726919076189114
4770	4770	1.2514704519427025
4771	4771	0.12086798486165541
4772	4772	0.24271862961537294
4773	4773	1.3833054496280603
4774	4774	0.5529934915249313
4775	4775	1.9460945235919558
4776	4776	0.03572545230434877
4777	4777	0.015307094451800726
4778	4778	0.8361523973443954
4779	4779	0.4228286351957487
4780	4780	0.47127970996444224
4781	4781	0.3179623240773435
4782	4782	0.002056953488757193
4783	4783	0.5628290075604073
4784	4784	0.6605570573405454
4785	4785	0.17540063006012874
4786	4786	1.1180122432743627
4787	4787	0.31866013122895154
4788	4788	0.7302086203969705
4789	4789	0.004261657397415047
4790	4790	0.1361393238226258
4791	4791	1.2852627044277265
4792	4792	3.5293291712045423
4793	4793	0.6865176237841691
4794	4794	0.01072455523722556
4795	4795	0.00010658362415297708
4796	4796	0.8091577265915677
4797	4797	0.5490852828356677
4798	4798	0.008055968320880024
4799	4799	0.329332459243445
4800	4800	0.00742702151383256
4801	4801	0.05471323444502923
4802	4802	1.055451232573416
4803	4803	0.27453708360478646
4804	4804	1.8577642977501378
4805	4805	0.35672713710235976
4806	4806	0.08194301794202578
4807	4807	0.053548130802774443
4808	4808	0.05923424770354036
4809	4809	0.8268982162808722
4810	4810	0.16303180314773968
4811	4811	0.015584011223254793
4812	4812	0.029481983121321734
4813	4813	0.14136642838071173
4814	4814	0.04380669274749906
4815	4815	0.1912816860134097
4816	4816	0.18495026595604963
4817	4817	2.601028718790517
4818	4818	1.1610167618577716
4819	4819	0.0004145047029608047
4820	4820	0.0045270650740986415
4821	4821	0.10169471111644514
4822	4822	0.17650237389311932
4823	4823	0.2929147710620676
4824	4824	0.11912186670169926
4825	4825	0.2517443168917708
4826	4826	0.008600406793562219
4827	4827	0.16057791757358308
4828	4828	3.367954913252316
4829	4829	0.3787805650901193
4830	4830	0.5597381091307906
4831	4831	0.21723242951694036
4832	4832	0.056541166218173906
4833	4833	0.009215927233143484
4834	4834	0.005450869053220978
4835	4835	0.2826078762123143
4836	4836	1.3401740038980643
4837	4837	0.8352788469436352
4838	4838	0.07128961735389121
4839	4839	0.2660887894979221
4840	4840	2.6478912119501388
4841	4841	0.23519252715618774
4842	4842	0.05809654667377903
4843	4843	0.23366652852507866
4844	4844	0.14650479848973932
4845	4845	0.002278562956647018
4846	4846	0.38081060583299925
4847	4847	1.449585601564811
4848	4848	0.3682659814628127
4849	4849	0.3373306857313649
4850	4850	0.5748703962019637
4851	4851	0.003164488210981067
4852	4852	0.1992285579511807
4853	4853	0.16432846197754591
4854	4854	0.13403962351583362
4855	4855	0.01445565241212101
4856	4856	0.17818386304197803
4857	4857	0.4637885928483348
4858	4858	1.1094416732998447
4859	4859	0.02418142112783153
4860	4860	0.0019228193074921377
4861	4861	0.034036407236592965
4862	4862	0.847814946277156
4863	4863	0.5012331294726282
4864	4864	1.2076720895279875
4865	4865	0.24064919635291018
4866	4866	0.1495928111532072
4867	4867	0.05570123238792763
4868	4868	0.6782647930204578
4869	4869	0.05033850260239393
4870	4870	0.2947651983588224
4871	4871	0.13020856470466952
4872	4872	0.003289312609634682
4873	4873	0.1196949315808664
4874	4874	0.4919077026663318
4875	4875	0.17522125066460545
4876	4876	0.11874550124194304
4877	4877	0.17257133228736324
4878	4878	0.4164738458735432
4879	4879	0.0004014956489634025
4880	4880	0.6613753518383247
4881	4881	0.11022888898837495
4882	4882	0.6836099574163323
4883	4883	0.005305262914901544
4884	4884	0.15267483803297519
4885	4885	0.03070123512456968
4886	4886	0.34780351222077627
4887	4887	0.7805417174488999
4888	4888	2.0566004257224435
4889	4889	0.02031997143930165
4890	4890	1.5976595585608382
4891	4891	0.027133358192799318
4892	4892	0.0028957454171530724
4893	4893	0.5333089211969829
4894	4894	4.671318785163857
4895	4895	0.5881770323998219
4896	4896	2.479477050985464
4897	4897	0.001657944638259246
4898	4898	0.44019779143017707
4899	4899	0.02745229543830227
4900	4900	0.08613963697431316
4901	4901	0.18329451601492522
4902	4902	6.544039561143372e-05
4903	4903	0.04972174092947332
4904	4904	0.6470746277747921
4905	4905	0.025069971061432966
4906	4906	0.057278977384813606
4907	4907	0.0025769915000773596
4908	4908	0.007958497918236121
4909	4909	0.0166871989312766
4910	4910	0.15689212598465122
4911	4911	0.004651912085477019
4912	4912	0.019415977822586288
4913	4913	0.1805678179761512
4914	4914	1.2683335955863047
4915	4915	0.6882632278436249
4916	4916	0.15345666321353021
4917	4917	0.11652250670334235
4918	4918	0.6569323176484841
4919	4919	0.1859247479639455
4920	4920	0.39736508698589357
4921	4921	0.25645643432924325
4922	4922	1.9588791007066912
4923	4923	0.0026887200660528168
4924	4924	0.5422900802119843
4925	4925	0.06049709271234615
4926	4926	1.3494815984111057
4927	4927	0.14542107832563622
4928	4928	0.1059029130754895
4929	4929	0.8418353909156289
4930	4930	0.00625633505701019
4931	4931	0.00591623172128075
4932	4932	0.2387232612467493
4933	4933	1.599232835635028
4934	4934	0.03349477455948171
4935	4935	0.7612699597741391
4936	4936	0.026476597120006554
4937	4937	0.4693920983385755
4938	4938	1.5561422257777517
4939	4939	1.451760426397666
4940	4940	0.2304357760442584
4941	4941	0.08525329293203775
4942	4942	0.03774400380689649
4943	4943	0.1051353992805757
4944	4944	0.18787690428938467
4945	4945	4.271866717293466
4946	4946	0.04421203677779013
4947	4947	0.7428134197186655
4948	4948	0.14058059825108643
4949	4949	0.1346781291948248
4950	4950	0.8059988093653684
4951	4951	0.40647854564519587
4952	4952	0.24532958959115
4953	4953	0.2555769503376911
4954	4954	1.0746226867972692
4955	4955	0.3296680960062939
4956	4956	0.002067064581423711
4957	4957	0.9367251307405091
4958	4958	0.1545869629046294
4959	4959	1.6240915603914317
4960	4960	0.18961644821315085
4961	4961	0.24411859095627633
4962	4962	0.06159299812992728
4963	4963	0.007985070683996658
4964	4964	2.2445384934375366e-06
4965	4965	1.0409053063940958
4966	4966	2.9683351282143717e-06
4967	4967	0.34062339310711637
4968	4968	1.6189382320047105
4969	4969	0.8387208869634126
4970	4970	1.414278751598526
4971	4971	0.36824994012806456
4972	4972	0.16002165340251703
4973	4973	0.003940179774275169
4974	4974	0.8022968972516794
4975	4975	8.129212949197586e-05
4976	4976	0.056410999672750664
4977	4977	1.012135513750593
4978	4978	0.1011220151929139
4979	4979	3.4135886926948986
4980	4980	0.025833277199371174
4981	4981	0.41974474518902527
4982	4982	0.9726474737988605
4983	4983	0.3418871153099894
4984	4984	3.355263248549331
4985	4985	2.4641666744407074
4986	4986	0.005623022918937686
4987	4987	2.694178904195065
4988	4988	0.4741299948606992
4989	4989	0.14489179485378426
4990	4990	0.04170388277025231
4991	4991	0.08439927491135783
4992	4992	0.12442686159020855
4993	4993	0.164246495321924
4994	4994	0.5154835737489297
4995	4995	0.038279581012674105
4996	4996	0.808854680188637
4997	4997	0.4111229165647776
4998	4998	0.10031907112533271
4999	4999	0.09553035882947745
5000	5000	0.09215002734954134
5001	5001	0.2724617917125108
5002	5002	0.8543255929275154
5003	5003	0.3867732285876461
5004	5004	1.0010188206883328
5005	5005	0.0013921372320547178
5006	5006	0.3812670519055222
5007	5007	0.014304601530794405
5008	5008	1.4154813698394735
5009	5009	0.17662951343611255
5010	5010	0.25479104615407167
5011	5011	1.143107861941962
5012	5012	0.04462570981363755
5013	5013	0.22846479993096203
5014	5014	0.2237433019806627
5015	5015	0.034947923637166596
5016	5016	1.1386309855332677
5017	5017	0.014114300893378277
5018	5018	0.4760419138635708
5019	5019	0.02755321119171222
5020	5020	0.12386300496855142
5021	5021	0.19289020484049169
5022	5022	1.9907981391361973
5023	5023	2.9844583023561055
5024	5024	1.5915264365590918
5025	5025	0.14906835533838833
5026	5026	0.06602648866309871
5027	5027	0.001988338575220666
5028	5028	0.4003064590995618
5029	5029	0.004903873050711671
5030	5030	0.11151182217581421
5031	5031	0.4839900055741094
5032	5032	0.5608870258524096
5033	5033	0.013244177393828948
5034	5034	0.40351133399622074
5035	5035	0.05746663697412187
5036	5036	1.2614053119179045
5037	5037	0.01576050335211447
5038	5038	0.8270954046122797
5039	5039	0.020417001886746323
5040	5040	0.11753258016572214
5041	5041	1.6376549516388745
5042	5042	0.5071646072509681
5043	5043	3.3198674062927287
5044	5044	0.3583543776909548
5045	5045	0.33659939515136084
5046	5046	0.008247774440665516
5047	5047	0.007767063961555424
5048	5048	0.003850248341956183
5049	5049	0.9984706594673153
5050	5050	1.1488580507468185
5051	5051	0.03282054473627249
5052	5052	1.5323627365005854
5053	5053	0.046184257127396454
5054	5054	1.173484958907239
5055	5055	0.06307142747495692
5056	5056	2.0775433615704886
5057	5057	0.037812953588039266
5058	5058	2.885199452979535
5059	5059	0.14131764867494542
5060	5060	0.14973457559999065
5061	5061	0.07005127882741775
5062	5062	0.7212425219430059
5063	5063	0.00035376308243462694
5064	5064	0.030762662736820153
5065	5065	1.0662681174567255
5066	5066	0.18077698682167342
5067	5067	0.040649428970485214
5068	5068	0.1033724204549753
5069	5069	0.4432900554261445
5070	5070	1.193470149591905
5071	5071	0.24836796235205133
5072	5072	0.017482884371969435
5073	5073	0.007714040846418369
5074	5074	0.28446336651801163
5075	5075	0.6440593520657741
5076	5076	0.9388440168195479
5077	5077	0.3674361074317712
5078	5078	0.029032748543961057
5079	5079	0.39049709743927796
5080	5080	0.31581043877593035
5081	5081	0.08180411786220776
5082	5082	1.7713383938437683
5083	5083	0.0837534812144996
5084	5084	0.0049717385774538615
5085	5085	0.26117818086983385
5086	5086	0.4475993383813992
5087	5087	0.3885788925515646
5088	5088	0.02811076605090161
5089	5089	0.44536372567715526
5090	5090	0.6581787829054279
5091	5091	0.01190069900246774
5092	5092	0.5042451302566212
5093	5093	0.0007515373215774073
5094	5094	0.03666512808009585
5095	5095	0.21132452171240354
5096	5096	0.27610368217295217
5097	5097	0.004353083671617675
5098	5098	0.09804064968904729
5099	5099	0.014454053923863789
5100	5100	0.39245985705679093
5101	5101	0.4975362019579909
5102	5102	2.3181107797154863
5103	5103	0.029976430778551978
5104	5104	0.07110953103890541
5105	5105	0.3912074996036692
5106	5106	0.204887054335604
5107	5107	0.048862765480521285
5108	5108	0.1431047896279657
5109	5109	0.0981974600614288
5110	5110	0.21025774436848266
5111	5111	0.09871891776432937
5112	5112	0.00818242610572873
5113	5113	0.05132607038746485
5114	5114	2.036205488034173
5115	5115	0.01675912299416154
5116	5116	0.003515002575789712
5117	5117	0.44952304761372264
5118	5118	0.5783648237918672
5119	5119	2.9002815182630685e-05
5120	5120	0.5673591805649069
5121	5121	0.04537723766917128
5122	5122	0.9611574312450073
5123	5123	0.3829651816907509
5124	5124	0.26264542820996944
5125	5125	0.08782105989859017
5126	5126	0.15505669552575485
5127	5127	0.1275099354609249
5128	5128	0.019652237216743352
5129	5129	0.0014584791607546517
5130	5130	0.17948977106939681
5131	5131	0.046775805934156894
5132	5132	2.250538758223985
5133	5133	1.2532116035478815
5134	5134	1.1035545688423283
5135	5135	1.2042580153907878
5136	5136	0.6168603421275285
5137	5137	0.09576374652916061
5138	5138	0.3641139110338116
5139	5139	0.21719348663678784
5140	5140	0.005310603115033067
5141	5141	0.06183079643653275
5142	5142	2.9143471881699496
5143	5143	1.560430113098104
5144	5144	1.23373163543957
5145	5145	2.6864517156723062
5146	5146	0.22758070974558656
5147	5147	1.6163109370153728
5148	5148	0.12210936667843321
5149	5149	0.8063442212131107
5150	5150	0.07075796717490729
5151	5151	0.03469152409520713
5152	5152	0.0009845942962674638
5153	5153	0.06583722166793812
5154	5154	0.9651506210424942
5155	5155	0.6804929274139262
5156	5156	0.0037027630907970296
5157	5157	0.07050083020055267
5158	5158	0.013272108369903
5159	5159	0.47016486511426386
5160	5160	0.12198294134482575
5161	5161	0.11161642031141643
5162	5162	0.01604774968761869
5163	5163	0.3993021256090463
5164	5164	0.8169754291740089
5165	5165	0.10020953876773543
5166	5166	1.0094173083474012
5167	5167	0.2317570463911185
5168	5168	0.5353009315657598
5169	5169	0.16315202075703583
5170	5170	0.010436983568227823
5171	5171	0.004968027160534208
5172	5172	0.1808577897751615
5173	5173	1.4690174158790448
5174	5174	0.01537640758632931
5175	5175	0.0030126968627997544
5176	5176	0.6934309796044965
5177	5177	2.6768362211630934
5178	5178	1.327959093570272
5179	5179	0.021692317569677096
5180	5180	0.5083707643666573
5181	5181	0.035639305449482045
5182	5182	0.6147581731017997
5183	5183	0.6918401290587122
5184	5184	0.31613231540647563
5185	5185	0.010662789495680676
5186	5186	2.6492598686251356
5187	5187	0.2107252788063376
5188	5188	1.217486774810884
5189	5189	0.2335866011192833
5190	5190	1.3058330990056928
5191	5191	0.017968984166000856
5192	5192	0.08409711612795098
5193	5193	0.31393661861950045
5194	5194	0.011403555354669399
5195	5195	0.07050102088085604
5196	5196	0.7185735339944744
5197	5197	0.06327071764214394
5198	5198	0.043851266838609175
5199	5199	0.04114878986656729
5200	5200	0.00451845165652687
5201	5201	0.2992604232036383
5202	5202	0.2458340189690478
5203	5203	0.30868798766932753
5204	5204	0.0007931931830510615
5205	5205	0.26689943779051556
5206	5206	0.0001344499113791028
5207	5207	0.17992039495083578
5208	5208	3.3572931566967665
5209	5209	0.48175000434044785
5210	5210	0.07628964650735509
5211	5211	0.20598362151631192
5212	5212	0.4744644538501296
5213	5213	1.898915279929676
5214	5214	0.027982150321206888
5215	5215	1.502072710310019
5216	5216	2.5471656110030185
5217	5217	0.7344495169176232
5218	5218	0.012878138102152615
5219	5219	0.30378790327448957
5220	5220	0.22016728528995555
5221	5221	0.33335103093701346
5222	5222	0.07645697989264966
5223	5223	0.8591914997461878
5224	5224	0.5259792936872477
5225	5225	0.16138962636538687
5226	5226	0.18334240639925545
5227	5227	0.035280797858598736
5228	5228	0.1934345358049941
5229	5229	0.07864964833799314
5230	5230	0.013677504346020627
5231	5231	0.4381447903585112
5232	5232	0.46593914571488004
5233	5233	0.0007880251498765021
5234	5234	0.04699245472845547
5235	5235	0.7340644824286208
5236	5236	0.14414408075464066
5237	5237	0.07634272341366945
5238	5238	2.852658283071959
5239	5239	1.4400260626848296
5240	5240	0.7150750018458941
5241	5241	0.6725771813531546
5242	5242	1.0485308040616046
5243	5243	1.9990425380600072
5244	5244	0.10343418603149529
5245	5245	0.38060024563463873
5246	5246	0.06256272694511182
5247	5247	0.17906179628154914
5248	5248	0.009057275741258402
5249	5249	0.0007641098416097269
5250	5250	0.001329238278869242
5251	5251	0.8671928230570741
5252	5252	0.14374011656965327
5253	5253	0.0008458018495132024
5254	5254	1.5226931067523106
5255	5255	1.4859347435694943
5256	5256	0.0038474523382726984
5257	5257	0.015248241647528601
5258	5258	0.21148961977615582
5259	5259	1.1099513919276458
5260	5260	0.35872250505867515
5261	5261	0.10086121662704939
5262	5262	0.3260102557205318
5263	5263	1.098301168210781
5264	5264	0.0025377783828752255
5265	5265	0.5414671653035272
5266	5266	0.010735898012552732
5267	5267	1.971023289704167
5268	5268	0.016802856630286783
5269	5269	1.412110809092077
5270	5270	0.27762274406931053
5271	5271	0.048366723796191245
5272	5272	0.1753289448997703
5273	5273	1.8188859226894813
5274	5274	0.6350182419195249
5275	5275	0.3429149926417768
5276	5276	0.039760663516361455
5277	5277	1.290441483664422
5278	5278	0.35252441469535645
5279	5279	0.6636997472388729
5280	5280	1.5594185839901171
5281	5281	0.18796132234651572
5282	5282	0.19094412102983113
5283	5283	0.3566405968183692
5284	5284	0.320288210178213
5285	5285	0.7992271494834428
5286	5286	0.04917540637731923
5287	5287	0.01669314710027959
5288	5288	0.3501454933907913
5289	5289	0.10570843770108185
5290	5290	0.0032145213966532082
5291	5291	0.3535658893994572
5292	5292	0.5806506456150887
5293	5293	0.6549338178766563
5294	5294	0.6032383750623672
5295	5295	0.6842659249184416
5296	5296	0.33604915576166594
5297	5297	0.0005353698441980066
5298	5298	0.0234905073521586
5299	5299	0.008358881247714067
5300	5300	0.8822612364345567
5301	5301	0.07471717760413002
5302	5302	0.014118234137851996
5303	5303	0.0027168160964065355
5304	5304	0.327939945831654
5305	5305	1.0779283098242116
5306	5306	1.0807293577943125
5307	5307	0.03801250951409972
5308	5308	0.36027642487721057
5309	5309	1.1318317080644307
5310	5310	0.11928867652370417
5311	5311	0.1789680792457994
5312	5312	2.171357587432248
5313	5313	0.7129399685778232
5314	5314	0.059381211719814614
5315	5315	0.4480651052054331
5316	5316	0.616665186057781
5317	5317	0.2107050630766992
5318	5318	0.6000023531992184
5319	5319	1.820085009913867
5320	5320	0.7915706380182842
5321	5321	1.107823973521561
5322	5322	0.012328047814766542
5323	5323	0.958620809596315
5324	5324	0.5364808885222899
5325	5325	0.0001243930521637399
5326	5326	0.3233323204173478
5327	5327	0.24786841363368162
5328	5328	1.480396056866035
5329	5329	2.9297211453402437e-05
5330	5330	1.111282367298492
5331	5331	0.10245445930721431
5332	5332	0.3162900345439278
5333	5333	1.3421863535348524
5334	5334	0.02087050442781779
5335	5335	0.13610435061182008
5336	5336	0.8639752786225935
5337	5337	0.4056097335294655
5338	5338	0.003457345335015095
5339	5339	0.6571073592786245
5340	5340	3.3288436123362724
5341	5341	1.0306512045083533
5342	5342	1.802432538988564
5343	5343	1.375271170571733
5344	5344	1.3016206214375545
5345	5345	0.4976139303560563
5346	5346	2.2228960121953003
5347	5347	0.05692036604974378
5348	5348	3.194129148900444
5349	5349	0.2900886240276271
5350	5350	0.14093836521604797
5351	5351	0.40110326771425525
5352	5352	1.5775984592012835
5353	5353	2.613244345908837
5354	5354	0.08659742238660036
5355	5355	1.4766128920690347
5356	5356	0.030126682449656553
5357	5357	0.0402472606271317
5358	5358	0.6888552641502675
5359	5359	0.5365062164822774
5360	5360	0.6714217014343917
5361	5361	2.4017475897367095
5362	5362	0.0859854221930723
5363	5363	2.3169148003152658
5364	5364	0.2895676493404081
5365	5365	0.4837002838056236
5366	5366	1.0713168467735346
5367	5367	0.004032481639270785
5368	5368	0.053209383386964446
5369	5369	0.6722942348159783
5370	5370	0.014419104910080376
5371	5371	0.2540781719924309
5372	5372	0.05531160374148082
5373	5373	0.09789656649549226
5374	5374	0.5130610999772359
5375	5375	0.9345158690471383
5376	5376	0.0019903213404006553
5377	5377	0.28275562543656996
5378	5378	0.00046906207249525423
5379	5379	0.36323347962374714
5380	5380	1.387257539689902
5381	5381	0.1212934470626844
5382	5382	0.05072282190686523
5383	5383	0.618076198160679
5384	5384	1.793573935627248
5385	5385	0.008336309821130431
5386	5386	0.7856409421846974
5387	5387	0.06895186128758106
5388	5388	0.15381504719314756
5389	5389	1.6538288719027041
5390	5390	0.4358789903452053
5391	5391	1.3431074125200344
5392	5392	0.002888578186580057
5393	5393	0.15945792754187058
5394	5394	0.8713751928517
5395	5395	0.1888924329854453
5396	5396	0.0026339479825903582
5397	5397	0.07483635132226289
5398	5398	0.06905042382991816
5399	5399	0.1910136992467215
5400	5400	0.012826826956900695
5401	5401	1.000239067927164
5402	5402	0.16762067408536843
5403	5403	0.41488544113180287
5404	5404	0.4622236295464116
5405	5405	0.21273518105041528
5406	5406	0.7000051918246493
5407	5407	0.45555727008821095
5408	5408	0.11556959529724987
5409	5409	0.05314189040542461
5410	5410	0.15296922994638
5411	5411	0.5409410185636518
5412	5412	0.6806192634793106
5413	5413	0.19312990292145454
5414	5414	0.07287826253544823
5415	5415	1.3215293095927547
5416	5416	0.030078017667157148
5417	5417	0.2021261359039329
5418	5418	0.004929456009642677
5419	5419	0.019252842140425983
5420	5420	0.2547434320526457
5421	5421	0.4949667305693721
5422	5422	0.2614683453895568
5423	5423	0.43231846306062716
5424	5424	0.03476668374615058
5425	5425	1.407636058786527
5426	5426	0.06906062793917889
5427	5427	0.24858094083926663
5428	5428	0.018193464988512834
5429	5429	0.3122664510062517
5430	5430	0.0606517110293109
5431	5431	1.5119534555108836
5432	5432	0.0006600794827449372
5433	5433	0.31400816899633116
5434	5434	0.21201835729006835
5435	5435	0.47568509746596277
5436	5436	0.5427964907288904
5437	5437	0.5297835523320549
5438	5438	1.8420794532805398
5439	5439	1.0675694453515405
5440	5440	0.017311244355482303
5441	5441	0.07801332755449222
5442	5442	0.4774742330901046
5443	5443	0.05104821934449491
5444	5444	0.10136126945311567
5445	5445	0.2661863401525046
5446	5446	0.9388455871137256
5447	5447	0.30690071003191716
5448	5448	0.3744865784486152
5449	5449	0.42928518059474186
5450	5450	0.20689381679247904
5451	5451	0.26643616748332843
5452	5452	0.08541595487682771
5453	5453	0.12776335285186505
5454	5454	1.024452669173787
5455	5455	0.046283585025169195
5456	5456	0.039372369175296344
5457	5457	0.44952986601621353
5458	5458	2.7954419210593744
5459	5459	0.20298022801690357
5460	5460	0.44845026264645865
5461	5461	0.8981941471761857
5462	5462	1.1636550465820994
5463	5463	1.232804744586045
5464	5464	0.21166032318449585
5465	5465	0.9794849324845155
5466	5466	0.10223125840800623
5467	5467	0.03561745749670691
5468	5468	0.20439166582315746
5469	5469	0.03822053536939985
5470	5470	0.15211303214490104
5471	5471	0.35317879481539766
5472	5472	0.14121349827823548
5473	5473	0.10386996575785898
5474	5474	0.9805748307178523
5475	5475	2.6896315830363635
5476	5476	0.15738643562014976
5477	5477	0.8101698125742692
5478	5478	0.33349691922444474
5479	5479	0.3440107498414521
5480	5480	0.00857948173352353
5481	5481	0.3762982295503802
5482	5482	0.16551101731031773
5483	5483	0.08717167444550909
5484	5484	0.253269189486828
5485	5485	0.2410514078657331
5486	5486	0.15551044715198203
5487	5487	0.19937359258362294
5488	5488	0.7928399748329202
5489	5489	0.9920659752527614
5490	5490	1.147905456347728
5491	5491	0.2989448873522282
5492	5492	2.4345942281339625
5493	5493	0.14313176107060477
5494	5494	0.07871235777116727
5495	5495	0.005575246948269196
5496	5496	2.23089605134863
5497	5497	0.18742380844876047
5498	5498	0.6203448662263503
5499	5499	0.02931488124019432
5500	5500	0.3353409896704673
5501	5501	0.03186239964241935
5502	5502	0.9932732199441262
5503	5503	0.004650724476217497
5504	5504	0.20279013071949145
5505	5505	0.09088198161039492
5506	5506	0.3731584664635332
5507	5507	0.7921932706949364
5508	5508	0.0009822097176796624
5509	5509	0.0003632158270871793
5510	5510	0.4501798590170882
5511	5511	0.04135397215944636
5512	5512	0.07118842931322764
5513	5513	0.04105796249440505
5514	5514	3.5984836248434727e-06
5515	5515	0.041974453976875825
5516	5516	0.21732427227489998
5517	5517	1.1706209080982177
5518	5518	1.5199770943353375
5519	5519	0.8468237763375185
5520	5520	0.07316631542083767
5521	5521	1.2988888084598144e-09
5522	5522	0.3485558800344027
5523	5523	0.001292735204568291
5524	5524	0.011287813075278137
5525	5525	0.02563360488318931
5526	5526	0.21383153094385413
5527	5527	0.14426620720985073
5528	5528	0.30604393536188595
5529	5529	0.27096455507317385
5530	5530	2.413957203091386
5531	5531	1.395846481558285
5532	5532	0.5629818973098023
5533	5533	0.2601599926341295
5534	5534	1.9029523250068583
5535	5535	0.910354920087507
5536	5536	0.3986026212699208
5537	5537	0.07581336173137727
5538	5538	0.4331660448923268
5539	5539	1.0734560618862443
5540	5540	0.02094139423212121
5541	5541	1.6725840852874263
5542	5542	0.3242575663907463
5543	5543	1.2536302247621471
5544	5544	0.050824931053727054
5545	5545	0.6937353196349209
5546	5546	0.7309580388486276
5547	5547	0.44156236635554796
5548	5548	4.55005181015688
5549	5549	0.056949191287769436
5550	5550	0.08669807780836827
5551	5551	0.19557208293955333
5552	5552	0.363209807443825
5553	5553	0.020886283863164466
5554	5554	1.0508099695929476
5555	5555	0.15653514073567495
5556	5556	0.2425087865710956
5557	5557	0.3619613870149583
5558	5558	0.028959251611855714
5559	5559	0.13847534953094826
5560	5560	0.12315831019775546
5561	5561	0.025190345211981626
5562	5562	0.07124768053592978
5563	5563	0.20622520194677618
5564	5564	0.11116278632276508
5565	5565	0.9016584198712206
5566	5566	0.01845284148217681
5567	5567	0.44593396693175796
5568	5568	0.20941355273998008
5569	5569	8.200799587617341e-05
5570	5570	0.34784436671706104
5571	5571	1.1119429075246825
5572	5572	0.15169989557338595
5573	5573	0.059864641922814904
5574	5574	0.3829765601384691
5575	5575	0.01748171124302216
5576	5576	0.07329367706199542
5577	5577	7.027158557560661
5578	5578	0.4483780213754506
5579	5579	0.00018769099746476743
5580	5580	1.2577827968845807
5581	5581	0.31322657689879835
5582	5582	0.07457015702730302
5583	5583	1.2102297102435289
5584	5584	0.006097175070491465
5585	5585	0.07930490515845352
5586	5586	0.0009810127295528318
5587	5587	0.013175897300188921
5588	5588	0.6991539190726873
5589	5589	0.5099043224694155
5590	5590	0.20327585920139404
5591	5591	0.4208123165387211
5592	5592	0.0005114577864207715
5593	5593	0.28031027847476564
5594	5594	0.002532022691356331
5595	5595	0.15524516992003384
5596	5596	0.12627843875002764
5597	5597	0.6838843801111634
5598	5598	0.9505138928069747
5599	5599	0.10295760719050381
5600	5600	0.24439902224790905
5601	5601	0.2018847731055532
5602	5602	0.21413670847009897
5603	5603	0.014964209300022643
5604	5604	0.0003403993173601711
5605	5605	0.22583025699535628
5606	5606	0.03370622524988965
5607	5607	1.1285602275897606
5608	5608	0.0689693587221319
5609	5609	2.739901128455963
5610	5610	0.032296176632571054
5611	5611	0.0011268246150704013
5612	5612	0.017088774717558736
5613	5613	0.5152729935447791
5614	5614	0.08107324284872984
5615	5615	1.22876568701229
5616	5616	3.097125683993608
5617	5617	0.007765013460300356
5618	5618	0.42283130043225364
5619	5619	0.6902807164843031
5620	5620	0.8212933151136678
5621	5621	1.5630315974235347
5622	5622	0.35102463341886303
5623	5623	0.24071883987890166
5624	5624	1.0138447389141325
5625	5625	0.05116300373417783
5626	5626	0.7626341293508012
5627	5627	0.4523004605560069
5628	5628	0.7542610945100978
5629	5629	1.0739428728491527
5630	5630	1.3189436199639417
5631	5631	0.6373718139260715
5632	5632	0.3921235305142942
5633	5633	0.08261741671511137
5634	5634	0.051482645195196804
5635	5635	0.6511023964817368
5636	5636	0.0008366497332031269
5637	5637	0.3683454755398914
5638	5638	0.00479178314173698
5639	5639	0.16215918971866716
5640	5640	0.007414445541662288
5641	5641	0.39388363074238786
5642	5642	0.3091513422338368
5643	5643	0.4080566278843166
5644	5644	0.07934031392027964
5645	5645	0.10561702612289114
5646	5646	0.098239408760974
5647	5647	1.0381937504147334
5648	5648	0.01891646828610544
5649	5649	0.7565689245114758
5650	5650	0.46807343429676046
5651	5651	0.09557389966872218
5652	5652	1.5369806187062114
5653	5653	0.4746938634723535
5654	5654	0.3744734389580981
5655	5655	0.016883561699338637
5656	5656	1.8576816495997976
5657	5657	0.00019970581310149065
5658	5658	0.6939303835845375
5659	5659	0.05897104561086239
5660	5660	0.07271192971384506
5661	5661	2.376326514268782
5662	5662	0.09050773948427951
5663	5663	0.0004703218697678105
5664	5664	0.04928692847223069
5665	5665	0.038229601656527404
5666	5666	0.05137580040041987
5667	5667	0.014905612221652053
5668	5668	0.02674356814631886
5669	5669	0.992568818753172
5670	5670	0.014255629338499984
5671	5671	0.8810975166609591
5672	5672	1.9957486660874157
5673	5673	0.01375232135337739
5674	5674	0.026805333598337016
5675	5675	0.021868796889143265
5676	5676	0.025236967018091562
5677	5677	0.3571399192626527
5678	5678	0.03528577238789904
5679	5679	0.09553580557958405
5680	5680	0.6825673354483835
5681	5681	0.107537375390752
5682	5682	0.16653510215706838
5683	5683	0.8416171887643692
5684	5684	0.006425394831086862
5685	5685	0.3276678514040275
5686	5686	0.008953960730567471
5687	5687	0.1148762792533308
5688	5688	0.24432244220241867
5689	5689	0.14919164334066085
5690	5690	0.13652175416391157
5691	5691	0.6937115229227803
5692	5692	1.3743180004751967
5693	5693	0.005258509973140016
5694	5694	0.29857095792399246
5695	5695	0.49554427972471826
5696	5696	0.45159781554306416
5697	5697	3.6134060271252713
5698	5698	0.48507461129994434
5699	5699	0.15603299210284655
5700	5700	0.32151022566372256
5701	5701	0.04565792659427185
5702	5702	0.863121541652102
5703	5703	0.07367489292937186
5704	5704	0.17842075891200362
5705	5705	0.08199180828236298
5706	5706	0.48517003181899104
5707	5707	2.314019271742104
5708	5708	0.9303225858689494
5709	5709	0.3012527361000415
5710	5710	0.45774902238036985
5711	5711	0.08970264084841777
5712	5712	0.06703503105366937
5713	5713	1.9971179718910748e-07
5714	5714	0.021457437421767103
5715	5715	0.08282670256553383
5716	5716	0.7597656336990833
5717	5717	0.29848422425092447
5718	5718	0.021572373905026653
5719	5719	0.6532357976803596
5720	5720	0.3172349328602296
5721	5721	1.4922994581305666
5722	5722	0.267985213617714
5723	5723	1.015302678752312
5724	5724	0.0597584523340191
5725	5725	0.91130775975716
5726	5726	0.06194764334561763
5727	5727	0.04965748852552435
5728	5728	1.6967201972546995
5729	5729	0.03495398114943039
5730	5730	0.03304637748463488
5731	5731	1.3891984985559753
5732	5732	0.0026924696540149705
5733	5733	0.25866700753252164
5734	5734	0.0001884314878153948
5735	5735	0.5422678602889827
5736	5736	1.5554835478754179
5737	5737	0.015299802585277363
5738	5738	1.6246736931437884
5739	5739	2.1199226580077495
5740	5740	0.1412748279543749
5741	5741	0.26520712275909913
5742	5742	0.039925935233893046
5743	5743	0.09379852171372229
5744	5744	0.036736439725331214
5745	5745	0.49829257732941745
5746	5746	0.03222491217565776
5747	5747	0.6397470067212343
5748	5748	0.05791949467027208
5749	5749	1.212486978266582
5750	5750	0.09102815885328343
5751	5751	2.0287358518202647
5752	5752	0.21134129804106935
5753	5753	0.2584325298918525
5754	5754	0.4149478354023124
5755	5755	0.005503086726433837
5756	5756	0.5631730613528031
5757	5757	0.07127333429488847
5758	5758	0.014302214101540226
5759	5759	1.5339584972249687
5760	5760	0.042790889592209655
5761	5761	0.14195529795428521
5762	5762	0.7176006986375418
5763	5763	9.563696334385406e-06
5764	5764	0.6084043089209065
5765	5765	1.1470218716713014
5766	5766	4.8138144711739545e-05
5767	5767	0.000454011152867861
5768	5768	0.024983762945823336
5769	5769	0.5420383286336558
5770	5770	0.7554579614988841
5771	5771	0.4193303353717996
5772	5772	0.09282915097733752
5773	5773	0.7556592327092635
5774	5774	0.3939621184086728
5775	5775	0.5117416582830089
5776	5776	0.9727241128911227
5777	5777	0.7949055530475164
5778	5778	0.16505752140024169
5779	5779	0.04691607854095263
5780	5780	1.5162054405167282
5781	5781	0.022571865445350562
5782	5782	0.0009960192749632467
5783	5783	1.0993290013172925
5784	5784	0.11907218449221722
5785	5785	0.16469820651745068
5786	5786	0.00998698263125475
5787	5787	2.765515290120065
5788	5788	0.0012581616069127298
5789	5789	0.008372571852164416
5790	5790	0.37006890808668713
5791	5791	0.10429425034779011
5792	5792	1.1003600654663952
5793	5793	0.014990617735775695
5794	5794	0.8859625922482091
5795	5795	0.0997176988726545
5796	5796	0.043359796979142586
5797	5797	0.14012729586799058
5798	5798	0.029591760896982715
5799	5799	0.7197723469976437
5800	5800	5.982862041219012e-05
5801	5801	0.1091369560492609
5802	5802	0.38247260281962986
5803	5803	0.1579989295605765
5804	5804	2.5644920018967734
5805	5805	0.02596490592209301
5806	5806	0.480124799500225
5807	5807	0.022262149527526212
5808	5808	0.007217560849504176
5809	5809	1.2153756902596677
5810	5810	2.7007314877887736
5811	5811	0.0026515810388192747
5812	5812	0.04007722909221417
5813	5813	0.5012502839821346
5814	5814	0.4897791836913418
5815	5815	0.6299589449671781
5816	5816	0.00971190169204296
5817	5817	0.11597786444501412
5818	5818	1.7061679440653859
5819	5819	0.03751001858230738
5820	5820	0.3091312129179176
5821	5821	0.004392402770426564
5822	5822	0.270283274193115
5823	5823	0.16006396511559043
5824	5824	0.11265219051132999
5825	5825	0.046047468387553483
5826	5826	0.3134945792827802
5827	5827	0.11589751691853321
5828	5828	0.4271148009883843
5829	5829	0.0006294067624179793
5830	5830	0.5411588330528614
5831	5831	0.22003983968322233
5832	5832	1.1140482393616808
5833	5833	0.23910859975137383
5834	5834	0.6619826095260063
5835	5835	0.9819839189286816
5836	5836	0.11033930023820131
5837	5837	0.08024202111923821
5838	5838	0.07734119047667642
5839	5839	0.605480203336857
5840	5840	0.2790577131549218
5841	5841	0.0023797853048956622
5842	5842	2.1103094399088005
5843	5843	0.2002445539629756
5844	5844	2.5200803082706944
5845	5845	0.014513930007934538
5846	5846	0.003755017281018353
5847	5847	0.0006278156111166588
5848	5848	0.06707967656510161
5849	5849	1.245610547522816
5850	5850	0.38653051764333624
5851	5851	0.45964388517469057
5852	5852	0.00026386681632556885
5853	5853	0.2985606900937217
5854	5854	0.00018023925584624242
5855	5855	2.739135226807561
5856	5856	1.5025603281004252
5857	5857	0.6724114103150366
5858	5858	0.02861618057943138
5859	5859	0.003915238189386569
5860	5860	0.6735689656335253
5861	5861	0.28416337835524014
5862	5862	0.2422048612026099
5863	5863	0.0032183340521521396
5864	5864	0.09642128871645343
5865	5865	0.07722121817918434
5866	5866	0.1649321049031109
5867	5867	0.0046803490845884425
5868	5868	0.012475039420953129
5869	5869	0.35942954821889517
5870	5870	0.19767184243044064
5871	5871	0.5455737390905787
5872	5872	0.1681668281067876
5873	5873	0.18430086988161118
5874	5874	0.2081745265092564
5875	5875	0.1937959806563369
5876	5876	0.15534413596826627
5877	5877	0.7488440060506486
5878	5878	0.3966176617386847
5879	5879	1.01266444796647
5880	5880	0.0011913122247170396
5881	5881	0.058374238213188094
5882	5882	0.6438479937221118
5883	5883	0.26054018009924124
5884	5884	0.020712811481245066
5885	5885	0.14639731744719672
5886	5886	2.004200777698503
5887	5887	0.05506931154508483
5888	5888	0.31936979077301725
5889	5889	0.436006758863679
5890	5890	0.2104820440489533
5891	5891	0.47232261324709884
5892	5892	0.6883277075547494
5893	5893	0.05918473025177556
5894	5894	0.7983447543356075
5895	5895	0.13458756123680152
5896	5896	0.050195771178001856
5897	5897	0.1662536932001953
5898	5898	0.017846730509623782
5899	5899	1.044195364020294
5900	5900	0.5731328048060151
5901	5901	0.015199573918267213
5902	5902	0.3591026539461635
5903	5903	0.017147199120029724
5904	5904	0.003227938724538068
5905	5905	0.004057301476825132
5906	5906	0.023842149674590578
5907	5907	1.104937300580237
5908	5908	0.7012664598549343
5909	5909	0.0057016522022105805
5910	5910	0.3272192708607563
5911	5911	0.68340294038187
5912	5912	0.014493256288579032
5913	5913	1.6747196167347775
5914	5914	1.0531294555841118
5915	5915	0.754131830527958
5916	5916	0.008338586565283664
5917	5917	0.4048303723707424
5918	5918	0.053429568933206814
5919	5919	0.7694251508342531
5920	5920	0.5980884167324744
5921	5921	0.22564133382746157
5922	5922	0.25740621142383596
5923	5923	0.4109888720140559
5924	5924	0.972274469725131
5925	5925	0.7579039837157708
5926	5926	0.4656533665441618
5927	5927	0.36346337265463236
5928	5928	0.836060186217648
5929	5929	0.09724502380979792
5930	5930	0.05641299861604672
5931	5931	0.2859412276215532
5932	5932	0.5822843550195463
5933	5933	0.21750882557830015
5934	5934	1.0890516399590826
5935	5935	0.0005253733489478506
5936	5936	0.1396939301491551
5937	5937	0.8609287192645227
5938	5938	0.4761184673796668
5939	5939	0.19670891708887747
5940	5940	0.05195713687685589
5941	5941	0.004661789556271532
5942	5942	0.5457709274917509
5943	5943	0.012176221397725081
5944	5944	0.10022648630311405
5945	5945	0.21200824939278665
5946	5946	1.671782153227333
5947	5947	0.06620033670340869
5948	5948	0.6101571930296437
5949	5949	1.1465425632049568
5950	5950	0.0169368840508622
5951	5951	0.8215236330120248
5952	5952	2.0321682977923174
5953	5953	0.09234251779799026
5954	5954	0.7235183747554221
5955	5955	0.16765179808660297
5956	5956	0.030491160760897525
5957	5957	0.011637951467518984
5958	5958	0.8277903214820126
5959	5959	0.007451581719420381
5960	5960	0.10852737682791683
5961	5961	0.02895896550809944
5962	5962	0.016041924460080383
5963	5963	0.8906606329604625
5964	5964	0.0008716674207844445
5965	5965	1.179413011042241
5966	5966	0.014786832199859417
5967	5967	0.016492793542630817
5968	5968	0.47252867333094767
5969	5969	0.3440069019098959
5970	5970	0.013886189791836855
5971	5971	0.04994272017274845
5972	5972	0.04595531816775009
5973	5973	0.024951409366866736
5974	5974	0.06221338280473829
5975	5975	0.04779864884013356
5976	5976	0.3634680711464293
5977	5977	0.015778739311215054
5978	5978	0.40396397363361947
5979	5979	0.785987428918549
5980	5980	0.6479580942986158
5981	5981	0.12586516979602583
5982	5982	0.01074140090911227
5983	5983	1.115761882644517
5984	5984	1.1819675481418999
5985	5985	0.044779477224693956
5986	5986	1.0184315529050778
5987	5987	0.17994769291671062
5988	5988	0.014889479286645113
5989	5989	0.044567707760525176
5990	5990	0.8308939488265761
5991	5991	0.006038045885306529
5992	5992	0.2585001085371343
5993	5993	0.9999164220115482
5994	5994	0.08939005815429278
5995	5995	0.13141398076259214
5996	5996	0.2737854908667536
5997	5997	0.5167760062100238
5998	5998	0.11667304045165618
5999	5999	0.08635780955334153
6000	6000	0.6046947134353856
6001	6001	0.11383671400949587
6002	6002	0.08097110580581428
6003	6003	1.5316297316965088
6004	6004	0.6052768005626847
6005	6005	1.4691081192809685
6006	6006	0.9738850341842377
6007	6007	0.026695126574618568
6008	6008	1.9937161617572805
6009	6009	0.00186525716875695
6010	6010	0.051920812952002716
6011	6011	4.9025471184358285
6012	6012	0.49508705066650976
6013	6013	0.00021626195966681944
6014	6014	1.113899388239882
6015	6015	0.9025636555913917
6016	6016	0.20549489949115038
6017	6017	0.6559020482584832
6018	6018	1.5326684306491647
6019	6019	1.0028923324879322
6020	6020	0.42967424517159114
6021	6021	0.2715360121302697
6022	6022	0.5149932451296736
6023	6023	0.33246435742911173
6024	6024	0.20335413222301288
6025	6025	1.0402917631639865
6026	6026	0.09731788431414945
6027	6027	1.1636907037808752
6028	6028	0.020030039225794632
6029	6029	1.787617458221196
6030	6030	0.2529495996637506
6031	6031	0.030805701799180064
6032	6032	2.347440236898735
6033	6033	0.0414264268970621
6034	6034	0.0003457517015606815
6035	6035	0.9889887079672186
6036	6036	0.36817469889181564
6037	6037	0.41910408643777075
6038	6038	0.24443064500375858
6039	6039	1.1717193201036187
6040	6040	0.4754808769571064
6041	6041	0.1711414761351648
6042	6042	0.16498240202613504
6043	6043	0.06688066028735339
6044	6044	0.14128047252351036
6045	6045	0.4064496907131898
6046	6046	0.328964567669859
6047	6047	1.1026412962996952
6048	6048	0.038945336235723056
6049	6049	2.4044268750487916
6050	6050	0.7742419011455566
6051	6051	0.08115157932037718
6052	6052	0.37490981282666
6053	6053	0.2596797886700929
6054	6054	0.1297364011602139
6055	6055	3.772818566083137
6056	6056	1.1272008363513444
6057	6057	0.00793168374828828
6058	6058	1.7698845794887095
6059	6059	0.702472481355614
6060	6060	0.8740328412336851
6061	6061	0.02012686397475137
6062	6062	1.2631054473904137
6063	6063	0.19527535571568205
6064	6064	0.017459094981310798
6065	6065	0.16470858484121068
6066	6066	0.3881341988661191
6067	6067	0.012147162225359113
6068	6068	0.11524381746102622
6069	6069	0.3280306703250246
6070	6070	0.01122864134543716
6071	6071	0.32625712479913926
6072	6072	0.6798658413053256
6073	6073	0.091946740427578
6074	6074	0.5288307625167699
6075	6075	0.019737944276693647
6076	6076	0.9031550310615956
6077	6077	1.1734909721367246
6078	6078	0.031936618803958344
6079	6079	0.16274234466281848
6080	6080	0.14832925505551878
6081	6081	0.13127128134059718
6082	6082	0.00024088651594917542
6083	6083	0.04598723201123721
6084	6084	0.879099884370306
6085	6085	0.2904543327196845
6086	6086	0.0009780212653993814
6087	6087	0.048512895075951135
6088	6088	0.16229524797252964
6089	6089	0.6599103763768889
6090	6090	0.8513259402576432
6091	6091	0.007663798921728266
6092	6092	0.4706594232128615
6093	6093	0.32810076488502854
6094	6094	0.07196555810028109
6095	6095	1.2330404818817629
6096	6096	0.5799090916131773
6097	6097	0.04904232984290122
6098	6098	0.8280471757497267
6099	6099	1.8524222586007932
6100	6100	0.32517261503038036
6101	6101	1.9288097640255721
6102	6102	0.037202126710910624
6103	6103	0.10714492311372122
6104	6104	0.031000943187379847
6105	6105	0.19545529622649443
6106	6106	9.612277810663006e-06
6107	6107	0.24805406519180556
6108	6108	2.099047536468745
6109	6109	0.11464748114770147
6110	6110	0.09320694386953718
6111	6111	1.5794229453053383
6112	6112	0.026035190990583424
6113	6113	9.863429041488183e-05
6114	6114	2.161240764749197
6115	6115	1.500935691320232
6116	6116	0.19431979254391293
6117	6117	1.3324093475712393
6118	6118	7.995858476815338e-06
6119	6119	3.0846701037695183
6120	6120	0.27700225481367696
6121	6121	0.33294267737495825
6122	6122	0.16251501430505325
6123	6123	1.6437530012993502
6124	6124	0.002435733331892587
6125	6125	0.01695007737560539
6126	6126	0.013566790031705075
6127	6127	0.029422046303592412
6128	6128	0.7452587574314262
6129	6129	0.06472360765968578
6130	6130	0.10003830829754216
6131	6131	0.001299250872960744
6132	6132	0.39679812568190725
6133	6133	3.231253002332326e-05
6134	6134	0.24040666421321571
6135	6135	0.048077197376664146
6136	6136	0.04742943093172067
6137	6137	0.24252666541599519
6138	6138	0.16601184680157458
6139	6139	0.007247382264989423
6140	6140	0.2080063986776385
6141	6141	0.41331812459606965
6142	6142	0.2649978354851921
6143	6143	3.298898787016471
6144	6144	0.44132705512907994
6145	6145	2.0080068527602046
6146	6146	0.14275169529550774
6147	6147	0.34712143413550767
6148	6148	0.0009645102259276584
6149	6149	0.3858866927115684
6150	6150	1.5126768172038083
6151	6151	1.1262587984100165
6152	6152	0.006044839594585332
6153	6153	0.29978073364268565
6154	6154	0.18842603828322652
6155	6155	0.016351216823175932
6156	6156	0.4563254777355682
6157	6157	0.471063979112454
6158	6158	0.3686437251008078
6159	6159	0.35052586277870557
6160	6160	0.07597658870856962
6161	6161	0.01706752873629309
6162	6162	0.671147257305433
6163	6163	0.24384685112480897
6164	6164	0.1458084359232624
6165	6165	0.14029394134007173
6166	6166	0.2381560145790187
6167	6167	0.12814679549190916
6168	6168	0.20172304421823548
6169	6169	0.43434686265927125
6170	6170	1.5529172239811853
6171	6171	0.046738642945616374
6172	6172	0.455559865296935
6173	6173	0.022554883496881138
6174	6174	0.00014097963680123978
6175	6175	1.2633284982463084
6176	6176	0.034284130605995174
6177	6177	0.37843186346913077
6178	6178	0.28114875356265695
6179	6179	0.48286497853305865
6180	6180	0.14711407986681468
6181	6181	0.0282842061657677
6182	6182	0.31239009826860514
6183	6183	0.0023052339498297095
6184	6184	0.2511313819088711
6185	6185	0.5969385421190969
6186	6186	0.21262506066480405
6187	6187	0.08113925507940689
6188	6188	0.07985945166428211
6189	6189	0.4417993935473819
6190	6190	0.3487229906948085
6191	6191	0.0011774917882023297
6192	6192	0.023122834772374274
6193	6193	0.003735527493195677
6194	6194	0.012040423995226398
6195	6195	0.7933190700337934
6196	6196	0.03082664419627859
6197	6197	0.6387396443664576
6198	6198	0.06735842676762167
6199	6199	0.059901274245380894
6200	6200	0.006367986229684086
6201	6201	0.02577185618975899
6202	6202	0.013007648626343979
6203	6203	0.3972452192268421
6204	6204	0.6068037559117846
6205	6205	0.5294378396729431
6206	6206	0.19802142682196155
6207	6207	0.09868730444344283
6208	6208	1.2288314168109598
6209	6209	0.01122873422238636
6210	6210	0.11189465071793521
6211	6211	0.27824108421473187
6212	6212	0.05374520129477447
6213	6213	0.015807393935262627
6214	6214	0.0002848292753915255
6215	6215	0.3251611856882034
6216	6216	2.077231619549371
6217	6217	1.1075101353858643
6218	6218	0.45721290520841645
6219	6219	0.23872186356164793
6220	6220	0.11309242032115241
6221	6221	2.01133160070617
6222	6222	1.128039448118632
6223	6223	0.9445144631011458
6224	6224	0.002567883758300027
6225	6225	1.3010211645523466
6226	6226	0.20842787929957118
6227	6227	0.052099607797488574
6228	6228	1.1311574586481254
6229	6229	0.9260407279156294
6230	6230	0.050849635899211494
6231	6231	0.001606419743558974
6232	6232	0.5394367061107825
6233	6233	0.8143330353011904
6234	6234	0.00019871911781158694
6235	6235	1.311810742663187
6236	6236	0.5399402770148285
6237	6237	0.2976409554552231
6238	6238	0.05341889190737624
6239	6239	0.31412483141748476
6240	6240	0.3103022349483978
6241	6241	0.7917909650960621
6242	6242	1.224634672695784
6243	6243	0.36010226681967145
6244	6244	1.0721902930192253
6245	6245	0.08616187682575313
6246	6246	0.01527078935541775
6247	6247	1.0684813624785798
6248	6248	1.2962330050131265
6249	6249	1.584016263875123
6250	6250	0.024915380052115303
6251	6251	0.013673657068027778
6252	6252	0.013906079356103513
6253	6253	0.09138534634156974
6254	6254	0.0017980889062016922
6255	6255	0.6403450268366395
6256	6256	0.08813622683988906
6257	6257	0.23964197830612263
6258	6258	0.018948791245476472
6259	6259	0.06032745377185285
6260	6260	0.2079596477548862
6261	6261	0.02123076251215555
6262	6262	0.8053880016180899
6263	6263	0.2465220376565549
6264	6264	0.1916019096976011
6265	6265	0.2472685883472679
6266	6266	2.3921131733815346
6267	6267	1.0923327697174405
6268	6268	0.0006938528656220349
6269	6269	1.0192682462454015
6270	6270	0.19320495267725513
6271	6271	0.010194817356093995
6272	6272	0.17395527438138944
6273	6273	0.23010899176238858
6274	6274	5.386745128850889
6275	6275	0.017818805380208
6276	6276	1.7317316836600394
6277	6277	0.2515176741632334
6278	6278	0.4750996612620021
6279	6279	0.26910488097312335
6280	6280	0.5627516431042793
6281	6281	1.1238179482845685
6282	6282	0.14472816463716884
6283	6283	0.0725909536515836
6284	6284	0.5229386056724241
6285	6285	0.7520120755953773
6286	6286	0.1567681383989524
6287	6287	3.0870844677411213
6288	6288	0.026948713158571794
6289	6289	1.2185809737643096
6290	6290	0.07370761898051789
6291	6291	0.08415328809364217
6292	6292	0.4949242666527908
6293	6293	0.014703630097408596
6294	6294	0.0009457068478655175
6295	6295	0.40619757860215855
6296	6296	2.253067370577045
6297	6297	1.8216481968118905
6298	6298	0.23702143173480245
6299	6299	0.60401676018524
6300	6300	3.480430508733105
6301	6301	0.3842115813191212
6302	6302	0.294318332480434
6303	6303	0.7678246700590526
6304	6304	0.2751905977914813
6305	6305	0.2069347541427515
6306	6306	0.8464628443797766
6307	6307	0.1533105894958752
6308	6308	0.031904631654620395
6309	6309	1.420269993289583
6310	6310	0.004686441769319646
6311	6311	0.8373545559348632
6312	6312	0.4119897930212983
6313	6313	0.8037389291757892
6314	6314	0.0950560844487341
6315	6315	0.12444469633825767
6316	6316	0.1851509825169208
6317	6317	2.9347109955683903
6318	6318	0.05892660910341537
6319	6319	0.0025241958286317313
6320	6320	0.01886683297606718
6321	6321	0.001699153806981256
6322	6322	0.33934977164006097
6323	6323	1.2481390881690362
6324	6324	0.009679301580200927
6325	6325	1.4790412148232195
6326	6326	2.525383769260168
6327	6327	0.11388571362890415
6328	6328	0.7588389312665862
6329	6329	0.00025526311504525635
6330	6330	0.06809247209143957
6331	6331	1.6036608900726088
6332	6332	0.2172595654436971
6333	6333	0.12220699916729218
6334	6334	0.21890147214418568
6335	6335	0.7982400748724416
6336	6336	0.25964221898403933
6337	6337	0.6693529335491344
6338	6338	0.26107377457324216
6339	6339	0.5369258986538041
6340	6340	0.27980574379580797
6341	6341	0.32206668766066177
6342	6342	0.002228863878942956
6343	6343	0.1342309793337716
6344	6344	0.6896018181811285
6345	6345	0.03403815473701046
6346	6346	0.6277071791826776
6347	6347	0.039981178704898125
6348	6348	0.305470229546305
6349	6349	0.8301947714891575
6350	6350	0.22620505647470066
6351	6351	0.19164865820012883
6352	6352	0.6457107077168649
6353	6353	0.6213610713104847
6354	6354	0.007120785825473229
6355	6355	0.05479862069566501
6356	6356	0.31294502645846195
6357	6357	0.0005977867434448891
6358	6358	0.24281371757218262
6359	6359	0.09595297263874195
6360	6360	0.0630715221684486
6361	6361	0.2424334071199616
6362	6362	0.17040717083117865
6363	6363	0.5807344848325611
6364	6364	0.07674430923674334
6365	6365	0.0025383346330828806
6366	6366	0.060189676177361325
6367	6367	0.5906922718284383
6368	6368	0.1566425188156126
6369	6369	0.5284350535726845
6370	6370	0.009801530538710707
6371	6371	0.1315088366504267
6372	6372	1.5420137599554282
6373	6373	0.2790851734282824
6374	6374	2.2254756394307043
6375	6375	0.0283047797652667
6376	6376	0.6755544595723619
6377	6377	0.11052194870907005
6378	6378	0.01835572760907792
6379	6379	0.6340004118569224
6380	6380	0.05099821472939855
6381	6381	0.03124601049485329
6382	6382	1.4961277699983127
6383	6383	2.9519153964329856
6384	6384	0.7199847428928621
6385	6385	0.019309388334251186
6386	6386	0.0006206767393138992
6387	6387	0.6257600080787723
6388	6388	0.2806721596388244
6389	6389	0.45377276367066405
6390	6390	1.3493390189315113
6391	6391	0.029225975542235653
6392	6392	0.08153884612410683
6393	6393	0.22584484286268777
6394	6394	0.040124181391261074
6395	6395	0.7109800091214473
6396	6396	0.23994123201219977
6397	6397	0.0052891309491493645
6398	6398	2.6734381227382333
6399	6399	0.358434747386608
6400	6400	1.8133813069856815
6401	6401	0.05199964634062498
6402	6402	0.9399392416199864
6403	6403	0.22134622409338783
6404	6404	0.5060295262896223
6405	6405	0.7825658269173029
6406	6406	0.752375216473283
6407	6407	0.11784527665219817
6408	6408	1.026826356516653
6409	6409	0.24374509552336346
6410	6410	0.4175742988873089
6411	6411	0.43449497522643826
6412	6412	0.7063222879192472
6413	6413	0.9652019133682205
6414	6414	1.1626617278489466
6415	6415	0.999472107331264
6416	6416	1.0620345676707275
6417	6417	0.0002460286000869727
6418	6418	0.701089925564015
6419	6419	0.4239469190847253
6420	6420	2.1396523618998864
6421	6421	0.2104688970830733
6422	6422	0.36113565979951046
6423	6423	0.015775644570185578
6424	6424	0.27134298743921137
6425	6425	0.0023255941771183632
6426	6426	0.21812060407858527
6427	6427	0.31692630793879556
6428	6428	0.09013112424279839
6429	6429	0.8842180905144268
6430	6430	0.45802389738679666
6431	6431	0.008187690269846669
6432	6432	0.05362129687756097
6433	6433	0.3254411341430137
6434	6434	0.844750642732916
6435	6435	0.001021274901872989
6436	6436	1.6983000732724964
6437	6437	0.7167310412917636
6438	6438	0.00048444218766042146
6439	6439	0.06855765030342496
6440	6440	0.13398260534035472
6441	6441	0.3846070341420079
6442	6442	0.2266639323169684
6443	6443	0.3131848232703898
6444	6444	0.052470225112595685
6445	6445	0.3581131725968475
6446	6446	0.18684101667325995
6447	6447	0.001879304483784925
6448	6448	0.6755869260197844
6449	6449	0.02250218128829759
6450	6450	0.7056469408860648
6451	6451	0.2531955094896802
6452	6452	0.03256909472862459
6453	6453	1.7669222692736282
6454	6454	0.06290717894995614
6455	6455	0.043441051399428346
6456	6456	0.021849922101471585
6457	6457	0.526915700968016
6458	6458	1.0034925222823408
6459	6459	0.06009234035302752
6460	6460	0.00901046709171149
6461	6461	0.2753035051501243
6462	6462	3.3929405565576976
6463	6463	0.009559303701458188
6464	6464	0.15559543201766218
6465	6465	1.156223488657793
6466	6466	0.2454961874866845
6467	6467	0.6024432080387753
6468	6468	0.1811462321965663
6469	6469	0.906266245299016
6470	6470	0.03759818718091623
6471	6471	3.40223641609992
6472	6472	0.6666404019443007
6473	6473	0.7163418030271171
6474	6474	0.06315095213262382
6475	6475	0.25136277462049644
6476	6476	0.7961226480476845
6477	6477	1.4515137984536486
6478	6478	0.9055857460384839
6479	6479	1.6390539756222666
6480	6480	0.12891278982291404
6481	6481	0.4847592447817223
6482	6482	0.054879982025089764
6483	6483	0.6731329008741853
6484	6484	2.0156325473296937
6485	6485	0.40633863203958837
6486	6486	0.07539061784269424
6487	6487	0.0189581043853083
6488	6488	1.8605814517714743
6489	6489	0.5421240505823767
6490	6490	0.0065614694592840755
6491	6491	1.1371328935931948
6492	6492	0.7269639014367999
6493	6493	1.3423148238818723
6494	6494	2.4728016011216303
6495	6495	0.18336487081641553
6496	6496	0.5426874694993457
6497	6497	0.16624700071588278
6498	6498	0.04074355678603418
6499	6499	0.12374967258313947
6500	6500	0.008206324783585869
6501	6501	0.06099184965031995
6502	6502	0.154285256830031
6503	6503	0.4171947817433896
6504	6504	0.346225036047497
6505	6505	0.1619217472886263
6506	6506	0.009450964576849363
6507	6507	0.1285221007136785
6508	6508	0.036284320238903656
6509	6509	1.211800040059295
6510	6510	0.17616791173335955
6511	6511	0.6779822993405306
6512	6512	0.4465969801493281
6513	6513	0.10131016083972047
6514	6514	0.25964056666798657
6515	6515	0.0880870984943639
6516	6516	0.2102764117706321
6517	6517	0.3125457793470611
6518	6518	0.7151923495959484
6519	6519	0.8754974878787283
6520	6520	2.9958782136010176
6521	6521	0.03950003119826239
6522	6522	0.008975033367715044
6523	6523	1.4437736189655654
6524	6524	1.2339618395423837
6525	6525	0.8136195217260906
6526	6526	0.23509488299528694
6527	6527	0.1624294905185154
6528	6528	0.053954509357243406
6529	6529	1.2437449623612693
6530	6530	0.22502722661773045
6531	6531	0.857669742921546
6532	6532	1.395279963807499
6533	6533	0.038664120930676206
6534	6534	0.010807417362204684
6535	6535	0.17854350474445113
6536	6536	0.2081554996898178
6537	6537	0.8558062349207831
6538	6538	0.049531155775045924
6539	6539	0.2989577062167996
6540	6540	3.2482526958340965
6541	6541	0.9005450614156549
6542	6542	0.03997155569153027
6543	6543	0.046555894322761596
6544	6544	0.009440095482425052
6545	6545	0.06617101409147565
6546	6546	0.38758618463483746
6547	6547	0.02996997045320112
6548	6548	0.030209331609505407
6549	6549	0.5393990947421657
6550	6550	0.00120024608602045
6551	6551	0.5670787167727066
6552	6552	2.200202945662295
6553	6553	0.014716634368520422
6554	6554	1.439198673023422
6555	6555	2.6082855439880412
6556	6556	0.2194871138344666
6557	6557	0.26955010231525095
6558	6558	0.19092838049584998
6559	6559	0.003983705708767736
6560	6560	1.567109601379518e-05
6561	6561	1.7009119201132774
6562	6562	0.8612306519293277
6563	6563	0.08309878462048768
6564	6564	0.16602219000193003
6565	6565	4.423342546331782
6566	6566	0.3057395350035206
6567	6567	0.005561908405373499
6568	6568	0.5186139741026043
6569	6569	1.4280438264000408
6570	6570	0.04344022513981057
6571	6571	0.0001813590612478623
6572	6572	0.0023341860447591367
6573	6573	0.00473531895450941
6574	6574	1.178184150146944
6575	6575	0.06131391304912567
6576	6576	0.031512167829097895
6577	6577	0.0034057003396978608
6578	6578	0.028789837335019604
6579	6579	0.040917272987497665
6580	6580	0.04517059545327484
6581	6581	5.697482415277246
6582	6582	0.12151817184029741
6583	6583	0.09934634173329261
6584	6584	1.2564299510661003
6585	6585	0.9956913766840897
6586	6586	0.6651627836283802
6587	6587	0.008605812344916199
6588	6588	0.00046545662365350763
6589	6589	0.005657549260338038
6590	6590	7.868227449414453e-05
6591	6591	1.1794165053308756
6592	6592	0.4505542437293006
6593	6593	0.17697409245988632
6594	6594	0.4798505856362246
6595	6595	0.9345490396409162
6596	6596	0.0015564313055020428
6597	6597	0.7988064564209192
6598	6598	0.6486739500387986
6599	6599	0.007427332696347071
6600	6600	0.30139564112781436
6601	6601	0.8231824424811092
6602	6602	0.012817933108711743
6603	6603	1.4195332917076848
6604	6604	1.500094317640931
6605	6605	0.1274264648859331
6606	6606	0.14835993452828514
6607	6607	0.02037381767807556
6608	6608	0.5369449220313279
6609	6609	0.0002289059897128324
6610	6610	0.019414361188627972
6611	6611	0.006100266257745622
6612	6612	0.8639295951867969
6613	6613	0.6273655971421223
6614	6614	1.9693233483735166
6615	6615	0.40517907853614266
6616	6616	0.2677754144409876
6617	6617	0.09475781359913339
6618	6618	2.210426512173142
6619	6619	0.3388284980920675
6620	6620	0.4578373190497023
6621	6621	0.14520580831884916
6622	6622	0.08535206317865934
6623	6623	0.06920172675170107
6624	6624	0.14097575590475867
6625	6625	0.11072436353706935
6626	6626	0.8891770723492579
6627	6627	0.4251503705794953
6628	6628	0.12395514142855348
6629	6629	0.006482814660253067
6630	6630	0.149394180764208
6631	6631	0.29181905592531604
6632	6632	1.4951594439687959
6633	6633	0.6945082116974597
6634	6634	1.6626492425764872
6635	6635	0.18342475592091495
6636	6636	0.7322142085710777
6637	6637	0.05429869927830123
6638	6638	5.323296772956827
6639	6639	0.2693601840352877
6640	6640	1.404919957868427
6641	6641	0.11783131900048115
6642	6642	0.05266935881657877
6643	6643	0.002936049064232705
6644	6644	0.43572860828099574
6645	6645	0.3339479487386212
6646	6646	0.16044072823066
6647	6647	0.5116164713400145
6648	6648	0.7703275940715968
6649	6649	0.059520755646371964
6650	6650	0.35664351860425975
6651	6651	0.9415755836920816
6652	6652	0.010536264116111981
6653	6653	1.1611655607532116
6654	6654	0.010057799872063428
6655	6655	0.0019467070427041542
6656	6656	1.891196754803995
6657	6657	0.8265624019329739
6658	6658	0.013164786648469413
6659	6659	0.31730672589107634
6660	6660	0.9897745586520408
6661	6661	0.1255354474418583
6662	6662	0.042273394060007755
6663	6663	0.34503669305787493
6664	6664	0.006381668559498546
6665	6665	0.05756051418869347
6666	6666	0.023170646922783728
6667	6667	1.6474680905674357
6668	6668	0.09734655238214623
6669	6669	0.16143302210081406
6670	6670	1.0943387419089876
6671	6671	0.6227374981510136
6672	6672	0.27076361894680157
6673	6673	0.7172099001393791
6674	6674	0.000929640313192663
6675	6675	0.007539375327846819
6676	6676	0.0013224072791463805
6677	6677	0.04958531729672012
6678	6678	2.6455494723808517
6679	6679	0.27879533987268174
6680	6680	0.8670021320427742
6681	6681	0.818968934806453
6682	6682	0.27820915968765664
6683	6683	2.2410675539246325
6684	6684	0.8261309198166549
6685	6685	1.057768084227232
6686	6686	2.9160078615382705
6687	6687	0.00042175165422272373
6688	6688	0.2154685512495322
6689	6689	4.122657860242898
6690	6690	2.0998111927060994
6691	6691	1.0490959047143065
6692	6692	0.014657234522418298
6693	6693	0.34937540658775806
6694	6694	0.4001868667014482
6695	6695	2.3639185605762894
6696	6696	0.18313607723493022
6697	6697	0.21959062671920343
6698	6698	0.03153425643663791
6699	6699	0.07890732808591573
6700	6700	0.7004141122545228
6701	6701	0.13577986892269192
6702	6702	0.10718720842525131
6703	6703	0.8187026934529765
6704	6704	0.040369671713948445
6705	6705	0.39836115894480206
6706	6706	0.07644612302350927
6707	6707	0.3301136978492547
6708	6708	0.43243478873712293
6709	6709	0.1902125235903028
6710	6710	0.001018334755344034
6711	6711	0.12273522661010573
6712	6712	0.18187103010791103
6713	6713	0.012760705200798682
6714	6714	0.5298478654773198
6715	6715	0.09006675190477785
6716	6716	0.08538410920363941
6717	6717	0.01399322521850952
6718	6718	0.02455941666469909
6719	6719	0.3573349278480706
6720	6720	0.06371128906562434
6721	6721	0.11870804889664616
6722	6722	2.8253913261491173
6723	6723	0.0042789326972770365
6724	6724	5.3848063482061095
6725	6725	1.1701117203153648
6726	6726	0.4300801157641974
6727	6727	0.037135890550194325
6728	6728	0.16083008647672897
6729	6729	0.013269945738633689
6730	6730	0.02042223439194789
6731	6731	2.714799170787161e-05
6732	6732	0.8958052300470359
6733	6733	0.30480577764216155
6734	6734	0.001068049215561998
6735	6735	0.0011108326567210766
6736	6736	0.23857540264551258
6737	6737	0.1742342089939197
6738	6738	0.053894708976289285
6739	6739	0.20933162945272343
6740	6740	0.8646166787095861
6741	6741	0.537184543454188
6742	6742	0.20141382967083882
6743	6743	0.6503023265376289
6744	6744	0.4307547210908775
6745	6745	0.2516269303925179
6746	6746	0.5941001077730232
6747	6747	0.022085790706313026
6748	6748	0.34770492534956704
6749	6749	0.6303999172733871
6750	6750	0.36681003303816156
6751	6751	0.54687467422983
6752	6752	1.2627542419981206
6753	6753	0.12476668712184999
6754	6754	0.24575723403162897
6755	6755	0.04451343349312347
6756	6756	0.0006749869639270552
6757	6757	0.16988380665278682
6758	6758	0.40125118757985273
6759	6759	0.14121402377969308
6760	6760	0.004268425934192229
6761	6761	3.441227548219375
6762	6762	2.4680843245299946
6763	6763	0.020829713028919606
6764	6764	0.10347845079137091
6765	6765	0.07062160737886398
6766	6766	0.3849980950440177
6767	6767	0.023534978667439168
6768	6768	0.008551405403781288
6769	6769	0.5217120260665407
6770	6770	2.0230300280624762
6771	6771	0.03955236704353886
6772	6772	0.6516580687700203
6773	6773	0.04254389764138571
6774	6774	0.26519956540658923
6775	6775	1.8467884636950125
6776	6776	0.037964717018824125
6777	6777	0.4403525234124034
6778	6778	0.048488261872592184
6779	6779	0.017108590012866794
6780	6780	0.41372656233636795
6781	6781	0.24505600989230067
6782	6782	2.5485573940369197
6783	6783	0.00016980877280677753
6784	6784	0.14734961725969317
6785	6785	0.24684287110359834
6786	6786	0.09629355947609555
6787	6787	0.12886807254762284
6788	6788	0.33429285278821125
6789	6789	0.946494894894199
6790	6790	1.7559187770913365
6791	6791	0.36742339968476245
6792	6792	0.5335505227220461
6793	6793	0.08674759341283805
6794	6794	1.3115731800202044
6795	6795	0.309734963421072
6796	6796	0.01000673873728419
6797	6797	0.09565660088268406
6798	6798	0.36276415482779445
6799	6799	0.9074766474006858
6800	6800	0.8168001308320787
6801	6801	0.3455681903857357
6802	6802	0.12611612799491292
6803	6803	0.015382213016139946
6804	6804	0.6619281393600863
6805	6805	0.11276560912983621
6806	6806	0.9886650877510427
6807	6807	0.12254974222869394
6808	6808	0.0385267952753784
6809	6809	0.04334155355316487
6810	6810	0.4149109842991412
6811	6811	0.6312478109205908
6812	6812	0.8351640987213368
6813	6813	0.019945441187314623
6814	6814	1.7012907455293544
6815	6815	2.588138716110237
6816	6816	0.5503919699201745
6817	6817	0.06932867372289774
6818	6818	0.39300593179204035
6819	6819	0.12353402262809418
6820	6820	0.05587785106234353
6821	6821	0.6994914417923858
6822	6822	0.0038351047883240772
6823	6823	0.22696627767997588
6824	6824	6.006365465278312
6825	6825	0.03668957642724346
6826	6826	0.9241579224939356
6827	6827	0.6366964330555694
6828	6828	2.2413032583275207e-05
6829	6829	0.2533095786331177
6830	6830	1.1186673024822726
6831	6831	1.3403381714884284e-06
6832	6832	0.027634078743386886
6833	6833	0.0760219985906437
6834	6834	0.07399548299192317
6835	6835	0.00023018158898017392
6836	6836	0.1339945028418213
6837	6837	0.10632179607115003
6838	6838	0.055120617175944374
6839	6839	0.4033176658621725
6840	6840	0.046379693002707924
6841	6841	0.5520914761459869
6842	6842	0.16159549027322564
6843	6843	1.6760600119218405
6844	6844	0.38574633163930594
6845	6845	0.16535062371312778
6846	6846	0.028646221251503907
6847	6847	1.3240574088736448
6848	6848	0.3447237763397111
6849	6849	0.17443382422319412
6850	6850	0.29474042083153074
6851	6851	0.3072588972208624
6852	6852	2.2731093797539645
6853	6853	0.08149268628237699
6854	6854	0.8005329855584884
6855	6855	1.2479931604986465
6856	6856	0.07526442926856478
6857	6857	0.14408979954471382
6858	6858	0.00019686339068589526
6859	6859	0.504940320206239
6860	6860	1.6265543563795726
6861	6861	0.061240563276933446
6862	6862	0.7658824343519235
6863	6863	0.8907898938312522
6864	6864	0.04537338412962799
6865	6865	0.8971116270695587
6866	6866	0.388772100810827
6867	6867	0.25490177988785173
6868	6868	0.05722196958683924
6869	6869	0.7079626013044177
6870	6870	0.08421917420795288
6871	6871	0.13563272595181589
6872	6872	1.2749840570060804
6873	6873	0.040440543187482234
6874	6874	1.208319845752776
6875	6875	2.032287867674186
6876	6876	0.039151763748838456
6877	6877	0.0783036807159431
6878	6878	2.39051404293008
6879	6879	0.01423093461868972
6880	6880	0.3872606662863484
6881	6881	0.02125303915121359
6882	6882	0.2254103044145025
6883	6883	0.0038578370713739526
6884	6884	0.7466352964976585
6885	6885	0.012852517632699238
6886	6886	0.2092244061775612
6887	6887	0.053489926667978846
6888	6888	0.4171642008765058
6889	6889	0.043007949613091255
6890	6890	0.05604748931362441
6891	6891	1.497588924016496
6892	6892	0.7810344679213028
6893	6893	1.8223540874602153
6894	6894	0.3485678296198577
6895	6895	1.3001714548364278
6896	6896	1.5317251351454628
6897	6897	0.13102876928148743
6898	6898	0.753121209773243
6899	6899	0.4270872644951271
6900	6900	0.44199516963237273
6901	6901	1.684321304997405
6902	6902	0.00997577565203318
6903	6903	0.5244823747218121
6904	6904	0.19523914601261894
6905	6905	0.3205393001844939
6906	6906	1.530326616928146
6907	6907	0.0035734286049928163
6908	6908	1.0377206625393913
6909	6909	0.413400354687523
6910	6910	0.34201907889615196
6911	6911	0.8364734561328554
6912	6912	0.13560140355668002
6913	6913	0.5873911333866646
6914	6914	0.31483501283010124
6915	6915	0.4796161926931214
6916	6916	0.6329397155192996
6917	6917	0.14067654365775684
6918	6918	1.2866075829599921
6919	6919	0.007028857456259871
6920	6920	0.4378688692561539
6921	6921	0.4682368969885322
6922	6922	0.05009894343912225
6923	6923	0.2044012428535835
6924	6924	0.018211344362270097
6925	6925	0.0158534881069975
6926	6926	0.0680439842736725
6927	6927	0.3992720540928027
6928	6928	0.02759602232441512
6929	6929	1.1570546976851077
6930	6930	0.024837414035706575
6931	6931	0.16016302995277476
6932	6932	0.14369069576406746
6933	6933	0.9298802717981769
6934	6934	0.33955836238831977
6935	6935	0.07392584125456929
6936	6936	0.011633798280984785
6937	6937	0.7144954209584491
6938	6938	0.10587535197218696
6939	6939	0.11113307679156081
6940	6940	0.062183289369556284
6941	6941	0.5037910980617023
6942	6942	1.0178299076536337
6943	6943	0.44026569160233014
6944	6944	1.4622321351648786
6945	6945	0.40793209499597505
6946	6946	0.1531417568052926
6947	6947	0.004600062434029028
6948	6948	0.07596259328955574
6949	6949	0.004942482318599195
6950	6950	0.47708478036821345
6951	6951	0.6070061842135007
6952	6952	0.11527800308346967
6953	6953	0.2392984077564437
6954	6954	0.13039639023501765
6955	6955	0.21023027931302102
6956	6956	0.4340978264203132
6957	6957	1.832103532035695
6958	6958	0.5029350135784534
6959	6959	4.7561137929267465
6960	6960	0.19845233892464043
6961	6961	1.2906960462774872
6962	6962	0.032137988281929784
6963	6963	0.25286565205327394
6964	6964	0.11022067612759841
6965	6965	0.15388441711698125
6966	6966	0.2987237155346786
6967	6967	0.4994586219894388
6968	6968	0.5984245031378161
6969	6969	0.15704754348817254
6970	6970	0.3930841988745537
6971	6971	0.2960041307136687
6972	6972	0.8956327204525616
6973	6973	0.21362627002592682
6974	6974	0.7567888796213886
6975	6975	0.03144138186922864
6976	6976	2.469399066398748
6977	6977	2.2141926609200038
6978	6978	0.38264668655626927
6979	6979	1.9461251526893482
6980	6980	1.1195152034486553
6981	6981	1.3430675131304461
6982	6982	0.1630575011131199
6983	6983	2.5206367162626746
6984	6984	0.9762639040661192
6985	6985	0.0003829857676779632
6986	6986	0.5019854528529861
6987	6987	0.02562854773932856
6988	6988	0.009340485777556392
6989	6989	0.030483975820820217
6990	6990	0.2879544018491104
6991	6991	0.09778277887075275
6992	6992	0.34877370625645976
6993	6993	0.008374403331587553
6994	6994	0.05770197511460085
6995	6995	1.1314174422888885
6996	6996	1.8218641842859211
6997	6997	0.004513185989304708
6998	6998	0.20350134131329695
6999	6999	0.6846854958109382
7000	7000	0.15494356287609262
7001	7001	0.26540649176923836
7002	7002	0.28555297386286443
7003	7003	0.26182762171156443
7004	7004	0.0010441248660793623
7005	7005	0.7851853063575784
7006	7006	0.11931069954422176
7007	7007	0.20432421548661583
7008	7008	0.10597154626045538
7009	7009	0.056456625336670174
7010	7010	0.018234478122087283
7011	7011	0.04404554090839905
7012	7012	0.6739725882747717
7013	7013	0.07943926115020042
7014	7014	0.48486879994875204
7015	7015	0.29619814769495795
7016	7016	0.4105070013102803
7017	7017	0.17804167007593336
7018	7018	0.16589357231081603
7019	7019	0.31094879125866076
7020	7020	0.0874134893374785
7021	7021	0.11295004918166433
7022	7022	0.034082878959494176
7023	7023	0.04880376259742654
7024	7024	0.12232313878621112
7025	7025	0.7395559615159357
7026	7026	0.0317723477244328
7027	7027	0.16946352152345864
7028	7028	0.008510096804619413
7029	7029	1.3835772932310315
7030	7030	0.39947224597361625
7031	7031	0.5234030671460927
7032	7032	0.12473299291984234
7033	7033	0.2700001688726938
7034	7034	0.006949209179149624
7035	7035	0.3007945696315124
7036	7036	0.16051735633418834
7037	7037	0.060975068054563715
7038	7038	0.33299222063229433
7039	7039	0.03827271435696365
7040	7040	0.4868506422428629
7041	7041	0.2984894998744707
7042	7042	0.12652075542626232
7043	7043	0.3106452430171363
7044	7044	0.002869003380011961
7045	7045	0.12909224934726998
7046	7046	0.011758802346090853
7047	7047	0.8815827512168
7048	7048	1.0146067874609792
7049	7049	0.05592045345475858
7050	7050	2.804864958732931
7051	7051	0.006071312836521353
7052	7052	0.5569407812109044
7053	7053	0.2949051931282191
7054	7054	0.8049314625119001
7055	7055	0.6203831399705138
7056	7056	0.33800819083553
7057	7057	0.24672755137814772
7058	7058	2.265979835207173
7059	7059	0.14821479258095083
7060	7060	0.0011029935376106268
7061	7061	0.4042378696482291
7062	7062	0.0038115475765691065
7063	7063	0.0038143086826154127
7064	7064	0.021207711253968208
7065	7065	2.16334096935345
7066	7066	0.017663163794872042
7067	7067	0.7630655079352874
7068	7068	1.0338679011762204
7069	7069	1.144098027440568
7070	7070	0.17650514102811354
7071	7071	0.08844426156037928
7072	7072	0.011860316733283787
7073	7073	0.9650142845496078
7074	7074	0.9719095031509027
7075	7075	0.7992405552143365
7076	7076	0.9111986231014623
7077	7077	0.37193918806572795
7078	7078	0.27917115801438835
7079	7079	0.17061328413786614
7080	7080	1.1781886219396398
7081	7081	0.5570366992713062
7082	7082	0.12539496843094836
7083	7083	0.005558374339514831
7084	7084	2.4791114233955986
7085	7085	0.34971984028162295
7086	7086	1.128324805551836
7087	7087	0.2604689804226109
7088	7088	0.4548404643715502
7089	7089	0.010906109208298122
7090	7090	0.003115484961072852
7091	7091	0.06489336550705216
7092	7092	0.0009393254684694562
7093	7093	0.2582579362069978
7094	7094	0.4353617948441907
7095	7095	0.0009514369946999092
7096	7096	0.027112251045100386
7097	7097	2.2922771187397672
7098	7098	0.001268480268961415
7099	7099	0.00010054367983190646
7100	7100	0.17852353454741646
7101	7101	0.2304288674210397
7102	7102	0.17329814275752278
7103	7103	0.15547736172970117
7104	7104	0.07266227011026602
7105	7105	0.15048987161977825
7106	7106	0.4683119148363702
7107	7107	0.17286890585327966
7108	7108	2.7183611263013145
7109	7109	2.1772297202422877
7110	7110	3.6038724522743646
7111	7111	0.44241199322733255
7112	7112	0.007312541005392902
7113	7113	0.6156689939170872
7114	7114	0.11351210892381182
7115	7115	0.09231014506818833
7116	7116	0.7090592826144052
7117	7117	1.4957446136409356
7118	7118	0.34267719026711335
7119	7119	0.0035941532647103137
7120	7120	0.0007080093372567061
7121	7121	0.12336518934446307
7122	7122	0.001046889039257101
7123	7123	1.137627127254416
7124	7124	0.25157091807903575
7125	7125	0.0032359463198236146
7126	7126	0.2527017210297275
7127	7127	0.010995526757430353
