0	0	0.24445858562535597
1	1	1.8784358213278518
2	2	0.2863346859787696
3	3	0.5504259250928341
4	4	0.7924331830107226
5	5	3.919941954893334
6	6	2.193768843169305
7	7	1.5581170701018618
8	8	0.0588860961968099
9	9	2.6466263260633625
10	10	1.0048884204000619
11	11	3.2394524989593836
12	12	0.5871887001034196
13	13	0.11713397078962534
14	14	4.029535672848103
15	15	0.4995629114705981
16	16	1.038352278438812
17	17	0.7598768216137947
18	18	0.15952134489072375
19	19	3.705883344356659
20	20	3.7801450565615453
21	21	7.113254158645382
22	22	0.9734921359834743
23	23	6.179564000907147
24	24	1.180309031121296
25	25	2.215657167417144
26	26	0.17220550643850027
27	27	4.547967672504526
28	28	0.7076537234097778
29	29	0.6084491569082966
30	30	0.010285500730178726
31	31	1.5670302539222272
32	32	1.2909871984256027
33	33	2.023257050762844
34	34	7.65206992791939
35	35	4.7863933294162395
36	36	4.819295797455131
37	37	1.4899577496422227
38	38	0.21967203124466914
39	39	0.3991338425427862
40	40	6.116927618647826
41	41	1.061896748105755
42	42	4.005214655796827
43	43	2.230564605842338
44	44	1.9819520267970658
45	45	0.6447092954042168
46	46	4.541151208605677
47	47	0.46359016458840757
48	48	1.0363895624509638
49	49	10.094336870976504
50	50	2.6615458553012536
51	51	1.1777956489855512
52	52	1.644977784648977
53	53	1.0595259139687467
54	54	2.5964789985985317
55	55	1.0189759905935363
56	56	2.218205228680915
57	57	2.4396326918971507
58	58	1.8809612818848453
59	59	1.553207428879669
60	60	0.4615498196827629
61	61	0.4441918920453623
62	62	3.1767120586070745
63	63	0.6859182398140721
64	64	2.134011137590133
65	65	0.7122552612183592
66	66	0.3120878247096009
67	67	1.0348838163023237
68	68	0.7429087526350077
69	69	0.5578358898010524
70	70	1.7739689844961541
71	71	0.5629845455992777
72	72	2.7548326697051384
73	73	2.5469791107006454
74	74	2.3765983396917023
75	75	0.21682540117386614
76	76	5.752077352696783
77	77	1.3996977049358448
78	78	4.598653202646353
79	79	0.4427399611328469
80	80	1.8050182066701734
81	81	6.728299306072528
82	82	13.288085227549777
83	83	0.048930957984437015
84	84	1.3128720484056398
85	85	0.6889922149781389
86	86	0.13168261787131205
87	87	1.6861939214710804
88	88	0.010192497084288788
89	89	1.8897795764389445
90	90	4.083235561999231
91	91	4.3014706589006675
92	92	6.17216680025308
93	93	2.693100030199187
94	94	0.4084300568452534
95	95	1.1407207332817104
96	96	4.341351201966838
97	97	0.588866367573886
98	98	1.1715031751791298
99	99	1.9191114986931466
100	100	0.21818496575906926
101	101	1.3471191961765814
102	102	0.0914689202989626
103	103	0.746850237125708
104	104	2.7889731425841684
105	105	2.5140376292464848
106	106	5.6793123972652735
107	107	3.000228819962965
108	108	0.48472541094522864
109	109	4.7071501432624245
110	110	1.6071036686450046
111	111	3.7273431782858313
112	112	5.114683317154484
113	113	3.5317306183210406
114	114	1.0024041512139015
115	115	1.8235426027161001
116	116	1.1337272588668346
117	117	2.3693022568853936
118	118	1.3259596109704157
119	119	0.27452891300684495
120	120	2.0677316217627446
121	121	0.4580873863653892
122	122	2.732647225578234
123	123	0.2232428293882141
124	124	0.014672677939884264
125	125	0.8144001993306961
126	126	6.964088574250766
127	127	2.4144608053069896
128	128	1.0677980063834027
129	129	0.2573769524604499
130	130	0.12452445567010735
131	131	2.5908000062485934
132	132	4.717273788878498
133	133	0.03231144327736041
134	134	1.7548172228122139
135	135	2.608352910169171
136	136	0.6911804831199835
137	137	1.4796291872954486
138	138	3.373198318726813
139	139	1.8143001712010478
140	140	0.9514168275043421
141	141	0.16146113362790535
142	142	1.3345931163980347
143	143	1.2629526823503474
144	144	0.4006486940115961
145	145	0.14543373921528335
146	146	1.420183594880312
147	147	0.8064903524564196
148	148	0.4828640928592077
149	149	0.1988825694319341
150	150	3.639460400602489
151	151	0.8773587002108346
152	152	3.506444196950959
153	153	0.05261047627003044
154	154	0.004484177513840037
155	155	5.165067658226848
156	156	2.241306334127593
157	157	10.523808916340721
158	158	1.305950076628059
159	159	0.34665424823236624
160	160	6.084937313045818
161	161	0.363212042208163
162	162	0.9218033386294912
163	163	5.453242680413088
164	164	0.1703340912118177
165	165	1.2101338369806944
166	166	4.365884760295025
167	167	0.7695759039583425
168	168	6.57526982499684
169	169	11.883521295130274
170	170	1.3311244328683731
171	171	0.7751273634110274
172	172	7.256622464526471
173	173	13.319504691351137
174	174	1.1783424063421453
175	175	0.09155537290832082
176	176	1.1850156286110145
177	177	2.4769545913081736
178	178	1.967380430688967
179	179	2.22126713238374
180	180	7.1453141937971285
181	181	2.169248601964316
182	182	0.1918111592260949
183	183	1.7818845234918426
184	184	0.4754512253550236
185	185	3.1702286382807157
186	186	0.8625075376304103
187	187	1.3960640948099052
188	188	2.431680193372025
189	189	0.3765851178018107
190	190	1.837885696917665
191	191	0.3487891825088783
192	192	3.5040593253572143
193	193	0.8090359989918638
194	194	1.582389829210855
195	195	3.5522912599516556
196	196	6.951867425261545
197	197	0.7936103606135031
198	198	0.18505052572151867
199	199	6.620290168277765
200	200	9.075666858156573
201	201	5.028516539010854
202	202	3.800726344050662
203	203	1.361223131556727
204	204	1.2645428111681771
205	205	1.6372067872323317
206	206	0.2261183821799123
207	207	4.580070176795205
208	208	1.9097887498492938
209	209	9.668113998892878
210	210	2.359057339421466
211	211	0.8761879283434967
212	212	0.3810220618013738
213	213	0.09453556834427662
214	214	0.7913950483740503
215	215	0.8794747800303824
216	216	1.3054974381867983
217	217	2.1516173072359632
218	218	0.17972296774051438
219	219	0.703220189230316
220	220	0.45486330373420225
221	221	2.1120238393641046
222	222	1.7215056719218134
223	223	2.2901637543301576
224	224	0.48906630098458004
225	225	0.045042926580880355
226	226	0.07950799238951768
227	227	1.2202380139711988
228	228	4.201086817437261
229	229	1.5493965226747375
230	230	1.4909590108613917
231	231	1.5715176225696172
232	232	1.4530728074629915
233	233	4.349304980431849
234	234	1.0559245709432077
235	235	3.4242906447686634
236	236	3.5701676543391394
237	237	1.8036960219837412
238	238	0.4423327113481028
239	239	2.98601628728251
240	240	0.010892219129126914
241	241	0.10837673800950635
242	242	1.740484446310381
243	243	0.580633610890777
244	244	0.6135175962413113
245	245	0.09002246173233067
246	246	4.542577288204693
247	247	1.6303970271118622
248	248	0.04777037332083499
249	249	1.7003243457902768
250	250	2.4281188760567693
251	251	2.508817633794348
252	252	1.1812972767408843
253	253	1.107011020561138
254	254	0.6478429991307206
255	255	5.779847244426928
256	256	3.116139366880178
257	257	9.631346059509923
258	258	4.769927551461403
259	259	1.0465675932724483
260	260	1.148114481564436
261	261	1.9540217954518175
262	262	0.7839762598989591
263	263	0.06625774961896755
264	264	0.35925157243447975
265	265	1.6252204480443038
266	266	1.5402504296674964
267	267	7.137554349182604
268	268	1.5168975918618959
269	269	2.2020563172382657
270	270	0.6328889637496715
271	271	0.9983650683598579
272	272	0.1456334869486214
273	273	1.1734297082150127
274	274	0.44332035668348296
275	275	0.12928125705892465
276	276	3.1531138980947717
277	277	0.3027638328110155
278	278	4.472852791844771
279	279	0.4030955467725144
280	280	3.3309834523347845
281	281	4.188384117626511
282	282	0.01781089152768892
283	283	1.9217974573395578
284	284	3.3195011687228377
285	285	5.261152574007804
286	286	1.7496764238725677
287	287	3.060341941539971
288	288	1.4050985476999132
289	289	1.7288013492897725
290	290	0.5374685024747993
291	291	1.1177679623204295
292	292	2.1002103996946975
293	293	0.6637997755099948
294	294	1.1542987684381052
295	295	5.79730530673507
296	296	0.22609171382129756
297	297	1.023736578207405
298	298	3.167812215976282
299	299	0.2169532663162034
300	300	1.6130325773564016
301	301	0.8643351376512091
302	302	1.503774461110569
303	303	0.7961867710669261
304	304	0.15940509046324308
305	305	4.502341111249693
306	306	8.217909886286494
307	307	1.1102337079321836
308	308	2.443054312375663
309	309	1.0943331250057144
310	310	2.881918121238039
311	311	3.1946056601569492
312	312	0.7362785279581077
313	313	0.08878935127312888
314	314	10.744487027500096
315	315	2.4333220647545284
316	316	2.563044581361431
317	317	2.1067781257873213
318	318	0.13546958985657595
319	319	0.10685607694761642
320	320	1.346156690269444
321	321	3.2792075228483197
322	322	7.737715891131292
323	323	1.744808523544471
324	324	0.19608479912278717
325	325	0.8613354339312308
326	326	5.726269177521201
327	327	2.132854234744762
328	328	1.1363694143172074
329	329	6.510318972207625
330	330	2.811567090526235
331	331	0.35858157427705617
332	332	0.3099864420009191
333	333	2.1313995089865756
334	334	7.798252736971013
335	335	3.326879105108787
336	336	2.5176359393269547
337	337	2.937098854529786
338	338	0.35566142174657855
339	339	1.3417853712291652
340	340	1.8891618281628277
341	341	0.41985382392643644
342	342	0.1109623033842391
343	343	0.6064106731519009
344	344	4.3716967429570825
345	345	0.08427424126592144
346	346	0.679867779061155
347	347	0.19734223741184861
348	348	2.2841376904667285
349	349	0.5807633994520625
350	350	1.3658194181454446
351	351	0.7014398885801112
352	352	4.26669578708274
353	353	2.5564923246786235
354	354	0.44010235303494344
355	355	1.9331279241780632
356	356	0.2902679287010835
357	357	0.7071634684437873
358	358	0.9049562533561731
359	359	1.0532659575407524
360	360	5.47377602723177
361	361	0.1035398739445057
362	362	3.310829608155349
363	363	1.963586379789471
364	364	3.418286703715748
365	365	0.6082450539030075
366	366	0.03611935627658783
367	367	0.1656986278620847
368	368	0.16755155321788304
369	369	0.37099497369935064
370	370	0.3819580903414098
371	371	2.365461311975405
372	372	2.217146255751918
373	373	0.0645194930559777
374	374	1.659524999271864
375	375	5.322558109557082
376	376	1.7033503468363302
377	377	1.125015829162831
378	378	0.3246262458658798
379	379	2.026776597468261
380	380	0.9789497649099567
381	381	0.7155084753672184
382	382	0.24676100931246664
383	383	0.7185666077212377
384	384	0.37197331109447235
385	385	0.8493454850429046
386	386	0.41960100468038763
387	387	2.1851205531121867
388	388	3.4808845083842472
389	389	2.8347522803679186
390	390	1.0876279363187114
391	391	0.558540085067652
392	392	1.68380601310024
393	393	4.568622912213686
394	394	2.7046909880234313
395	395	2.361486394810813
396	396	0.9390718140332242
397	397	0.3879630087893854
398	398	0.37431072239559615
399	399	9.99722536467682
400	400	0.35832890208350526
401	401	3.6988466008732437
402	402	3.0110914130886197
403	403	1.654729117013343
404	404	4.879816231512535
405	405	4.948370068269697
406	406	3.8246828800203656
407	407	0.3500497047279701
408	408	0.797260667335631
409	409	1.3425128191282387
410	410	1.0047952946291698
411	411	0.21222608800090284
412	412	3.767618146526325
413	413	0.6885501902002524
414	414	0.7634652817478371
415	415	2.999729447812547
416	416	0.8319752351995159
417	417	3.3625429534825027
418	418	0.24955819535779988
419	419	2.9579097025708974
420	420	0.9063062782778792
421	421	0.6241773163482934
422	422	1.7935685235544054
423	423	0.7350960654210962
424	424	2.06512758553918
425	425	2.5178697091836444
426	426	4.468968174304297
427	427	0.7704322724781154
428	428	5.3729950882067605
429	429	8.512776658570072
430	430	1.679376825669872
431	431	0.9222069177220409
432	432	6.430972881059842
433	433	3.281023919155091
434	434	1.6614987101960528
435	435	2.273614954116812
436	436	3.6120762437519156
437	437	0.6961997939287764
438	438	0.25550914902720295
439	439	1.4673102780653133
440	440	1.1864884374769993
441	441	0.43140383633198304
442	442	1.0398899139509235
443	443	1.38938686287037
444	444	1.3518942491791837
445	445	1.6268383658919223
446	446	1.4113535478307677
447	447	3.526468465546972
448	448	0.10985339580991146
449	449	6.220936629286433
450	450	0.2459876513640047
451	451	0.07371343316217936
452	452	6.461563910018635
453	453	3.948424014550841
454	454	6.405830539173636
455	455	10.541373567789444
456	456	1.759626727662143
457	457	1.5911697841765522
458	458	0.6030997482495647
459	459	0.25313883920079455
460	460	3.3023860154301534
461	461	2.3228715174356167
462	462	0.4508408458623758
463	463	4.413370821464379
464	464	1.4639192710260553
465	465	0.43411771701563845
466	466	1.389026569980852
467	467	0.24771129968052716
468	468	1.836536261205283
469	469	3.4102894638229864
470	470	0.550900493973536
471	471	1.6338569987620544
472	472	0.3783226782359619
473	473	3.1465449015786486
474	474	0.7065935154481086
475	475	6.997779801548422
476	476	1.6898339589038904
477	477	1.0096974591173784
478	478	1.7125818597261742
479	479	0.0283234370042784
480	480	3.1993200877561203
481	481	1.8922463081176035
482	482	4.828381799635348
483	483	5.932866003297982
484	484	3.3313807404284024
485	485	0.16571988023308237
486	486	7.8569412859018115
487	487	2.7039613886156086
488	488	2.5914790763446995
489	489	0.965224976120762
490	490	0.15723856320643465
491	491	1.293595718947241
492	492	0.11544006169211485
493	493	1.7173703467812231
494	494	3.0504193273694895
495	495	1.3104185053371042
496	496	1.4148062833693236
497	497	0.7015648428954541
498	498	0.026246786764859184
499	499	1.2838999205287849
500	500	2.6765755112513867
501	501	0.11932826619421778
502	502	3.7673878559351515
503	503	0.6065478645456219
504	504	1.1777313778220633
505	505	1.3407886361118664
506	506	0.4248957480455219
507	507	0.07724621903240542
508	508	1.1756940555324977
509	509	0.5215004842846233
510	510	9.21095031711103
511	511	0.1776912130444539
512	512	2.3877503731491805
513	513	3.4490909147345925
514	514	1.5352624106777588
515	515	0.892774165477974
516	516	0.0907348896491387
517	517	1.7971349376342691
518	518	3.477412950807713
519	519	0.4907921543989419
520	520	0.2915563509150861
521	521	1.858136616414193
522	522	1.5418921181709089
523	523	0.2815278482733157
524	524	1.7320245455169063
525	525	2.043324649489883
526	526	0.44424111311998793
527	527	2.2019531659383764
528	528	2.688195540534413
529	529	0.4591594141313345
530	530	0.5560087438186889
531	531	2.807756961258448
532	532	0.19224314571715206
533	533	1.0830639751468096
534	534	3.3133105040524358
535	535	0.7760736769309795
536	536	0.26096638563832797
537	537	0.9717443322353975
538	538	1.276466641585741
539	539	0.48377501396603473
540	540	0.01896932432933569
541	541	0.9065803354142089
542	542	0.2777514533423029
543	543	0.3514806248880986
544	544	3.0580814772246776
545	545	1.1569719884155991
546	546	0.5819336877014973
547	547	0.6558629199714494
548	548	2.083302707896909
549	549	5.129010656916623
550	550	11.269165283094688
551	551	1.3143552398405325
552	552	1.7206454813461038
553	553	0.0670443514834464
554	554	8.361328314982451
555	555	9.521120002760137
556	556	0.546474484608623
557	557	2.26346826476897
558	558	2.6750619232478154
559	559	2.3897792404429286
560	560	1.6258754497172183
561	561	1.3461867201756754
562	562	1.136137841197619
563	563	1.7056738602319255
564	564	2.3991774521568834
565	565	2.933746557317122
566	566	2.0996594074504116
567	567	0.4084684999892367
568	568	3.6990444291714812
569	569	0.7713440411011095
570	570	0.6551213651436844
571	571	0.6665667543373996
572	572	1.4032381787876078
573	573	2.441537315759753
574	574	2.8963345227678956
575	575	2.462720842207773
576	576	0.09318455389683991
577	577	0.8815221735341338
578	578	2.4238422026493467
579	579	1.6321899994601574
580	580	5.802859108545099
581	581	2.1858054444301875
582	582	5.214404030620552
583	583	0.6487063655037821
584	584	2.951373001059554
585	585	0.29195162465314023
586	586	2.3518680225860518
587	587	1.9980687822787713
588	588	2.2002133602737737
589	589	3.658533818727855
590	590	1.365960869804969
591	591	2.3221163945313035
592	592	0.6689855831185211
593	593	1.3072974900289993
594	594	4.400279665405269
595	595	2.3411817398264385
596	596	0.20256992890184766
597	597	0.21365624940961972
598	598	1.2587985850890855
599	599	3.954390462649148
600	600	1.5425243974932783
601	601	1.822585516949645
602	602	1.9859150479706054
603	603	0.3500583713919564
604	604	3.4074914462903942
605	605	1.3816526636146456
606	606	0.1656103002661875
607	607	1.5041776893051475
608	608	0.2399396078760415
609	609	2.666628147863516
610	610	1.0724159881311348
611	611	0.7799805953241897
612	612	0.3069726145089105
613	613	4.100390514116839
614	614	0.1171910365236424
615	615	1.995906439121199
616	616	2.3304614964068393
617	617	6.846291526175966
618	618	0.8629892694028876
619	619	2.0944034486989884
620	620	0.5311356660417488
621	621	0.6967926482253883
622	622	3.2653561257975583
623	623	1.5428526153005522
624	624	0.016399111134017832
625	625	1.6363435893750176
626	626	1.7216929851541671
627	627	1.5610425172414508
628	628	0.5106428603022701
629	629	0.13375529453342316
630	630	0.7560777224691976
631	631	1.5457633599864835
632	632	1.9653428239898827
633	633	0.4800350922973713
634	634	2.486550382001756
635	635	0.09396269312294887
636	636	0.8530605713650022
637	637	1.4984072759180098
638	638	3.522156603839338
639	639	2.8889225922554838
640	640	1.9671337258630757
641	641	1.0112592796730626
642	642	5.884840441140817
643	643	0.25959393726939445
644	644	5.528957681906276
645	645	2.0305652645432404
646	646	2.4921105162422035
647	647	1.1344597966694914
648	648	1.4289338690009235
649	649	1.9495572581457106
650	650	0.9571948223209834
651	651	2.202400633961473
652	652	0.2031652095268087
653	653	1.5260643279019033
654	654	0.20668193513198832
655	655	1.136424307263276
656	656	6.80448295340392
657	657	0.2828645310292441
658	658	4.732354287671859
659	659	0.8278296336884693
660	660	0.9942466693218713
661	661	0.8865140956841061
662	662	4.123997362336685
663	663	0.6429652810903155
664	664	1.218307173675769
665	665	2.5176469544807545
666	666	0.05348952847443563
667	667	1.224349890301167
668	668	1.9170852412543085
669	669	0.12290361243446946
670	670	3.8011075834055807
671	671	0.7123477930932602
672	672	5.309382214646296
673	673	0.9164084805015744
674	674	2.300676254044832
675	675	2.892477468436642
676	676	2.5465550403770747
677	677	0.3205826756100671
678	678	0.994540786406287
679	679	5.104813551760589
680	680	0.7018097654166662
681	681	11.196050007062201
682	682	3.3280382786229303
683	683	4.682612384126296
684	684	1.2861152077716635
685	685	3.047858004355663
686	686	0.37878425389655407
687	687	0.5112335046133598
688	688	4.52795094427621
689	689	2.1504250577341124
690	690	2.782346675516101
691	691	14.055338344047572
692	692	4.071607325110491
693	693	1.1344576648220206
694	694	1.153773720617092
695	695	2.1048800969928383
696	696	2.6760187943353873
697	697	1.9169648222764906
698	698	0.4649328171426309
699	699	0.9279352416940589
700	700	4.64939359781847
701	701	0.42853624463969975
702	702	2.771951841266175
703	703	3.885710488160896
704	704	2.9184776862127433
705	705	0.3974831635666488
706	706	0.7631696242962971
707	707	5.801605452903645
708	708	0.7712821078270011
709	709	4.828992638680217
710	710	2.9041380717150425
711	711	5.9488425988074916
712	712	1.0403141054653202
713	713	1.4762045752073558
714	714	0.06535937415900107
715	715	0.32170394315980205
716	716	1.7279535224957692
717	717	0.06277402836939533
718	718	0.07415497868768718
719	719	0.44417906777623894
720	720	1.1059553892771323
721	721	0.32766881411605137
722	722	1.542797808327548
723	723	0.09265018778261137
724	724	0.8561851320030318
725	725	0.8610099422529416
726	726	0.7429304952995224
727	727	0.6818385202372819
728	728	1.283899966400976
729	729	0.30161447724725715
730	730	1.698463851528738
731	731	2.14431870633581
732	732	1.8765064604190627
733	733	0.8969547915324465
734	734	1.1025212040685464
735	735	5.617840738507821
736	736	2.142529627391861
737	737	0.993072608401295
738	738	0.9406667132844765
739	739	0.2934745881754199
740	740	3.9347498513430956
741	741	4.658171839900683
742	742	1.5744806100644781
743	743	2.6674019394180535
744	744	3.227306996808571
745	745	4.912904603159689
746	746	1.3900300293131156
747	747	5.560036110953171
748	748	3.422054107141828
749	749	0.2597009515223347
750	750	1.426463030014709
751	751	3.4137051049184146
752	752	13.207844903058879
753	753	0.8301494124738179
754	754	0.5385435599244031
755	755	2.0300302984394496
756	756	0.05267639328593734
757	757	0.1551836963783635
758	758	2.820068942763924
759	759	4.091555188483437
760	760	3.7109522200716714
761	761	1.5475795742632563
762	762	4.7188925692572425
763	763	6.639449938621739
764	764	1.9456518549953319
765	765	2.237625543537439
766	766	4.6787441738172735
767	767	2.9867250723657146
768	768	4.244563311683696
769	769	1.8284317089944933
770	770	0.7865060008263765
771	771	0.9976334945493222
772	772	0.5138854039917568
773	773	0.02201298665687175
774	774	0.02935554892432672
775	775	3.541500943861796
776	776	0.8195383585858115
777	777	1.9613943636013234
778	778	1.6347808699294515
779	779	1.0871740860457355
780	780	0.6851081574024962
781	781	1.107964808064776
782	782	1.307722645560739
783	783	4.070896468244305
784	784	0.5742665095725352
785	785	0.1838037141966186
786	786	8.13784508622855
787	787	1.2288480720418176
788	788	2.6912171194343446
789	789	0.05123740348299997
790	790	2.1575705773250244
791	791	0.14926549570531616
792	792	0.964369129724929
793	793	1.385199627398806
794	794	0.9235544529886688
795	795	0.756694569342192
796	796	4.910324361763088
797	797	0.6372588279853993
798	798	0.4897927291008337
799	799	7.753281255042025
800	800	1.0790576794046418
801	801	1.950808830928417
802	802	4.791250443219325
803	803	2.4690184181846533
804	804	1.0905502816050139
805	805	4.167210382744885
806	806	3.127106978125965
807	807	4.283847394799468
808	808	3.011229735680277
809	809	3.3458708963199317
810	810	5.5243213125816695
811	811	0.5149529963379268
812	812	1.365625592492048
813	813	1.1793781118656441
814	814	0.5846077448708022
815	815	1.5541171321948357
816	816	1.1039128450388402
817	817	2.9696838777668693
818	818	0.7417754091749587
819	819	2.367452193287016
820	820	2.419289013408117
821	821	0.09171523305553177
822	822	0.3677578877026722
823	823	0.6754452165210143
824	824	2.6119864627196687
825	825	4.768360720320181
826	826	3.8350120577958244
827	827	0.9825680911200492
828	828	0.4829518356203951
829	829	3.9002684174757514
830	830	1.9660767929581706
831	831	0.7475281508081739
832	832	0.19653170976220438
833	833	1.5139595405551276
834	834	2.7508773500927033
835	835	6.429110981941343
836	836	1.7676002704192533
837	837	1.047507617949858
838	838	0.1887520008988663
839	839	1.7837604597373324
840	840	0.7205063489244383
841	841	1.2796769093242288
842	842	1.7037488706918766
843	843	4.302305725986951
844	844	7.841418600378123
845	845	2.1629647394042144
846	846	3.2319730535823235
847	847	0.031118752956789338
848	848	0.7775714025129604
849	849	1.7571403300197574
850	850	0.3147641941761546
851	851	3.3007572656652577
852	852	1.7048012022763661
853	853	6.343419443358965
854	854	6.56882827625005
855	855	3.002304859756032
856	856	0.2190056107013229
857	857	0.2685298896049638
858	858	0.011290796837619655
859	859	2.9200973417590204
860	860	0.2614859278184541
861	861	0.8742469096767339
862	862	0.5073329355935501
863	863	1.0129094411562272
864	864	4.721093759856835
865	865	4.191392512433377
866	866	2.346869984185967
867	867	1.3222210804863876
868	868	2.7232327923319666
869	869	2.5531023222765383
870	870	4.398274853267399
871	871	2.4129015419778543
872	872	0.24445741732787674
873	873	1.3185403498533712
874	874	6.835764678000995
875	875	0.4251662088472395
876	876	2.6753909815443278
877	877	0.7341196171382617
878	878	0.3271816324358332
879	879	5.924779059933528
880	880	1.2395731959286211
881	881	0.09394314252827571
882	882	0.7703767531029506
883	883	3.964724743543366
884	884	0.4339753918457283
885	885	0.1014366679782598
886	886	0.3724173883546837
887	887	2.0685367687386376
888	888	9.27627766582393
889	889	0.2981793775328779
890	890	0.24965428571596046
891	891	0.6140984734375312
892	892	0.2947065581018938
893	893	3.8744613073212957
894	894	2.9617170426196155
895	895	3.4066442060555326
896	896	1.1901116430045322
897	897	6.75093464876651
898	898	3.116646995989427
899	899	5.928318425202384
900	900	0.35652963193034715
901	901	2.8315836813609643
902	902	3.957402926612806
903	903	0.6540732372586647
904	904	0.1834995395561363
905	905	1.1667487697108383
906	906	3.2673464446532314
907	907	1.3824771412848227
908	908	4.007148673652021
909	909	4.735635792118497
910	910	1.5144257472126017
911	911	0.018216939343015163
912	912	2.860639656555379
913	913	2.248792395926641
914	914	0.3997482794180839
915	915	3.654559912700532
916	916	0.6454687358112001
917	917	3.2189939416867177
918	918	1.193665318453577
919	919	2.0098047061439406
920	920	0.07300053052017562
921	921	0.2713741249267139
922	922	0.5540824276943064
923	923	2.6759280164349697
924	924	1.1327991174817695
925	925	1.5391361842758353
926	926	0.7788813543254633
927	927	1.1164077372230774
928	928	2.0066773210136097
929	929	0.40700605565358616
930	930	1.0878345562813714
931	931	2.262140889066115
932	932	3.775197461844524
933	933	1.0781818758691748
934	934	2.6878048302007693
935	935	0.15355067127194497
936	936	1.5693809459860681
937	937	0.8283040883958327
938	938	1.185143615343014
939	939	0.3438730479594132
940	940	0.3335700857085894
941	941	1.3396966695376495
942	942	2.0388892200497355
943	943	3.841424075116478
944	944	5.147512372548235
945	945	2.5843557095830154
946	946	0.8272251943795998
947	947	1.0590914881343556
948	948	1.9065496853303037
949	949	2.7447453510126603
950	950	1.331354758140662
951	951	2.237219046498487
952	952	0.7280593913246596
953	953	0.33039363713177977
954	954	1.0712044038180175
955	955	0.09885585260048879
956	956	0.8915996350661598
957	957	0.9332496055697923
958	958	5.684246240358477
959	959	0.7687784116881308
960	960	3.849807123433789
961	961	1.0483092104826541
962	962	4.26582014703647
963	963	5.018548028044924
964	964	0.06291652280343572
965	965	1.6758578968690105
966	966	4.32619206777144
967	967	3.1696564831271146
968	968	1.0159279886552652
969	969	1.9483469164430844
970	970	0.7301572772180004
971	971	1.805485832256144
972	972	1.2121192759740362
973	973	1.1525188896617644
974	974	3.666286961280417
975	975	2.953517620103944
976	976	5.5638449104808165
977	977	0.06107595818184748
978	978	0.9120408975791423
979	979	1.7152802747650433
980	980	0.6294037614367423
981	981	0.7272488309690222
982	982	0.7023848366633072
983	983	0.5308519680645741
984	984	2.604407254662542
985	985	0.4603663857164226
986	986	0.29747233511720517
987	987	0.42114929800909606
988	988	3.680386881727666
989	989	0.4417826883261957
990	990	3.5083316098227377
991	991	2.255568100105727
992	992	3.7697902081528714
993	993	7.679209728704457
994	994	4.112256655916612
995	995	2.0416046718454224
996	996	1.4289600753007206
997	997	2.515994279114473
998	998	0.7763108456828915
999	999	0.9694250776758929
1000	1000	1.4678116861368773
1001	1001	0.24574490086962567
1002	1002	3.8181570095456
1003	1003	0.07153158814299392
1004	1004	1.184524805109944
1005	1005	2.4587982428122657
1006	1006	1.423869516021994
1007	1007	2.462069383154803
1008	1008	4.798532281772013
1009	1009	3.408948389026446
1010	1010	0.7475216630137562
1011	1011	0.5786842461859901
1012	1012	1.545800464264512
1013	1013	0.03601250974745956
1014	1014	1.4496627674711935
1015	1015	0.03390248610911012
1016	1016	1.8967649160815943
1017	1017	2.179231507229357
1018	1018	0.7865325835067899
1019	1019	1.3358508599424386
1020	1020	3.5168505332593667
1021	1021	3.8744544522788957
1022	1022	1.3849969751759834
1023	1023	4.49034599472995
1024	1024	1.3083224278519068
1025	1025	0.38230727988309254
1026	1026	0.29861380944211496
1027	1027	4.96744685696636
1028	1028	0.4010225931037242
1029	1029	1.6779676834669126
1030	1030	0.44894155523622303
1031	1031	0.8510603852823252
1032	1032	0.22189136819785485
1033	1033	0.013927764883227436
1034	1034	1.077758592007436
1035	1035	2.0709545590805782
1036	1036	2.0886216679548086
1037	1037	0.15216396269842117
1038	1038	1.759313835317621
1039	1039	0.07385411042895265
1040	1040	2.9313087271987652
1041	1041	0.1918964272502245
1042	1042	2.1508173803228385
1043	1043	4.25686035255049
1044	1044	1.308788521077855
1045	1045	5.239468735430493
1046	1046	0.07841440588709024
1047	1047	1.4510670129873793
1048	1048	0.39277720234056235
1049	1049	0.543698149805005
1050	1050	3.545704680778754
1051	1051	2.2643739099113884
1052	1052	3.2862775947271294
1053	1053	2.8086225856736546
1054	1054	0.08195934371932716
1055	1055	1.7442045519776668
1056	1056	0.3387744836363516
1057	1057	4.651271105064637
1058	1058	1.592008645813267
1059	1059	3.571196241383901
1060	1060	1.3277922624320417
1061	1061	0.8124702445996153
1062	1062	0.92977812058721
1063	1063	0.09261425786289
1064	1064	1.613705295601111
1065	1065	0.6302760176957417
1066	1066	3.2435089736567493
1067	1067	0.9619695559546303
1068	1068	1.7359479621052316
1069	1069	0.933184617286888
1070	1070	3.8707346824336493
1071	1071	0.47587515952650544
1072	1072	2.1764338431404533
1073	1073	0.2960667040767392
1074	1074	1.8555264325028364
1075	1075	0.4850315572649864
1076	1076	0.7112619188774707
1077	1077	0.9995409861488067
1078	1078	4.46976862332664
1079	1079	2.5595253134480425
1080	1080	4.871064626599173
1081	1081	0.9038061373018144
1082	1082	1.8686442850148708
1083	1083	2.188066710328817
1084	1084	0.9887370524366225
1085	1085	1.170695590235389
1086	1086	0.5040081439023769
1087	1087	0.8769110279798886
1088	1088	0.936668024240165
1089	1089	3.3412261766275564
1090	1090	3.09406750382161
1091	1091	0.14446317618989454
1092	1092	2.38172878943468
1093	1093	0.7135324200193123
1094	1094	0.2424751787972614
1095	1095	2.8362557549376115
1096	1096	1.5383426617006346
1097	1097	2.2320362697356506
1098	1098	0.9308017674583399
1099	1099	0.9590283841650902
1100	1100	2.7578674544457273
1101	1101	0.7301976171432046
1102	1102	1.352472251755604
1103	1103	2.789911565430526
1104	1104	0.4949889661239148
1105	1105	5.312951765797931
1106	1106	3.403938500263877
1107	1107	0.5622976664876415
1108	1108	0.9577611103840602
1109	1109	1.81984903603865
1110	1110	4.173225010210943
1111	1111	0.6636785342629872
1112	1112	0.8369669517975153
1113	1113	3.8000177065513743
1114	1114	8.89185931510726
1115	1115	0.31334009198701795
1116	1116	3.0200636502417058
1117	1117	1.6957037912833102
1118	1118	1.5044702141473267
1119	1119	1.005018643584756
1120	1120	1.0265378765823028
1121	1121	2.620508611039828
1122	1122	0.5215520964237162
1123	1123	0.776402032746954
1124	1124	6.091735733839003
1125	1125	1.2473441063470374
1126	1126	4.517595803073428
1127	1127	5.857133572412521
1128	1128	2.4603388818671243
1129	1129	0.4418449616707693
1130	1130	2.009450315910112
1131	1131	2.119911759687413
1132	1132	0.05899109678055442
1133	1133	2.3841480999882627
1134	1134	1.5347085958602822
1135	1135	2.1590727019518168
1136	1136	3.892018913617585
1137	1137	1.6404881411776584
1138	1138	0.7370268095252693
1139	1139	0.7194138215653213
1140	1140	0.4592489581545218
1141	1141	0.8892155714575225
1142	1142	1.7996866022143212
1143	1143	4.975724753053592
1144	1144	0.07302273296022013
1145	1145	0.49577262720678367
1146	1146	0.37180670537796967
1147	1147	0.23630496529795114
1148	1148	0.8101097787195873
1149	1149	1.2193049202983006
1150	1150	2.3021066772179406
1151	1151	0.9265338364162382
1152	1152	1.6348319229734387
1153	1153	1.6648105847145491
1154	1154	0.3598377286658209
1155	1155	1.7035445921455639
1156	1156	3.0964919046755375
1157	1157	0.5539847917819505
1158	1158	1.5343644337835887
1159	1159	1.8541427155757504
1160	1160	11.904048471564854
1161	1161	1.3572533931742723
1162	1162	0.8428252725323137
1163	1163	0.9069426987833433
1164	1164	1.0738989486838226
1165	1165	0.13333797220871674
1166	1166	2.1324395991364296
1167	1167	1.0376540134256627
1168	1168	1.0208009690065563
1169	1169	0.20104675322460255
1170	1170	0.6082761758986888
1171	1171	0.777449309366666
1172	1172	6.681975109825273
1173	1173	0.4579151323096799
1174	1174	2.3831707601278125
1175	1175	1.0398062278493976
1176	1176	0.3101569929055715
1177	1177	0.08260430294933721
1178	1178	1.380575730172945
1179	1179	6.428928877751683
1180	1180	0.05083556759167316
1181	1181	0.5608988121533887
1182	1182	3.578667717873932
1183	1183	1.1417760929130225
1184	1184	0.3335639367925198
1185	1185	3.5806580463409694
1186	1186	0.33739176262810466
1187	1187	2.1278260043529014
1188	1188	0.07697263699545721
1189	1189	0.2665001014748898
1190	1190	3.1402846462398712
1191	1191	1.0533135321110159
1192	1192	1.1245489669328577
1193	1193	1.9875470030861797
1194	1194	3.84436923362163
1195	1195	0.3491564103404305
1196	1196	4.235279589707294
1197	1197	1.181466269778556
1198	1198	1.8910260014795304
1199	1199	0.343745456594154
1200	1200	0.6611881811623382
1201	1201	6.983009048638127
1202	1202	2.1953486313107393
1203	1203	1.7301888351457841
1204	1204	0.3145551072759109
1205	1205	6.220366379764414
1206	1206	1.2683924700637235
1207	1207	0.3798308527580543
1208	1208	0.5289221380413279
1209	1209	4.658845170348466
1210	1210	0.7177688272811167
1211	1211	0.8990393617657244
1212	1212	5.436068915511045
1213	1213	6.795729810247479
1214	1214	2.381695098421934
1215	1215	3.3727094696303888
1216	1216	0.8173571362802245
1217	1217	2.581319268608993
1218	1218	2.460728210222167
1219	1219	1.1407410476083684
1220	1220	2.596474661930841
1221	1221	2.883303785775599
1222	1222	0.8059508701308263
1223	1223	1.6166021500685548
1224	1224	0.8832067413101997
1225	1225	1.8148970523481518
1226	1226	2.322084916144663
1227	1227	0.22650890237755736
1228	1228	0.13706667254149216
1229	1229	2.3204975194183715
1230	1230	2.6500903013879085
1231	1231	0.10922136262014878
1232	1232	0.027417903792478018
1233	1233	0.9899790302824324
1234	1234	3.1056321801853874
1235	1235	3.5418694672562734
1236	1236	5.718198705731208
1237	1237	2.1542503849123538
1238	1238	3.8877647237854234
1239	1239	3.434586900972429
1240	1240	0.8854859929354264
1241	1241	6.0116056594277785
1242	1242	4.254881409784514
1243	1243	1.2122161311571664
1244	1244	0.4759133059740756
1245	1245	0.8272759220773491
1246	1246	3.083534631831323
1247	1247	3.50575530667293
1248	1248	1.4987746444591785
1249	1249	4.048637264164368
1250	1250	0.294292284333304
1251	1251	3.4631699124548456
1252	1252	1.2390974924259022
1253	1253	0.4777104737198743
1254	1254	1.8829823746126937
1255	1255	4.743370656851591
1256	1256	2.3359600431774927
1257	1257	3.1876709417056555
1258	1258	1.9646588878151254
1259	1259	1.3553630746256513
1260	1260	1.161668459588417
1261	1261	2.696051743686806
1262	1262	3.0337698279685235
1263	1263	1.3344270403650988
1264	1264	9.714561854468604
1265	1265	0.9650975662922686
1266	1266	1.6245703824726232
1267	1267	1.6497926661095874
1268	1268	1.9284407101887149
1269	1269	0.43826272745605754
1270	1270	1.4114002985496052
1271	1271	2.8016522020218337
1272	1272	1.4024397113984517
1273	1273	2.757868548886599
1274	1274	0.42299789606015636
1275	1275	0.06787458866087905
1276	1276	0.5551706734047591
1277	1277	3.9223580638662585
1278	1278	0.28357858344058173
1279	1279	0.6318558599484022
1280	1280	0.13907717058107605
1281	1281	1.512081970264119
1282	1282	1.185676082956889
1283	1283	3.0351510673468334
1284	1284	0.18820702074123719
1285	1285	0.14746863589450931
1286	1286	0.5626634117133342
1287	1287	4.731034225771708
1288	1288	1.6241338609276599
1289	1289	3.447113816410935
1290	1290	2.0658660221818135
1291	1291	4.545144089382223
1292	1292	1.3367965912937791
1293	1293	3.193039843591763
1294	1294	1.6124329783698284
1295	1295	0.6742808598820834
1296	1296	0.5298606197494925
1297	1297	4.63629611652033
1298	1298	1.4775771401643505
1299	1299	0.023680243282146303
1300	1300	4.376270439897375
1301	1301	1.5844958954615538
1302	1302	4.65086604614337
1303	1303	1.0152034484265833
1304	1304	1.5358026790386115
1305	1305	0.6689482006122853
1306	1306	2.442597630798074
1307	1307	0.030116379891577057
1308	1308	1.919966843303557
1309	1309	0.6554036331498816
1310	1310	0.1513724668546086
1311	1311	0.07946711912756355
1312	1312	1.2692390004169398
1313	1313	1.6815712458082337
1314	1314	2.6666982103097085
1315	1315	8.29265059246632
1316	1316	2.5665014804964925
1317	1317	0.015774950652259864
1318	1318	0.9879933467665141
1319	1319	2.5879669628009587
1320	1320	0.22350105561437592
1321	1321	0.2153264568370698
1322	1322	5.8892478900528875
1323	1323	3.117076331143874
1324	1324	4.915436090170611
1325	1325	1.3505870233426955
1326	1326	1.617880596200195
1327	1327	0.16665556127331527
1328	1328	2.4421405846518476
1329	1329	0.7349331798361096
1330	1330	6.452000104885912
1331	1331	4.755906440516143
1332	1332	0.24011161095768185
1333	1333	0.5679112593136979
1334	1334	0.29730189215728986
1335	1335	0.8425329309905337
1336	1336	7.662729708465666
1337	1337	4.524323750981346
1338	1338	0.767969641281259
1339	1339	1.320056010024312
1340	1340	1.665478200564623
1341	1341	2.2036286397024245
1342	1342	0.5363615891186287
1343	1343	1.4119485593942562
1344	1344	2.6106618267426516
1345	1345	4.369487856032101
1346	1346	0.26192940107760526
1347	1347	5.632534401681526
1348	1348	3.629146474968604
1349	1349	0.12415475996589873
1350	1350	1.449050246963944
1351	1351	0.23259701589890724
1352	1352	1.1062322156323128
1353	1353	1.3584512526384664
1354	1354	2.7281064708437666
1355	1355	5.9474336720793985
1356	1356	4.979407911154696
1357	1357	3.8288274709102494
1358	1358	0.03212832476174129
1359	1359	0.30466559929902964
1360	1360	5.078823367636598
1361	1361	1.7805545416277508
1362	1362	0.98819388495026
1363	1363	0.39900507083123327
1364	1364	0.15880515169894793
1365	1365	1.5143444686939596
1366	1366	4.768741409655029
1367	1367	1.8054049555713425
1368	1368	0.018817937716133725
1369	1369	1.1196865024079843
1370	1370	0.955492872616937
1371	1371	0.2765906545489579
1372	1372	2.248356101746466
1373	1373	1.1574270988233748
1374	1374	2.742118792519547
1375	1375	1.8066938456834654
1376	1376	0.9080503546581814
1377	1377	2.1164531311127073
1378	1378	0.7164700543700527
1379	1379	8.63746802103069
1380	1380	1.3416303032705073
1381	1381	2.5624616377474343
1382	1382	0.39324301402052547
1383	1383	2.991593335571363
1384	1384	0.33962588328750065
1385	1385	1.329642652564859
1386	1386	1.3268606349146972
1387	1387	4.667312948936229
1388	1388	0.19417229502912553
1389	1389	2.1278977637878165
1390	1390	0.0041242371672125045
1391	1391	1.3235924960027092
1392	1392	0.4446141744112412
1393	1393	1.0729514506531301
1394	1394	3.865824292375877
1395	1395	1.4931590581426712
1396	1396	2.3069309718670787
1397	1397	1.2346198653562197
1398	1398	4.238551938043906
1399	1399	1.7221411112712404
1400	1400	0.42388917681318944
1401	1401	3.0075676477315874
1402	1402	0.4271095870687056
1403	1403	3.7016883936033445
1404	1404	4.562340297887499
1405	1405	2.1059199465765928
1406	1406	2.8677241317276
1407	1407	0.825388271140746
1408	1408	0.31804956870278134
1409	1409	0.8857585815698091
1410	1410	0.23961506907967206
1411	1411	1.495666497697986
1412	1412	0.7569751886586613
1413	1413	0.8120813902874231
1414	1414	7.632540728263223
1415	1415	0.3101489297654389
1416	1416	1.5676379062992098
1417	1417	1.9423489180743532
1418	1418	3.369840648494394
1419	1419	3.2174999175593646
1420	1420	3.0586399742891563
1421	1421	2.0808120086748216
1422	1422	2.7373798437161003
1423	1423	5.019453597541998
1424	1424	0.8389393061939628
1425	1425	0.5467246755923931
1426	1426	0.46080148255813763
1427	1427	1.7751442289010397
1428	1428	0.645074328766842
1429	1429	6.876991240595751
1430	1430	1.3170680146470293
1431	1431	5.0466392960545345
1432	1432	2.8595116292133245
1433	1433	9.988019410352846
1434	1434	2.7223609033151512
1435	1435	1.1902861628452313
1436	1436	1.5076319529085016
1437	1437	0.18977534263943985
1438	1438	2.61435892303396
1439	1439	1.188963117091456
1440	1440	1.3344477699578687
1441	1441	0.13890843976513592
1442	1442	3.1865096785045814
1443	1443	0.4121672122343431
1444	1444	0.6655752811984645
1445	1445	1.9623415801494986
1446	1446	2.704791403981528
1447	1447	0.1966080235975681
1448	1448	0.5798187911339587
1449	1449	4.217146049281217
1450	1450	5.09602651013224
1451	1451	1.4298162511737833
1452	1452	11.610180291812144
1453	1453	0.8140482429910908
1454	1454	1.0050591133576474
1455	1455	1.5751750878854498
1456	1456	0.08934024506529281
1457	1457	0.9740796303536635
1458	1458	2.293016085759947
1459	1459	0.06784642607219346
1460	1460	5.199537784815298
1461	1461	2.0129484102556203
1462	1462	0.8660703812906559
1463	1463	0.2234109766302504
1464	1464	8.050364890365595
1465	1465	3.3470941096878404
1466	1466	5.899115852298186
1467	1467	1.8390917608493553
1468	1468	1.2961015880681344
1469	1469	0.13064018513864284
1470	1470	2.7870506392431156
1471	1471	0.10465274910547966
1472	1472	2.555438436715545
1473	1473	0.024360444521110674
1474	1474	1.3795382139795782
1475	1475	0.31703828725771166
1476	1476	5.592702118208308
1477	1477	3.160846888136101
1478	1478	0.33805224001708384
1479	1479	1.471623579659477
1480	1480	2.2713418755931603
1481	1481	3.218953676840275
1482	1482	1.8813253044289004
1483	1483	0.24918922140077712
1484	1484	0.6739086078010051
1485	1485	1.5132243157116
1486	1486	0.129062652051798
1487	1487	3.481746495941942
1488	1488	2.77119964879575
1489	1489	0.2257120500509176
1490	1490	1.071706452929427
1491	1491	0.5759186929460408
1492	1492	2.7821008334959734
1493	1493	3.969555684559511
1494	1494	5.4171143949286895
1495	1495	5.399144521692144
1496	1496	4.932527336516624
1497	1497	0.37695233152859553
1498	1498	2.123309496196302
1499	1499	0.7601382663941398
1500	1500	3.3895817477374854
1501	1501	3.058396227164004
1502	1502	1.3411445209726574
1503	1503	1.999403084757802
1504	1504	0.7539491395621299
1505	1505	1.93934246279431
1506	1506	1.8776064070356713
1507	1507	1.5016232291487492
1508	1508	0.7666240249000025
1509	1509	4.169232012463664
1510	1510	0.46679159610658044
1511	1511	0.16494664593865024
1512	1512	1.1207053012881225
1513	1513	0.5894790043963816
1514	1514	0.7759192153986476
1515	1515	1.5433460269032182
1516	1516	0.15698929208659534
1517	1517	2.3213005172981984
1518	1518	2.0929061658120984
1519	1519	0.2535184845687713
1520	1520	0.43394484402100636
1521	1521	0.46623015591919326
1522	1522	0.4087938685372385
1523	1523	0.8475868363648978
1524	1524	0.6762634991023799
1525	1525	1.5426933921511323
1526	1526	3.793601438807046
1527	1527	0.014135319136957961
1528	1528	5.457328923568025
1529	1529	2.0024374772088316
1530	1530	2.0905015799438034
1531	1531	3.716488857167738
1532	1532	2.371173243333542
1533	1533	0.012148398579269692
1534	1534	0.8214426709985932
1535	1535	2.171592006264564
1536	1536	4.978979352526044
1537	1537	0.2416681926337775
1538	1538	0.2469900626164808
1539	1539	0.837231787197547
1540	1540	1.6034212349881471
1541	1541	0.7221279603332118
1542	1542	1.2727595260665727
1543	1543	5.205097280781279
1544	1544	1.1422238166015484
1545	1545	3.7458075538174933
1546	1546	3.806508375184017
1547	1547	0.5155291022545142
1548	1548	3.9824643386936516
1549	1549	2.014653550350478
1550	1550	0.612333089726232
1551	1551	0.9885327728526017
1552	1552	6.974483310316972
1553	1553	0.011407368438086965
1554	1554	0.04676669520758305
1555	1555	2.2074526599221986
1556	1556	0.6182763666232249
1557	1557	0.6931116647759217
1558	1558	4.221216676151966
1559	1559	2.2911333411455064
1560	1560	0.6906192378669876
1561	1561	2.8247317667704843
1562	1562	0.2707852916836301
1563	1563	0.7006993460318462
1564	1564	2.5306271243689866
1565	1565	5.163771103931554
1566	1566	0.25565348912520774
1567	1567	2.16144647506742
1568	1568	1.059743988100415
1569	1569	0.29072346080392647
1570	1570	0.18370292616877967
1571	1571	0.3343165797942956
1572	1572	2.1951585925915085
1573	1573	0.9765303854352924
1574	1574	0.4376461817614741
1575	1575	1.9098693559263495
1576	1576	4.418184554316152
1577	1577	3.5942464392405093
1578	1578	1.0907396077468998
1579	1579	3.8024192403035815
1580	1580	0.6707065458334436
1581	1581	0.09676989790920247
1582	1582	4.393739388458618
1583	1583	1.508151891322538
1584	1584	0.3500067325934928
1585	1585	3.152580851846186
1586	1586	0.5626297057964426
1587	1587	1.6951538489433409
1588	1588	7.725176202622
1589	1589	0.07208035256907389
1590	1590	1.9114005530348237
1591	1591	0.5241569650008914
1592	1592	0.2231300373375952
1593	1593	1.2554894009353752
1594	1594	6.621915547749132
1595	1595	1.8603921811080564
1596	1596	2.467371503584888
1597	1597	0.6623925782741713
1598	1598	2.1127718097798374
1599	1599	3.24824341103612
1600	1600	0.010649477600235883
1601	1601	1.0662648248543818
1602	1602	1.6358232031810505
1603	1603	0.33397767800489475
1604	1604	0.7378812198412659
1605	1605	3.115335576228992
1606	1606	3.7770894494273706
1607	1607	0.007815072999796124
1608	1608	0.5467388461679719
1609	1609	0.7231705672221354
1610	1610	10.120632091113619
1611	1611	0.5918853948063849
1612	1612	0.6786390830227511
1613	1613	0.41598981759211223
1614	1614	3.298526733490723
1615	1615	2.1773504077965757
1616	1616	1.8908144151574728
1617	1617	0.5074455881654322
1618	1618	6.123017732274406
1619	1619	2.6240523148649575
1620	1620	2.9881191162200262
1621	1621	3.0556397729353404
1622	1622	0.7202153469411215
1623	1623	2.2373693412504
1624	1624	2.4323212558899474
1625	1625	0.6692754346075899
1626	1626	0.8282634711957236
1627	1627	1.8166921186929201
1628	1628	0.2886691795530813
1629	1629	0.27223904337649085
1630	1630	2.720251383835881
1631	1631	0.5885167660272812
1632	1632	5.118067537303715
1633	1633	1.356027879299584
1634	1634	5.741936081838048
1635	1635	1.6765772061877324
1636	1636	0.7772613264206855
1637	1637	0.5342228095214899
1638	1638	2.4901468192565193
1639	1639	0.2590592111268192
1640	1640	0.18371356353468277
1641	1641	4.073181693868117
1642	1642	0.002700233223672985
1643	1643	4.5573953071173845
1644	1644	2.140102986003281
1645	1645	4.88647910976949
1646	1646	4.715463182453533
1647	1647	4.763230457657675
1648	1648	1.4798969086763585
1649	1649	0.04407970413306191
1650	1650	3.937932090972389
1651	1651	3.9554299237727157
1652	1652	1.8575718836381103
1653	1653	0.03437359661208151
1654	1654	2.7705584292376026
1655	1655	4.747507778509342
1656	1656	0.38543501890979404
1657	1657	1.2966390226094684
1658	1658	0.9204824639867665
1659	1659	0.2657563425966785
1660	1660	1.9440032111600425
1661	1661	0.7708615848232538
1662	1662	4.931394025464518
1663	1663	9.235623714259942
1664	1664	5.567710483707174
1665	1665	3.686263763923787
1666	1666	2.5395563430498225
1667	1667	1.5164151421649679
1668	1668	1.9570879902134568
1669	1669	4.158235717193476
1670	1670	2.859618968652428
1671	1671	2.0112817160768235
1672	1672	2.8932539373073385
1673	1673	0.24417910235312493
1674	1674	7.5356803025194585
1675	1675	0.9058527069745179
1676	1676	4.349056642825667
1677	1677	3.088651550105571
1678	1678	2.1812116455736295
1679	1679	1.7728319290648613
1680	1680	2.6002398779830638
1681	1681	0.025274896502389142
1682	1682	0.2640294403031216
1683	1683	0.9674082373033684
1684	1684	3.8103919922176135
1685	1685	0.8137006891466232
1686	1686	0.4108430303061061
1687	1687	1.3069342486423574
1688	1688	0.5222171988149136
1689	1689	4.119859825293819
1690	1690	0.6792183212732751
1691	1691	0.164471544428541
1692	1692	0.9147562595810127
1693	1693	0.22659856993295824
1694	1694	2.1372659018354856
1695	1695	1.5966227457237865
1696	1696	1.0584576799961944
1697	1697	1.806436445224816
1698	1698	4.930193533663911
1699	1699	1.3847042753195697
1700	1700	0.9057877112233099
1701	1701	3.904680896358055
1702	1702	2.831094118767116
1703	1703	1.0162740738488518
1704	1704	0.853369799703957
1705	1705	2.9802111362068753
1706	1706	2.5855616287562846
1707	1707	4.665465953439492
1708	1708	5.082979295196579
1709	1709	1.2856071410951273
1710	1710	0.37465644659135483
1711	1711	1.9563344019340128
1712	1712	0.2431188376068024
1713	1713	4.435325133379065
1714	1714	4.8308669539685845
1715	1715	5.313716039594565
1716	1716	1.972290480707533
1717	1717	0.7539148798543693
1718	1718	3.401941448100993
1719	1719	0.521150430187014
1720	1720	1.963610700497053
1721	1721	1.4484822836522468
1722	1722	4.455699682389454
1723	1723	0.6644096641034872
1724	1724	4.517743166874941
1725	1725	0.24703070000835853
1726	1726	1.1885087786602193
1727	1727	5.2620096356968675
1728	1728	6.789452590737453
1729	1729	3.3651412289920133
1730	1730	0.19669927681438396
1731	1731	2.769659713458939
1732	1732	0.9789833842727018
1733	1733	0.04946309333655669
1734	1734	3.4494983033725632
1735	1735	2.199071088409144
1736	1736	0.9319939353630706
1737	1737	0.005693567260623868
1738	1738	2.1939876373095015
1739	1739	0.6502471022209221
1740	1740	0.21240797168141984
1741	1741	7.037229540197262
1742	1742	3.581345839477255
1743	1743	2.266742991096282
1744	1744	0.6194554098670069
1745	1745	0.7122678034534289
1746	1746	0.15656489124550058
1747	1747	1.167751087430108
1748	1748	0.785700985375456
1749	1749	0.09817609090161086
1750	1750	1.842133567553651
1751	1751	2.318011665051253
1752	1752	0.5712431805251119
1753	1753	1.634366727630709
1754	1754	1.1626541130868493
1755	1755	1.6158849288162462
1756	1756	3.6276421621973123
1757	1757	0.5803789816300482
1758	1758	1.5047115164657783
1759	1759	1.876790099316168
1760	1760	0.33194319401257066
1761	1761	0.894129733053812
1762	1762	3.597658395643488
1763	1763	0.24322521151076484
1764	1764	1.1698594112703553
1765	1765	2.5131710973912313
1766	1766	1.6668917831194692
1767	1767	2.1880408477417186
1768	1768	5.0013719805946115
1769	1769	2.0945172572563724
1770	1770	2.141982581708778
1771	1771	2.9726397840247656
1772	1772	13.856144618984327
1773	1773	0.41212459535029117
1774	1774	1.7610992210410386
1775	1775	0.8921788045527834
1776	1776	1.4240210001144609
1777	1777	0.9313070894749795
1778	1778	0.6908987279490945
1779	1779	0.45008088358370923
1780	1780	0.608291668867668
1781	1781	0.3378960280482024
1782	1782	0.1225474137257211
1783	1783	1.9809108781177323
1784	1784	0.41612626337215564
1785	1785	3.3730536435847784
1786	1786	1.316750639921343
1787	1787	1.258617977398635
1788	1788	0.6002947490252662
1789	1789	0.49893795022697823
1790	1790	0.7335060610070648
1791	1791	0.42434109850306373
1792	1792	1.0826581472258436
1793	1793	7.217091569628346
1794	1794	1.0423122742622062
1795	1795	3.6099053144830306
1796	1796	1.437253443454996
1797	1797	0.3043411443550449
1798	1798	5.102768408885921
1799	1799	0.313349363360961
1800	1800	4.739926167997465
1801	1801	1.3508698985370287
1802	1802	3.4526881579871818
1803	1803	0.9223918737664889
1804	1804	1.0814121874441462
1805	1805	0.46686911176823603
1806	1806	1.9024674963975978
1807	1807	1.4075256428126575
1808	1808	0.6579191062326136
1809	1809	1.9520721124244844
1810	1810	7.413958793577632
1811	1811	4.330660552023749
1812	1812	2.5094839056097356
1813	1813	1.750765640622292
1814	1814	2.840273290669809
1815	1815	0.27439928442260164
1816	1816	1.5356494215139966
1817	1817	1.5689914797269133
1818	1818	0.5059688722434603
1819	1819	0.4411550703937184
1820	1820	5.350334391729612
1821	1821	5.494946263607698
1822	1822	1.9301358143003104
1823	1823	2.1018317080110855
1824	1824	2.1461043395317785
1825	1825	0.5145240766931639
1826	1826	3.3670284175770004
1827	1827	5.25259822580185
1828	1828	1.533197531156075
1829	1829	1.4745377757005214
1830	1830	0.6695895720347868
1831	1831	0.44744699761890594
1832	1832	1.0594266255856961
1833	1833	2.1186414327787513
1834	1834	0.562764156278902
1835	1835	6.357398445653884
1836	1836	0.14202660476149662
1837	1837	0.5793430778151677
1838	1838	0.4686937670120314
1839	1839	0.5446077225166605
1840	1840	0.9987279278307576
1841	1841	0.2526031837319167
1842	1842	0.32317992357335823
1843	1843	0.632710445587408
1844	1844	1.8196901396628058
1845	1845	1.06832534595801
1846	1846	2.60265855576781
1847	1847	4.37614877933385
1848	1848	0.6570539681066403
1849	1849	2.5891958654273366
1850	1850	2.992979181270266
1851	1851	1.4221806374161867
1852	1852	1.225771833218179
1853	1853	3.0675366606365917
1854	1854	1.3199801099900867
1855	1855	4.815564209527175
1856	1856	2.0393121240336263
1857	1857	5.473251732280872
1858	1858	0.5239346663821356
1859	1859	7.442788032034766
1860	1860	1.5278206093482065
1861	1861	1.2052751651811007
1862	1862	0.33889894581601837
1863	1863	0.290691942807255
1864	1864	0.142835972574392
1865	1865	0.3820781295609253
1866	1866	0.48869890983377917
1867	1867	2.983977175110749
1868	1868	2.557326899843331
1869	1869	8.922766871927696
1870	1870	0.9433336318240265
1871	1871	0.04648451047074101
1872	1872	2.5546997343298328
1873	1873	2.2114812323291773
1874	1874	2.2698556128009755
1875	1875	2.7024602022347026
1876	1876	2.310594167024227
1877	1877	0.538305722000652
1878	1878	1.0259593710761787
1879	1879	6.501656657891115
1880	1880	2.712037852900594
1881	1881	6.653988594540884
1882	1882	5.081036610414408
1883	1883	3.0172546614342983
1884	1884	4.584404109779949
1885	1885	1.242655310618279
1886	1886	0.17212377544072474
1887	1887	3.0873198940538638
1888	1888	0.27362463903057116
1889	1889	0.031312388240508915
1890	1890	1.4322432895940356
1891	1891	5.172648161048514
1892	1892	0.010032096509090257
1893	1893	8.433231280560936
1894	1894	0.047649316213908444
1895	1895	0.33585934784268956
1896	1896	1.142893133284956
1897	1897	1.117372828608544
1898	1898	1.3620027931141079
1899	1899	0.47027205917661696
1900	1900	3.870164247009092
1901	1901	2.5084061834401994
1902	1902	1.7525437206163725
1903	1903	2.841076752458988
1904	1904	1.8793041368741623
1905	1905	0.963177948829265
1906	1906	0.4184517442930752
1907	1907	6.51656950096369
1908	1908	1.5987268180708298
1909	1909	1.8231457557587962
1910	1910	2.411253470372999
1911	1911	1.7533168291346384
1912	1912	3.481155828657755
1913	1913	0.8178158936993919
1914	1914	0.7146316423582391
1915	1915	5.77071045599484
1916	1916	1.273879286618515
1917	1917	1.153073650081415
1918	1918	3.5503272785577176
1919	1919	2.27390064804038
1920	1920	4.133989103417219
1921	1921	0.06063491835078882
1922	1922	5.152875852990665
1923	1923	0.9048089243097287
1924	1924	4.770327325809038
1925	1925	3.281548859575425
1926	1926	0.5274960148221302
1927	1927	0.20099927118958164
1928	1928	1.215959450779323
1929	1929	0.11820507254061528
1930	1930	3.276410256160017
1931	1931	2.839251386836915
1932	1932	0.2426032503652085
1933	1933	5.144077888947436
1934	1934	0.5098541237432024
1935	1935	3.618039857512139
1936	1936	1.2303026741571796
1937	1937	0.05195939360021212
1938	1938	0.5435483393046947
1939	1939	0.3949176532771002
1940	1940	0.18841559258912077
1941	1941	2.4532752645009164
1942	1942	0.22266944611267184
1943	1943	1.1384627970788608
1944	1944	2.349615510306428
1945	1945	5.104185307813177
1946	1946	0.31160423515684993
1947	1947	2.8987924393463085
1948	1948	1.789421900806696
1949	1949	3.581298996273422
1950	1950	4.37393151206462
1951	1951	2.136310829573775
1952	1952	1.229377721079893
1953	1953	1.5718504502459438
1954	1954	0.5088455594738424
1955	1955	0.1459007667768706
1956	1956	0.22112305307012536
1957	1957	2.893676381264534
1958	1958	0.7468695539991137
1959	1959	1.0170471303300042
1960	1960	1.4030172300449804
1961	1961	2.1433447677805435
1962	1962	1.9736288362519983
1963	1963	2.5210221430007795
1964	1964	1.9016432753443708
1965	1965	0.26366450331927677
1966	1966	0.6578284014020417
1967	1967	0.030745279583030697
1968	1968	3.335997090921861
1969	1969	3.518936703994278
1970	1970	0.6224688560271425
1971	1971	1.9703419744940747
1972	1972	2.242712667970041
1973	1973	3.0751315118332023
1974	1974	3.765494231044135
1975	1975	5.50142255906116
1976	1976	0.17359251109136367
1977	1977	4.478232905174956
1978	1978	3.34607191353178
1979	1979	1.2693690152791097
1980	1980	1.6277983465926582
1981	1981	5.029031647305113
1982	1982	3.8953555714894126
1983	1983	0.1732960674639118
1984	1984	1.539349454712798
1985	1985	3.6292726246347846
1986	1986	2.4809081027098596
1987	1987	2.6288083854365993
1988	1988	1.6938020490460786
1989	1989	1.1335988253358167
1990	1990	2.513763127065337
1991	1991	2.8546826473938296
1992	1992	3.6267860157051013
1993	1993	0.9124260767149636
1994	1994	1.3512896487672905
1995	1995	0.8659218438856755
1996	1996	0.47232979279345677
1997	1997	0.09699311773095874
1998	1998	8.028311615511448
1999	1999	0.7653385002311722
2000	2000	4.796933422582272
2001	2001	1.0915011622916042
2002	2002	1.4644049257958422
2003	2003	0.3247635561835184
2004	2004	0.0289361940343546
2005	2005	1.400477667309728
2006	2006	1.8386224188957025
2007	2007	0.2088200364624746
2008	2008	0.18884194562310008
2009	2009	3.212715070725285
2010	2010	1.0591959931601542
2011	2011	0.3119498984179442
2012	2012	6.69962124258907
2013	2013	0.3285001633883237
2014	2014	1.1064077520797377
2015	2015	0.9441114457179471
2016	2016	3.0427026522443676
2017	2017	0.5400343286728249
2018	2018	0.5178935328170629
2019	2019	0.6930839079658229
2020	2020	4.0524570887915035
2021	2021	0.8719848526646563
2022	2022	1.5358184010408067
2023	2023	2.6732810732001573
2024	2024	0.8827750109120226
2025	2025	0.9053259280456659
2026	2026	0.7546614750626701
2027	2027	1.2893440691227853
2028	2028	5.284412096224444
2029	2029	2.046708720768752
2030	2030	1.2202503414285144
2031	2031	0.7581827289464905
2032	2032	4.861721777254029
2033	2033	1.2923941665904264
2034	2034	0.4093720774728346
2035	2035	2.2696717789505096
2036	2036	0.9903339554828614
2037	2037	2.2419341288549837
2038	2038	1.721356890128833
2039	2039	7.675413069801754
2040	2040	2.502417209786846
2041	2041	4.512560342620669
2042	2042	1.059215588438991
2043	2043	2.9353066699054975
2044	2044	2.0697302364660373
2045	2045	1.0662930933171313
2046	2046	0.5141574833718014
2047	2047	2.1313143383105406
2048	2048	1.6426306822577255
2049	2049	0.8787563321308425
2050	2050	9.01259669856378
2051	2051	0.14731120279274582
2052	2052	1.9257610602428825
2053	2053	1.2668671423275235
2054	2054	2.1399343197608998
2055	2055	4.88501708500313
2056	2056	2.164765110396968
2057	2057	1.8141041780213083
2058	2058	0.8062387551521945
2059	2059	0.7312441724603914
2060	2060	3.4711489767174952
2061	2061	0.5449982126886488
2062	2062	8.316544906329081
2063	2063	6.424547852969253
2064	2064	1.4285635236126129
2065	2065	0.32236722835323206
2066	2066	1.4725202502608208
2067	2067	0.7402507169959824
2068	2068	3.699615535613699
2069	2069	0.1692141031078598
2070	2070	0.29096380267329225
2071	2071	2.2278718925774386
2072	2072	5.608333381763182
2073	2073	1.3216470441696118
2074	2074	2.409351268425377
2075	2075	0.41173631677972766
2076	2076	4.133377204021618
2077	2077	0.053051303998966716
2078	2078	1.9857941839138933
2079	2079	2.0072570219382024
2080	2080	1.4664478355060442
2081	2081	0.28078260605711636
2082	2082	1.0438035918476525
2083	2083	0.06597294162864242
2084	2084	0.1674379577337157
2085	2085	7.3414131249725365
2086	2086	1.2654397085295623
2087	2087	1.4230402213143176
2088	2088	0.6130563223827913
2089	2089	0.40362090599090006
2090	2090	2.0418024950584552
2091	2091	1.590497010139451
2092	2092	3.2722269750078836
2093	2093	2.092426155202092
2094	2094	3.0739564610193115
2095	2095	2.0490322230633478
2096	2096	7.7873852531626255
2097	2097	1.0311065764144423
2098	2098	1.863520795769513
2099	2099	1.9531277506115068
2100	2100	0.156312544768653
2101	2101	0.4859176582784416
2102	2102	1.2844873314245835
2103	2103	2.6161343665583483
2104	2104	2.4282453913220023
2105	2105	0.21529708755608915
2106	2106	1.1357993039889145
2107	2107	1.202806652861453
2108	2108	0.3010148774201586
2109	2109	6.5640217433075305
2110	2110	3.5827881448489376
2111	2111	2.573079234832875
2112	2112	0.6320811986189449
2113	2113	1.2741605389503787
2114	2114	1.0657083681363755
2115	2115	1.9952709672006035
2116	2116	5.302604338400334
2117	2117	0.23184587423287556
2118	2118	1.5046970271916402
2119	2119	4.115333186343598
2120	2120	3.4213524367496415
2121	2121	1.2911171113549975
2122	2122	2.331841788071041
2123	2123	1.500414860536834
2124	2124	1.3642104490526183
2125	2125	0.8552624456519762
2126	2126	1.2538248270949128
2127	2127	8.769144435121731
2128	2128	1.9006511799531125
2129	2129	2.1195742685915877
2130	2130	0.29303030476281894
2131	2131	1.6743423479159525
2132	2132	1.3853180516615893
2133	2133	6.028580805540163
2134	2134	10.081363948689768
2135	2135	0.34981316447969174
2136	2136	0.8327076289240883
2137	2137	0.8392527341620837
2138	2138	0.581570581187141
2139	2139	2.7428481769248125
2140	2140	1.7918830045717227
2141	2141	3.653985764909667
2142	2142	0.6855628249588013
2143	2143	0.26053699524330604
2144	2144	1.2047937618705524
2145	2145	1.4990046421410972
2146	2146	4.9709210784305515
2147	2147	5.581985699034375
2148	2148	4.297623733925061
2149	2149	3.2077385552722495
2150	2150	1.1086370867355995
2151	2151	2.063367816365139
2152	2152	3.5635530108220115
2153	2153	2.9171685455799468
2154	2154	0.6354441182569981
2155	2155	0.7099559029861243
2156	2156	3.840496008841814
2157	2157	0.8171056561072215
2158	2158	0.1472099172835818
2159	2159	2.7162863622834528
2160	2160	4.20885077505773
2161	2161	2.3555688971587636
2162	2162	0.893913796318613
2163	2163	3.108933917955515
2164	2164	6.377531994143668
2165	2165	0.5619123547391871
2166	2166	5.718621583101019
2167	2167	1.0357032685952188
2168	2168	1.9328542265180855
2169	2169	1.945526515612441
2170	2170	1.304786035780619
2171	2171	1.608688573605421
2172	2172	0.5780148774227045
2173	2173	6.847602656096696
2174	2174	4.23744033213929
2175	2175	0.08939661321719135
2176	2176	0.07958058330169454
2177	2177	0.2536776897346348
2178	2178	3.7299309907335334
2179	2179	0.043916408784667224
2180	2180	0.7712923063472913
2181	2181	1.73374480757722
2182	2182	4.9022036209812105
2183	2183	1.0173424900783539
2184	2184	0.5753781319067326
2185	2185	2.8493662886357503
2186	2186	0.7236807309078854
2187	2187	0.13462101246168515
2188	2188	0.42331583892047026
2189	2189	1.9082662048326422
2190	2190	0.8776405125077569
2191	2191	1.952547635418915
2192	2192	3.007689919765146
2193	2193	0.34876761618657254
2194	2194	0.39784366033251817
2195	2195	1.5309928392689267
2196	2196	5.994616314767983
2197	2197	3.505299480643037
2198	2198	2.0562875656768376
2199	2199	1.654691758747251
2200	2200	1.3528753849693016
2201	2201	1.552393746336121
2202	2202	3.601767134941036
2203	2203	4.7517424330098095
2204	2204	4.165953476377091
2205	2205	1.7513583126468664
2206	2206	1.331349450201023
2207	2207	0.41697854797145256
2208	2208	6.508817325154835
2209	2209	0.7296356854650113
2210	2210	1.0863166794666912
2211	2211	2.2455008352961077
2212	2212	2.0048153012126537
2213	2213	0.4069128222607265
2214	2214	6.160237922234749
2215	2215	2.8922996287595963
2216	2216	0.20512640284808825
2217	2217	1.2098538813731918
2218	2218	0.34114263723849847
2219	2219	0.2558045581838079
2220	2220	0.05919683332245779
2221	2221	1.8415850836924237
2222	2222	1.1631031130957479
2223	2223	1.0497873946814447
2224	2224	2.6633116589342216
2225	2225	0.6182837508042027
2226	2226	3.792179431600626
2227	2227	0.8691788617608839
2228	2228	0.11482141421374442
2229	2229	1.168882364853182
2230	2230	4.944462356577078
2231	2231	1.4096045071648131
2232	2232	1.075620560440777
2233	2233	0.036482132367685646
2234	2234	0.7158044742926996
2235	2235	0.4596440441553722
2236	2236	5.035049573718323
2237	2237	8.844670760814326
2238	2238	2.3271548410455742
2239	2239	0.6407042418158535
2240	2240	1.0626926463760558
2241	2241	7.897640503006721
2242	2242	2.6365354338489193
2243	2243	0.7940747640609351
2244	2244	2.9785748429270225
2245	2245	2.4082239647934895
2246	2246	3.5831140135860813
2247	2247	0.2323661568962172
2248	2248	0.8461757491274184
2249	2249	2.4965282292746878
2250	2250	0.02269337514708599
2251	2251	1.5472655513358151
2252	2252	1.159174133490036
2253	2253	2.582558775946474
2254	2254	2.870927536081442
2255	2255	4.8961135775935425
2256	2256	0.9057204167142655
2257	2257	0.8327904148863755
2258	2258	0.28501165770968834
2259	2259	0.2919090455277791
2260	2260	0.46367399197738945
2261	2261	0.6363909692805764
2262	2262	0.6680302749905156
2263	2263	2.2207172100487136
2264	2264	3.3230110745959243
2265	2265	2.0629327298639977
2266	2266	1.0780361114646415
2267	2267	0.11553561663656717
2268	2268	1.5967084319274762
2269	2269	2.3277876075646784
2270	2270	0.8460344020061205
2271	2271	3.1214337499180864
2272	2272	1.9436223701219804
2273	2273	6.751482365563542
2274	2274	6.854279674028611
2275	2275	0.5385204758258286
2276	2276	0.3305343264029305
2277	2277	1.0651165647889451
2278	2278	2.875704608552297
2279	2279	0.2455810428348739
2280	2280	8.088518102650445
2281	2281	0.6399088143077716
2282	2282	1.980549444972495
2283	2283	4.698885761382304
2284	2284	3.202540455660836
2285	2285	0.5763740975714241
2286	2286	3.5686763234968972
2287	2287	1.0411716812708296
2288	2288	2.0255720266798978
2289	2289	4.945556159001646
2290	2290	2.730750252923238
2291	2291	5.961912391960496
2292	2292	7.001076118661443
2293	2293	2.0975920409996065
2294	2294	7.889227465930088
2295	2295	3.272273798612775
2296	2296	3.18757250614589
2297	2297	3.994993290479515
2298	2298	2.825927863389537
2299	2299	0.6031183634091887
2300	2300	1.451436949712342
2301	2301	7.873444254145872
2302	2302	0.5151707560829992
2303	2303	0.6437901405705816
2304	2304	1.1013195624155714
2305	2305	8.18576829737986
2306	2306	0.4835928440751
2307	2307	7.253059128594
2308	2308	2.1337587173391164
2309	2309	0.2959833153266872
2310	2310	4.0491057166771185
2311	2311	1.7115930959655874
2312	2312	2.57552399142488
2313	2313	0.47469218876559044
2314	2314	5.427456739268121
2315	2315	0.32234258840383756
2316	2316	2.5487130148731296
2317	2317	1.0192676848740798
2318	2318	1.027372104327367
2319	2319	4.341502303778661
2320	2320	0.228784776139369
2321	2321	0.8922972475727272
2322	2322	1.7337319339998833
2323	2323	1.6778558325940778
2324	2324	1.5238773092104962
2325	2325	1.117036981544968
2326	2326	2.623565121949987
2327	2327	0.4418082688184021
2328	2328	0.0991809936425225
2329	2329	1.3631268636606337
2330	2330	6.259751941637258
2331	2331	1.194860013416037
2332	2332	0.1071105781758034
2333	2333	15.036841806342721
2334	2334	0.20477613635471392
2335	2335	4.034348744180797
2336	2336	4.432806689055949
2337	2337	3.6817632700651632
2338	2338	3.4567939711870297
2339	2339	3.167372575813179
2340	2340	1.7457415065967088
2341	2341	1.0367517374027515
2342	2342	4.892099624590908
2343	2343	3.102989031973754
2344	2344	6.246621328937368
2345	2345	0.20874482344915957
2346	2346	1.4818782979290763
2347	2347	5.309471674098313
2348	2348	0.02052992878358618
2349	2349	2.246599933690546
2350	2350	2.4004284465942085
2351	2351	1.3191899926379604
2352	2352	3.182478124358335
2353	2353	0.44389859392212827
2354	2354	2.2272576635568075
2355	2355	0.4864493324690077
2356	2356	16.715426688795194
2357	2357	1.6134997037986638
2358	2358	0.18066706449335573
2359	2359	3.717975963791121
2360	2360	1.1242273908993679
2361	2361	0.8273806707808884
2362	2362	2.604084555330807
2363	2363	3.641845801594593
2364	2364	3.036280606951043
2365	2365	2.5898120780585976
2366	2366	2.3435582067976974
2367	2367	0.4248098412747275
2368	2368	2.130726674755327
2369	2369	2.6018847633592403
2370	2370	2.2466340458756697
2371	2371	0.02354033674708562
2372	2372	0.25122918906115427
2373	2373	1.8488731622329049
2374	2374	5.242110121208407
2375	2375	3.0402295295178448
2376	2376	0.3005420487084435
2377	2377	2.166647960569764
2378	2378	0.5360497600265498
2379	2379	2.160009035314435
2380	2380	0.7315766344003828
2381	2381	0.3147865050438361
2382	2382	0.8161563850335992
2383	2383	2.0276243955488784
2384	2384	1.1102020502821583
2385	2385	0.3355455355519848
2386	2386	1.7323749467047456
2387	2387	1.4780003554967764
2388	2388	3.3170194944444753
2389	2389	0.4870744939932678
2390	2390	0.9816699339353973
2391	2391	1.2239723428405458
2392	2392	0.5626575073971831
2393	2393	1.3697694062809394
2394	2394	2.7875258117775354
2395	2395	2.943242098703493
2396	2396	2.5588256581467514
2397	2397	1.1493210070994104
2398	2398	1.0550176177228512
2399	2399	0.3317501693459452
2400	2400	0.04844072299302446
2401	2401	0.6800050269992469
2402	2402	0.0019045264264530353
2403	2403	0.5696458499283517
2404	2404	1.276445294386321
2405	2405	0.48524899991954057
2406	2406	1.7299455635109506
2407	2407	0.03997559524428433
2408	2408	0.020751200023862073
2409	2409	0.5059813584537479
2410	2410	1.867076294622782
2411	2411	0.955773878943282
2412	2412	1.6553018761575624
2413	2413	3.7292583781552158
2414	2414	2.5415315050460072
2415	2415	0.3439968131928368
2416	2416	3.0015779146921138
2417	2417	0.6366043199753623
2418	2418	1.4074210617650722
2419	2419	0.7439123100164742
2420	2420	4.516695134573404
2421	2421	0.5912416845486015
2422	2422	0.5674878847743288
2423	2423	1.1023927312553363
2424	2424	0.0044246310557226505
2425	2425	0.7912892839032466
2426	2426	1.5496159125494333
2427	2427	0.5640016002546911
2428	2428	0.08587555833858881
2429	2429	0.0913194533488872
2430	2430	0.4889795063092712
2431	2431	6.2387703720278465
2432	2432	4.479950858195146
2433	2433	0.7154049504844776
2434	2434	2.7990818252616076
2435	2435	1.7407453953749517
2436	2436	1.5200019703932492
2437	2437	3.5771194616963164
2438	2438	1.0124037919454247
2439	2439	0.8116537442463684
2440	2440	0.9277234015014878
2441	2441	3.5534575035431324
2442	2442	0.8217182207585885
2443	2443	0.485701709804258
2444	2444	0.5008974113924641
2445	2445	0.042083531347624464
2446	2446	3.415558826805085
2447	2447	0.9464165776884398
2448	2448	0.4468336337285638
2449	2449	1.7836170143466963
2450	2450	0.8616842998762632
2451	2451	2.438268748068141
2452	2452	1.1569157894934003
2453	2453	6.43353442274548
2454	2454	0.43820317112461155
2455	2455	1.967318463352624
2456	2456	0.21338261017786692
2457	2457	0.46909618626618377
2458	2458	3.986397625476316
2459	2459	2.543823963364025
2460	2460	1.1843008577719394
2461	2461	0.7167660520130593
2462	2462	0.4903498781988596
2463	2463	1.7507959713315473
2464	2464	2.2301662049737097
2465	2465	0.30982790136368654
2466	2466	1.6603741642621481
2467	2467	6.558716130278049
2468	2468	6.931365872052122
2469	2469	2.014338502159872
2470	2470	2.9394078208448797
2471	2471	0.16831958621124776
2472	2472	0.45291787940561246
2473	2473	6.3087319339542995
2474	2474	0.4229475667295728
2475	2475	3.9172005164277603
2476	2476	4.366414683245705
2477	2477	5.530115527819182
2478	2478	13.605749524949758
2479	2479	1.6086652737006752
2480	2480	3.128346719871507
2481	2481	1.5849892259031395
2482	2482	2.1789124226522314
2483	2483	0.05083361486019726
2484	2484	1.597934124590896
2485	2485	0.9106376491167688
2486	2486	9.507917230295318
2487	2487	0.12103913791551783
2488	2488	1.0530850342992635
2489	2489	0.8937167769697141
2490	2490	1.1134254257660994
2491	2491	2.584985492586111
2492	2492	4.817997641220592
2493	2493	0.4544496089831671
2494	2494	5.3344295644326944
2495	2495	2.336950685763901
2496	2496	0.5961310068433253
2497	2497	1.8443283253092153
2498	2498	0.11591461215261815
2499	2499	1.1670901036920296
2500	2500	2.0725893257184267
2501	2501	6.009258454389834
2502	2502	0.9590939055297872
2503	2503	3.0666022180510324
2504	2504	0.344748820416004
2505	2505	7.3709369927751665
2506	2506	0.2141698636914773
2507	2507	2.154662818559657
2508	2508	3.48417782195616
2509	2509	2.1432461683787247
2510	2510	0.3787766291706702
2511	2511	4.872861786941093
2512	2512	0.744214414886051
2513	2513	1.243339731601815
2514	2514	5.624450292355118
2515	2515	3.64034389006809
2516	2516	4.568941544605777
2517	2517	5.724762582728577
2518	2518	0.7747245965671786
2519	2519	1.4747434489231688
2520	2520	0.16326219839473952
2521	2521	2.517603574312793
2522	2522	4.028429639535619
2523	2523	1.884267519308477
2524	2524	0.8176337175404342
2525	2525	1.0600483149426374
2526	2526	2.435802802837828
2527	2527	1.4337211295115857
2528	2528	0.35459169981826494
2529	2529	0.1514897473065024
2530	2530	0.11447432453629451
2531	2531	7.469816372021796
2532	2532	0.7838027892396159
2533	2533	0.8762036008819716
2534	2534	0.3103550496650818
2535	2535	0.8013282059246412
2536	2536	2.257011498572273
2537	2537	6.574544606777467
2538	2538	1.8668739995576287
2539	2539	1.128958915064269
2540	2540	1.2181973801251686
2541	2541	0.27810323559018824
2542	2542	6.673367714004412
2543	2543	1.4835281256223551
2544	2544	0.4798731683400035
2545	2545	0.42033585050668515
2546	2546	3.210628669345427
2547	2547	1.2832562456431036
2548	2548	4.4309046994108074
2549	2549	1.219316682108321
2550	2550	2.0331971158417907
2551	2551	0.30563172971464747
2552	2552	6.0119406513810425
2553	2553	7.035779248691165
2554	2554	5.6828867337011175
2555	2555	8.15288113241359
2556	2556	4.427281468008944
2557	2557	3.064187567810864
2558	2558	1.5503224263451332
2559	2559	1.9691984753163962
2560	2560	7.300542512122889
2561	2561	0.47754473041016626
2562	2562	0.47451780975100705
2563	2563	1.1307895835610262
2564	2564	2.746427941502452
2565	2565	2.5247854802618863
2566	2566	0.8038938074490624
2567	2567	1.2134372704261156
2568	2568	1.3852626910814902
2569	2569	4.203312415874664
2570	2570	5.797148267635628
2571	2571	3.705874601412773
2572	2572	0.39242711039516154
2573	2573	1.7476329672394482
2574	2574	2.5187603870376507
2575	2575	0.08140510800421945
2576	2576	1.6926677214312704
2577	2577	9.737545532344626
2578	2578	2.8710361326501252
2579	2579	5.307606639633144
2580	2580	0.37168006812347043
2581	2581	2.2968327416759964
2582	2582	0.9095270910444483
2583	2583	2.5094363850710493
2584	2584	0.18570403909771094
2585	2585	0.36306931010208
2586	2586	0.20050755156699498
2587	2587	2.3187622550303204
2588	2588	0.4025072480922702
2589	2589	0.835427279353896
2590	2590	0.36767098000587245
2591	2591	0.14937779357315759
2592	2592	3.727616522258881
2593	2593	3.215115372751168
2594	2594	0.029821416727251526
2595	2595	2.4376443941269543
2596	2596	5.273649692916505
2597	2597	1.4872942087217553
2598	2598	0.9449122022525793
2599	2599	5.801447676517885
2600	2600	1.263351471373485
2601	2601	3.933664611079032
2602	2602	0.9594765485194906
2603	2603	4.442126914607103
2604	2604	3.436139486346105
2605	2605	1.1299814148959633
2606	2606	0.7713829164823541
2607	2607	0.3930055703950911
2608	2608	1.146617095225352
2609	2609	0.8593858813561757
2610	2610	0.6887272264992268
2611	2611	0.5601681956120149
2612	2612	0.12427885014991345
2613	2613	0.8601910135894718
2614	2614	1.8903070774842452
2615	2615	1.581960524735817
2616	2616	3.0391892633921116
2617	2617	0.6950612343050451
2618	2618	0.15033626645764375
2619	2619	1.9430564090816689
2620	2620	3.858419197114908
2621	2621	0.18559439788566845
2622	2622	0.140308474415922
2623	2623	3.0046137389775387
2624	2624	0.19597447693856945
2625	2625	0.9588572060472587
2626	2626	2.1656317677592076
2627	2627	1.2037483222060439
2628	2628	0.47601364117216177
2629	2629	2.0906478155022614
2630	2630	5.221844593749559
2631	2631	3.9830481705425322
2632	2632	2.517220938008481
2633	2633	0.2212817075521657
2634	2634	0.9896087492369622
2635	2635	0.40720932903673984
2636	2636	4.541069190523686
2637	2637	1.1838411236188764
2638	2638	0.037444081394597366
2639	2639	0.04910053745399468
2640	2640	0.26412041435743316
2641	2641	0.04855590907778988
2642	2642	2.270013619413062
2643	2643	1.4926580939960732
2644	2644	1.261879797834599
2645	2645	1.163995488439646
2646	2646	1.7476724421259524
2647	2647	0.026494175675998693
2648	2648	2.43366558107671
2649	2649	0.010186040890123994
2650	2650	0.6346082705952657
2651	2651	0.686206116099239
2652	2652	2.3666037609390083
2653	2653	4.426867425461491
2654	2654	2.641301058965493
2655	2655	2.0781245164963984
2656	2656	0.21704824633403044
2657	2657	0.9905862921446242
2658	2658	4.240715848188012
2659	2659	1.772933422122439
2660	2660	0.59433695383252
2661	2661	1.6429401750859072
2662	2662	0.23657572159821016
2663	2663	0.6219522144801406
2664	2664	0.6284643058173416
2665	2665	1.0395219303762375
2666	2666	3.665842401573037
2667	2667	1.7731853504435875
2668	2668	0.24055049417224916
2669	2669	1.8508613239777616
2670	2670	0.78960322775191
2671	2671	2.9753663301096878
2672	2672	5.233691563404081
2673	2673	1.1334387044027119
2674	2674	0.037922788649141885
2675	2675	1.8252524059739441
2676	2676	0.007605264844809765
2677	2677	1.197989560002584
2678	2678	3.683339785736592
2679	2679	0.8732418446297452
2680	2680	0.12397231841654653
2681	2681	0.9137880297408206
2682	2682	4.051686237717819
2683	2683	1.0697885048392268
2684	2684	2.2564534104350495
2685	2685	0.18158715311669615
2686	2686	0.641097576116875
2687	2687	4.089033552333491
2688	2688	11.749420953158877
2689	2689	0.9913318328599068
2690	2690	0.42111838369337135
2691	2691	0.5626636349733316
2692	2692	1.8361046223157365
2693	2693	0.03522828094794434
2694	2694	4.6773103101406
2695	2695	3.500015034075436
2696	2696	0.01393929843668263
2697	2697	0.2041030238240483
2698	2698	1.340537509215629
2699	2699	3.8138890261909815
2700	2700	0.1191537326449955
2701	2701	0.41094409406108195
2702	2702	2.151790717698613
2703	2703	3.7015186187770306
2704	2704	3.806574758265158
2705	2705	0.7282915249290708
2706	2706	2.0663977596247785
2707	2707	0.11193983016720185
2708	2708	1.684508317642875
2709	2709	9.066570031902316
2710	2710	3.1759913129162225
2711	2711	1.0991926395987515
2712	2712	3.0847416970803274
2713	2713	2.4870593287900946
2714	2714	2.262992334194322
2715	2715	0.47010861048172553
2716	2716	4.882694923937395
2717	2717	0.9276806695311522
2718	2718	1.407260082887492
2719	2719	1.8958891932543034
2720	2720	0.5483666169787672
2721	2721	1.4380030340379126
2722	2722	0.8553294206256085
2723	2723	2.100839593096946
2724	2724	1.9360254725894002
2725	2725	0.5579701901848022
2726	2726	2.1645889219313053
2727	2727	0.5971920530797409
2728	2728	1.037258798699973
2729	2729	0.2464075933460525
2730	2730	1.5281301279045199
2731	2731	3.342635569014434
2732	2732	2.5083883012282473
2733	2733	0.5430436794594344
2734	2734	2.4956027632875033
2735	2735	0.740668011334933
2736	2736	1.4188458980148115
2737	2737	3.506472431200639
2738	2738	1.500441761550218
2739	2739	0.12776502992165606
2740	2740	2.281583090871163
2741	2741	0.6663293046267718
2742	2742	0.9041285608584501
2743	2743	0.2654366831473995
2744	2744	0.5364130287782876
2745	2745	2.8500262095213618
2746	2746	7.661812087838313
2747	2747	4.224727728768738
2748	2748	0.9319482488302105
2749	2749	3.0910560057457284
2750	2750	0.23850718915235952
2751	2751	1.3093882445013763
2752	2752	2.3952094787599796
2753	2753	3.016971459929629
2754	2754	0.7156820604465275
2755	2755	0.11885262917257527
2756	2756	1.8707610363414215
2757	2757	3.3441143209451596
2758	2758	4.3485224804472
2759	2759	2.1746558977793193
2760	2760	2.191883204924864
2761	2761	5.733062758075818
2762	2762	0.6828455126870933
2763	2763	1.4774164083567751
2764	2764	0.003963322418198041
2765	2765	0.5783432937584604
2766	2766	1.1797175753762865
2767	2767	1.3347345011754512
2768	2768	0.29511994553586834
2769	2769	0.09631944575761682
2770	2770	0.5647502206860496
2771	2771	3.386267704451467
2772	2772	0.8966346578861409
2773	2773	1.7581846229598233
2774	2774	0.6294713566308389
2775	2775	0.3268291956607058
2776	2776	2.1510854136079867
2777	2777	4.188616715624111
2778	2778	7.380169516052772
2779	2779	4.757164740670304
2780	2780	2.0758030308476396
2781	2781	2.5356080934679577
2782	2782	6.229593007914629
2783	2783	0.6400989589361946
2784	2784	1.7872385560678867
2785	2785	1.1506884976756764
2786	2786	0.0491554800678457
2787	2787	4.425618056386378
2788	2788	1.828385856057604
2789	2789	2.473237495091338
2790	2790	0.24019833623228704
2791	2791	1.2159979514254111
2792	2792	1.2760859078720372
2793	2793	1.19192981269338
2794	2794	1.4356053942195235
2795	2795	1.0077366617859227
2796	2796	0.19881210850582967
2797	2797	0.2737110697387258
2798	2798	1.7513494300891173
2799	2799	2.6364212218446306
2800	2800	0.031532940217626655
2801	2801	1.30852772878354
2802	2802	0.0955986875941179
2803	2803	0.2435482374440631
2804	2804	1.1568602186659542
2805	2805	3.424872916977685
2806	2806	1.30999414270091
2807	2807	4.6002055680077945
2808	2808	0.49008743115489267
2809	2809	1.9086449371403025
2810	2810	3.1915974273217285
2811	2811	2.8951930880112804
2812	2812	5.318472273008225
2813	2813	1.3952004517882384
2814	2814	4.9498949793172935
2815	2815	0.3760172871058025
2816	2816	1.1994114187211378
2817	2817	0.12491975963331407
2818	2818	2.9187763521808265
2819	2819	1.658771162276231
2820	2820	5.275436659173652
2821	2821	0.7356195112371848
2822	2822	0.7072339674740591
2823	2823	1.4178072607306564
2824	2824	1.293876520778632
2825	2825	8.877677590722286
2826	2826	2.2227978194089704
2827	2827	5.756686716780346
2828	2828	0.5983391113984006
2829	2829	1.9657706720127466
2830	2830	0.9164384492494857
2831	2831	0.7665275871200513
2832	2832	1.2416574083865644
2833	2833	0.05926010983728372
2834	2834	1.446011765545361
2835	2835	2.340797236000072
2836	2836	1.0524779253561625
2837	2837	0.4549100227871344
2838	2838	1.974357246655628
2839	2839	5.88226697104777
2840	2840	0.20456352396790856
2841	2841	0.29457033402445254
2842	2842	1.0594732262328002
2843	2843	0.12321100697150945
2844	2844	1.1153806370780561
2845	2845	7.443662642478939
2846	2846	1.7092290405671435
2847	2847	2.399188474362917
2848	2848	0.04482661197363273
2849	2849	2.338569981173018
2850	2850	3.5913781772279423
2851	2851	1.50561793307591
2852	2852	1.6383523265552389
2853	2853	2.5067431380540266
2854	2854	0.10887683737671729
2855	2855	1.3322653699984728
2856	2856	0.40483333765610224
2857	2857	4.160439999862493
2858	2858	0.49472003008925874
2859	2859	2.0484259354892385
2860	2860	0.4454109878142288
2861	2861	0.5563571066907925
2862	2862	0.4613661823989807
2863	2863	1.305788462430497
2864	2864	0.43963280528732995
2865	2865	3.581172781698856
2866	2866	0.6784582865222961
2867	2867	1.5943991766256203
2868	2868	2.4889806356252473
2869	2869	0.8307357795583354
2870	2870	2.3708855016793953
2871	2871	1.3019553757612232
2872	2872	1.4220363695816374
2873	2873	0.3342647780863782
2874	2874	1.2896803324115103
2875	2875	0.27674074955174244
2876	2876	1.4316453913159883
2877	2877	1.2303590262350428
2878	2878	2.892566208830444
2879	2879	1.9576114818037822
2880	2880	2.5707370282963855
2881	2881	4.3855490303771205
2882	2882	0.4798652506925019
2883	2883	0.7284080088404647
2884	2884	1.524473391858201
2885	2885	1.192904892377096
2886	2886	0.9852446794181247
2887	2887	0.3541680730974234
2888	2888	2.898131768160547
2889	2889	0.6513913404136732
2890	2890	0.07827944191285918
2891	2891	1.100359271962178
2892	2892	1.0530541960558515
2893	2893	4.785648120934292
2894	2894	2.4592343301700135
2895	2895	3.363392547969763
2896	2896	5.583642122390933
2897	2897	3.566150116032753
2898	2898	0.2735176177404405
2899	2899	0.5020234236974112
2900	2900	0.16008134450615194
2901	2901	1.4871239893791899
2902	2902	0.2028691083774051
2903	2903	1.7669988165525834
2904	2904	1.0354296063322996
2905	2905	7.778527955788609
2906	2906	0.498844714002392
2907	2907	0.8680577232209602
2908	2908	0.5930760945151876
2909	2909	3.735991017326855
2910	2910	1.7008938575022532
2911	2911	0.3195125857919986
2912	2912	0.15471658623723206
2913	2913	2.213015981457325
2914	2914	1.562493910387727
2915	2915	3.26436051907955
2916	2916	0.17183643494342848
2917	2917	4.880885788223296
2918	2918	0.6949428613069197
2919	2919	4.87689963066573
2920	2920	3.2280690432613772
2921	2921	1.8644926011508114
2922	2922	4.184619331118008
2923	2923	5.159298008923801
2924	2924	1.51615002531541
2925	2925	1.2312222889085722
2926	2926	1.9700142624502366
2927	2927	1.1647477640134902
2928	2928	0.03666461881827688
2929	2929	2.2443329240632344
2930	2930	0.383403053578225
2931	2931	2.1389944274418378
2932	2932	2.3931286731660655
2933	2933	0.9752483674686314
2934	2934	0.9743560999711202
2935	2935	0.5781077248289719
2936	2936	2.458033176097091
2937	2937	0.3154126566003253
2938	2938	0.12836339265035288
2939	2939	3.0247476629003343
2940	2940	2.7921680287659356
2941	2941	1.1866139380223446
2942	2942	5.784668237787207
2943	2943	1.2940375434610571
2944	2944	5.369166141230922
2945	2945	2.9900329702603896
2946	2946	0.6611124283609876
2947	2947	3.711112182750517
2948	2948	1.581437627652145
2949	2949	2.9947302484381764
2950	2950	1.2058185230147558
2951	2951	3.237729717686294
2952	2952	0.8459934183763584
2953	2953	3.5073330368320614
2954	2954	0.41806625356391075
2955	2955	1.2388259529843848
2956	2956	0.5185409682963419
2957	2957	5.164537830001333
2958	2958	0.44687396020337267
2959	2959	0.47886065923329385
2960	2960	1.6323458013156333
2961	2961	0.03819089941798625
2962	2962	1.5830661082447732
2963	2963	5.242846866838082
2964	2964	3.0775741203033324
2965	2965	4.447338649149651
2966	2966	6.960182174613812
2967	2967	1.47932220416909
2968	2968	0.25389435997247284
2969	2969	0.2599003956261115
2970	2970	0.33146761975765576
2971	2971	5.681929483123008
2972	2972	2.153222102970917
2973	2973	0.29692755884168504
2974	2974	1.9663986865441372
2975	2975	0.485098167869824
2976	2976	3.134814220644551
2977	2977	1.2796739009899347
2978	2978	0.9108645975607612
2979	2979	1.0100441110853071
2980	2980	7.360616198997336
2981	2981	0.060386809963570647
2982	2982	2.344060892945624
2983	2983	3.196724514979227
2984	2984	2.2558489911790915
2985	2985	7.176304000151266
2986	2986	3.81314753522156
2987	2987	1.4746115502265893
2988	2988	0.6980578351017044
2989	2989	6.417907357842575
2990	2990	0.550193789032713
2991	2991	2.5842470292251725
2992	2992	3.400603533638117
2993	2993	0.3226924108455962
2994	2994	0.12390518678302136
2995	2995	0.8654639089009404
2996	2996	1.0098378397281753
2997	2997	3.8309664630590845
2998	2998	0.6878126976659773
2999	2999	4.361718313182021
3000	3000	11.034566549713144
3001	3001	2.0234420384528296
3002	3002	3.564489637609135
3003	3003	0.6621116524211117
3004	3004	0.22824372214487726
3005	3005	1.9884117004204784
3006	3006	0.18308680287189905
3007	3007	0.05883185338532279
3008	3008	2.6323851589693734
3009	3009	2.230757259108406
3010	3010	0.7835707822044629
3011	3011	0.48921611399060105
3012	3012	1.2629876710303567
3013	3013	1.7568859972446282
3014	3014	0.14616950313841712
3015	3015	0.28734500849089734
3016	3016	0.4523083274355218
3017	3017	1.3944780095114282
3018	3018	0.046937682250711196
3019	3019	1.4092527183988743
3020	3020	9.624003664110093
3021	3021	0.0949562303880656
3022	3022	0.5684801932854959
3023	3023	0.1855590946472841
3024	3024	0.5986485190610293
3025	3025	1.931325365011722
3026	3026	1.3519549733257865
3027	3027	0.46998800008954955
3028	3028	1.2888614865327241
3029	3029	0.691871339494134
3030	3030	0.007896452892808008
3031	3031	1.0781589013632122
3032	3032	0.2332007286199076
3033	3033	8.913217845689248
3034	3034	1.955987254246403
3035	3035	0.6082714531849148
3036	3036	2.0037642811696035
3037	3037	0.8040284148933688
3038	3038	4.363527563346594
3039	3039	1.1313033821648049
3040	3040	1.6753107981061048
3041	3041	1.6510618624583344
3042	3042	2.2322597960465784
3043	3043	1.5214947914788035
3044	3044	5.689488465318604
3045	3045	7.982321836177349
3046	3046	0.19661595717617314
3047	3047	2.7808629932517075
3048	3048	4.619128530018589
3049	3049	1.3059119930265564
3050	3050	0.5253604980321505
3051	3051	0.7196822078434608
3052	3052	2.1080417014520503
3053	3053	0.4997782368270589
3054	3054	5.526984395964299
3055	3055	0.9531861361463878
3056	3056	1.1676830993477378
3057	3057	0.5401582463483198
3058	3058	0.2633995622019154
3059	3059	1.5334758359964185
3060	3060	0.33170460259471357
3061	3061	2.3468607564017274
3062	3062	5.687437787232323
3063	3063	3.7544397911407743
3064	3064	2.8667664667673427
3065	3065	2.558113984232161
3066	3066	3.2488908050387777
3067	3067	3.6350224072757578
3068	3068	0.1843724366482569
3069	3069	5.8842127668549935
3070	3070	7.805236379802257
3071	3071	0.4641202799028444
3072	3072	0.11870937375962289
3073	3073	4.994862066000029
3074	3074	1.416485574581091
3075	3075	0.37968953663759086
3076	3076	1.272140735270014
3077	3077	1.477379901499896
3078	3078	1.0124414399969295
3079	3079	4.969660888070514
3080	3080	4.398214048707909
3081	3081	1.6852209928961634
3082	3082	2.3638337112412526
3083	3083	3.210867973504467
3084	3084	2.4770662020677356
3085	3085	2.362916945927934
3086	3086	3.040939657096772
3087	3087	3.854210992338722
3088	3088	2.7515279153393633
3089	3089	0.7118803785637926
3090	3090	3.831159712426148
3091	3091	2.0413079264287246
3092	3092	0.015257727004169837
3093	3093	4.979857672324846
3094	3094	3.855962969672023
3095	3095	1.2921816604508864
3096	3096	1.4557764569756102
3097	3097	0.4993404683102542
3098	3098	5.540639352343788
3099	3099	7.846528657718561
3100	3100	1.0529151413270752
3101	3101	2.3368796596868284
3102	3102	1.984452066809547
3103	3103	0.932379846203851
3104	3104	3.783858198171474
3105	3105	0.7404843481332232
3106	3106	0.02623951752193988
3107	3107	5.362838876991177
3108	3108	1.8893430247465595
3109	3109	1.9785279422407638
3110	3110	2.7466288958824365
3111	3111	1.2222887203626835
3112	3112	2.4858803098227464
3113	3113	1.318494934382093
3114	3114	1.2962355894921276
3115	3115	1.540988984072309
3116	3116	0.9279862198148694
3117	3117	2.8140974421251608
3118	3118	0.2537368219173679
3119	3119	0.08412987775648557
3120	3120	0.022892415970279505
3121	3121	0.7796593831547602
3122	3122	2.1838407613278465
3123	3123	0.8459016413354548
3124	3124	19.174939341888155
3125	3125	0.9085556769382546
3126	3126	2.9836294578354243
3127	3127	0.16077966630814902
3128	3128	1.0776702326554612
3129	3129	1.5317136573640522
3130	3130	0.7269155681749625
3131	3131	0.4635227966850241
3132	3132	1.2489220030563322
3133	3133	0.1227836974166861
3134	3134	8.936704962643704
3135	3135	0.06798490475189783
3136	3136	3.4360205049707893
3137	3137	0.8183222624860981
3138	3138	2.89880056657461
3139	3139	4.17934158217904
3140	3140	2.0548291020711758
3141	3141	1.9518600727706892
3142	3142	0.14492824826989267
3143	3143	0.2365172009463732
3144	3144	0.7088492676393205
3145	3145	0.8757913581174679
3146	3146	4.756670469009477
3147	3147	5.7355215832248545
3148	3148	3.2041692123830314
3149	3149	1.2339525463564907
3150	3150	0.16638043797458557
3151	3151	3.1570910633001223
3152	3152	1.1400463698659065
3153	3153	0.5400290228446
3154	3154	0.09238293182267658
3155	3155	3.622927288299759
3156	3156	6.664452328597352
3157	3157	1.2778031076373764
3158	3158	2.758327669777522
3159	3159	1.9384015743753584
3160	3160	1.8015142206616632
3161	3161	0.481129178070329
3162	3162	2.9606577278513155
3163	3163	0.00419912906502658
3164	3164	3.9619254134858837
3165	3165	4.224477460916013
3166	3166	3.778002283996731
3167	3167	0.22809938149318995
3168	3168	1.0336339729841315
3169	3169	4.8191514865262075
3170	3170	7.164054002959553
3171	3171	0.7497146778378861
3172	3172	0.2587862939733345
3173	3173	0.3756583494711402
3174	3174	4.8718244461133535
3175	3175	2.542897425608261
3176	3176	0.2998964066377094
3177	3177	0.27014885968923563
3178	3178	0.472684034395404
3179	3179	0.7667907462269485
3180	3180	0.3406743300609968
3181	3181	2.1809389343854813
3182	3182	0.4715891595192918
3183	3183	4.286419205135384
3184	3184	1.3285069108724108
3185	3185	5.330415463880744
3186	3186	0.06209116405300902
3187	3187	0.28827739933756097
3188	3188	2.3270636657522337
3189	3189	1.0102607409165079
3190	3190	0.17667170575670393
3191	3191	4.929274279874764
3192	3192	3.947477363929331
3193	3193	1.118741856321858
3194	3194	5.300618249412936
3195	3195	1.1829652261150845
3196	3196	1.1881097721100031
3197	3197	0.2547542723792475
3198	3198	0.6349439868603897
3199	3199	1.0275017968772595
3200	3200	1.7292350800847487
3201	3201	1.078098329717846
3202	3202	1.2296646161287266
3203	3203	0.31741794802035594
3204	3204	2.0734811952756225
3205	3205	2.7153163705275127
3206	3206	0.04833485793254001
3207	3207	2.6667877719017437
3208	3208	0.06947834969194283
3209	3209	0.2639963868200176
3210	3210	1.219034663558509
3211	3211	11.582547155584967
3212	3212	1.1962385813301752
3213	3213	3.0501901781484233
3214	3214	4.1915011872413155
3215	3215	0.509289364011207
3216	3216	3.755612281129545
3217	3217	1.021396564947943
3218	3218	0.9197283272649895
3219	3219	0.6176017024090751
3220	3220	6.067857067377829
3221	3221	0.3850655359275946
3222	3222	1.1413448301634963
3223	3223	2.8742120281278107
3224	3224	2.1207131869539446
3225	3225	4.913355238114485
3226	3226	0.2955705806616555
3227	3227	1.9531200292718904
3228	3228	4.061830751497811
3229	3229	2.333062879219777
3230	3230	7.1254205757252125
3231	3231	4.669215871218806
3232	3232	1.7198666268939018
3233	3233	3.130216503331886
3234	3234	0.14032714386049472
3235	3235	6.651460756813796
3236	3236	0.21407746893934876
3237	3237	2.280128020265322
3238	3238	0.8129526748913708
3239	3239	1.541528607499788
3240	3240	2.978533308093738
3241	3241	2.9795106246264216
3242	3242	4.66542005746589
3243	3243	5.049586229002702
3244	3244	0.8311621284106916
3245	3245	2.308952392433717
3246	3246	5.310516835129096
3247	3247	0.10459247743802728
3248	3248	0.5214243365069018
3249	3249	0.8634743171034696
3250	3250	1.1905576258700479
3251	3251	2.335745820481396
3252	3252	1.4181826045461638
3253	3253	5.627349475196379
3254	3254	2.289765547212897
3255	3255	1.2062618918176602
3256	3256	8.365298296536949
3257	3257	0.14954783566449656
3258	3258	2.294775254052072
3259	3259	3.5921761995612687
3260	3260	4.527225251678725
3261	3261	5.365556358537452
3262	3262	4.646114857001797
3263	3263	2.1883267052276474
3264	3264	4.534743801714875
3265	3265	2.3255701219694838
3266	3266	0.42616143763369746
3267	3267	0.6863285333176774
3268	3268	1.2046040117707593
3269	3269	1.0893483297739455
3270	3270	3.079160695286483
3271	3271	0.6449102714450288
3272	3272	2.170303521300406
3273	3273	2.803205688636531
3274	3274	0.7554984103626439
3275	3275	3.6833302019452243
3276	3276	0.2380519751241918
3277	3277	1.209491166654994
3278	3278	1.0493261484456575
3279	3279	3.8671796870830852
3280	3280	5.45800453974347
3281	3281	2.6113904600747797
3282	3282	1.5717894618001
3283	3283	2.8034436660609283
3284	3284	2.397693073149743
3285	3285	2.9659995999943427
3286	3286	0.0070733301059880994
3287	3287	4.6608582029987335
3288	3288	0.6885996447734888
3289	3289	0.611526847443263
3290	3290	0.40671005383027004
3291	3291	2.3701331790024804
3292	3292	2.5122831213307175
3293	3293	0.77950195652546
3294	3294	0.15361023056926928
3295	3295	2.1007378556009177
3296	3296	0.6904062995401188
3297	3297	0.5455977304588988
3298	3298	2.3295659844595
3299	3299	0.5617228378867252
3300	3300	0.5914989337552219
3301	3301	0.41676496126076623
3302	3302	1.337087528733159
3303	3303	0.5442037163069497
3304	3304	1.2464835264130054
3305	3305	2.385155075718077
3306	3306	0.5623801663319098
3307	3307	1.2682646457902442
3308	3308	2.3262422137954086
3309	3309	1.7119811729713874
3310	3310	1.444555583445093
3311	3311	2.0136563750915193
3312	3312	1.9123228859251502
3313	3313	1.5656498161656702
3314	3314	1.5793237617097065
3315	3315	1.4202981697241328
3316	3316	0.5306708521048106
3317	3317	0.26705910995931564
3318	3318	1.1113635106651107
3319	3319	1.5554302328250356
3320	3320	2.952249803106309
3321	3321	0.9012641281388274
3322	3322	2.160348882628593
3323	3323	1.4092579375467438
3324	3324	1.3569776059054686
3325	3325	1.3441634946128802
3326	3326	1.5749723172522316
3327	3327	0.7733007778851704
3328	3328	2.845435021286248
3329	3329	0.1777428113071023
3330	3330	5.720498864390787
3331	3331	1.707566883794383
3332	3332	1.8292173578318769
3333	3333	0.9697084880996725
3334	3334	3.0945937696787347
3335	3335	0.6753420679717275
3336	3336	3.643495612959418
3337	3337	0.46942704746699054
3338	3338	0.1363253840144803
3339	3339	2.033123735114091
3340	3340	2.8526845531334293
3341	3341	0.7280054954982351
3342	3342	0.027511430532870876
3343	3343	1.9476838435323873
3344	3344	3.828543006879031
3345	3345	1.8905841195331001
3346	3346	0.895966853094889
3347	3347	1.3510509137879902
3348	3348	1.6690084767600344
3349	3349	2.3917834247480507
3350	3350	2.798285809550592
3351	3351	4.887466242217155
3352	3352	4.626066955051604
3353	3353	0.26147268743561203
3354	3354	3.0600565080081497
3355	3355	5.446381641808588
3356	3356	0.5131351308917331
3357	3357	0.589755866097343
3358	3358	1.7628091792486007
3359	3359	1.3863472737452815
3360	3360	1.671608162018694
3361	3361	0.5633763897940202
3362	3362	3.4088212787453447
3363	3363	3.9024727516868647
3364	3364	2.7081371215154215
3365	3365	0.5299707079762815
3366	3366	1.2918167779862144
3367	3367	1.0721445269984486
3368	3368	0.6948778886568499
3369	3369	0.8106919292541458
3370	3370	1.7057661910705282
3371	3371	2.0116966996986556
3372	3372	2.158608261451488
3373	3373	2.6370240239817977
3374	3374	1.916877946659411
3375	3375	0.5276097583114466
3376	3376	3.098841854001043
3377	3377	1.3393675693266336
3378	3378	0.1578205758987427
3379	3379	0.6734910000091309
3380	3380	2.0038755214412034
3381	3381	0.08359535317686495
3382	3382	3.6209366814651665
3383	3383	1.2348588901026205
3384	3384	2.730983451296112
3385	3385	1.995196231515241
3386	3386	1.9538855693530406
3387	3387	2.444810330584141
3388	3388	1.411062252275181
3389	3389	6.023113262060258
3390	3390	1.2014123034839355
3391	3391	0.03128563385090226
3392	3392	0.4778706869641124
3393	3393	2.72101216593273
3394	3394	1.1877797874533593
3395	3395	1.4659686461630999
3396	3396	5.5416782046887345
3397	3397	1.1051502962587039
3398	3398	1.5003956888697294
3399	3399	0.4954108172695426
3400	3400	0.022196711345768234
3401	3401	2.6775946314852663
3402	3402	0.7423412042433831
3403	3403	1.9597088665062126
3404	3404	1.6215389595487093
3405	3405	0.3109866665180738
3406	3406	0.6167439389740352
3407	3407	0.2988829857853618
3408	3408	1.5518253861213098
3409	3409	5.32212275336633
3410	3410	2.184424156371349
3411	3411	3.348956571459383
3412	3412	2.2362751948417063
3413	3413	1.4313547651764713
3414	3414	2.2274709127031795
3415	3415	0.3245399921963485
3416	3416	1.4276787515332356
3417	3417	1.2548929407217386
3418	3418	2.924874456320426
3419	3419	1.025646047284409
3420	3420	1.5764925235142107
3421	3421	0.7260613051525687
3422	3422	0.08921234989421913
3423	3423	0.7235899845060044
3424	3424	1.1185002775543866
3425	3425	4.666055656758431
3426	3426	4.819917621448903
3427	3427	0.42102044368084285
3428	3428	1.5755278032370645
3429	3429	0.22170717011780647
3430	3430	0.5475939853579169
3431	3431	0.5099915473824149
3432	3432	2.150532635503064
3433	3433	0.16586200599602097
3434	3434	1.3714925708965575
3435	3435	0.24929702397810918
3436	3436	1.4055099160225646
3437	3437	0.8540165797606505
3438	3438	0.035030953391679075
3439	3439	0.31611529587921683
3440	3440	1.960157141602046
3441	3441	1.6811532544305563
3442	3442	0.7158196613277277
3443	3443	1.1904494414127145
3444	3444	4.916238508049645
3445	3445	0.6577807641684557
3446	3446	0.5820135663824717
3447	3447	0.09436054449047793
3448	3448	0.11091078771032245
3449	3449	0.5805061302272656
3450	3450	0.8969370724848643
3451	3451	1.084245715311892
3452	3452	1.4665102737063915
3453	3453	2.6955848963516917
3454	3454	4.848817238363321
3455	3455	2.4270326984158657
3456	3456	4.762131438636486
3457	3457	1.3259081184066852
3458	3458	1.0453527413113208
3459	3459	4.5918568750068145
3460	3460	0.9486906871702057
3461	3461	0.5836528690058864
3462	3462	1.3289576545794912
3463	3463	1.5843040917069453
3464	3464	1.625781351087458
3465	3465	2.9349583543930837
3466	3466	3.509383857195452
3467	3467	0.17279658846697044
3468	3468	0.03613100842193695
3469	3469	3.1905745860655386
3470	3470	0.07338970065465315
3471	3471	0.8435144850892244
3472	3472	0.6734513550089312
3473	3473	1.0195820345617066
3474	3474	5.128880373300236
3475	3475	0.09641242775655444
3476	3476	8.055698695806374
3477	3477	1.1940989509477176
3478	3478	1.5640411221907125
3479	3479	1.0098468657019681
3480	3480	0.0879043243105095
3481	3481	0.05375196897595617
3482	3482	4.438037732355068
3483	3483	1.4592200705943554
3484	3484	1.728423683683428
3485	3485	0.34583462233107554
3486	3486	0.16128961707388703
3487	3487	1.4230764409593524
3488	3488	4.578721267070776
3489	3489	6.8738674424009965
3490	3490	0.8344873660010927
3491	3491	2.848342837613526
3492	3492	1.2773078931186261
3493	3493	0.18705124058109437
3494	3494	2.7035204235852297
3495	3495	2.040095087034716
3496	3496	1.4726585150367346
3497	3497	4.6307469776639
3498	3498	0.11353332059437202
3499	3499	3.0688182568152076
3500	3500	0.5339458822256494
3501	3501	2.860449497863044
3502	3502	1.6396473929039002
3503	3503	1.711121517079298
3504	3504	3.373272067385021
3505	3505	0.012952013952522917
3506	3506	0.5222610940162318
3507	3507	0.19445615581538497
3508	3508	1.2291207838925235
3509	3509	0.3538097228404923
3510	3510	0.509764806211739
3511	3511	1.4002818133829924
3512	3512	0.03268542739910813
3513	3513	0.2576481642071638
3514	3514	0.053874201965318
3515	3515	2.5526898358867096
3516	3516	2.9021411556899186
3517	3517	5.558126796550398
3518	3518	1.0094912545849573
3519	3519	2.6348745310325588
3520	3520	1.122546256698082
3521	3521	8.534396908957232
3522	3522	1.4829147344337392
3523	3523	5.196153249008657
3524	3524	1.3890275748236611
3525	3525	2.7171863681415265
3526	3526	0.9236147960495316
3527	3527	0.8593879335467142
3528	3528	0.7457397965712703
3529	3529	0.7769874940846916
3530	3530	0.42149735870406985
3531	3531	1.5836999300786025
3532	3532	0.346949113392635
3533	3533	4.463164251667391
3534	3534	0.7454969835414204
3535	3535	2.7964231359714318
3536	3536	0.1884981764999979
3537	3537	1.9673733852090023
3538	3538	1.213714805567356
3539	3539	1.3072004462339015
3540	3540	1.106862828877269
3541	3541	0.09443467553183423
3542	3542	3.1331997498142083
3543	3543	0.5985793977546254
3544	3544	3.9085399043830686
3545	3545	3.3149784499697743
3546	3546	2.6251874519803033
3547	3547	3.9458441292533313
3548	3548	1.587857431280922
3549	3549	2.382425643230673
3550	3550	1.4143652490597345
3551	3551	3.6103736102599666
3552	3552	1.5715146102031563
3553	3553	1.927657347700424
3554	3554	1.8523532015739275
3555	3555	1.3976224425590777
3556	3556	5.702587432706738
3557	3557	4.365852846331196
3558	3558	4.4404045031163815
3559	3559	0.791238059795458
3560	3560	9.779957219016266
3561	3561	0.19708471153269372
3562	3562	0.7165473171068607
3563	3563	0.8801461002985208
3564	3564	2.847123744805484
3565	3565	1.6946882102405705
3566	3566	0.6736471176028219
3567	3567	0.33592626634453776
3568	3568	1.182750621005872
3569	3569	0.926752144975312
3570	3570	6.733080174057339
3571	3571	2.096131276787596
3572	3572	3.7841556589229235
3573	3573	0.39284795129955824
3574	3574	1.464778441560983
3575	3575	1.8658400594638136
3576	3576	4.844468004838273
3577	3577	4.385822837493572
3578	3578	0.5757342834669221
3579	3579	0.12300315087535715
3580	3580	0.22977716447953708
3581	3581	0.8610692554904512
3582	3582	1.0795358647603797
3583	3583	0.007815057638067871
3584	3584	2.36497786216
3585	3585	0.3029080511742005
3586	3586	0.19236576534444652
3587	3587	1.2147925036772378
3588	3588	0.4009857174237781
3589	3589	0.4753723236964814
3590	3590	1.241675977966214
3591	3591	0.4781606146088701
3592	3592	0.9351511367289136
3593	3593	2.7218802611428163
3594	3594	5.989764582092046
3595	3595	1.8820013026799092
3596	3596	0.11010852992174493
3597	3597	1.9549655056464301
3598	3598	3.1355307046921497
3599	3599	0.17000173334199287
3600	3600	1.0364191070260218
3601	3601	1.8221297433461328
3602	3602	0.08826630532402398
3603	3603	1.6108504852578422
3604	3604	5.906789103799219
3605	3605	0.22663962814663854
3606	3606	6.420853101233837
3607	3607	3.003393083788061
3608	3608	1.334564392085983
3609	3609	1.7072883016437357
3610	3610	0.17550664298876606
3611	3611	2.3888415052504146
3612	3612	2.74111976798315
3613	3613	0.4519379006302414
3614	3614	1.8452097789864017
3615	3615	1.6617179669467057
3616	3616	0.809718639722074
3617	3617	1.5789324640350009
3618	3618	11.799145034367983
3619	3619	1.5175073881797305
3620	3620	2.001767342635006
3621	3621	2.6547981777667577
3622	3622	0.9176483766226465
3623	3623	0.6079921774691133
3624	3624	0.784479759601656
3625	3625	0.004843667329370287
3626	3626	0.5588630565786715
3627	3627	0.2928495139282109
3628	3628	0.1661976146210136
3629	3629	0.6892258066434878
3630	3630	2.2170511473281613
3631	3631	1.2117355921772475
3632	3632	0.016143649646993812
3633	3633	2.0199597816228594
3634	3634	1.276602521009682
3635	3635	1.6677644086100312
3636	3636	0.7526895588407577
3637	3637	0.1217054003536084
3638	3638	1.0782702894186649
3639	3639	0.9707389190729837
3640	3640	1.1375206058376217
3641	3641	0.09585479431580597
3642	3642	1.384946117196217
3643	3643	0.4982254716241537
3644	3644	0.8718547157808731
3645	3645	0.061699667246460276
3646	3646	2.3021171565757057
3647	3647	3.175905841565626
3648	3648	1.683792172776921
3649	3649	4.273259843854221
3650	3650	7.8301969268460585
3651	3651	2.2466168065844623
3652	3652	3.5814428017739406
3653	3653	1.6210355951553022
3654	3654	4.616642265425497
3655	3655	2.8748395624692558
3656	3656	1.2570493571799326
3657	3657	1.7592383415559663
3658	3658	1.1210317610542337
3659	3659	0.33063760490161276
3660	3660	1.2117168812213244
3661	3661	1.4562179614691046
3662	3662	1.9628757396109122
3663	3663	4.172869480928635
3664	3664	0.3805400922503071
3665	3665	1.1502247263844765
3666	3666	2.530607892037587
3667	3667	5.321852946695019
3668	3668	2.4452684610321263
3669	3669	7.5580122159500664
3670	3670	3.109237698585624
3671	3671	0.9613223641683746
3672	3672	0.32703658338198477
3673	3673	2.946162506003443
3674	3674	2.220660703243367
3675	3675	0.18108555323189773
3676	3676	0.09699763102160283
3677	3677	1.7318156750590152
3678	3678	2.5212255442402323
3679	3679	0.44045093149261727
3680	3680	1.8168756253480476
3681	3681	9.816251885252962
3682	3682	0.6432956045526913
3683	3683	1.367454157854216
3684	3684	2.3351818933666033
3685	3685	0.5231120499519786
3686	3686	0.4365603828981121
3687	3687	7.283353142451714
3688	3688	2.8677377798260175
3689	3689	3.591097570001496
3690	3690	2.560200012475629
3691	3691	1.4967525583561385
3692	3692	1.0301951455365004
3693	3693	4.216766581282977
3694	3694	1.4604671826153737
3695	3695	3.26791931066349
3696	3696	1.1574135755387982
3697	3697	1.9322910680377932
3698	3698	0.9170450823820122
3699	3699	3.6192196239364187
3700	3700	0.27776460215391985
3701	3701	0.48546473428995723
3702	3702	3.1485385700957673
3703	3703	2.648908019109887
3704	3704	0.46024355239330705
3705	3705	1.5635802360930033
3706	3706	4.024997364876012
3707	3707	0.03668273188527667
3708	3708	0.8422794112049531
3709	3709	1.5140487216608058
3710	3710	2.8999931914472423
3711	3711	0.7648687042659366
3712	3712	0.11191866117715965
3713	3713	1.2224279795831052
3714	3714	0.8311034597839868
3715	3715	1.8815713438667505
3716	3716	1.6659311440387703
3717	3717	0.5444040514891443
3718	3718	1.4095568743260543
3719	3719	3.8274050428796764
3720	3720	7.860380201132042
3721	3721	4.965154266945777
3722	3722	3.5349113828323593
3723	3723	0.15065972857984647
3724	3724	0.6456163511975427
3725	3725	3.423670780788777
3726	3726	1.6452489198154145
3727	3727	1.8787893110765401
3728	3728	3.315671153072182
3729	3729	1.4400056330270101
3730	3730	1.2620563689218924
3731	3731	0.4402701868832995
3732	3732	0.04632427614776295
3733	3733	6.07541456541661
3734	3734	0.8766904406317452
3735	3735	0.7457194866574879
3736	3736	3.3247632391990343
3737	3737	0.2452495887353124
3738	3738	0.29065104661490915
3739	3739	0.0435073741642502
3740	3740	0.28988917897933814
3741	3741	0.0198959102796745
3742	3742	3.9262241209317166
3743	3743	3.1054639060859217
3744	3744	0.4585895815588957
3745	3745	2.605909756375551
3746	3746	1.0650179914957019
3747	3747	0.3600630584414361
3748	3748	1.8811212262466908
3749	3749	0.4152004556709986
3750	3750	1.3221589827190168
3751	3751	3.5102577295538397
3752	3752	1.9327281010130288
3753	3753	0.4072969626085624
3754	3754	1.685054645956736
3755	3755	3.2744417843359366
3756	3756	1.876521441301164
3757	3757	1.4477459397483998
3758	3758	6.77298719460086
3759	3759	0.015559219396068106
3760	3760	0.08965482856378487
3761	3761	2.1557191201732833
3762	3762	1.9919572139183386
3763	3763	4.275565775924821
3764	3764	0.3158233821154577
3765	3765	2.153902271068728
3766	3766	2.771434338546508
3767	3767	5.215052057338096
3768	3768	0.1969862210112538
3769	3769	0.6255790586647291
3770	3770	1.5526392864109275
3771	3771	3.5686701450730967
3772	3772	0.5958440001635458
3773	3773	5.759458762031978
3774	3774	2.811300814019852
3775	3775	0.9544735346737871
3776	3776	0.5889989447887984
3777	3777	0.9495797541422987
3778	3778	1.742533846263963
3779	3779	2.01596020106488
3780	3780	0.8772173092409504
3781	3781	1.579258087349878
3782	3782	12.69511416522371
3783	3783	2.024427647621822
3784	3784	0.2748820974393265
3785	3785	2.5490396344500126
3786	3786	0.004934835442547693
3787	3787	0.10920963125993696
3788	3788	1.1759676175304203
3789	3789	0.042455277448849804
3790	3790	0.5042838550186147
3791	3791	1.282592624522605
3792	3792	2.2835482702328824
3793	3793	0.002572486715056031
3794	3794	3.0628619938147192
3795	3795	1.0856375043104651
3796	3796	9.691276339206997
3797	3797	0.6023009404755677
3798	3798	0.1621261187464616
3799	3799	1.8974382814744468
3800	3800	1.0817272077395996
3801	3801	0.7621556115793913
3802	3802	1.757768843655915
3803	3803	5.200026735978207
3804	3804	9.706798372492695
3805	3805	1.1962753652521052
3806	3806	0.9627882096861956
3807	3807	0.7898387503750821
3808	3808	2.7452208019633035
3809	3809	3.486739033442775
3810	3810	1.355001820307873
3811	3811	1.4208022919945547
3812	3812	7.148699210462688
3813	3813	0.35073244175051743
3814	3814	1.0339502085314773
3815	3815	0.22745010085634035
3816	3816	2.826620326068353
3817	3817	7.166621772474341
3818	3818	0.4449008042762697
3819	3819	0.09719022546939009
3820	3820	0.2183184088118076
3821	3821	3.1174313475109217
3822	3822	1.500656120128616
3823	3823	1.073504460815674
3824	3824	5.225869142300752
3825	3825	1.2652089487249327
3826	3826	1.2269406765758042
3827	3827	1.1443226489212162
3828	3828	0.6055220636731221
3829	3829	1.8316570135290062
3830	3830	1.1438008110864004
3831	3831	3.018496726572991
3832	3832	0.9554207894818247
3833	3833	1.1135907567576597
3834	3834	1.985403870494967
3835	3835	1.6903056629309965
3836	3836	0.13903550721265182
3837	3837	3.776546133908512
3838	3838	1.602013901142114
3839	3839	1.4827952943259584
3840	3840	1.3812826659843225
3841	3841	0.5675188694442479
3842	3842	0.21432014316047188
3843	3843	2.2824398179916274
3844	3844	1.9959611654194864
3845	3845	0.8218339082673198
3846	3846	1.8075889742972597
3847	3847	1.5817001536169233
3848	3848	1.321536329434384
3849	3849	3.100387692723283
3850	3850	2.4088941905654226
3851	3851	1.9070304663127868
3852	3852	0.2581401260842017
3853	3853	2.018042294287169
3854	3854	0.21153609441695112
3855	3855	3.4135955296465847
3856	3856	0.507682930035621
3857	3857	0.4712274963120197
3858	3858	0.4681642440464904
3859	3859	0.975425870136589
3860	3860	5.137632258570568
3861	3861	0.3821184916427402
3862	3862	5.7809578787563005
3863	3863	5.3777832817252325
3864	3864	1.016511875828474
3865	3865	2.108492835211786
3866	3866	4.166934632222285
3867	3867	3.7572560729764772
3868	3868	10.002569767871442
3869	3869	3.9145025308545947
3870	3870	2.3363909036969996
3871	3871	1.3772054115933017
3872	3872	0.6217325165417196
3873	3873	4.503019906341985
3874	3874	0.9506948861290639
3875	3875	0.49804964821335485
3876	3876	0.13589298040928421
3877	3877	1.7314795996958858
3878	3878	6.377364658828483
3879	3879	6.205474289983044
3880	3880	4.57001540609761
3881	3881	2.758338669757513
3882	3882	0.4271761724318963
3883	3883	5.8002865702896
3884	3884	2.8710604575369705
3885	3885	0.09500226343750184
3886	3886	1.457403945824297
3887	3887	0.5873877667360384
3888	3888	8.908094341457831
3889	3889	0.5078200884157633
3890	3890	10.188786549032317
3891	3891	3.667027520390789
3892	3892	1.0124815869767683
3893	3893	2.023392687225522
3894	3894	4.020858776829795
3895	3895	2.465834934779532
3896	3896	3.282725399690006
3897	3897	0.7170916973163691
3898	3898	1.5414916559145981
3899	3899	2.726760657755268
3900	3900	0.09965758909865041
3901	3901	0.5954287939653213
3902	3902	0.6284191401336685
3903	3903	0.17756645248130817
3904	3904	1.6316763318763239
3905	3905	1.8181578771972031
3906	3906	0.2497088122251298
3907	3907	0.2853111267928675
3908	3908	1.7575139635466883
3909	3909	3.479045130872391
3910	3910	3.346771501006443
3911	3911	0.6936489327520594
3912	3912	1.7846282308131498
3913	3913	0.12766419762944026
3914	3914	0.7290358169190254
3915	3915	0.20423360239819954
3916	3916	0.8880989267828172
3917	3917	0.38999160631536356
3918	3918	3.194688460962787
3919	3919	1.6108204757871671
3920	3920	0.5457077255178068
3921	3921	2.508118172658533
3922	3922	2.2251193925944412
3923	3923	1.0593682769098323
3924	3924	2.8843966562269934
3925	3925	0.2270162269266814
3926	3926	2.1757918315095157
3927	3927	3.518027428606163
3928	3928	1.300402486138109
3929	3929	0.22202305371487452
3930	3930	0.5391697799616537
3931	3931	0.9684805994651924
3932	3932	4.118678143011229
3933	3933	0.7615232076514006
3934	3934	6.476042313608803
3935	3935	0.12600648893451508
3936	3936	4.703334849231349
3937	3937	3.474832023917911
3938	3938	3.5322592486491944
3939	3939	4.9056519650431785
3940	3940	0.6896124940944274
3941	3941	1.3141852711564976
3942	3942	0.1521283314517967
3943	3943	1.2986804335360278
3944	3944	1.087980290147506
3945	3945	2.50384389638633
3946	3946	3.8452412983335345
3947	3947	0.15615727105229207
3948	3948	0.3691945082021888
3949	3949	1.7192775341289661
3950	3950	0.5081017251613901
3951	3951	2.0443493795029766
3952	3952	0.37782776361369075
3953	3953	2.6804955971825484
3954	3954	2.2106859560854275
3955	3955	1.9727372095275253
3956	3956	4.689727184342601
3957	3957	0.5302319594703365
3958	3958	2.664003017601495
3959	3959	2.663145204705315
3960	3960	4.6366331983642555
3961	3961	1.4004972630189207
3962	3962	1.3621895961719157
3963	3963	4.6338336091307095
3964	3964	0.0008635821287611295
3965	3965	2.409858598892568
3966	3966	1.8078453165772053
3967	3967	1.0688347347675078
3968	3968	0.010015443120996757
3969	3969	4.957759692006028
3970	3970	3.374055774959423
3971	3971	0.8714459229458335
3972	3972	0.13833074581511198
3973	3973	4.088939588941858
3974	3974	0.7945353131888374
3975	3975	0.75252817372253
3976	3976	0.13258633949583695
3977	3977	0.8553552893928736
3978	3978	0.9465495226152971
3979	3979	2.5480699071411697
3980	3980	0.163298596245365
3981	3981	0.30424874336955604
3982	3982	0.30201465411644807
3983	3983	0.14830299079295847
3984	3984	0.3602306030392051
3985	3985	1.0815422640557555
3986	3986	1.8489281351527114
3987	3987	3.38948395986608
3988	3988	0.1416678929713158
3989	3989	0.4616193303281687
3990	3990	4.147429823919897
3991	3991	0.27604432683422847
3992	3992	0.14327838205166046
3993	3993	0.24448598852754447
3994	3994	1.3644182813488352
3995	3995	3.0046510587702793
3996	3996	2.0010189166721597
3997	3997	0.36152572530993177
3998	3998	4.2122409911473015
3999	3999	0.7946941934209382
4000	4000	1.3254795005739703
4001	4001	1.2441453726071345
4002	4002	2.8609211910931176
4003	4003	0.11767371094105353
4004	4004	0.2775605007210069
4005	4005	0.9117537089883282
4006	4006	1.0237615277947463
4007	4007	1.5589245384790598
4008	4008	5.227530386775213
4009	4009	2.666297693762962
4010	4010	0.5820772093518393
4011	4011	2.871423336288027
4012	4012	10.10511772467423
4013	4013	0.05743487634799015
4014	4014	1.546676395650532
4015	4015	2.8643551076831306
4016	4016	0.8956647880834816
4017	4017	4.307513777040581
4018	4018	1.200461263635489
4019	4019	1.9855286497533229
4020	4020	1.1092768140710147
4021	4021	1.2405133359845684
4022	4022	3.1834663710294957
4023	4023	3.1156389662569968
4024	4024	1.8467570349551627
4025	4025	0.18008030186992127
4026	4026	0.03081100955716085
4027	4027	2.796320214403823
4028	4028	3.731381315759133
4029	4029	0.009411166269101925
4030	4030	0.7919430885011142
4031	4031	2.7466433409063056
4032	4032	0.029938347937366046
4033	4033	0.42708617320196995
4034	4034	7.293517197649909
4035	4035	0.05004832175153801
4036	4036	1.2843504538492836
4037	4037	1.3595658201603646
4038	4038	1.7805695705525035
4039	4039	0.4374843882664406
4040	4040	0.1302116374931841
4041	4041	0.17733230527014585
4042	4042	2.209787829002856
4043	4043	3.897349216070177
4044	4044	4.212885891853791
4045	4045	4.1487645589873905
4046	4046	0.7762583380891529
4047	4047	1.0692739333346437
4048	4048	0.7957542482867372
4049	4049	0.23669618477203302
4050	4050	3.925707343827948
4051	4051	0.9336584894133177
4052	4052	0.757292091400698
4053	4053	0.5974473589012794
4054	4054	0.8890397714193262
4055	4055	0.9976871404288897
4056	4056	0.5587465592287508
4057	4057	2.706712609016875
4058	4058	0.8708764564001071
4059	4059	0.5614148848320099
4060	4060	2.976392097786635
4061	4061	0.465281412589698
4062	4062	3.815654537359733
4063	4063	1.2645482167986173
4064	4064	2.4810482799860325
4065	4065	0.16696684483509722
4066	4066	0.13315243149532646
4067	4067	0.2149359377388557
4068	4068	0.45672215061750304
4069	4069	1.7556810426103533
4070	4070	3.350104516631639
4071	4071	1.1059232963909107
4072	4072	7.190192771323544
4073	4073	1.8432569600704254
4074	4074	3.3062998603584077
4075	4075	0.7590867023739613
4076	4076	1.1019346034109763
4077	4077	2.272668530808744
4078	4078	0.6051739173131
4079	4079	0.33243419338906754
4080	4080	1.084161459502736
4081	4081	0.3574909112508103
4082	4082	1.2026575771780923
4083	4083	1.4259157455972562
4084	4084	1.4856529211823195
4085	4085	4.745334124824474
4086	4086	0.5400680594973452
4087	4087	2.667907437949656
4088	4088	0.5102804894521116
4089	4089	0.1366298130284672
4090	4090	0.5771051204892879
4091	4091	1.8037597884359688
4092	4092	4.124724704050833
4093	4093	3.707553181580565
4094	4094	1.4895457830418233
4095	4095	1.4618088154783822
4096	4096	1.2568914184591764
4097	4097	0.40138098946438777
4098	4098	1.1727380572578319
4099	4099	1.186740868925381
4100	4100	3.228049618317549
4101	4101	5.8266672772586
4102	4102	0.8677334827932132
4103	4103	2.150887221573395
4104	4104	0.18432651657766158
4105	4105	0.12557269446818206
4106	4106	0.05901729777745384
4107	4107	2.0898872480394304
4108	4108	2.1519651021853528
4109	4109	0.6374407871409966
4110	4110	0.5442017348844619
4111	4111	2.1031198477173794
4112	4112	1.7550897257148677
4113	4113	5.535655250378644
4114	4114	3.204809008054463
4115	4115	0.05668799800829324
4116	4116	0.08990410244988384
4117	4117	3.474156512957108
4118	4118	1.296395923612179
4119	4119	1.651694426386311
4120	4120	0.14027578511696956
4121	4121	3.8818145576567145
4122	4122	1.041734017789572
4123	4123	2.453575041269186
4124	4124	1.3658324838976341
4125	4125	0.5240962996254652
4126	4126	0.4769462749130111
4127	4127	3.0555275975673464
4128	4128	3.390991601845045
4129	4129	0.569418510259465
4130	4130	0.5294277801161745
4131	4131	3.1205482517526812
4132	4132	1.4897778990262975
4133	4133	0.23033166315472114
4134	4134	2.2703996298833653
4135	4135	0.4481030729131967
4136	4136	0.021676391186080755
4137	4137	1.5567382099337503
4138	4138	0.4017659089340196
4139	4139	1.7276691128167656
4140	4140	0.9244479031456944
4141	4141	1.5538058577441467
4142	4142	1.3272372243922677
4143	4143	1.1601327767293919
4144	4144	0.537112790056853
4145	4145	0.7822006056470158
4146	4146	0.7816854011565546
4147	4147	0.19246069915496147
4148	4148	1.9756041374066184
4149	4149	0.4274944906526234
4150	4150	0.1166456656884057
4151	4151	4.363386164324546
4152	4152	0.23604650448858502
4153	4153	2.1040456554644758
4154	4154	0.022870399818171027
4155	4155	1.5786129018600046
4156	4156	0.5963660016607585
4157	4157	1.827150319674263
4158	4158	2.4235748287557235
4159	4159	4.359486142483437
4160	4160	0.06443730024546553
4161	4161	3.742931294141292
4162	4162	0.4534009029877572
4163	4163	0.5153520624275805
4164	4164	1.2358351278326547
4165	4165	2.1558030993156305
4166	4166	7.375637998631782
4167	4167	0.4281655907841159
4168	4168	1.9520793807252617
4169	4169	3.537843944789306
4170	4170	4.688004618940136
4171	4171	2.0868753087818916
4172	4172	0.39314575360883447
4173	4173	9.431490647073627
4174	4174	0.34728145626276713
4175	4175	3.6030970579468002
4176	4176	0.33338746646423945
4177	4177	0.6068244360011018
4178	4178	0.9349000682982926
4179	4179	0.43547668806074097
4180	4180	0.8040055750697508
4181	4181	1.5519381888785084
4182	4182	0.516216435193301
4183	4183	0.12653968524967318
4184	4184	2.254934346481456
4185	4185	1.594652176839238
4186	4186	0.2068620315897538
4187	4187	5.334498483623663
4188	4188	0.47136923926709284
4189	4189	1.2037491000709586
4190	4190	2.0866691622962943
4191	4191	1.882284432746488
4192	4192	1.6673929719972993
4193	4193	15.772261661775007
4194	4194	0.7352509804779038
4195	4195	3.969045913332488
4196	4196	2.4688804776929776
4197	4197	1.8462504249940441
4198	4198	1.6914774131085808
4199	4199	0.9379015376244753
4200	4200	0.024540671132230032
4201	4201	2.0077017806278783
4202	4202	1.4205717362696948
4203	4203	4.37557254721454
4204	4204	1.9050524749369093
4205	4205	0.670093769419057
4206	4206	0.7008427896075003
4207	4207	2.105127637034386
4208	4208	0.15907512112052183
4209	4209	1.3208259279653896
4210	4210	1.897938672291538
4211	4211	1.0729962368929244
4212	4212	1.965509280408765
4213	4213	1.307773155720334
4214	4214	11.91646470659908
4215	4215	2.6844111507121804
4216	4216	0.9031084977163308
4217	4217	2.3606171696248213
4218	4218	0.9940095455597127
4219	4219	1.8291533044963313
4220	4220	4.390908085911145
4221	4221	3.4337475526032653
4222	4222	0.7825915177345728
4223	4223	0.2337791751457032
4224	4224	0.1492531764142352
4225	4225	0.40813045405298365
4226	4226	2.4910706404558516
4227	4227	0.18100913648340808
4228	4228	0.47472079918518434
4229	4229	0.767554502607884
4230	4230	4.082878693174383
4231	4231	2.59362037092946
4232	4232	3.384796300674473
4233	4233	2.4289670558833243
4234	4234	0.9745454682453998
4235	4235	2.38644106419372
4236	4236	0.19959304735574662
4237	4237	0.0022686428053921505
4238	4238	2.5449943525804293
4239	4239	1.2275147300542877
4240	4240	1.118863132240628
4241	4241	8.45336338123529
4242	4242	0.9803838326884766
4243	4243	1.1618463431698838
4244	4244	2.594283381870355
4245	4245	2.6106622306305347
4246	4246	0.2785864385661547
4247	4247	5.50656549198347
4248	4248	1.736887388325064
4249	4249	3.4628167698340993
4250	4250	0.2639942963361687
4251	4251	0.4568045720473677
4252	4252	1.0085399496261438
4253	4253	2.3915140427747756
4254	4254	1.725688014733159
4255	4255	3.8151424664253524
4256	4256	6.4358770347254355
4257	4257	2.7371223704848555
4258	4258	0.036145672480737474
4259	4259	5.513863529562703
4260	4260	1.7789227710381539
4261	4261	14.184081191608565
4262	4262	0.633998133997393
4263	4263	2.2944676655539213
4264	4264	0.9870917520171919
4265	4265	0.4844142048154497
4266	4266	1.3852989976286512
4267	4267	0.15552085961803302
4268	4268	2.6478024765058534
4269	4269	2.005347578808871
4270	4270	0.9775021821455663
4271	4271	0.8939277503935427
4272	4272	1.3307431814471233
4273	4273	1.0182423281735036
4274	4274	0.7700829480429625
4275	4275	0.21189368106417383
4276	4276	0.09286967551937884
4277	4277	0.6404381065226942
4278	4278	3.1349417552920418
4279	4279	4.784592024162394
4280	4280	0.03003154849318477
4281	4281	0.82277783677661
4282	4282	3.9319196253551887
4283	4283	1.7309887377688196
4284	4284	0.2228719618831126
4285	4285	2.959855265843408
4286	4286	0.6820172071461275
4287	4287	0.7828083244475847
4288	4288	0.2584908463225514
4289	4289	2.507020975294698
4290	4290	0.15870754510079566
4291	4291	3.280693590475182
4292	4292	0.7200457555260332
4293	4293	0.40007311159196535
4294	4294	0.3154519341476691
4295	4295	0.004554552676823536
4296	4296	1.2228186225829154
4297	4297	0.058274917211462114
4298	4298	10.226602835954651
4299	4299	1.2363313536239977
4300	4300	0.43658981381520384
4301	4301	2.8842426753814268
4302	4302	0.6819136820605358
4303	4303	0.6096286082642471
4304	4304	0.21223663454711808
4305	4305	2.265351723712213
4306	4306	1.4425322163786294
4307	4307	0.0012822051376089267
4308	4308	0.9864877764859714
4309	4309	1.62611990028951
4310	4310	0.9707797806324171
4311	4311	2.859757903935635
4312	4312	0.011512124528217866
4313	4313	0.9266633977861313
4314	4314	6.4504935499008615
4315	4315	2.7598243707144863
4316	4316	1.2331841969817006
4317	4317	1.9907856802335493
4318	4318	0.6543639010720708
4319	4319	0.3494094731242997
4320	4320	4.282150697373083
4321	4321	5.124435880847475
4322	4322	0.980513613188772
4323	4323	2.9372230259579593
4324	4324	0.1428282491140323
4325	4325	0.35648809276931337
4326	4326	0.7449489454021133
4327	4327	0.9012630631294283
4328	4328	1.26257692644301
4329	4329	3.76198085584423
4330	4330	3.253831804205558
4331	4331	0.07433675635948167
4332	4332	1.1774328780614491
4333	4333	1.415026554732103
4334	4334	1.0896744943176895
4335	4335	0.2523620624440714
4336	4336	0.5646867058309037
4337	4337	0.12481935059253087
4338	4338	0.39013668415043273
4339	4339	0.434705669540005
4340	4340	6.125847220259164
4341	4341	2.7722099562554257
4342	4342	0.10190757709546872
4343	4343	1.3567472881126155
4344	4344	3.9123568883987883
4345	4345	1.884784283131712
4346	4346	2.5655106188224535
4347	4347	0.048219282438442534
4348	4348	3.92281429121246
4349	4349	2.5504969805324285
4350	4350	1.4522280369460339
4351	4351	0.9885953530279536
4352	4352	2.4511344117231664
4353	4353	3.2460402973311893
4354	4354	0.02026371287442958
4355	4355	0.6860736505196131
4356	4356	1.1751854109386994
4357	4357	3.0351591516347107
4358	4358	0.769473236610425
4359	4359	2.281418013730835
4360	4360	2.8447283249471886
4361	4361	0.22079816319579432
4362	4362	1.0170865321459905
4363	4363	0.27471050973060096
4364	4364	4.174851944271407
4365	4365	4.10248847104282
4366	4366	0.8068764438857078
4367	4367	0.0554861329393916
4368	4368	2.745118324337508
4369	4369	2.245180899839535
4370	4370	2.8807182132748337
4371	4371	0.041212671105516366
4372	4372	3.4061641999165637
4373	4373	0.12685756023223085
4374	4374	3.303663875195518
4375	4375	1.5377053363805788
4376	4376	4.471027510763331
4377	4377	3.667671405442097
4378	4378	1.2825703958104806
4379	4379	0.16497678411990988
4380	4380	1.5813164629864447
4381	4381	2.477322931861802
4382	4382	1.2902281312549857
4383	4383	5.364784392950324
4384	4384	4.440286416535784
4385	4385	3.395103284339331
4386	4386	4.163293875977102
4387	4387	2.2084536441111333
4388	4388	2.835262171590196
4389	4389	2.299319766247863
4390	4390	0.46026098532197723
4391	4391	0.8363268247594123
4392	4392	7.485950447630175
4393	4393	6.343652680739141
4394	4394	1.4249150860057347
4395	4395	0.19433509218523565
4396	4396	2.033999525272009
4397	4397	0.7578913324077655
4398	4398	1.2037854778938366
4399	4399	2.1564041575262993
4400	4400	2.441037319193951
4401	4401	5.976596784862442
4402	4402	0.2967575285152807
4403	4403	1.6062830860487247
4404	4404	1.183721805174931
4405	4405	2.7345847824382816
4406	4406	3.5077577478928146
4407	4407	3.1622069108511
4408	4408	4.127842639764123
4409	4409	1.2306072993905446
4410	4410	1.9014657690087047
4411	4411	0.09399148158990735
4412	4412	6.329179068523228
4413	4413	0.9422441976897472
4414	4414	1.0715360015497628
4415	4415	2.1940678184021767
4416	4416	0.22591231824734215
4417	4417	0.7874965592016323
4418	4418	0.1697566375157609
4419	4419	0.9390566245663438
4420	4420	2.5736426678422113
4421	4421	1.8048014911931372
4422	4422	1.7449741224414796
4423	4423	1.0530360119266657
4424	4424	1.651755445792427
4425	4425	4.75823678150359
4426	4426	0.9136688763180276
4427	4427	0.5871719247701795
4428	4428	1.9499403155465396
4429	4429	0.3403604140696031
4430	4430	0.9331740044382917
4431	4431	0.03820461498347281
4432	4432	0.9385529924482847
4433	4433	1.6669995378761042
4434	4434	0.3558540433778825
4435	4435	1.2054014780664526
4436	4436	0.2704067567168853
4437	4437	4.697841552785139
4438	4438	3.3235802833878267
4439	4439	5.552263388028603
4440	4440	1.0497610428221575
4441	4441	0.8565349369714843
4442	4442	1.9905350712304206
4443	4443	6.499291986070732
4444	4444	2.4059796476473636
4445	4445	4.411649394597512
4446	4446	0.34773383143593134
4447	4447	1.0130072932096208
4448	4448	0.6576888322481538
4449	4449	0.16658661707241174
4450	4450	4.371553899114312
4451	4451	3.032471280621581
4452	4452	5.440401295763
4453	4453	0.4241806087123529
4454	4454	0.12144602223581048
4455	4455	7.705433465215959
4456	4456	6.083784572579765
4457	4457	0.9961518846108838
4458	4458	0.12023481056099189
4459	4459	0.43366150794262887
4460	4460	1.88406213264827
4461	4461	1.2103244106166882
4462	4462	0.6703665980098656
4463	4463	3.3786293623785144
4464	4464	3.4371138259696314
4465	4465	0.8791626618824532
4466	4466	9.173845780649064
4467	4467	0.19397984137483282
4468	4468	2.66652696480255
4469	4469	2.3573792514255065
4470	4470	0.27267858600502004
4471	4471	1.8917494228519842
4472	4472	1.589007681927034
4473	4473	0.43193283863252974
4474	4474	0.9304536817424301
4475	4475	2.3673184474711757
4476	4476	0.3784042511519738
4477	4477	0.9708405458163084
4478	4478	0.4543187712936643
4479	4479	2.064598956941751
4480	4480	1.0655232449574719
4481	4481	1.2617693410738144
4482	4482	1.1889506787550546
4483	4483	0.41207810963989083
4484	4484	0.595723665729547
4485	4485	0.16589608311642048
4486	4486	1.3479065173222944
4487	4487	0.17247243218450914
4488	4488	0.4543879908545699
4489	4489	4.943053939224548
4490	4490	2.722261636633355
4491	4491	5.110762749922234
4492	4492	0.20681245244072702
4493	4493	0.5466704366210623
4494	4494	2.0239440419495573
4495	4495	1.9393350681727803
4496	4496	0.9468199364776325
4497	4497	2.7562159757949507
4498	4498	2.0687463904313983
4499	4499	0.48854597285717555
4500	4500	2.476658849651539
4501	4501	2.1943201827810244
4502	4502	0.7793115564701307
4503	4503	1.9918924611211413
4504	4504	0.9853406567856676
4505	4505	0.6382856209065703
4506	4506	1.4716185566552165
4507	4507	2.2867062549597543
4508	4508	0.36359267386729893
4509	4509	0.322136347385318
4510	4510	10.216436186955825
4511	4511	0.3028769808299358
4512	4512	4.880189267643397
4513	4513	0.9663998158671743
4514	4514	1.580265791788789
4515	4515	0.7430983035743656
4516	4516	3.3528758300223047
4517	4517	0.8325520536659067
4518	4518	0.8835876412650138
4519	4519	0.8303888191741887
4520	4520	2.1293956461066106
4521	4521	4.841495653123841
4522	4522	2.8583221575168323
4523	4523	1.3154319733072632
4524	4524	2.1481296119458344
4525	4525	2.698312919621789
4526	4526	1.2000330232698657
4527	4527	1.125273369745127
4528	4528	1.3634177263500702
4529	4529	2.116233973802498
4530	4530	0.19246777649655458
4531	4531	1.0559729554188235
4532	4532	3.861960118052172
4533	4533	3.220345704742648
4534	4534	0.8914536731877876
4535	4535	1.7363192468155013
4536	4536	5.540907692597
4537	4537	1.8099114287879863
4538	4538	0.07473581659580679
4539	4539	1.0294142334257865
4540	4540	1.475100342340806
4541	4541	0.3211081684648143
4542	4542	3.670652859338174
4543	4543	1.4439249952466016
4544	4544	3.6446112085860882
4545	4545	1.199074527573153
4546	4546	1.1190331388642558
4547	4547	5.333554665014081
4548	4548	1.7913569015676791
4549	4549	2.6065866473170436
4550	4550	3.1924270671390347
4551	4551	6.582114409374333
4552	4552	0.1253839638843423
4553	4553	0.6519637273829522
4554	4554	1.6100497970319154
4555	4555	0.8361906927409506
4556	4556	0.5850647766031232
4557	4557	1.1294951169244396
4558	4558	1.1771781440091527
4559	4559	0.37977764547673404
4560	4560	2.4247991161368843
4561	4561	6.460208528724465
4562	4562	2.5941400611853904
4563	4563	0.6766361304959491
4564	4564	0.4049039673054564
4565	4565	2.841013192560489
4566	4566	3.185262474391253
4567	4567	1.6886077824997001
4568	4568	0.7518165298549252
4569	4569	0.0786512172970693
4570	4570	1.7432009693674297
4571	4571	0.5453291766226547
4572	4572	0.5606339242868814
4573	4573	1.2942176180323584
4574	4574	0.3958771613534265
4575	4575	0.3074066104993633
4576	4576	0.8580932789781017
4577	4577	4.935878020980885
4578	4578	6.2802581708565155
4579	4579	0.0395644150314617
4580	4580	0.4082952734318436
4581	4581	0.9545047900489427
4582	4582	2.8437866144460453
4583	4583	5.311398409809779
4584	4584	2.3471344614264167
4585	4585	0.12325270148111954
4586	4586	0.2830385974656982
4587	4587	1.2359616815986874
4588	4588	2.499646370908026
4589	4589	0.22372324569993624
4590	4590	1.0768629905420302
4591	4591	5.359484571527548
4592	4592	1.340299341005397
4593	4593	3.4157597383569946
4594	4594	0.14590398918197003
4595	4595	0.6954442003709314
4596	4596	1.5250558862341113
4597	4597	0.4599296316476774
4598	4598	1.2016145757359993
4599	4599	1.7101197724353951
4600	4600	1.1595258395334047
4601	4601	1.5234222792548253
4602	4602	2.1179915671546734
4603	4603	0.09117205492578914
4604	4604	0.4713458204734391
4605	4605	1.676553086637218
4606	4606	0.18838664067773583
4607	4607	0.0555310706101185
4608	4608	1.666797016861797
4609	4609	5.094379144307673
4610	4610	3.8462742318137164
4611	4611	0.7395330391440531
4612	4612	0.48150631202707944
4613	4613	4.692348983004121
4614	4614	0.28059415651536956
4615	4615	2.0213583552225245
4616	4616	1.8429846338189002
4617	4617	2.0901038097278417
4618	4618	3.7331161061519214
4619	4619	0.4839739194441088
4620	4620	1.976510795373677
4621	4621	0.08354271825481842
4622	4622	0.9518250903919422
4623	4623	0.10363500520700597
4624	4624	2.260626712313574
4625	4625	0.19270642861738987
4626	4626	1.709580791992067
4627	4627	1.8619153398168984
4628	4628	1.1589660857757438
4629	4629	0.28934862974150477
4630	4630	0.4767117781395889
4631	4631	0.9194888924010379
4632	4632	0.23267431063625005
4633	4633	2.878275830922043
4634	4634	0.6960286930367042
4635	4635	1.7938020709846834
4636	4636	0.4277355813533596
4637	4637	0.05961058012392835
4638	4638	1.8729168683987536
4639	4639	2.6113236623525817
4640	4640	3.2223058221066143
4641	4641	0.15761209320796593
4642	4642	12.887796981778743
4643	4643	10.523750881974136
4644	4644	4.296902173292299
4645	4645	1.1287658143760966
4646	4646	4.092829688337882
4647	4647	0.9231585695485144
4648	4648	6.771901341600864
4649	4649	3.0326111368547743
4650	4650	2.616078670208957
4651	4651	1.7260300409299336
4652	4652	3.142067126778739
4653	4653	2.947241168807226
4654	4654	3.2290305828359904
4655	4655	0.4831354686171571
4656	4656	0.18009205069329856
4657	4657	0.5308000688105001
4658	4658	0.02257011006689467
4659	4659	1.2923824284709
4660	4660	0.5393746179485982
4661	4661	1.3203639770048263
4662	4662	0.6521354321855646
4663	4663	2.2080727349933147
4664	4664	3.818741783879992
4665	4665	0.6751182788561868
4666	4666	0.5162540670737449
4667	4667	1.1511067262363608
4668	4668	2.5620809960591178
4669	4669	3.2695725761325116
4670	4670	1.1343555168735038
4671	4671	1.8901562483091485
4672	4672	0.02003855250568775
4673	4673	0.3629963403873732
4674	4674	0.5257516247211823
4675	4675	2.132774725236791
4676	4676	0.7519577294024588
4677	4677	1.1358891567301408
4678	4678	1.0385644829523637
4679	4679	2.1187788422175498
4680	4680	1.4569577820604436
4681	4681	3.1018332136007327
4682	4682	3.4858296328097347
4683	4683	0.7099372616630519
4684	4684	3.704325685878319
4685	4685	2.4913674147933986
4686	4686	0.6382403318414872
4687	4687	0.541917507353345
4688	4688	4.690593952894466
4689	4689	0.24945693148524586
4690	4690	0.6967439588710449
4691	4691	6.02540475425999
4692	4692	0.26188347589487526
4693	4693	1.1838462265781018
4694	4694	2.544688076496821
4695	4695	1.94522644073121
4696	4696	0.4649888713224582
4697	4697	1.292710481678323
4698	4698	3.325486639777174
4699	4699	3.3674687172278204
4700	4700	0.7929721775948193
4701	4701	0.3230175805184815
4702	4702	3.066431204381831
4703	4703	0.7844039337446475
4704	4704	1.601893373161143
4705	4705	1.7647881663658196
4706	4706	0.577580126233139
4707	4707	2.195787274010525
4708	4708	6.483421621949386
4709	4709	3.920298389131685
4710	4710	0.052482019154365206
4711	4711	2.0907998176815847
4712	4712	1.7033932187191572
4713	4713	6.336157868581026
4714	4714	0.14810411108205887
4715	4715	0.4840597359158335
4716	4716	7.010454007315102
4717	4717	1.5974413177637874
4718	4718	4.9036970613119495
4719	4719	6.705236794323699
4720	4720	0.02839208663536671
4721	4721	1.1683559622287965
4722	4722	0.80411277308516
4723	4723	4.444332017474382
4724	4724	0.13905852673640182
4725	4725	0.4040449127297566
4726	4726	0.67135600099834
4727	4727	0.7491107958997667
4728	4728	2.4753679089303717
4729	4729	1.5261951803630422
4730	4730	7.813225281792118
4731	4731	2.762931838494832
4732	4732	7.25243775882309
4733	4733	0.49489996069470604
4734	4734	0.10810590949739365
4735	4735	0.4050358354884658
4736	4736	0.041777561030821544
4737	4737	4.623188119142194
4738	4738	6.363580493294753
4739	4739	5.968843782863923
4740	4740	0.9294703782047631
4741	4741	3.0341560896382678
4742	4742	0.33297715516142323
4743	4743	2.0033484027367017
4744	4744	0.9376661842281206
4745	4745	2.5504623319775472
4746	4746	0.15551076786662793
4747	4747	3.406556271160629
4748	4748	0.7125860268709836
4749	4749	0.49193957954051615
4750	4750	2.488545632091823
4751	4751	0.5870462773229218
4752	4752	1.750966804134033
4753	4753	2.3983930399287834
4754	4754	0.6660976173233824
4755	4755	0.4012273706228755
4756	4756	2.105415329614515
4757	4757	5.42001436480256
4758	4758	0.08352333917213994
4759	4759	3.9675123633920704
4760	4760	0.050839978389200936
4761	4761	8.904302892843296
4762	4762	1.0719126734400295
4763	4763	0.24815661348098678
4764	4764	4.876805988186522
4765	4765	1.4667380108328518
4766	4766	0.5033925707734732
4767	4767	0.18593810787431383
4768	4768	7.1744031117533975
4769	4769	1.1864408873912464
4770	4770	0.6987412793676305
4771	4771	3.0663750517244037
4772	4772	0.7378332278084871
4773	4773	0.2140367320325016
4774	4774	4.326837598072483
4775	4775	2.448263907887175
4776	4776	1.8503280227056718
4777	4777	2.0231460183061456
4778	4778	7.61074430401548
4779	4779	0.0383722852239723
4780	4780	0.19925340639215522
4781	4781	0.8116508349160483
4782	4782	2.2554499669000747
4783	4783	0.46671468841026803
4784	4784	0.9517285715573481
4785	4785	3.2529816830558116
4786	4786	6.56527721599492
4787	4787	3.707924785457882
4788	4788	1.1173070312473574
4789	4789	3.3916438251681336
4790	4790	4.924655388365628
4791	4791	1.3994545348727232
4792	4792	1.2417143043367356
4793	4793	0.5989744278233367
4794	4794	10.424588390870342
4795	4795	2.5749625945443717
4796	4796	0.17598166505748966
4797	4797	1.6230538966063912
4798	4798	1.8109513709829244
4799	4799	4.122978043253007
4800	4800	4.13554124114099
4801	4801	4.186252571517748
4802	4802	5.186257403512551
4803	4803	2.389180885656711
4804	4804	5.989549672558516
4805	4805	4.368984378351231
4806	4806	0.9161613414499122
4807	4807	1.8444611017903307
4808	4808	0.5756277873042173
4809	4809	2.6382298487613016
4810	4810	2.801414105904027
4811	4811	0.3707516548066153
4812	4812	1.283223286217564
4813	4813	2.084201227925503
4814	4814	1.4727399849863396
4815	4815	0.42858430998840963
4816	4816	1.1410598840925064
4817	4817	2.325659358107183
4818	4818	5.523998120546071
4819	4819	0.46678901977754894
4820	4820	0.042026075574656895
4821	4821	0.44972551329935806
4822	4822	5.02522456582705
4823	4823	1.488624483973711
4824	4824	1.9486595874706465
4825	4825	4.018995511261903
4826	4826	1.4016484207112307
4827	4827	0.44723810070534226
4828	4828	0.900830120390998
4829	4829	4.2435520713730055
4830	4830	2.269527330728101
4831	4831	4.1686197401640905
4832	4832	0.33164454010447275
4833	4833	0.7869556687401577
4834	4834	6.665705532027424
4835	4835	1.3553579823241955
4836	4836	1.6321488359400769
4837	4837	0.87123800576356
4838	4838	0.23997228000471135
4839	4839	0.5109059946292724
4840	4840	1.7858003529014612
4841	4841	1.680256173756157
4842	4842	0.40228990487105576
4843	4843	3.3307888379038224
4844	4844	1.2263535041951075
4845	4845	1.2353252054004675
4846	4846	0.20960989586345943
4847	4847	0.7156596857927214
4848	4848	2.437181404749946
4849	4849	4.417624210040519
4850	4850	0.5026890128455985
4851	4851	1.1798405191174923
4852	4852	0.00425958062045308
4853	4853	3.1992257262985215
4854	4854	1.5238041481390132
4855	4855	0.6732428015936329
4856	4856	6.169786555191009
4857	4857	0.6344316853414698
4858	4858	0.7343925239727663
4859	4859	0.9762762008938393
4860	4860	0.15034705923304784
4861	4861	3.479881507422787
4862	4862	3.1152739931911584
4863	4863	0.7573681531712951
4864	4864	2.6810878015088964
4865	4865	1.5843943015875186
4866	4866	1.4524798177684257
4867	4867	0.9163990452215531
4868	4868	0.5227297170401246
4869	4869	0.15593063846237984
4870	4870	1.0436791908414496
4871	4871	6.782354303638827
4872	4872	0.022583072996819
4873	4873	4.413866160932023
4874	4874	1.3171739184565228
4875	4875	3.9908694206425057
4876	4876	4.235767031494932
4877	4877	0.03216278418019195
4878	4878	0.796303386461792
4879	4879	2.080962932017602
4880	4880	7.408887730683144
4881	4881	4.54103817897476
4882	4882	0.4458993377724898
4883	4883	2.1136547788940057
4884	4884	0.5793798470614706
4885	4885	2.508431907111711
4886	4886	1.9840005062440864
4887	4887	0.12949247406189365
4888	4888	1.1034055458688847
4889	4889	2.230900298969835
4890	4890	0.5843925890260921
4891	4891	9.09100429434023
4892	4892	4.788442158271679
4893	4893	1.933972095679492
4894	4894	1.9726171180675047
4895	4895	1.5503729999001867
4896	4896	0.7017272103287303
4897	4897	2.1696108902368607
4898	4898	2.1502927662408724
4899	4899	0.05547246486846497
4900	4900	3.7184401422872186
4901	4901	2.2321213831728857
4902	4902	1.1965199468487149
4903	4903	3.9035512556291265
4904	4904	2.4288657732742545
4905	4905	1.0747561542122024
4906	4906	4.317319614961575
4907	4907	1.4860894329937409
4908	4908	0.7056407097537004
4909	4909	1.2655439142701814
4910	4910	0.16082225428202632
4911	4911	1.7506333893556647
4912	4912	1.3531579226534045
4913	4913	0.8227655595409107
4914	4914	0.8473688237946498
4915	4915	0.19916380983003568
4916	4916	1.0139195246876294
4917	4917	3.2859448295608704
4918	4918	1.1191166597848956
4919	4919	1.4724720443876504
4920	4920	0.8679319726873347
4921	4921	3.5933938178516582
4922	4922	6.613762084320493
4923	4923	0.8144749044915413
4924	4924	6.234957491091991
4925	4925	0.5099131715828921
4926	4926	2.7999861996115483
4927	4927	5.493570994404697
4928	4928	1.6685814845022318
4929	4929	1.7570258650796153
4930	4930	0.18873677307060813
4931	4931	4.533078818140527
4932	4932	0.6052598766839674
4933	4933	1.4955222036927425
4934	4934	1.232292757658808
4935	4935	0.6992221895769076
4936	4936	2.78898118420141
4937	4937	2.82611658397221
4938	4938	0.2777853422610804
4939	4939	5.368909497285868
4940	4940	0.36416260482396484
4941	4941	3.0795866883383294
4942	4942	1.5325641976440727
4943	4943	4.48281090205189
4944	4944	1.672717621181895
4945	4945	0.05021475095771827
4946	4946	0.7436556567386464
4947	4947	1.1342879812016082
4948	4948	1.933957675111909
4949	4949	5.1494963065271975
4950	4950	1.005879417052641
4951	4951	5.121952254697548
4952	4952	1.9168006757632388
4953	4953	4.8405059858790676
4954	4954	5.252259921786761
4955	4955	1.1981731373221172
4956	4956	2.388848968882295
4957	4957	4.1741313549832855
4958	4958	1.6946759533287659
4959	4959	0.6430660027214155
4960	4960	1.7226085345728355
4961	4961	0.6853698727225817
4962	4962	0.26579621747422144
4963	4963	3.003464106824936
4964	4964	2.659815942037211
4965	4965	1.7099339852664885
4966	4966	1.9745071015413327
4967	4967	1.767646722163156
4968	4968	3.363180412464289
4969	4969	1.7188418666263447
4970	4970	0.3303277563147033
4971	4971	1.4827182396792833
4972	4972	1.891127909258498
4973	4973	1.2921422729641385
4974	4974	0.2702968731064098
4975	4975	0.7687246356096893
4976	4976	0.524397248502449
4977	4977	0.8578950036182018
4978	4978	5.91460727616924
4979	4979	3.1489969539041933
4980	4980	0.26426730317111813
4981	4981	0.8456975264031784
4982	4982	3.7685846508465333
4983	4983	0.46917800944430543
4984	4984	3.7538808355612203
4985	4985	0.3961489520049099
4986	4986	1.2324333007970998
4987	4987	0.7536171125120751
4988	4988	0.3062744202411423
4989	4989	1.8765889930965984
4990	4990	0.0012229074890544912
4991	4991	0.47027769330481156
4992	4992	1.0341646246340035
4993	4993	1.0153973307934399
4994	4994	2.711178824091799
4995	4995	2.4921945191729913
4996	4996	1.069075109423971
4997	4997	0.7193016241386878
4998	4998	1.930079103385965
4999	4999	2.5419620944493397
5000	5000	2.2453336316491326
5001	5001	0.5990655308131096
5002	5002	0.8319170631010491
5003	5003	2.5297797782906355
5004	5004	0.5732212191505329
5005	5005	1.723866337623285
5006	5006	6.207587090256128
5007	5007	3.2213198607897895
5008	5008	2.0533614303369734
5009	5009	3.532968040918219
5010	5010	0.1904090463261452
5011	5011	3.7094237318532763
5012	5012	2.589576751148299
5013	5013	2.4570943422556666
5014	5014	9.694884217257046
5015	5015	7.792762730346904
5016	5016	0.6920737168796646
5017	5017	0.7245719284333938
5018	5018	4.867203002977775
5019	5019	1.180046159530896
5020	5020	2.085675352946423
5021	5021	3.1614074077494303
5022	5022	2.414857682893381
5023	5023	0.37782739901503704
5024	5024	1.124524944315386
5025	5025	2.311977674835019
5026	5026	1.3421321216593722
5027	5027	4.389613262642828
5028	5028	4.292892080384812
5029	5029	0.4473773843292221
5030	5030	3.7395863708781762
5031	5031	11.135452092054237
5032	5032	0.6631864191113053
5033	5033	3.260741167464606
5034	5034	2.4159744196649555
5035	5035	0.3156273905603616
5036	5036	1.8134910489979792
5037	5037	0.05520661774297028
5038	5038	2.4579619559061845
5039	5039	4.9849436703560075
5040	5040	0.7049490506329216
5041	5041	0.4374894524236577
5042	5042	2.0019391485683578
5043	5043	4.716548683652161
5044	5044	0.15789625917161867
5045	5045	0.5430440302571918
5046	5046	1.2669159593366868
5047	5047	3.0541479411815096
5048	5048	0.4069517692168792
5049	5049	0.10478675677112498
5050	5050	1.0268052168960813
5051	5051	1.3126687078010766
5052	5052	1.0054388189689654
5053	5053	9.59466169017682
5054	5054	4.55545181551083
5055	5055	1.2796284483516465
5056	5056	1.42314148787159
5057	5057	0.6264422766440002
5058	5058	0.43813914004827165
5059	5059	1.627887874848834
5060	5060	3.045466906924621
5061	5061	0.6531334165737978
5062	5062	0.7421501590436365
5063	5063	8.180154066293644
5064	5064	2.1976193675706965
5065	5065	2.418136403014922
5066	5066	0.4183771540767146
5067	5067	0.4221598989979048
5068	5068	0.09071170139331933
5069	5069	2.801248967603129
5070	5070	1.0560877629017176
5071	5071	0.9549665121249021
5072	5072	0.5741018053355714
5073	5073	3.405197904865156
5074	5074	4.9096643351497855
5075	5075	2.3715066337682593
5076	5076	1.7030612633157465
5077	5077	6.051201510266192
5078	5078	0.08977402076558225
5079	5079	1.4753134415786082
5080	5080	2.0447213154418646
5081	5081	4.018859673787068
5082	5082	4.705799499011443
5083	5083	0.09769046489465949
5084	5084	0.010967142022176225
5085	5085	4.450947598695684
5086	5086	0.6500666840405193
5087	5087	0.32525997880881
5088	5088	2.2408342050201013
5089	5089	1.8244693772471368
5090	5090	3.0384941699389274
5091	5091	0.4043354089979068
5092	5092	0.07697335135817598
5093	5093	0.09719266201754753
5094	5094	0.7335483327400545
5095	5095	9.488487485794442
5096	5096	0.11531497909293191
5097	5097	1.6130872921480301
5098	5098	7.205285400148212
5099	5099	0.3159188263710567
5100	5100	0.47157272645103193
5101	5101	1.1521332823030654
5102	5102	1.6336231237883065
5103	5103	0.1596111312381623
5104	5104	0.6982769068795539
5105	5105	3.0600158452967516
5106	5106	0.40602087862662184
5107	5107	0.44001050827040183
5108	5108	1.6751651103446383
5109	5109	0.09511919506239805
5110	5110	1.2602842089972466
5111	5111	0.38469632871850884
5112	5112	3.8186507549530178
5113	5113	1.5950814411787884
5114	5114	0.006360631778795476
5115	5115	1.255376709993129
5116	5116	0.024475564471456452
5117	5117	0.1051425461265811
5118	5118	0.09299986716944614
5119	5119	3.2790501172109017
5120	5120	5.725417288834886
5121	5121	1.9663693907486774
5122	5122	2.565591703512643
5123	5123	0.024043485065589395
5124	5124	0.015393637927891625
5125	5125	4.267852595678039
5126	5126	1.3347856292047389
5127	5127	0.17197330209532846
5128	5128	0.6010693922585096
5129	5129	3.0570155973954227
5130	5130	0.019989163674039623
5131	5131	3.518671671978592
5132	5132	1.9584204784701662
5133	5133	1.1000201559561766
5134	5134	3.3411715755959968
5135	5135	0.017460422776192752
5136	5136	1.3722798218286256
5137	5137	0.3675204804996862
5138	5138	1.2031037120472037
5139	5139	5.174476460855279
5140	5140	0.530355239650336
5141	5141	0.2860700191378222
5142	5142	1.1307165187292658
5143	5143	0.2460680941559383
5144	5144	0.8243264689091135
5145	5145	1.5248839941945462
5146	5146	0.42955069753398173
5147	5147	3.568859736754429
5148	5148	0.5650699374447301
5149	5149	0.4290619686848625
5150	5150	0.10753315063701942
5151	5151	0.5332675599698312
5152	5152	3.351387818042498
5153	5153	0.4502364338504375
5154	5154	0.5904561663817764
5155	5155	6.315308982512001
5156	5156	2.4563464076469703
5157	5157	1.1206147474471078
5158	5158	8.751264636427221
5159	5159	0.460398636696177
5160	5160	3.5509802191692876
5161	5161	2.4794239293486875
5162	5162	3.4230847321449667
5163	5163	5.122549967297046
5164	5164	2.780701902675255
5165	5165	2.0549330642342154
5166	5166	1.1288003299829703
5167	5167	1.0706204455310968
5168	5168	4.5518824949541346
5169	5169	1.1310117360203604
5170	5170	0.17420959291327012
5171	5171	2.5418340363247127
5172	5172	3.779951176687745
5173	5173	3.593297037803527
5174	5174	3.06637189189429
5175	5175	0.719878720526261
5176	5176	0.625546402124138
5177	5177	0.23235191613469106
5178	5178	0.05247809824776384
5179	5179	0.7029240194409404
5180	5180	1.714253961333355
5181	5181	1.5280566184735633
5182	5182	0.8064403922177975
5183	5183	3.0482608016613644
5184	5184	3.0270761090650415
5185	5185	3.0666383871056686
5186	5186	0.7727730403480587
5187	5187	0.11687159305814276
5188	5188	0.13620890477161154
5189	5189	2.383626938148827
5190	5190	2.7754048981244392
5191	5191	7.136091164276757
5192	5192	0.827324875248237
5193	5193	1.159318788720988
5194	5194	1.1346075530360298
5195	5195	2.3104022285404735
5196	5196	2.245392710068317
5197	5197	0.43611830641387944
5198	5198	1.0744650464116603
5199	5199	4.164668631297511
5200	5200	3.9181062587128097
5201	5201	0.49011180092439405
5202	5202	2.619320672620815
5203	5203	4.47360855292712
5204	5204	1.5938659401741033
5205	5205	3.021421600643653
5206	5206	0.7353360816698378
5207	5207	0.2159379216587076
5208	5208	0.49118925490776444
5209	5209	1.644996423229087
5210	5210	0.7035555295799868
5211	5211	3.0860064558681333
5212	5212	2.633173934808539
5213	5213	1.7681092606885014
5214	5214	0.17049955342931344
5215	5215	0.36156888853632574
5216	5216	4.350717652807954
5217	5217	0.39354413474323063
5218	5218	3.066424280608161
5219	5219	0.9492020537845984
5220	5220	0.6910405064772617
5221	5221	4.929378834571215
5222	5222	5.532515430778674
5223	5223	4.335812335450746
5224	5224	1.4305843507478433
5225	5225	1.8859976780815813
5226	5226	12.599531610636964
5227	5227	1.101523730858825
5228	5228	3.942075103751929
5229	5229	3.6320265458563274
5230	5230	1.5875309614676114
5231	5231	5.099729628545265
5232	5232	1.4112735745514906
5233	5233	0.1028626825316274
5234	5234	1.7262618616439735
5235	5235	5.823118238147719
5236	5236	3.1395233550891675
5237	5237	3.1773943058185696
5238	5238	2.1327584263759145
5239	5239	0.5412480379939979
5240	5240	1.2216574424560978
5241	5241	2.808626296091672
5242	5242	1.1508392250731865
5243	5243	1.9881355629704205
5244	5244	2.369397135990727
5245	5245	0.05188371007253331
5246	5246	4.254601970476694
5247	5247	0.8881267618222437
5248	5248	3.5679137649026282
5249	5249	0.1605243790508777
5250	5250	0.7699342392350972
5251	5251	0.5118649337813752
5252	5252	3.6342691646121223
5253	5253	0.8481013476915169
5254	5254	1.4509692635213156
5255	5255	1.9798029300668152
5256	5256	0.8854125715325648
5257	5257	4.630050796337281
5258	5258	0.1486094997252506
5259	5259	1.6471315604954633
5260	5260	6.461701221015131
5261	5261	1.7777055502146604
5262	5262	0.7683299306712613
5263	5263	1.490682633519541
5264	5264	1.1181063069693493
5265	5265	0.054486234488363705
5266	5266	0.4069919985816837
5267	5267	2.442977248810252
5268	5268	1.3735436670303598
5269	5269	0.6299774301813211
5270	5270	3.2001038328141083
5271	5271	1.1286941677937203
5272	5272	1.7041709523715454
5273	5273	0.9795335685782404
5274	5274	1.7602939571904708
5275	5275	0.7692797636013985
5276	5276	1.0086955793733317
5277	5277	0.9447992677837649
5278	5278	3.180412659081777
5279	5279	1.141310518086818
5280	5280	0.25896774609130147
5281	5281	1.1263437116936887
5282	5282	5.124139473381267
5283	5283	1.372495949308021
5284	5284	0.2182106129955293
5285	5285	1.777450073937749
5286	5286	1.9003866049674798
5287	5287	0.14856390197384
5288	5288	0.9187494276658086
5289	5289	1.084827820867843
5290	5290	1.61860294137064
5291	5291	0.7725258896164288
5292	5292	2.5902632867645754
5293	5293	0.8467703797351421
5294	5294	1.6098232236221444
5295	5295	6.753482713964451
5296	5296	1.4491567112990928
5297	5297	2.7404785315002194
5298	5298	1.4201247550088776
5299	5299	2.3204975086379362
5300	5300	1.5289681816507803
5301	5301	9.831066472030448
5302	5302	1.001613948127176
5303	5303	6.778878322803438
5304	5304	0.019338932550553394
5305	5305	0.7496240239143735
5306	5306	2.608274965487993
5307	5307	0.6113511937542884
5308	5308	1.1412607409432134
5309	5309	0.79278147510599
5310	5310	0.3304037967995391
5311	5311	0.3694272745717252
5312	5312	2.3355670605684447
5313	5313	1.0854173934319493
5314	5314	3.040521211612698
5315	5315	15.628317080205399
5316	5316	0.15150669687372997
5317	5317	0.6957332932832615
5318	5318	3.7077982383939756
5319	5319	2.3154871380717545
5320	5320	1.766119990719313
5321	5321	5.693436251472788
5322	5322	0.14457752644181493
5323	5323	3.5749461623952214
5324	5324	2.0007764506715353
5325	5325	2.1070970819148225
5326	5326	0.8961652906272618
5327	5327	2.4557713064085047
5328	5328	9.521136365402743
5329	5329	0.29800415266148017
5330	5330	2.5363873736398665
5331	5331	3.1035825859449355
5332	5332	6.494145230925941
5333	5333	1.135350228966387
5334	5334	1.1568202277701114
5335	5335	1.1733580977062767
5336	5336	0.5659159950279259
5337	5337	2.3808821311900417
5338	5338	0.5542466458760593
5339	5339	2.1179238298279044
5340	5340	2.611169332273278
5341	5341	0.5133024275808789
5342	5342	5.889049815917762
5343	5343	1.7462254349889275
5344	5344	2.1121788902552017
5345	5345	2.171267695588772
5346	5346	1.9597407023041427
5347	5347	0.969989563000579
5348	5348	0.8012638210197706
5349	5349	0.236367448282987
5350	5350	3.8724588521219405
5351	5351	0.39327057865808923
5352	5352	7.832428935873678
5353	5353	0.946757699421993
5354	5354	0.7986308472342123
5355	5355	4.131821072875286
5356	5356	0.3305002076181882
5357	5357	3.0879913035019193
5358	5358	0.4306239646505731
5359	5359	0.6363491485550531
5360	5360	2.426381952264429
5361	5361	0.9093014670480651
5362	5362	2.066420581942815
5363	5363	3.652621072325316
5364	5364	0.7553934679406614
5365	5365	3.2356069562274876
5366	5366	0.0963591562595073
5367	5367	1.0371970487460764
5368	5368	0.0069231467724549505
5369	5369	1.6705593215452001
5370	5370	0.8387554358652618
5371	5371	0.4649091331800614
5372	5372	3.822656149903994
5373	5373	0.9318521503592531
5374	5374	0.47878764639584154
5375	5375	0.10975983975775948
5376	5376	0.7188240154391166
5377	5377	1.4895558615189688
5378	5378	2.178608596819302
5379	5379	0.1843166180422272
5380	5380	1.7009689806539134
5381	5381	0.1741008884440729
5382	5382	0.04034260694244527
5383	5383	6.514247756060983
5384	5384	0.06874021029031074
5385	5385	3.501924226148066
5386	5386	2.588226099992655
5387	5387	0.7314099442678895
5388	5388	0.18305970072505992
5389	5389	1.39911288469336
5390	5390	0.3687274733067531
5391	5391	5.970610708280651
5392	5392	1.4264184863311968
5393	5393	2.2320868100389712
5394	5394	3.2165449059956788
5395	5395	1.6189024028416255
5396	5396	2.3548971026837693
5397	5397	3.2212635243175813
5398	5398	0.9580087884412808
5399	5399	4.531286742765835
5400	5400	1.626823122660042
5401	5401	0.5662707001458225
5402	5402	0.6196747813338662
5403	5403	1.015405990259361
5404	5404	0.9670084597212316
5405	5405	1.0255343356858218
5406	5406	8.46991041071464
5407	5407	2.361975817435683
5408	5408	0.19797897081652896
5409	5409	0.6446411727813546
5410	5410	0.9768756929272133
5411	5411	1.7233234147950045
5412	5412	0.6213686543373926
5413	5413	0.1497864006591656
5414	5414	3.43684345441478
5415	5415	3.3491081543782593
5416	5416	0.1356707828207165
5417	5417	2.736832444314627
5418	5418	1.94229286324441
5419	5419	0.8727948630056188
5420	5420	2.6080850176926633
5421	5421	0.596319650877442
5422	5422	1.5823600373092694
5423	5423	0.34208759091332885
5424	5424	4.196854325040389
5425	5425	1.5723905725161798
5426	5426	2.8209060623320266
5427	5427	0.8055664879766672
5428	5428	2.2094506933673173
5429	5429	1.892986049767397
5430	5430	1.221564605790918
5431	5431	1.73361812776447
5432	5432	1.1897872610492284
5433	5433	0.9327617063030958
5434	5434	2.7045056034942454
5435	5435	1.3911561320945998
5436	5436	3.0437400838867985
5437	5437	0.985230495731591
5438	5438	0.3559329074562561
5439	5439	2.309908112389229
5440	5440	1.9298093068757116
5441	5441	4.061001451584454
5442	5442	3.1603229775760067
5443	5443	4.904915314782557
5444	5444	4.641852588675457
5445	5445	3.521819931351622
5446	5446	3.301911895301194
5447	5447	0.4365774094548071
5448	5448	2.4536352982070224
5449	5449	2.20521882740583
5450	5450	1.2006737446776297
5451	5451	0.4028907507717679
5452	5452	0.7236605413355043
5453	5453	0.6497299842343196
5454	5454	0.07311070261865943
5455	5455	1.0797366727041677
5456	5456	0.38921268161018197
5457	5457	2.105590785582665
5458	5458	1.4286827523902035
5459	5459	0.7750242092049353
5460	5460	3.2661144381897826
5461	5461	2.270272988218333
5462	5462	4.028165859310214
5463	5463	4.752261807767817
5464	5464	6.728352520940108
5465	5465	6.297835835360028
5466	5466	0.4546451147693791
5467	5467	1.0205151405928952
5468	5468	0.03620696530999954
5469	5469	0.07009630193145741
5470	5470	3.6900902940077813
5471	5471	1.1893493605241572
5472	5472	1.3285779988763977
5473	5473	4.232113458175898
5474	5474	0.8883458280211437
5475	5475	3.7856966558956366
5476	5476	4.933968091595208
5477	5477	3.097534826207866
5478	5478	0.5482980845881109
5479	5479	0.715596142055463
5480	5480	2.1111723920263366
5481	5481	0.7764354556248003
5482	5482	2.4301694070669404
5483	5483	0.7422144768631393
5484	5484	10.297250720496008
5485	5485	0.4072184887988399
5486	5486	3.584982306365341
5487	5487	1.3158454038273184
5488	5488	5.8316274888318835
5489	5489	0.6032295647852952
5490	5490	3.0312353480394116
5491	5491	1.859971405602692
5492	5492	2.4468009144714746
5493	5493	0.7798324147049723
5494	5494	7.739263745158086
5495	5495	3.667579095506771
5496	5496	0.4736900097639875
5497	5497	4.589731249238427
5498	5498	0.9995900844494512
5499	5499	0.09229280938405048
5500	5500	4.133753587862023
5501	5501	7.273804568035031
5502	5502	0.47149858704429787
5503	5503	0.3833364304352757
5504	5504	0.6161282561413379
5505	5505	2.0963452082054075
5506	5506	0.708750833608066
5507	5507	0.026652149295028568
5508	5508	1.589719314613588
5509	5509	4.9258145465947285
5510	5510	0.849393071238559
5511	5511	1.7931932578647454
5512	5512	0.4127192453198746
5513	5513	1.5162016216149192
5514	5514	0.024052021038930744
5515	5515	1.6259878092538196
5516	5516	0.31173185740792797
5517	5517	1.3643860380200632
5518	5518	2.030754740436407
5519	5519	1.1268828091051213
5520	5520	3.3172758427534204
5521	5521	2.069729679948688
5522	5522	1.2640651521045565
5523	5523	5.787884579213107
5524	5524	1.8363509995062695
5525	5525	1.6865609316543135
5526	5526	8.383578289297702
5527	5527	0.054162236901438024
5528	5528	7.349957270261564
5529	5529	2.9310666849698968
5530	5530	14.212921818309788
5531	5531	0.6294156240632068
5532	5532	2.529884269486289
5533	5533	1.4355364061700397
5534	5534	1.4285090726421055
5535	5535	3.4863138934457956
5536	5536	1.6040199830932407
5537	5537	1.4115387686056815
5538	5538	0.3359227362591906
5539	5539	4.426503927030201
5540	5540	0.11634990837739435
5541	5541	0.8338256679586321
5542	5542	2.067493320839073
5543	5543	0.5094599847735477
5544	5544	1.1597513820422725
5545	5545	0.877357250388143
5546	5546	0.9182090195024104
5547	5547	1.68690965634773
5548	5548	3.72140644724034
5549	5549	0.33243081965667015
5550	5550	2.9637328469985
5551	5551	0.12840920733261252
5552	5552	1.6075803889537446
5553	5553	0.3638331024118612
5554	5554	4.959131175951502
5555	5555	2.167920074958741
5556	5556	2.5408305244844924
5557	5557	0.09777444704488746
5558	5558	1.9313284342021262
5559	5559	1.6833325223488587
5560	5560	2.2752857565540436
5561	5561	4.167892120299627
5562	5562	0.1109511104831982
5563	5563	0.6827451724345424
5564	5564	5.68170745255997
5565	5565	0.5605751408274002
5566	5566	3.457420938214406
5567	5567	0.9769269583965116
5568	5568	1.887216320568831
5569	5569	0.9333810767392146
5570	5570	1.093475830046661
5571	5571	2.5019293412843178
5572	5572	2.276437986025028
5573	5573	3.48420416712696
5574	5574	5.653394504019676
5575	5575	1.3392917725981273
5576	5576	2.186486845785269
5577	5577	1.9867046695091668
5578	5578	0.1657990546665116
5579	5579	1.5359322416454049
5580	5580	4.2703093251818025
5581	5581	4.157295383424263
5582	5582	0.9026839449735339
5583	5583	2.644891877810398
5584	5584	2.4103793233553863
5585	5585	2.727086623084397
5586	5586	1.0350614739041428
5587	5587	1.399397389543811
5588	5588	0.17830917555230705
5589	5589	1.1856053760302423
5590	5590	5.235641242840521
5591	5591	2.1489501652800698
5592	5592	0.022638239945818643
5593	5593	2.0100435593784005
5594	5594	1.1817573637600056
5595	5595	0.5979463269415293
5596	5596	6.912027224008619
5597	5597	3.3049585918933864
5598	5598	1.561942882939487
5599	5599	1.6016336131547275
5600	5600	3.001768032935012
5601	5601	3.7194601400897596
5602	5602	0.34371202251394134
5603	5603	0.22631961978855236
5604	5604	0.2790912158496945
5605	5605	3.17734735772719
5606	5606	0.07464905311476891
5607	5607	0.8812094413076144
5608	5608	0.43390048617414256
5609	5609	3.9938707260055963
5610	5610	1.3239694777769442
5611	5611	9.432630690125096
5612	5612	0.9363708944449108
5613	5613	1.5867754817232478
5614	5614	0.8807962296317884
5615	5615	5.326592780208609
5616	5616	3.407691908763617
5617	5617	2.2241810766234993
5618	5618	3.8939655118340353
5619	5619	1.865216104944733
5620	5620	1.0244306229870261
5621	5621	0.049707887791724914
5622	5622	0.6932281039125331
5623	5623	1.2448366849965427
5624	5624	2.574170529747265
5625	5625	0.8566963390169737
5626	5626	3.3192392174652867
5627	5627	1.5375876975418663
5628	5628	6.5805318532822
5629	5629	0.40899557469400794
5630	5630	1.8615180701340135
5631	5631	2.791346186245796
5632	5632	1.4774939788570842
5633	5633	1.1427030235142421
5634	5634	1.4461665393771688
5635	5635	0.7565474601811735
5636	5636	5.505563755778527
5637	5637	0.39532257394392095
5638	5638	2.2828895673195717
5639	5639	0.8712627448200804
5640	5640	1.1067909954917845
5641	5641	0.17894503142626086
5642	5642	1.4251091667244689
5643	5643	1.821767179205446
5644	5644	2.59186239934592
5645	5645	0.0716829076344028
5646	5646	3.201440577436957
5647	5647	6.706622512604053
5648	5648	0.7425141764589296
5649	5649	2.583757586493028
5650	5650	1.487512747154324
5651	5651	1.839295515867987
5652	5652	1.089578122719905
5653	5653	1.5934259981516334
5654	5654	2.2319398101355414
5655	5655	6.218050877912942
5656	5656	1.0779755419701589
5657	5657	1.7907915176153
5658	5658	2.5974937923278487
5659	5659	0.9084907293542029
5660	5660	0.1529002068518156
5661	5661	2.7294519998750855
5662	5662	4.0684145286018065
5663	5663	6.318651145495135
5664	5664	4.050063671504892
5665	5665	0.5471625592615257
5666	5666	0.3717308181355492
5667	5667	3.3422955734667688
5668	5668	0.2414332454143139
5669	5669	1.0773515648796668
5670	5670	0.768320600301653
5671	5671	2.35252036952859
5672	5672	5.411901051493201
5673	5673	1.4584211991799474
5674	5674	6.870100078242798
5675	5675	4.920302718685951
5676	5676	0.6985531109988773
5677	5677	2.218221216523478
5678	5678	4.9219487478753665
5679	5679	2.813877595836005
5680	5680	0.46926430985228657
5681	5681	2.6228297536724203
5682	5682	5.357354974597495
5683	5683	5.828434328132236
5684	5684	0.21618093471128735
5685	5685	3.9138640156967615
5686	5686	0.084334561000471
5687	5687	2.372184955285552
5688	5688	0.5105884157149675
5689	5689	0.8501084720627096
5690	5690	0.8671017599743829
5691	5691	0.7097284139355975
5692	5692	8.486967961673892
5693	5693	1.089733394933651
5694	5694	5.348246171594317
5695	5695	0.9878275110372622
5696	5696	0.056496007839278065
5697	5697	7.470235196680111
5698	5698	1.811275799480801
5699	5699	0.22519733635025593
5700	5700	0.3919727515902118
5701	5701	3.6708902350724872
5702	5702	5.151211568442419
5703	5703	1.2458351579922462
5704	5704	3.978334726653666
5705	5705	4.231482699965258
5706	5706	0.4560057090591453
5707	5707	0.9643424506758208
5708	5708	1.1412920559870832
5709	5709	0.763958234722788
5710	5710	1.4838453638246931
5711	5711	2.732176224959392
5712	5712	9.886067765136088
5713	5713	6.430250236038632
5714	5714	0.8075921455764346
5715	5715	1.8062445511522927
5716	5716	2.097087660761073
5717	5717	2.496037956611713
5718	5718	1.6470720047844156
5719	5719	3.6758320083480513
5720	5720	2.1459293077985655
5721	5721	0.024779715952039965
5722	5722	0.1565725857210951
5723	5723	0.9811894247254076
5724	5724	0.21194271968839343
5725	5725	0.06235269534894817
5726	5726	0.899797320312218
5727	5727	0.5070731295570329
5728	5728	3.64810628931509
5729	5729	2.625872652522783
5730	5730	2.7138950323848743
5731	5731	2.5383138371882317
5732	5732	2.160780042758112
5733	5733	2.7179830694338407
5734	5734	2.2122418599700784
5735	5735	4.800602145253536
5736	5736	3.7819810487010677
5737	5737	1.8818273687458784
5738	5738	2.279130499222654
5739	5739	2.169603390569096
5740	5740	0.7990726022260953
5741	5741	1.4419587850304239
5742	5742	0.2054183426864198
5743	5743	1.5361552807747647
5744	5744	1.2825384060725986
5745	5745	0.4025655934388198
5746	5746	0.037085666619944786
5747	5747	2.4273838313926004
5748	5748	0.19542509655481968
5749	5749	2.7195011931803013
5750	5750	2.1992442615475043
5751	5751	1.1033172299736347
5752	5752	0.09751962466830048
5753	5753	2.3348900493789024
5754	5754	2.006053747780715
5755	5755	0.5550244222611828
5756	5756	0.21965842058681326
5757	5757	0.48936741703415015
5758	5758	1.2190845419594316
5759	5759	1.4243256638219384
5760	5760	0.5808345453620027
5761	5761	1.566007130065095
5762	5762	4.68406426287486
5763	5763	2.968453977997711
5764	5764	1.658755221688907
5765	5765	0.6583938443380982
5766	5766	0.21955187218874203
5767	5767	2.422845651212013
5768	5768	0.7052461612688727
5769	5769	3.5463353955593524
5770	5770	0.0003279694408036694
5771	5771	3.6857359272518475
5772	5772	5.76608833764478
5773	5773	6.3413990639992885
5774	5774	0.12884972374580303
5775	5775	3.567095745302801
5776	5776	0.4493940545609038
5777	5777	0.9156496748187174
5778	5778	0.1578443041934635
5779	5779	5.2518463049305355
5780	5780	2.723098279275538
5781	5781	6.2767829137246505
5782	5782	3.814780315438914
5783	5783	0.9425718362101849
5784	5784	5.536004947212891
5785	5785	0.19560419314267113
5786	5786	1.3405414660486905
5787	5787	0.8007109818625517
5788	5788	0.3502444100320569
5789	5789	0.41635912705497974
5790	5790	1.909232057161766
5791	5791	0.016201497411063893
5792	5792	0.0610428681256227
5793	5793	0.9454568088054913
5794	5794	1.7350147732938683
5795	5795	0.32735581570516364
5796	5796	0.7867376605742962
5797	5797	0.7377103583438849
5798	5798	0.5152360297106052
5799	5799	0.5023215933349596
5800	5800	2.5072579140452014
5801	5801	0.7354673068878504
5802	5802	0.013067276061544853
5803	5803	2.5918514033013818
5804	5804	1.4136477847967162
5805	5805	5.669143327271242
5806	5806	0.8236992579214077
5807	5807	3.7921540603835244
5808	5808	3.9786267958644856
5809	5809	0.13039780560241757
5810	5810	2.408322344875565
5811	5811	2.2454085495813976
5812	5812	0.6177271591169277
5813	5813	0.15428244004928005
5814	5814	0.7929402031503536
5815	5815	0.7008954296385871
5816	5816	1.4383512087359747
5817	5817	3.409787072608454
5818	5818	0.07193982653742587
5819	5819	3.7344326295871406
5820	5820	1.2134796544883375
5821	5821	3.3858094393720344
5822	5822	1.7395777626925302
5823	5823	0.40763908076918903
5824	5824	6.657509586079898
5825	5825	1.4479540545044791
5826	5826	0.6506705316939246
5827	5827	1.7409119742507198
5828	5828	3.831320024490711
5829	5829	1.55376720821369
5830	5830	0.7761354221142786
5831	5831	0.8089181854472997
5832	5832	0.1831910373561595
5833	5833	0.128222007999294
5834	5834	2.844555231429889
5835	5835	0.35607438717730616
5836	5836	4.804839893094311
5837	5837	1.0873213283812437
5838	5838	1.0206028078713276
5839	5839	8.985922291788
5840	5840	0.39267537334140723
5841	5841	2.8419400940242188
5842	5842	3.9690563099753065
5843	5843	2.254636774924772
5844	5844	1.1348049542578316
5845	5845	1.686848239538478
5846	5846	0.341697296186977
5847	5847	2.7351667857068986
5848	5848	1.8377996564694727
5849	5849	4.252397755089751
5850	5850	2.923287053242081
5851	5851	0.4706068703013518
5852	5852	4.454312260800599
5853	5853	5.6734555822895665
5854	5854	2.9640342829362414
5855	5855	1.831626089307067
5856	5856	3.346380893570628
5857	5857	1.5173849639619028
5858	5858	3.8938371148822424
5859	5859	0.5043639096315778
5860	5860	0.25415772302560274
5861	5861	0.1264354837118268
5862	5862	6.3394376295614725
5863	5863	3.3414730483910176
5864	5864	0.3381882137999076
5865	5865	0.9095502807336359
5866	5866	0.06743864884870872
5867	5867	1.9375319309223369
5868	5868	0.8263688649140921
5869	5869	5.2537276852399275
5870	5870	1.5512894194862996
5871	5871	1.1142835854924762
5872	5872	1.4038947093825078
5873	5873	2.9144296124484566
5874	5874	1.818720830043708
5875	5875	0.0533627563715529
5876	5876	2.488920150028112
5877	5877	0.3595851075343301
5878	5878	3.560615308870291
5879	5879	1.5301851749843585
5880	5880	7.738276122077427
5881	5881	2.1711824157826536
5882	5882	1.208421795241228
5883	5883	0.06546395192284023
5884	5884	0.9714135936030643
5885	5885	1.113700932685639
5886	5886	1.580264837171492
5887	5887	0.005215037568774797
5888	5888	0.018070454946733178
5889	5889	2.3012025088249057
5890	5890	0.36444949939239946
5891	5891	1.5644330488229825
5892	5892	0.5063228780106922
5893	5893	0.901912096214868
5894	5894	2.7921596405515916
5895	5895	3.046551515560193
5896	5896	0.2813797429212215
5897	5897	0.7445158336084019
5898	5898	1.7264438189261566
5899	5899	0.4815703837785287
5900	5900	0.07104253050443006
5901	5901	1.5396532421090834
5902	5902	0.7527284614273898
5903	5903	4.963835041299212
5904	5904	2.1496849077350784
5905	5905	0.9798837886656465
5906	5906	1.6386969475146036
5907	5907	2.198512462590288
5908	5908	1.4759463624069165
5909	5909	3.797563397603074
5910	5910	1.7227584677923697
5911	5911	2.4103749859511074
5912	5912	0.637000191329666
5913	5913	2.895190549399209
5914	5914	2.015801114190064
5915	5915	1.8524677334605386
5916	5916	1.5433423938162438
5917	5917	2.652337932229111
5918	5918	1.385113899971146
5919	5919	1.624180391019172
5920	5920	2.646479417900729
5921	5921	0.7528405569551467
5922	5922	2.8267637811893787
5923	5923	0.13962160975612967
5924	5924	0.26208613945209003
5925	5925	1.5830474396886067
5926	5926	0.8339625137376966
5927	5927	5.271369310115068
5928	5928	2.1459283488423226
5929	5929	13.471264599190942
5930	5930	3.4565072021536203
5931	5931	2.1122137544458774
5932	5932	1.3124919487168107
5933	5933	1.7107508256543549
5934	5934	7.031078509295429
5935	5935	3.555183841298228
5936	5936	3.7469495659422662
5937	5937	2.2648523347717506
5938	5938	3.60212840518575
5939	5939	1.7418936516362702
5940	5940	3.53265805157721
5941	5941	1.8320006526621162
5942	5942	1.6274014803969385
5943	5943	0.5313206328582756
5944	5944	0.4613350522105363
5945	5945	1.521931138942056
5946	5946	1.6192107788877836
5947	5947	1.707300628518888
5948	5948	0.5190008306685485
5949	5949	1.2755702489276883
5950	5950	7.210865838513448
5951	5951	6.0106894349715985
5952	5952	2.948078792980422
5953	5953	2.7925556377753407
5954	5954	4.190720424873469
5955	5955	0.401961258670496
5956	5956	2.564053198765411
5957	5957	0.4159719943492958
5958	5958	3.185585232780975
5959	5959	1.5751590019554822
5960	5960	0.07464818142941257
5961	5961	6.282784314790737
5962	5962	1.1899466869931883
5963	5963	5.31312157163498
5964	5964	0.9678952769333654
5965	5965	8.474550528982798
5966	5966	0.46519326456141075
5967	5967	4.202197810423997
5968	5968	2.2992346394266967
5969	5969	3.8545036618187694
5970	5970	0.03611232788653048
5971	5971	1.8802024704977032
5972	5972	0.2959617273884288
5973	5973	0.08206568028010172
5974	5974	0.3901723011419117
5975	5975	0.9832528082397164
5976	5976	6.847208370948775
5977	5977	1.5259138969776982
5978	5978	0.8640609290251874
5979	5979	0.5859433750822051
5980	5980	0.8666244915406617
5981	5981	0.3076951423710199
5982	5982	4.451252496840172
5983	5983	1.0136319457683698
5984	5984	0.36714581995232365
5985	5985	0.6526226248864196
5986	5986	1.4224099991095245
5987	5987	0.7163369114305335
5988	5988	2.6677725945933592
5989	5989	3.0222612081886626
5990	5990	0.2719048923607752
5991	5991	0.015852341476869904
5992	5992	1.5567668624197262
5993	5993	4.870250991168498
5994	5994	0.6880090139629689
5995	5995	8.067297083808112
5996	5996	1.9698282511047958
5997	5997	7.940003922973699
5998	5998	3.543284792041001
5999	5999	0.11351202002929192
6000	6000	1.2834077270190778
6001	6001	0.844512725974847
6002	6002	0.018597200442572317
6003	6003	2.1486251100338167
6004	6004	1.618254566754055
6005	6005	1.521024176041747
6006	6006	0.7701656239994497
6007	6007	1.6207401607066538
6008	6008	4.2099318797484955
6009	6009	1.1761601604410603
6010	6010	0.09212285222535598
6011	6011	3.465080864866575
6012	6012	1.4508397458980522
6013	6013	1.7130459773226527
6014	6014	0.882653562706128
6015	6015	1.2804637475390654
6016	6016	3.0753612977503724
6017	6017	0.5608215533567891
6018	6018	0.9678384959078975
6019	6019	2.091237349951872
6020	6020	0.9684641256510665
6021	6021	1.9702634008085682
6022	6022	2.024707463589749
6023	6023	0.743546669419304
6024	6024	2.3759898827772186
6025	6025	0.13947442227120674
6026	6026	6.17470931689935
6027	6027	5.789048150904585
6028	6028	1.6651485315904349
6029	6029	2.0980802285827838
6030	6030	2.329273011508135
6031	6031	2.558420137323731
6032	6032	0.6493812602348594
6033	6033	1.3081003726800084
6034	6034	3.7465044736641073
6035	6035	1.9399678887678613
6036	6036	2.352257681709552
6037	6037	0.33269562496350885
6038	6038	1.1349762683783193
6039	6039	2.9234132132450514
6040	6040	1.2337085095472617
6041	6041	1.080113757534969
6042	6042	0.7340287970909342
6043	6043	0.8389693686296326
6044	6044	1.7211829710182256
6045	6045	0.9017659808663574
6046	6046	0.7770020426237365
6047	6047	1.8619030559985865
6048	6048	1.0329176789780241
6049	6049	3.7469351520130725
6050	6050	0.9283447332175876
6051	6051	4.9263351020956
6052	6052	4.705334528290953
6053	6053	8.956934389034766
6054	6054	2.300868287800229
6055	6055	3.4685981993320203
6056	6056	0.8005405201063074
6057	6057	1.1333979500765357
6058	6058	1.8665515650989735
6059	6059	0.7430507735389157
6060	6060	1.1879298378191003
6061	6061	0.47002003615474053
6062	6062	4.306895115884013
6063	6063	1.2924188939065255
6064	6064	0.26717064099203036
6065	6065	0.9232862683812644
6066	6066	0.17462856741212274
6067	6067	6.0204303390970155
6068	6068	2.5704688884394433
6069	6069	0.5531006632798274
6070	6070	0.41292207273531684
6071	6071	0.4491426545785757
6072	6072	1.8467456439260472
6073	6073	1.555987819225635
6074	6074	4.753718513394136
6075	6075	0.14794614440837484
6076	6076	0.3624353456786677
6077	6077	0.4928941582309874
6078	6078	3.9192564928458484
6079	6079	0.4234383030315253
6080	6080	4.857859032007449
6081	6081	4.9117454565909995
6082	6082	2.01158700171976
6083	6083	0.7096573945068956
6084	6084	2.092292754202616
6085	6085	0.9174977359106481
6086	6086	0.018812131844383764
6087	6087	0.8982405423645362
6088	6088	0.09980538927461267
6089	6089	0.22240715771172262
6090	6090	6.5750660956054725
6091	6091	1.4135162432790895
6092	6092	1.1733809508454722
6093	6093	2.097154211353299
6094	6094	0.3175249200444226
6095	6095	1.2212891342655332
6096	6096	0.4895436428355323
6097	6097	0.8607715308197291
6098	6098	0.41549992130836577
6099	6099	2.629227542479435
6100	6100	5.599158489035784
6101	6101	3.2051216736533883
6102	6102	0.6870545622542136
6103	6103	0.5968996068442682
6104	6104	1.7790306000694698
6105	6105	0.4214179591958889
6106	6106	8.73839998251207
6107	6107	2.3900291037385997
6108	6108	2.865693758613708
6109	6109	2.3850782765639438
6110	6110	1.627702068307995
6111	6111	0.7406527372613714
6112	6112	2.9631589842950032
6113	6113	3.083546189739819
6114	6114	0.21288672367815772
6115	6115	3.4042150978883456
6116	6116	2.7205631833536303
6117	6117	1.36648378866536
6118	6118	1.1473919356584141
6119	6119	0.8657503049176315
6120	6120	0.3067583082654808
6121	6121	1.8466446673350865
6122	6122	3.023899761027908
6123	6123	0.9153677283976536
6124	6124	1.0385578575813297
6125	6125	0.1516923011375608
6126	6126	0.7425132567539069
6127	6127	0.9740048137133421
6128	6128	1.8729048557246346
6129	6129	2.6543633933405926
6130	6130	1.6420304406093529
6131	6131	4.094885097653144
6132	6132	0.34380944432652594
6133	6133	0.8716395322842206
6134	6134	0.8248132224293245
6135	6135	2.462192547875441
6136	6136	2.1442773865190654
6137	6137	0.7807354059794472
6138	6138	3.1148463740244217
6139	6139	2.4128062637116074
6140	6140	0.9267373644485354
6141	6141	0.5696839044878387
6142	6142	5.811188199931268
6143	6143	13.353860190805099
6144	6144	0.2358397203845254
6145	6145	2.3299325303177696
6146	6146	2.1763524283111586
6147	6147	0.6832168793923542
6148	6148	5.416757272853033
6149	6149	2.2633899161332174
6150	6150	1.6533813962306954
6151	6151	1.3650949309777423
6152	6152	1.5568968869030895
6153	6153	1.2389784499434537
6154	6154	1.459416515651036
6155	6155	0.760259502061864
6156	6156	2.069052892256618
6157	6157	0.7838671438116235
6158	6158	0.544842505210684
6159	6159	3.963969508318759
6160	6160	6.305815108783093
6161	6161	0.09061186716685207
6162	6162	0.6985536847150339
6163	6163	3.3938927522771096
6164	6164	0.3116642830706873
6165	6165	2.6656476236148614
6166	6166	1.5672300302978812
6167	6167	3.4665045331429813
6168	6168	2.6868097623985703
6169	6169	0.3930093428799501
6170	6170	2.055695019307247
6171	6171	5.683967181562643
6172	6172	0.27095684784038476
6173	6173	0.8434944160724338
6174	6174	1.9211717330460745
6175	6175	3.4213850008623687
6176	6176	1.7168324954987457
6177	6177	0.8121244192368567
6178	6178	6.365453782156476
6179	6179	0.229651313925434
6180	6180	1.9014357352415756
6181	6181	1.2867110799690071
6182	6182	0.15044422339118557
6183	6183	1.0255748883374498
6184	6184	4.783390398842132
6185	6185	0.6932038146481284
6186	6186	3.824347199170145
6187	6187	0.45815628487684784
6188	6188	0.49763923656745074
6189	6189	1.670059860436488
6190	6190	0.5714297094831955
6191	6191	2.791673732379876
6192	6192	1.8932756676177689
6193	6193	0.72435272702423
6194	6194	0.4304493215617804
6195	6195	1.2964197984165848
6196	6196	10.063373459182516
6197	6197	4.348616347793864
6198	6198	1.0383261146559313
6199	6199	3.677943939110193
6200	6200	0.9529796738734637
6201	6201	0.46920214142933975
6202	6202	0.9796767942580761
6203	6203	0.4710759225527392
6204	6204	0.6965667793333284
6205	6205	0.14218623073171704
6206	6206	1.673501600272042
6207	6207	1.0687659462197092
6208	6208	0.8639878548692076
6209	6209	4.156243783604606
6210	6210	1.6589251770508817
6211	6211	7.140501410458381
6212	6212	9.386074245062979
6213	6213	11.404579254461146
6214	6214	0.47198984583147513
6215	6215	1.6839536327031261
6216	6216	0.10663611712411848
6217	6217	3.8445806871909456
6218	6218	5.872687247301614
6219	6219	1.9688509032319625
6220	6220	1.735418490553397
6221	6221	0.8092919690909957
6222	6222	2.866407943531285
6223	6223	0.07622504065587486
6224	6224	0.8170539314919234
6225	6225	1.3394688899184939
6226	6226	0.7473933700542412
6227	6227	0.13923703251122047
6228	6228	2.190592116287456
6229	6229	1.429325347406707
6230	6230	0.03065325888959748
6231	6231	0.0041615239557845065
6232	6232	0.6903420810434266
6233	6233	3.915240393768644
6234	6234	0.5201163255333
6235	6235	7.543274968863371
6236	6236	1.65757342215197
6237	6237	2.745618793997903
6238	6238	2.560078940531363
6239	6239	0.42086051475791536
6240	6240	1.4732923835913465
6241	6241	2.733799311941654
6242	6242	1.4468462636655748
6243	6243	2.009022758368092
6244	6244	3.264486913528378
6245	6245	2.9381332399455355
6246	6246	1.7254060659374177
6247	6247	0.9291831796534001
6248	6248	1.039963076728191
6249	6249	1.5021450205732578
6250	6250	0.402861713508089
6251	6251	0.22371270085167586
6252	6252	1.7199995630886395
6253	6253	0.22108269397106933
6254	6254	0.18390315247323596
6255	6255	5.553004485039142
6256	6256	1.4143111394378627
6257	6257	2.5262535195278835
6258	6258	4.3543434835992105
6259	6259	1.5958717757640493
6260	6260	0.4842109127136046
6261	6261	0.3202528793843328
6262	6262	5.6433512448601855
6263	6263	0.30372780619928585
6264	6264	3.9731363448551904
6265	6265	0.3509764859091534
6266	6266	1.5757535753082539
6267	6267	1.364852666225381
6268	6268	1.2734625830402484
6269	6269	2.25609363161524
6270	6270	0.11024797813390906
6271	6271	1.8047269766018013
6272	6272	0.4984711709179303
6273	6273	0.7253301356891789
6274	6274	4.697103781430216
6275	6275	0.8225780293704497
6276	6276	2.6751397471462446
6277	6277	0.48120279176555497
6278	6278	2.6736586989936013
6279	6279	0.7270180543714426
6280	6280	1.4909662159488062
6281	6281	0.5512674348483347
6282	6282	0.030558932022929565
6283	6283	0.17939450485848477
6284	6284	3.5318915215168163
6285	6285	3.7558718657053642
6286	6286	3.561668752364123
6287	6287	0.005163274920229695
6288	6288	2.9781830201880113
6289	6289	0.0035904345163295694
6290	6290	2.1143689715777167
6291	6291	0.3924530565957204
6292	6292	4.928407365477318
6293	6293	0.7234845725268763
6294	6294	0.42218570203578754
6295	6295	1.0449682746591096
6296	6296	3.359017271582463
6297	6297	3.0751257182606038
6298	6298	1.6630652717491399
6299	6299	0.719425015623281
6300	6300	0.774100228998726
6301	6301	0.11289619399367117
6302	6302	5.548672328309276
6303	6303	0.04891300953965894
6304	6304	3.905843801997112
6305	6305	2.151984047083322
6306	6306	0.027754387081553963
6307	6307	1.4027132387544918
6308	6308	0.4207942103155065
6309	6309	1.0713915831197713
6310	6310	0.41051670966486836
6311	6311	3.39225015115829
6312	6312	3.3208743334703748
6313	6313	0.44950960688894787
6314	6314	4.448212452626836
6315	6315	4.70269513651611
6316	6316	0.20480070582809956
6317	6317	2.2162808171759
6318	6318	0.9768926760127241
6319	6319	5.367433178268401
6320	6320	0.8257102133901693
6321	6321	0.5827492218449604
6322	6322	0.15591163953337595
6323	6323	1.5142930825773602
6324	6324	6.053057335129637
6325	6325	2.1242713284751393
6326	6326	3.1839462199725004
6327	6327	4.43878468770101
6328	6328	7.554050002000702
6329	6329	1.4522719179806507
6330	6330	1.5434562281573907
6331	6331	2.0522492164252726
6332	6332	2.436024295611439
6333	6333	5.919753434773773
6334	6334	3.4256894998382674
6335	6335	1.9569269009793429
6336	6336	0.30346396935011194
6337	6337	0.3775131914592174
6338	6338	3.915766916452677
6339	6339	0.819100578915613
6340	6340	1.2767284590155317
6341	6341	2.426823711650405
6342	6342	0.31313595286913726
6343	6343	1.5046723930432961
6344	6344	0.6928749020780864
6345	6345	1.4112691468853684
6346	6346	0.21795464370340095
6347	6347	1.8416476565240154
6348	6348	7.714826319241845
6349	6349	2.28771034096402
6350	6350	0.8948530443776695
6351	6351	3.3997427558946836
6352	6352	3.5241207461697535
6353	6353	0.933363336495317
6354	6354	5.924410372770472
6355	6355	1.0398983581561299
6356	6356	1.890624993525558
6357	6357	2.139453883928981
6358	6358	1.7653154733574106
6359	6359	0.8955960305278576
6360	6360	0.1485988419042748
6361	6361	8.2850845631615
6362	6362	1.3671814563484945
6363	6363	2.182793440968968
6364	6364	0.16677145240613775
6365	6365	4.218095323929942
6366	6366	0.6421192066179309
6367	6367	7.194033001558006
6368	6368	5.064053242560144
6369	6369	0.5203688272945499
6370	6370	0.5286243396902831
6371	6371	3.2744455366398095
6372	6372	0.23943138094948288
6373	6373	3.439001441994888
6374	6374	0.3258980264703614
6375	6375	0.15778483133746662
6376	6376	2.1091277261439685
6377	6377	5.005860541489983
6378	6378	0.36640236624476635
6379	6379	0.9434462890655063
6380	6380	1.3451720352066507
6381	6381	2.6174907053136613
6382	6382	0.4885924032206998
6383	6383	0.01870016395851722
6384	6384	0.20962012933927837
6385	6385	5.80298892462388
6386	6386	0.1313737706487359
6387	6387	0.02784590177026106
6388	6388	2.09999586424941
6389	6389	2.1109198443002084
6390	6390	0.8436804428521807
6391	6391	4.34425522625897
6392	6392	0.5950819172580479
6393	6393	4.869819768633199
6394	6394	3.263932121024004
6395	6395	0.3409917518463599
6396	6396	3.9488512706984107
6397	6397	1.9535464696627947
6398	6398	5.233220222628217
6399	6399	0.7560524271640335
6400	6400	8.973645771849252
6401	6401	1.489830228722288
6402	6402	2.570734687599341
6403	6403	0.9149533137828892
6404	6404	2.2235085107090886
6405	6405	2.162879014322925
6406	6406	2.3553989842965657
6407	6407	3.91032320074016
6408	6408	0.3900196646852498
6409	6409	0.5705102277093833
6410	6410	0.7577545163822375
6411	6411	6.631529098069393
6412	6412	5.286424105949888
6413	6413	2.0405029599066022
6414	6414	2.9285276663968034
6415	6415	1.3351889788047293
6416	6416	2.908434322118251
6417	6417	5.070901331179035
6418	6418	0.32397577299126507
6419	6419	0.3941396864605572
6420	6420	1.4194863976133352
6421	6421	6.274283675464
6422	6422	0.7367443642692643
6423	6423	2.51804333783415
6424	6424	0.041889504560914184
6425	6425	3.3459407822147704
6426	6426	0.19952151848264787
6427	6427	5.612562655363847
6428	6428	1.8704523538345008
6429	6429	10.77876016130374
6430	6430	5.811489945991678
6431	6431	1.6983867597145101
6432	6432	5.5703522964044
6433	6433	0.7167235014981213
6434	6434	2.0084996744010675
6435	6435	0.3030245927395517
6436	6436	2.0969704309464645
6437	6437	0.040723756451386435
6438	6438	0.4724403155180857
6439	6439	0.512973475520474
6440	6440	6.800727969412555
6441	6441	2.7666217635799115
6442	6442	1.578905726955066
6443	6443	0.6931717534690758
6444	6444	0.02836250761194158
6445	6445	1.2238484183267806
6446	6446	0.9021257472294486
6447	6447	2.6015339248163083
6448	6448	0.4834810646537496
6449	6449	6.2533300712988495
6450	6450	3.9363306863221315
6451	6451	1.711825110855431
6452	6452	1.9525952383181806
6453	6453	1.72024469885833
6454	6454	0.7877736200418735
6455	6455	1.84077862155938
6456	6456	6.307252592945562
6457	6457	0.466956968309956
6458	6458	1.5348027263712618
6459	6459	0.4365398568675813
6460	6460	2.0952155376471984
6461	6461	0.25195364057772496
6462	6462	3.3667287322569477
6463	6463	2.0827060282382015
6464	6464	0.25968094594288677
6465	6465	0.6138363113396283
6466	6466	2.298343280939134
6467	6467	2.0387704187722226
6468	6468	6.46203733407151
6469	6469	0.46662239471122346
6470	6470	0.22369556869796725
6471	6471	1.3624723073853382
6472	6472	1.6108304213338782
6473	6473	3.713331106649161
6474	6474	0.5109725431327654
6475	6475	1.368837627825704
6476	6476	1.6241665589699659
6477	6477	3.5636832128538507
6478	6478	0.3024575983369206
6479	6479	0.12916055987563368
6480	6480	1.7743343999743715
6481	6481	3.4059577180028997
6482	6482	0.8421943028556345
6483	6483	1.0056019013971753
6484	6484	6.839209076075386
6485	6485	3.249446810998457
6486	6486	2.9661961924587197
6487	6487	0.14844901429108395
6488	6488	1.6579353324125206
6489	6489	0.03987576852725076
6490	6490	0.537000742434112
6491	6491	1.3156740319821174
6492	6492	3.1502189274469488
6493	6493	1.0217115749802923
6494	6494	2.887573369895628
6495	6495	3.1395537061810628
6496	6496	0.2893106472287195
6497	6497	2.012468300303716
6498	6498	2.5017443312555425
6499	6499	1.0828244741625757
6500	6500	0.1045070725809362
6501	6501	0.7028585710818159
6502	6502	1.6612809466537188
6503	6503	2.567472783203916
6504	6504	0.029546779188029136
6505	6505	0.0576871539485441
6506	6506	4.083093405959591
6507	6507	0.5694986998938615
6508	6508	0.643044949970607
6509	6509	1.280734467088766
6510	6510	2.4984919972557145
6511	6511	0.9408797546736409
6512	6512	1.1798048833634813
6513	6513	3.214838675672244
6514	6514	0.6149948184192033
6515	6515	1.5950555467452194
6516	6516	0.8078892529180269
6517	6517	4.184956681083714
6518	6518	0.9223786947541613
6519	6519	0.7760906812882337
6520	6520	5.109970715762132
6521	6521	1.471987775657465
6522	6522	0.7236795145591107
6523	6523	5.872142974868089
6524	6524	3.0184844765624623
6525	6525	3.730114370431564
6526	6526	7.317521652432136
6527	6527	2.4286517484615127
6528	6528	3.834322262298048
6529	6529	0.5171388746770075
6530	6530	0.46000863563426664
6531	6531	0.29580158573510784
6532	6532	0.057732590569083884
6533	6533	2.4596540009054544
6534	6534	1.274852067229083
6535	6535	0.5678331371093932
6536	6536	1.4454903927515896
6537	6537	1.773968792513576
6538	6538	1.436721461012618
6539	6539	1.3143758065878446
6540	6540	0.9741960314557063
6541	6541	9.712596850845713
6542	6542	4.077428989506323
6543	6543	4.87154957490304
6544	6544	0.09082427416710014
6545	6545	0.1388370339514244
6546	6546	1.4815126957005824
6547	6547	4.115285281282843
6548	6548	0.03028426758811739
6549	6549	0.8574640365653153
6550	6550	6.158100260665342
6551	6551	1.8799400018571173
6552	6552	4.949827930153277
6553	6553	0.8484674563099674
6554	6554	0.02210815611112078
6555	6555	0.8368177179324027
6556	6556	2.160678437029826
6557	6557	3.7226899829767683
6558	6558	0.06607225072061011
6559	6559	0.24239968862325292
6560	6560	2.3899980639115626
6561	6561	0.17815332823379795
6562	6562	2.2172205574477264
6563	6563	0.17256663366798916
6564	6564	5.842440846992948
6565	6565	0.8717812047759508
6566	6566	0.2604910523450892
6567	6567	0.023614923594143297
6568	6568	5.045436637495511
6569	6569	2.02972056105399
6570	6570	0.7996045620571436
6571	6571	0.434522690350427
6572	6572	1.6082565297925324
6573	6573	2.036118877881621
6574	6574	0.11676007815421038
6575	6575	3.9988217074386285
6576	6576	1.0770773983212332
6577	6577	1.6931283353455435
6578	6578	2.6532996924872596
6579	6579	1.009711343847982
6580	6580	3.3237034110452175
6581	6581	3.664745752329652
6582	6582	3.8133502096983656
6583	6583	0.9020260655327422
6584	6584	0.39129268734816186
6585	6585	2.0644860173650725
6586	6586	5.873692163152921
6587	6587	3.0557162435983214
6588	6588	2.270607714086299
6589	6589	1.2146481062777912
6590	6590	1.1141823550257104
6591	6591	4.474063619750142
6592	6592	6.366837321323279
6593	6593	0.10388672164572262
6594	6594	3.200852484857854
6595	6595	4.725788653047824
6596	6596	2.411277829463417
6597	6597	5.444674137486368
6598	6598	0.41305658349705493
6599	6599	0.743066006759629
6600	6600	0.34644875360380006
6601	6601	7.947235132151404
6602	6602	1.1179775558128722
6603	6603	2.0869965823249976
6604	6604	0.01080385135125203
6605	6605	2.0700375360223515
6606	6606	2.0989248222032173
6607	6607	3.918779836964931
6608	6608	0.05971811272648536
6609	6609	1.0546112445104843
6610	6610	0.5146769403323389
6611	6611	0.2681458261652712
6612	6612	0.03394353004948105
6613	6613	0.2016404549079371
6614	6614	2.7643123769886544
6615	6615	0.16799751273405683
6616	6616	0.033375575264764513
6617	6617	4.568453862564642
6618	6618	1.841901069651817
6619	6619	0.4050099060212338
6620	6620	0.3954333941847287
6621	6621	0.9120722997797677
6622	6622	1.9694430793221698
6623	6623	3.1797619425863806
6624	6624	1.4951284878055318
6625	6625	1.28813332193274
6626	6626	0.09971917082468597
6627	6627	4.063712365432629
6628	6628	4.46976884480106
6629	6629	0.8615985779091974
6630	6630	0.7656582675786413
6631	6631	2.7895054272768363
6632	6632	0.4515737093288253
6633	6633	1.4286145597578808
6634	6634	1.44968338577138
6635	6635	1.9484532643971124
6636	6636	0.9917205429111813
6637	6637	9.868870666866199
6638	6638	0.16067517054116986
6639	6639	0.17187731917008153
6640	6640	1.8104327108875244
6641	6641	1.3385491501466176
6642	6642	0.014088016401239306
6643	6643	0.1353772395658843
6644	6644	3.6742253870392165
6645	6645	0.24730302828574124
6646	6646	1.8988364807974087
6647	6647	2.9494231939995337
6648	6648	1.8201503965616153
6649	6649	0.09143796720672158
6650	6650	0.8920582805619853
6651	6651	0.11544804215907518
6652	6652	1.3442345445928383
6653	6653	1.0734749538441508
6654	6654	0.5840828773157314
6655	6655	3.883460121060304
6656	6656	0.8562037920629404
6657	6657	0.8171630999980117
6658	6658	5.70471304699278
6659	6659	0.45687825158958933
6660	6660	0.5931949251382145
6661	6661	3.867310782202872
6662	6662	0.8097240273566574
6663	6663	0.1415519207810963
6664	6664	2.9418852837344347
6665	6665	0.03206702794656266
6666	6666	5.456963487602643
6667	6667	1.5345323791749481
6668	6668	1.5926620158363174
6669	6669	2.123706863182769
6670	6670	0.419029390296602
6671	6671	0.026870835564952643
6672	6672	0.21955014832258063
6673	6673	3.3862686682048255
6674	6674	0.8674065214164395
6675	6675	2.6241968741300847
6676	6676	1.0531057070739878
6677	6677	0.01368333093432632
6678	6678	2.802727007560063
6679	6679	1.098634305058571
6680	6680	2.951536014656639
6681	6681	1.1405153088234583
6682	6682	1.1133324199277366
6683	6683	1.6218891810757687
6684	6684	8.521782590322209
6685	6685	0.08769224352425763
6686	6686	11.570749448871574
6687	6687	1.7639647595931691
6688	6688	4.151718541233618
6689	6689	2.235934985200196
6690	6690	0.09336938193977776
6691	6691	1.2019457523901975
6692	6692	1.0843402592334956
6693	6693	0.6235835728575582
6694	6694	1.9871318246110474
6695	6695	3.709230678063585
6696	6696	1.2542134712557984
6697	6697	2.059252223860715
6698	6698	0.2921360624946232
6699	6699	2.280972866291838
6700	6700	4.714553863873707
6701	6701	0.8062647625178535
6702	6702	2.025968776186337
6703	6703	1.1353685567331167
6704	6704	2.0278085169816578
6705	6705	6.5552519977670105
6706	6706	0.02769069660928255
6707	6707	0.2886182688068981
6708	6708	0.6923975653171542
6709	6709	0.6213118960996011
6710	6710	2.128266668664021
6711	6711	1.6119248502174406
6712	6712	4.132544348576774
6713	6713	1.0030582733832785
6714	6714	3.883601208865013
6715	6715	0.021343124984738254
6716	6716	0.05042837318980421
6717	6717	0.5024575629640027
6718	6718	0.1122021978093906
6719	6719	2.0259310463837013
6720	6720	3.106793999349465
6721	6721	1.0267084290055566
6722	6722	1.1519198319677575
6723	6723	0.9795812692695683
6724	6724	1.0668379425069692
6725	6725	0.7030911299042005
6726	6726	0.6199430784604368
6727	6727	3.247678370619076
6728	6728	0.5091154595927572
6729	6729	0.9636294301540035
6730	6730	0.38480305947693394
6731	6731	1.892033572445542
6732	6732	0.24843294564304638
6733	6733	1.788430842477668
6734	6734	3.020137350663129
6735	6735	1.6695072749257434
6736	6736	4.986021531465153
6737	6737	0.9341835882285039
6738	6738	0.833213236591913
6739	6739	0.5833165649043383
6740	6740	5.003777384373809
6741	6741	4.099606947172962
6742	6742	0.451128712427114
6743	6743	1.1069627758458118
6744	6744	10.436888365963414
6745	6745	2.0124300149988414
6746	6746	2.302995531863693
6747	6747	3.9303451908901885
6748	6748	1.7771543580632292
6749	6749	1.3072536075765513
6750	6750	1.3517430553043537
6751	6751	0.084738812143722
6752	6752	0.3856177162194375
6753	6753	1.4168840351525354
6754	6754	0.1509902367248185
6755	6755	0.7338623339435206
6756	6756	0.11236464783006109
6757	6757	0.0007557171142367785
6758	6758	2.5471060390070575
6759	6759	0.7616879198293192
6760	6760	0.05155370530908214
6761	6761	0.9619230031968765
6762	6762	1.2147939269858303
6763	6763	2.225905398104756
6764	6764	4.935422412158656
6765	6765	1.2265252285495922
6766	6766	4.179947652687084
6767	6767	0.9614040955670874
6768	6768	3.177263689806736
6769	6769	1.5210685748275719
6770	6770	2.077276095006689
6771	6771	3.4704000933473855
6772	6772	0.9459343590838633
6773	6773	1.1850631309206574
6774	6774	0.6060627111893582
6775	6775	0.8212051280745114
6776	6776	0.45168132802648825
6777	6777	5.313608603464707
6778	6778	2.175567182185988
6779	6779	1.1856608498204182
6780	6780	5.6234797335873745
6781	6781	1.3640153331777511
6782	6782	0.2303859133052654
6783	6783	0.14890333758203314
6784	6784	1.2182403024373467
6785	6785	3.6048737659076595
6786	6786	0.15014878507830548
6787	6787	1.646744240663828
6788	6788	0.8581295698718008
6789	6789	3.4714625164374597
6790	6790	2.036060615682478
6791	6791	2.958707854423862
6792	6792	0.41882869538369255
6793	6793	5.836247133048412
6794	6794	0.6783481367504411
6795	6795	0.18353336068842366
6796	6796	5.607283522180356
6797	6797	0.8254186547884982
6798	6798	1.8186946551125667
6799	6799	1.488530806281911
6800	6800	4.882248500776966
6801	6801	0.802794601256955
6802	6802	1.0888980978688365
6803	6803	5.068240266581743
6804	6804	0.6415931994897012
6805	6805	3.7021692376869075
6806	6806	1.4361238917711623
6807	6807	2.445723306067763
6808	6808	1.4789876096268102
6809	6809	2.7737289576807704
6810	6810	3.2053391827590842
6811	6811	0.5526676345762593
6812	6812	0.5819734625103685
6813	6813	3.4880278141013656
6814	6814	0.9026723351132947
6815	6815	0.6970366248846315
6816	6816	0.12959374985067354
6817	6817	6.361065054986556
6818	6818	1.0527310467966369
6819	6819	1.3975218096350153
6820	6820	1.9630137310264877
6821	6821	0.2759669235516661
6822	6822	1.7198080783640073
6823	6823	2.520841473297835
6824	6824	0.2302180275899335
6825	6825	0.2866132844945094
6826	6826	4.956349306819051
6827	6827	0.37461387436074706
6828	6828	0.8153817732094996
6829	6829	1.370631132241633
6830	6830	0.5954595419469717
6831	6831	2.5211256504608346
6832	6832	0.5117862091778925
6833	6833	2.062834723445558
6834	6834	0.010962814495319289
6835	6835	1.590374783666183
6836	6836	3.3639914739266787
6837	6837	1.6884674829721507
6838	6838	0.2037555392917069
6839	6839	3.670060894586181
6840	6840	0.9739373602232052
6841	6841	4.621664354862203
6842	6842	0.5547698185612481
6843	6843	2.2569663034241647
6844	6844	3.418579827478907
6845	6845	0.07452832415822591
6846	6846	2.3531881374582495
6847	6847	1.5834945583986646
6848	6848	6.182854392776646
6849	6849	0.5681360791510683
6850	6850	0.5910207876166318
6851	6851	1.5205342384217253
6852	6852	1.5224738753839728
6853	6853	3.6116233249933334
6854	6854	0.5597985502799306
6855	6855	0.3496408358281481
6856	6856	0.3025315349516867
6857	6857	0.17753681839440638
6858	6858	3.2870464341648105
6859	6859	0.15273805710138263
6860	6860	0.8345142035320794
6861	6861	0.15355013578646928
6862	6862	3.6920404034339733
6863	6863	2.3832891640570653
6864	6864	5.133339598493934
6865	6865	6.511635492316452
6866	6866	0.933574129748672
6867	6867	1.9124602544534461
6868	6868	0.09038311580687437
6869	6869	0.7529164995157929
6870	6870	0.6152183028068262
6871	6871	1.2956745778938985
6872	6872	5.125150594783438
6873	6873	0.5187674007976123
6874	6874	0.12917866993858287
6875	6875	1.352982165930239
6876	6876	0.1051011808290131
6877	6877	2.50638909815305
6878	6878	4.268755857936602
6879	6879	3.5041687511561
6880	6880	1.549305925520842
6881	6881	0.9976999900440987
6882	6882	0.5051349535888406
6883	6883	2.640275311021187
6884	6884	0.13660783807669383
6885	6885	0.1161787440712619
6886	6886	1.698381158870794
6887	6887	1.8405690379279684
6888	6888	0.04335616205105772
6889	6889	2.735517530961803
6890	6890	1.8624577784851686
6891	6891	2.02810124328035
6892	6892	0.40176362417531725
6893	6893	1.7823390545453184
6894	6894	2.83846006302739
6895	6895	0.8558594169357087
6896	6896	0.6549382388094497
6897	6897	1.7463434067308659
6898	6898	0.169385187431495
6899	6899	0.16157743633591098
6900	6900	1.2266372531527154
6901	6901	0.9174354926839615
6902	6902	0.3274936755948593
6903	6903	0.030351085337581622
6904	6904	0.4804152731385791
6905	6905	3.8578705720382525
6906	6906	3.7493244093625178
6907	6907	4.592260041191975
6908	6908	3.25202029530343
6909	6909	3.967112845555996
6910	6910	2.7062475030920212
6911	6911	0.4082242326063342
6912	6912	1.1883664818011581
6913	6913	9.09293236278043
6914	6914	0.025462721011986118
6915	6915	1.6585475319049958
6916	6916	1.496081867748234
6917	6917	0.7912623944350721
6918	6918	2.5652641986658886
6919	6919	2.45770444602226
6920	6920	1.1751155629940393
6921	6921	5.102473482557585
6922	6922	2.177936229133739
6923	6923	2.9696088283168294
6924	6924	0.3642953188995522
6925	6925	0.3904924381365747
6926	6926	4.399284629011041
6927	6927	0.6540528000823232
6928	6928	2.428049223003371
6929	6929	0.43973875476578106
6930	6930	1.2691252269801756
6931	6931	5.1590345022157065
6932	6932	4.258221066731935
6933	6933	1.1082681361885955
6934	6934	3.5649757183894173
6935	6935	0.3869410670453168
6936	6936	0.8617459257629979
6937	6937	0.6119388611824296
6938	6938	8.558428660361347
6939	6939	0.08159561445961355
6940	6940	5.4649857197851475
6941	6941	4.727877338262739
6942	6942	0.6996392224014261
6943	6943	2.1068585409345135
6944	6944	3.4061779003854804
6945	6945	1.2376745809624912
6946	6946	0.7010400632240921
6947	6947	1.5732261838805905
6948	6948	2.0923288154121984
6949	6949	4.495065945910148
6950	6950	0.24388807294144393
6951	6951	1.1926685685775518
6952	6952	1.6775237624248363
6953	6953	0.43542543528211647
6954	6954	2.0445831899324367
6955	6955	3.408509530814308
6956	6956	1.65726493181566
6957	6957	0.1911294142608144
6958	6958	3.5972591253524433
6959	6959	1.7496281090041828
6960	6960	2.8371091637358585
6961	6961	0.14569318198418102
6962	6962	0.21280333603740983
6963	6963	1.0226094543224011
6964	6964	2.2068312703239736
6965	6965	1.778639756300234
6966	6966	1.4994444861987526
6967	6967	4.310229590209389
6968	6968	0.6899001651727293
6969	6969	5.844557187007976
6970	6970	0.639172731934577
6971	6971	0.13586321286955919
6972	6972	3.020933626597967
6973	6973	3.7403883429292475
6974	6974	1.8194451656757658
6975	6975	3.039293971764622
6976	6976	3.741620134891444
6977	6977	1.7898890584753961
6978	6978	3.4880305703951557
6979	6979	1.6802257069042115
6980	6980	0.8164129529232935
6981	6981	1.8563442164226076
6982	6982	2.157019410314033
6983	6983	2.1432099746051336
6984	6984	0.5592163203875744
6985	6985	4.016588700869035
6986	6986	0.44817110293821955
6987	6987	1.6582695386503217
6988	6988	3.5410463541159674
6989	6989	0.5401609524231926
6990	6990	1.3949046508843075
6991	6991	0.024727690470987516
6992	6992	1.2469514574764688
6993	6993	1.9621225499523147
6994	6994	1.4838566866520035
6995	6995	0.8085058630988422
6996	6996	2.0469324801898465
6997	6997	2.067945666618976
6998	6998	1.1369237197263729
6999	6999	0.012898139305965218
7000	7000	0.3363983723420663
7001	7001	4.154952880274435
7002	7002	3.1827069496593134
7003	7003	0.05700110802386028
7004	7004	1.5425409487369208
7005	7005	4.25118274684949
7006	7006	1.0626092766764235
7007	7007	0.5179180566753387
7008	7008	11.367405811139005
7009	7009	2.9573412158491776
7010	7010	6.558175216858447
7011	7011	0.9386562640934
7012	7012	0.46261245076654495
7013	7013	0.4409754251795041
7014	7014	1.1089429075808053
7015	7015	0.07322731469166867
7016	7016	0.9480020035371182
7017	7017	2.239784429855877
7018	7018	2.934195124924687
7019	7019	3.146186767908228
7020	7020	2.1330866944519205
7021	7021	0.14073343215845766
7022	7022	3.333895353066854
7023	7023	0.2313571675225637
7024	7024	2.120183970457184
7025	7025	3.295622322858877
7026	7026	1.8913004873170618
7027	7027	2.1626799383268787
7028	7028	3.0258945606182794
7029	7029	0.5214265240356164
7030	7030	0.9211137609170083
7031	7031	4.1470385304006445
7032	7032	4.877364656745584
7033	7033	0.4522549839448941
7034	7034	3.1802083286819403
7035	7035	3.476262402807249
7036	7036	4.583097128989155
7037	7037	2.7020965846877227
7038	7038	0.792890338376137
7039	7039	7.220874250991676
7040	7040	1.355085989742063
7041	7041	2.7153615287786117
7042	7042	6.400620501217487
7043	7043	1.595279554408519
7044	7044	6.5688408667376965
7045	7045	2.2177781820864575
7046	7046	0.1723900365055863
7047	7047	0.06122442853959581
7048	7048	2.016893789757368
7049	7049	1.733513711451649
7050	7050	4.730167033047515
7051	7051	3.936300470608056
7052	7052	1.4818996850823154
7053	7053	1.3902645382572105
7054	7054	1.3001208017647783
7055	7055	3.412551675330744
7056	7056	3.83314054268467
7057	7057	0.2439271243855876
7058	7058	1.863449106928467
7059	7059	0.9144533788791853
7060	7060	2.292457354658134
7061	7061	1.4782044333328936
7062	7062	7.803979288227676
7063	7063	0.8816685251973794
7064	7064	2.134102141093981
7065	7065	6.070077842753234
7066	7066	1.6353081698427487
7067	7067	0.3167639093626895
7068	7068	0.2795792541094003
7069	7069	0.035226726986093276
7070	7070	1.1511841758130732
7071	7071	0.3654502916218463
7072	7072	0.12222826010566203
7073	7073	0.30050785161774807
7074	7074	0.3383752131763059
7075	7075	0.700487174601734
7076	7076	3.1186393847537377
7077	7077	1.3734243440120015
7078	7078	1.5196633953042962
7079	7079	0.2532379516673154
7080	7080	4.405188226675708
7081	7081	2.160290632836159
7082	7082	1.5073968650279257
7083	7083	3.1412723323172025
7084	7084	0.6090769343893554
7085	7085	0.508937761574186
7086	7086	0.25577839466796964
7087	7087	6.312283808420568
7088	7088	0.06618284870348354
7089	7089	5.333239292158138
7090	7090	3.091940624139926
7091	7091	0.3565700020391497
7092	7092	0.13826665844315983
7093	7093	4.849934884425647
7094	7094	1.597043875827543
7095	7095	3.537600045970299
7096	7096	0.32841246900199467
7097	7097	0.905083498060113
7098	7098	7.076665414793137
7099	7099	0.33272079599402876
7100	7100	0.792846240106369
7101	7101	1.3236074072299864
7102	7102	4.209792053468731
7103	7103	3.0090581278777475
7104	7104	3.795262535644809
7105	7105	0.18361335107305635
7106	7106	4.951058996101057
7107	7107	2.1688791620677055
7108	7108	0.627167499381804
7109	7109	2.9636015531043016
7110	7110	1.864216961122339
7111	7111	1.002473113253294
7112	7112	0.15539800713893706
7113	7113	3.64620065297464
7114	7114	3.384924605014716
7115	7115	1.333096736162719
7116	7116	1.887354058789606
7117	7117	1.452303837896701
7118	7118	0.5915237755003564
7119	7119	1.1537127250931685
7120	7120	1.0552405738040325
7121	7121	3.215966611102175
7122	7122	2.9679143060036517
7123	7123	1.9629721437218834
7124	7124	0.6102257277734673
7125	7125	1.768326774996019
7126	7126	4.316246545410356
7127	7127	4.136619795307202
