trial	score	n_ents	n_rels	n_tws	n_quads	n_unique_triples	avg_degree	deg_p25	deg_p75	real_n_ents	real_n_rels	real_n_tws	real_n_quads	real_n_unique_triples	real_avg_degree	real_deg_p25	real_deg_p75	relerr_n_ents	absdiff_n_ents	relerr_n_rels	absdiff_n_rels	relerr_n_tws	absdiff_n_tws	relerr_n_quads	absdiff_n_quads	relerr_n_unique_triples	absdiff_n_unique_triples	relerr_avg_degree	absdiff_avg_degree	relerr_deg_p25	absdiff_deg_p25	relerr_deg_p75	absdiff_deg_p75	pat_distr_ents	pat_distr_rels	cfg_n_ents	cfg_n_rels	cfg_n_tws	n_1_hop	n_2_hop	n_3_hop	rnd_avg_density	p_skip_consequence	use_force_distr	p_force	n_force	force_binom_n	force_binom_p
0	22.255266197320662	3837	157	365	605206	167964	315.45790982538443	2.0	12.0	7128	230	365	90730	50295	25.457351290684624	1.0	10.0	0.4617003367003367	-3291.0	0.3173913043478261	-73.0	0.0	0.0	5.670406701201367	514476.0	2.339576498657918	117669.0	11.39162339488229	290.0005585346998	1.0	1.0	0.2	2.0	zipf(s=1.7,q=0.5)	gamma(0.5,1.0)	7128	230	365	117	235	94	0	0	False	0.7000000000000001	2	None	None
1	105.70810279153908	7124	218	365	670111	637785	188.12773722627736	58.0	221.0	7128	230	365	90730	50295	25.457351290684624	1.0	10.0	0.0005611672278338945	-4.0	0.05217391304347826	-12.0	0.0	0.0	6.385770968808552	579381.0	11.680882791529973	587490.0	6.3899179485776765	162.67038593559275	57.0	57.0	21.1	211.0	lognorm(mu=0,s=1.0)	negbin(r=2.0,p=0.25)	7128	230	365	195	294	123	0	0	False	0.35000000000000003	3	None	None
2	45.96317531948335	7023	170	365	1155091	547067	328.9451801224548	8.0	38.0	7128	230	365	90730	50295	25.457351290684624	1.0	10.0	0.014730639730639731	-105.0	0.2608695652173913	-60.0	0.0	0.0	11.731081230023145	1064361.0	9.877164728104185	496772.0	11.92142204294532	303.4878288317702	7.0	7.0	2.8	28.0	zipf(s=1.4,q=1.0)	zipf(s=1.2,q=1.0)	7128	230	365	284	96	164	0	0	False	0.55	5	None	None
3	203.93616042096474	6801	194	365	1799642	1559631	529.2286428466402	65.0	698.0	7128	230	365	90730	50295	25.457351290684624	1.0	10.0	0.045875420875420875	-327.0	0.1565217391304348	-36.0	0.0	0.0	18.83513722032404	1708912.0	30.009662988368625	1509336.0	19.788833716581347	503.7712915559556	64.0	64.0	68.8	688.0	gamma(0.5,1.0)	lognorm(mu=0,s=1.0)	7128	230	365	252	46	171	0	0	False	0.7500000000000001	5	None	None
4	25.679073740905977	7128	203	365	90803	90327	25.477833894500563	20.0	31.0	7128	230	365	90730	50295	25.457351290684624	1.0	10.0	0.0	0.0	0.11739130434782609	-27.0	0.0	0.0	0.0008045850325140527	73.0	0.7959439308082314	40032.0	0.0008045850325141221	0.020482603815938916	19.0	19.0	2.1	21.0	uniform	negbin(r=2.0,p=0.25)	7128	230	365	300	152	49	0	0	False	0.2	1	None	None
5	75.16517013962617	6575	147	365	590230	588769	179.53764258555134	27.0	237.0	7128	230	365	90730	50295	25.457351290684624	1.0	10.0	0.07758136924803591	-553.0	0.36086956521739133	-83.0	0.0	0.0	5.50534553069547	499500.0	10.706312754746993	538474.0	6.052487139588945	154.08029129486673	26.0	26.0	22.7	227.0	gamma(0.5,1.0)	gamma(0.5,1.0)	7128	230	365	178	118	95	0	0	False	0.7500000000000001	2	None	None
6	60.35970905028306	7033	223	365	535128	532137	152.17631167353903	24.0	151.0	7128	230	365	90730	50295	25.457351290684624	1.0	10.0	0.013327721661054994	-95.0	0.030434782608695653	-7.0	0.0	0.0	4.898027113413424	444398.0	9.580316134804653	481842.0	4.977696184332559	126.7189603828544	23.0	23.0	14.1	141.0	lognorm(mu=0,s=1.4)	pareto(a=1.3,xm=1.0)	7128	230	365	378	242	128	0	0	False	0.15000000000000002	5	None	None
7	246.90993382050772	7128	115	365	1489126	1474489	417.824354657688	135.0	505.0	7128	230	365	90730	50295	25.457351290684624	1.0	10.0	0.0	0.0	0.5	-115.0	0.0	0.0	15.412719056541386	1398396.0	28.31681081618451	1424194.0	15.412719056541386	392.36700336700335	134.0	134.0	49.5	495.0	lognorm(mu=0,s=1.0)	zipf(s=1.7,q=0.5)	7128	230	365	230	260	147	0	0	False	0.7000000000000001	4	None	None
8	189.85379469104183	7127	164	365	901578	901028	253.0035077872878	119.0	340.0	7128	230	365	90730	50295	25.457351290684624	1.0	10.0	0.00014029180695847364	-1.0	0.28695652173913044	-66.0	0.0	0.0	8.936933759506227	810848.0	16.914862312357094	850733.0	8.938328025503072	227.54615649660317	118.0	118.0	33.0	330.0	gamma(2,2)	zipf(s=1.2,q=1.0)	7128	230	365	166	288	41	0	0	False	0.4	5	None	None
9	13.36703181052628	2806	185	365	291864	103495	208.02851033499644	2.0	9.0	7128	230	365	90730	50295	25.457351290684624	1.0	10.0	0.606341189674523	-4322.0	0.1956521739130435	-45.0	0.0	0.0	2.2168411771189245	201134.0	1.057759220598469	53200.0	7.171647865468173	182.57115904431183	1.0	1.0	0.1	-1.0	zipf(s=1.7,q=0.5)	lognorm(mu=0,s=1.0)	7128	230	365	86	126	187	0	0	False	0.6500000000000001	1	None	None
10	195.21366666155674	7128	178	365	1197141	1195698	335.89814814814815	105.75	403.0	7128	230	365	90730	50295	25.457351290684624	1.0	10.0	0.0	0.0	0.22608695652173913	-52.0	0.0	0.0	12.194544252176788	1106411.0	22.773695198329854	1145403.0	12.194544252176788	310.4407968574635	104.75	104.75	39.3	393.0	lognorm(mu=0,s=1.0)	empirical	7128	230	365	154	251	186	0	0	False	0.9500000000000001	2	None	None
11	71.94898219505045	7128	135	365	227924	227916	63.951739618406286	56.0	72.0	7128	230	365	90730	50295	25.457351290684624	1.0	10.0	0.0	0.0	0.41304347826086957	-95.0	0.0	0.0	1.5121128623388074	137194.0	3.53158365642708	177621.0	1.5121128623388076	38.494388327721666	55.0	55.0	6.2	62.0	uniform	lognorm(mu=0,s=1.4)	7128	230	365	128	54	86	0	0	False	0.3	3	None	None
12	70.42725816988724	7128	127	365	366559	364984	102.85044893378226	42.0	139.0	7128	230	365	90730	50295	25.457351290684624	1.0	10.0	0.0	0.0	0.44782608695652176	-103.0	0.0	0.0	3.0401080127851867	275829.0	6.256864499453226	314689.0	3.0401080127851863	77.39309764309763	41.0	41.0	12.9	129.0	negbin(r=1.2,p=0.35)	lognorm(mu=0,s=1.4)	7128	230	365	26	216	6	0	0	False	0.35000000000000003	4	None	None
13	35.178571405080206	7100	218	365	232750	232433	65.56338028169014	19.0	76.0	7128	230	365	90730	50295	25.457351290684624	1.0	10.0	0.003928170594837262	-28.0	0.05217391304347826	-12.0	0.0	0.0	1.5653036481869282	142020.0	3.6213937767173676	182138.0	1.5754203386304824	40.106028991005516	18.0	18.0	6.6	66.0	lognorm(mu=0,s=1.0)	negbin(r=2.0,p=0.25)	7128	230	365	351	156	185	0	0	False	0.2	2	None	None
14	14.763862093355863	7124	162	365	51908	51908	14.572711959573274	10.0	18.0	7128	230	365	90730	50295	25.457351290684624	1.0	10.0	0.0005611672278338945	-4.0	0.2956521739130435	-68.0	0.0	0.0	0.4278849333186377	-38822.0	0.032070782383934786	1613.0	0.4275637008275196	-10.88463933111135	9.0	9.0	0.8	8.0	uniform	zipf(s=1.2,q=1.0)	7128	230	365	249	148	60	0	0	False	0.15000000000000002	1	None	None
15	97.92556371444304	7127	162	365	423633	412553	118.88115616669005	66.0	157.0	7128	230	365	90730	50295	25.457351290684624	1.0	10.0	0.00014029180695847364	-1.0	0.2956521739130435	-68.0	0.0	0.0	3.669161247657886	332903.0	7.202664280743613	362258.0	3.6698163846366505	93.42380487600542	65.0	65.0	14.7	147.0	gamma(3,1)	lognorm(mu=0,s=1.4)	7128	230	365	72	209	133	0	0	False	0.9000000000000001	1	None	None
16	51.89191572368712	7116	217	365	251658	251651	70.73018549747049	33.0	95.0	7128	230	365	90730	50295	25.457351290684624	1.0	10.0	0.0016835016835016834	-12.0	0.05652173913043478	-13.0	0.0	0.0	1.7737021933208421	160928.0	4.003499353812506	201356.0	1.778379600054941	45.27283420678586	32.0	32.0	8.5	85.0	gamma(2,2)	gamma(2,2)	7128	230	365	286	194	192	0	0	False	0.4	1	None	None
17	62.40646610763061	7037	216	365	573892	570531	163.10700582634647	24.0	155.0	7128	230	365	90730	50295	25.457351290684624	1.0	10.0	0.012766554433221099	-91.0	0.06086956521739131	-14.0	0.0	0.0	5.32527278739116	483162.0	10.343692215926037	520236.0	5.40706898231124	137.64965453566185	23.0	23.0	14.5	145.0	lognorm(mu=0,s=1.4)	pareto(a=1.3,xm=1.0)	7128	230	365	396	230	76	0	0	False	0.3	3	None	None
18	256.3764777128776	7126	222	365	1215564	1215345	341.1630648330059	160.0	466.0	7128	230	365	90730	50295	25.457351290684624	1.0	10.0	0.0002805836139169473	-2.0	0.034782608695652174	-8.0	0.0	0.0	12.397597266615232	1124834.0	23.164330450342977	1165050.0	12.401357467924974	315.70571354232123	159.0	159.0	45.6	456.0	gamma(2,2)	negbin(r=1.2,p=0.35)	7128	230	365	387	240	137	0	0	False	0.5	4	None	None
19	352.12559224069224	7128	229	365	1052858	1052801	295.4147025813692	278.0	312.0	7128	230	365	90730	50295	25.457351290684624	1.0	10.0	0.0	0.0	0.004347826086956522	-1.0	0.0	0.0	10.604298467981925	962128.0	19.932518142956557	1002506.0	10.604298467981923	269.9573512906846	277.0	277.0	30.2	302.0	uniform	uniform	7128	230	365	312	114	126	0	0	False	0.7500000000000001	3	None	None
20	82.00243392319203	7128	190	365	431467	430427	121.06257014590348	49.0	160.0	7128	230	365	90730	50295	25.457351290684624	1.0	10.0	0.0	0.0	0.17391304347826086	-40.0	0.0	0.0	3.7555053455306955	340737.0	7.558047519634158	380132.0	3.7555053455306955	95.60521885521885	48.0	48.0	15.0	150.0	negbin(r=1.2,p=0.35)	lognorm(mu=0,s=1.0)	7128	230	365	96	144	176	0	0	False	0.9000000000000001	1	None	None
21	9.509934556075232	5356	185	365	54137	54134	20.21545929798357	4.0	26.0	7128	230	365	90730	50295	25.457351290684624	1.0	10.0	0.24859708193041527	-1772.0	0.1956521739130435	-45.0	0.0	0.0	0.4033175355450237	-36593.0	0.07632965503529178	3839.0	0.2059087739665662	-5.241891992701053	3.0	3.0	1.6	16.0	gamma(0.5,1.0)	empirical	7128	230	365	268	109	82	0	0	False	0.15000000000000002	1	None	None
22	9.013645693129208	6675	186	365	37994	37993	11.383970037453183	4.0	16.0	7128	230	365	90730	50295	25.457351290684624	1.0	10.0	0.06355218855218855	-453.0	0.19130434782608696	-44.0	0.0	0.0	0.581241044858371	-52736.0	0.2445968784173377	-12302.0	0.5528218977903323	-14.07338125323144	3.0	3.0	0.6	6.0	negbin(r=1.2,p=0.35)	empirical	7128	230	365	342	58	39	0	0	False	0.15000000000000002	1	None	None
23	8.809995809869433	6475	183	365	48008	48005	14.828725868725869	4.0	18.0	7128	230	365	90730	50295	25.457351290684624	1.0	10.0	0.09161054994388328	-653.0	0.20434782608695654	-47.0	0.0	0.0	0.4708696131378816	-42722.0	0.0455313649468138	-2290.0	0.417507120069007	-10.628625421958755	3.0	3.0	0.8	8.0	lognorm(mu=0,s=1.0)	empirical	7128	230	365	195	84	81	0	0	False	0.15000000000000002	1	None	None
24	11.20089623878775	6669	154	365	59597	59593	17.87284450442345	6.0	22.0	7128	230	365	90730	50295	25.457351290684624	1.0	10.0	0.06439393939393939	-459.0	0.33043478260869563	-76.0	0.0	0.0	0.3431389837980822	-31133.0	0.18486927129933392	9298.0	0.29792992600280854	-7.584506786261173	5.0	5.0	1.2	12.0	lognorm(mu=0,s=1.0)	lognorm(mu=0,s=1.4)	7128	230	365	208	29	116	0	0	False	0.1	2	None	None
25	20.685827898272077	7124	181	365	111955	111933	31.430376193149915	14.0	30.0	7128	230	365	90730	50295	25.457351290684624	1.0	10.0	0.0005611672278338945	-4.0	0.21304347826086956	-49.0	0.0	0.0	0.23393585363165437	21225.0	1.225529376677602	61638.0	0.23462868678922402	5.973024902465291	13.0	13.0	2.0	20.0	pareto(a=1.6,xm=1.0)	empirical	7128	230	365	290	16	53	0	0	False	0.25	2	None	None
26	12.601601782870533	5569	91	365	71137	70884	25.54749506195008	6.0	34.0	7128	230	365	90730	50295	25.457351290684624	1.0	10.0	0.21871492704826037	-1559.0	0.6043478260869565	-139.0	0.0	0.0	0.2159484183842169	-19593.0	0.40936474798687744	20589.0	0.0035409721237747833	0.09014377126545625	5.0	5.0	2.4	24.0	gamma(0.5,1.0)	zipf(s=1.7,q=0.5)	7128	230	365	218	47	120	0	0	False	0.2	1	None	None
27	6.790687188130301	3518	162	365	34103	31676	19.38772029562251	2.0	6.0	7128	230	365	90730	50295	25.457351290684624	1.0	10.0	0.5064534231200898	-3610.0	0.2956521739130435	-68.0	0.0	0.0	0.6241265292626474	-56627.0	0.37019584451734766	-18619.0	0.23842350784086155	-6.069630995062113	1.0	1.0	0.4	-4.0	zipf(s=1.2,q=1.0)	pareto(a=1.3,xm=1.0)	7128	230	365	191	72	32	0	0	False	0.15000000000000002	1	None	None
28	14.959585938933392	7106	186	365	89274	89023	25.12637207993245	10.0	22.0	7128	230	365	90730	50295	25.457351290684624	1.0	10.0	0.0030864197530864196	-22.0	0.19130434782608696	-44.0	0.0	0.0	0.016047613799184395	-1456.0	0.770016900288299	38728.0	0.013001321581844395	-0.3309792107521723	9.0	9.0	1.2	12.0	pareto(a=1.6,xm=1.0)	negbin(r=2.0,p=0.25)	7128	230	365	148	124	83	0	0	False	0.25	1	None	None
29	5.703286082148007	4472	144	365	54998	49977	24.59660107334526	2.0	8.0	7128	230	365	90730	50295	25.457351290684624	1.0	10.0	0.372615039281706	-2656.0	0.3739130434782609	-86.0	0.0	0.0	0.39382784084646755	-35732.0	0.006322696093050999	-318.0	0.0338114600969635	-0.8607502173393655	1.0	1.0	0.2	-2.0	zipf(s=1.2,q=1.0)	pareto(a=1.3,xm=1.0)	7128	230	365	122	27	14	0	0	False	0.2	2	None	None
30	10.02046782173981	6165	134	365	149074	119500	48.36139497161395	4.0	14.0	7128	230	365	90730	50295	25.457351290684624	1.0	10.0	0.1351010101010101	-963.0	0.41739130434782606	-96.0	0.0	0.0	0.6430508100958889	58344.0	1.3759817079232528	69205.0	0.8997025424758306	22.904043680929323	3.0	3.0	0.4	4.0	zipf(s=1.2,q=1.0)	zipf(s=1.2,q=1.0)	7128	230	365	212	19	32	0	0	False	0.35000000000000003	2	None	None
31	11.167451378319308	6915	162	365	55248	55244	15.979175704989155	6.0	22.0	7128	230	365	90730	50295	25.457351290684624	1.0	10.0	0.02988215488215488	-213.0	0.2956521739130435	-68.0	0.0	0.0	0.39107241265292625	-35482.0	0.09839944328462073	4949.0	0.3723158579016715	-9.47817558569547	5.0	5.0	1.2	12.0	negbin(r=1.2,p=0.35)	lognorm(mu=0,s=1.4)	7128	230	365	363	62	27	0	0	False	0.25	1	None	None
32	6.9200157406346126	1320	199	365	77886	38298	118.00909090909092	2.0	8.0	7128	230	365	90730	50295	25.457351290684624	1.0	10.0	0.8148148148148148	-5808.0	0.13478260869565217	-31.0	0.0	0.0	0.1415628788713766	-12844.0	0.23853265732180137	-11997.0	3.6355604540945663	92.55173961840629	1.0	1.0	0.2	-2.0	zipf(s=1.7,q=0.5)	gamma(2,2)	7128	230	365	279	71	32	0	0	False	0.3	1	None	None
33	8.676010633066843	1576	120	365	7999	7754	10.151015228426395	2.0	4.0	7128	230	365	90730	50295	25.457351290684624	1.0	10.0	0.7789001122334456	-5552.0	0.4782608695652174	-110.0	0.0	0.0	0.9118373195194533	-82731.0	0.8458296053285614	-42541.0	0.6012540695016899	-15.306336062258229	1.0	1.0	0.6	-6.0	zipf(s=1.2,q=1.0)	pareto(a=1.3,xm=1.0)	7128	230	365	51	66	38	0	0	False	0.05	1	None	None
34	9.26959118334117	6417	126	365	24624	24624	7.67461430575035	4.0	10.0	7128	230	365	90730	50295	25.457351290684624	1.0	10.0	0.09974747474747475	-711.0	0.45217391304347826	-104.0	0.0	0.0	0.7286013446489584	-66106.0	0.5104085893229944	-25671.0	0.6985305258933733	-17.782736984934274	3.0	3.0	0.0	0.0	gamma(3,1)	pareto(a=1.3,xm=1.0)	7128	230	365	38	88	31	0	0	False	0.15000000000000002	1	None	None
35	5.985792136932988	3839	64	365	40467	30070	21.082052617869238	2.0	7.0	7128	230	365	90730	50295	25.457351290684624	1.0	10.0	0.46141975308641975	-3289.0	0.7217391304347827	-166.0	0.0	0.0	0.5539843491678607	-50263.0	0.40212744805646683	-20225.0	0.17186778871281866	-4.375298672815386	1.0	1.0	0.3	-3.0	zipf(s=1.2,q=1.0)	zipf(s=1.7,q=0.5)	7128	230	365	116	125	14	0	0	False	0.2	1	None	None
36	7.151004591097241	1480	199	365	96440	44923	130.32432432432432	2.0	8.0	7128	230	365	90730	50295	25.457351290684624	1.0	10.0	0.792368125701459	-5648.0	0.13478260869565217	-31.0	0.0	0.0	0.06293397994048275	5710.0	0.10680982204990555	-5372.0	4.119319870956595	104.8669730336397	1.0	1.0	0.2	-2.0	zipf(s=1.7,q=0.5)	gamma(2,2)	7128	230	365	275	19	38	0	0	False	0.45	1	None	None
37	6.071581879121835	1949	65	365	29747	18503	30.52539763981529	2.0	6.0	7128	230	365	90730	50295	25.457351290684624	1.0	10.0	0.7265712682379349	-5179.0	0.717391304347826	-165.0	0.0	0.0	0.6721371101069106	-60983.0	0.6321105477681678	-31792.0	0.1990798764278815	5.068046349130665	1.0	1.0	0.4	-4.0	zipf(s=1.4,q=1.0)	zipf(s=1.7,q=0.5)	7128	230	365	125	125	10	0	0	False	0.15000000000000002	1	None	None
38	9.172416523526135	4344	54	365	34786	33153	16.015653775322285	3.0	24.0	7128	230	365	90730	50295	25.457351290684624	1.0	10.0	0.39057239057239057	-2784.0	0.7652173913043478	-176.0	0.0	0.0	0.6165986994378927	-55944.0	0.34082910826125856	-17142.0	0.37088294880140393	-9.441697515362339	2.0	2.0	1.4	14.0	empirical	zipf(s=1.7,q=0.5)	7128	230	365	42	159	24	0	0	False	0.15000000000000002	1	None	None
39	7.961995122862092	4878	173	365	196178	117453	80.43378433784338	2.0	11.0	7128	230	365	90730	50295	25.457351290684624	1.0	10.0	0.31565656565656564	-2250.0	0.24782608695652175	-57.0	0.0	0.0	1.1622175686101621	105448.0	1.3352818371607516	67158.0	2.1595503954598674	54.97643304715875	1.0	1.0	0.1	1.0	zipf(s=1.4,q=1.0)	lognorm(mu=0,s=1.0)	7128	230	365	229	161	42	0	0	False	0.5	1	None	None
40	6.439911792560329	1354	117	365	15545	12318	22.9615952732644	2.0	6.0	7128	230	365	90730	50295	25.457351290684624	1.0	10.0	0.8100448933782267	-5774.0	0.49130434782608695	-113.0	0.0	0.0	0.8286674749256034	-75185.0	0.7550849985087981	-37977.0	0.09803675130701726	-2.4957560174202236	1.0	1.0	0.4	-4.0	zipf(s=1.4,q=1.0)	pareto(a=1.6,xm=1.0)	7128	230	365	115	54	12	0	0	False	0.05	2	None	None
41	11.003786237888768	6180	96	365	88399	86012	28.60809061488673	5.0	30.0	7128	230	365	90730	50295	25.457351290684624	1.0	10.0	0.132996632996633	-948.0	0.5826086956521739	-134.0	0.0	0.0	0.02569161247657886	-2331.0	0.7101501143254797	35717.0	0.12376540230856727	3.1507393242021067	4.0	4.0	2.0	20.0	lognorm(mu=0,s=1.4)	pareto(a=1.6,xm=1.0)	7128	230	365	27	22	57	0	0	False	0.35000000000000003	2	None	None
42	7.300477835063989	2001	86	365	13320	11320	13.313343328335833	2.0	5.0	7128	230	365	90730	50295	25.457351290684624	1.0	10.0	0.7192760942760943	-5127.0	0.6260869565217392	-144.0	0.0	0.0	0.8531907858481208	-77410.0	0.7749279252410777	-38975.0	0.47703344404068215	-12.144007962348791	1.0	1.0	0.5	-5.0	zipf(s=1.2,q=1.0)	pareto(a=1.3,xm=1.0)	7128	230	365	54	14	24	0	0	False	0.05	3	None	None
43	8.665054319037722	6618	99	365	19894	19718	6.012088244182532	3.0	8.0	7128	230	365	90730	50295	25.457351290684624	1.0	10.0	0.07154882154882154	-510.0	0.5695652173913044	-131.0	0.0	0.0	0.7807340460707594	-70836.0	0.607953076846605	-30577.0	0.7638368510716792	-19.44526304650209	2.0	2.0	0.2	-2.0	uniform	zipf(s=1.4,q=1.0)	7128	230	365	144	83	13	0	0	False	0.05	2	None	None
44	12.567332667278961	5695	184	365	318215	175652	111.75241439859526	3.0	14.0	7128	230	365	90730	50295	25.457351290684624	1.0	10.0	0.2010381593714927	-1433.0	0.2	-46.0	0.0	0.0	2.507274330430949	227485.0	2.492434635649667	125357.0	3.389789539475295	86.29506310791064	2.0	2.0	0.4	4.0	zipf(s=1.4,q=1.0)	pareto(a=1.6,xm=1.0)	7128	230	365	204	89	57	0	0	False	0.25	4	None	None
45	9.72166855099803	6475	64	365	53593	50542	16.553822393822394	5.0	20.0	7128	230	365	90730	50295	25.457351290684624	1.0	10.0	0.09161054994388328	-653.0	0.7217391304347827	-166.0	0.0	0.0	0.4093133472941695	-37137.0	0.004911024952778606	247.0	0.3497429404653035	-8.90352889686223	4.0	4.0	1.0	10.0	lognorm(mu=0,s=1.0)	zipf(s=1.7,q=0.5)	7128	230	365	120	53	27	0	0	False	0.3	1	None	None
46	6.549950884891947	2140	133	365	33308	27292	31.128971962616824	2.0	6.0	7128	230	365	90730	50295	25.457351290684624	1.0	10.0	0.6997755331088664	-4988.0	0.4217391304347826	-97.0	0.0	0.0	0.6328887909181087	-57422.0	0.45736156675613876	-23003.0	0.22278911137183247	5.6716206719321995	1.0	1.0	0.4	-4.0	zipf(s=1.4,q=1.0)	pareto(a=1.6,xm=1.0)	7128	230	365	50	86	27	0	0	False	0.1	2	None	None
47	25.991291159559637	7128	137	365	89380	89377	25.078563411896745	20.0	30.0	7128	230	365	90730	50295	25.457351290684624	1.0	10.0	0.0	0.0	0.4043478260869565	-93.0	0.0	0.0	0.014879312245122893	-1350.0	0.7770553732975445	39082.0	0.014879312245122896	-0.3787878787878789	19.0	19.0	2.0	20.0	uniform	empirical	7128	230	365	125	65	27	0	0	False	0.15000000000000002	3	None	None
48	9.460041091995095	6992	137	365	50744	50627	14.51487414187643	5.0	14.0	7128	230	365	90730	50295	25.457351290684624	1.0	10.0	0.019079685746352413	-136.0	0.4043478260869565	-93.0	0.0	0.0	0.4407142069877659	-39986.0	0.006601053782682175	332.0	0.4298356503731115	-10.942477148808194	4.0	4.0	0.4	4.0	pareto(a=1.6,xm=1.0)	negbin(r=2.0,p=0.25)	7128	230	365	81	90	9	0	0	False	0.15000000000000002	2	None	None
49	5.923239920888797	3573	174	365	36186	31524	20.255247691015953	2.0	7.0	7128	230	365	90730	50295	25.457351290684624	1.0	10.0	0.49873737373737376	-3555.0	0.24347826086956523	-56.0	0.0	0.0	0.6011683015540615	-54544.0	0.37321801371905755	-18771.0	0.20434583080810256	-5.202103599668671	1.0	1.0	0.3	-3.0	zipf(s=1.2,q=1.0)	gamma(1,2)	7128	230	365	173	192	17	0	0	False	0.1	1	None	None
50	5.506981480631396	4675	188	365	60424	55168	25.849839572192515	2.0	8.0	7128	230	365	90730	50295	25.457351290684624	1.0	10.0	0.3441358024691358	-2453.0	0.1826086956521739	-42.0	0.0	0.0	0.3340240273338477	-30306.0	0.09688835868376579	4873.0	0.01541748302980407	0.39248828150789095	1.0	1.0	0.2	-2.0	zipf(s=1.2,q=1.0)	gamma(1,2)	7128	230	365	228	185	28	0	0	False	0.15000000000000002	1	None	None
51	4.8178812651690155	4213	175	365	51235	42784	24.322335627818656	2.0	8.0	7128	230	365	90730	50295	25.457351290684624	1.0	10.0	0.4089506172839506	-2915.0	0.2391304347826087	-55.0	0.0	0.0	0.4353025460156508	-39495.0	0.14933890048712595	-7511.0	0.04458498647034397	-1.1350156628659676	1.0	1.0	0.2	-2.0	zipf(s=1.2,q=1.0)	gamma(1,2)	7128	230	365	160	184	20	0	0	False	0.15000000000000002	1	None	None
52	16.625651899976322	7034	184	365	76631	76222	21.7887404037532	11.0	29.0	7128	230	365	90730	50295	25.457351290684624	1.0	10.0	0.013187429854096521	-94.0	0.2	-46.0	0.0	0.0	0.15539512840295383	-14099.0	0.5154985585048215	25927.0	0.14410811419622616	-3.6686108869314253	10.0	10.0	1.9	19.0	gamma(3,1)	gamma(1,2)	7128	230	365	167	234	5	0	0	False	0.2	1	None	None
53	7.420430037204472	2782	210	365	20862	20165	14.99784327821711	2.0	5.0	7128	230	365	90730	50295	25.457351290684624	1.0	10.0	0.6097081930415263	-4346.0	0.08695652173913043	-20.0	0.0	0.0	0.7700650281053676	-69868.0	0.599065513470524	-30130.0	0.41086395411037385	-10.459508012467515	1.0	1.0	0.5	-5.0	zipf(s=1.2,q=1.0)	gamma(3,1)	7128	230	365	207	224	22	0	0	False	0.05	1	None	None
54	4.655225702555755	4561	116	365	64586	47098	28.32098224073668	2.0	9.0	7128	230	365	90730	50295	25.457351290684624	1.0	10.0	0.3601290684624018	-2567.0	0.4956521739130435	-114.0	0.0	0.0	0.2881516587677725	-26144.0	0.0635649666964907	-3197.0	0.11248738792004326	2.8636309500520554	1.0	1.0	0.1	-1.0	zipf(s=1.2,q=1.0)	zipf(s=1.4,q=1.0)	7128	230	365	129	145	53	0	0	False	0.1	2	None	None
55	13.557484371521703	7036	200	365	71999	71997	20.465889710062534	8.0	28.0	7128	230	365	90730	50295	25.457351290684624	1.0	10.0	0.012906846240179574	-92.0	0.13043478260869565	-30.0	0.0	0.0	0.2064477019728866	-18731.0	0.43149418431255593	21702.0	0.19607152070249234	-4.99146158062209	7.0	7.0	1.8	18.0	negbin(r=1.2,p=0.35)	negbin(r=1.2,p=0.35)	7128	230	365	163	172	37	0	0	False	0.2	1	None	None
56	6.996540077489348	5809	137	365	129384	94255	44.54604923394732	3.0	12.0	7128	230	365	90730	50295	25.457351290684624	1.0	10.0	0.18504489337822672	-1319.0	0.4043478260869565	-93.0	0.0	0.0	0.42603328557257797	38654.0	0.8740431454418929	43960.0	0.7498304802136918	19.088697943262698	2.0	2.0	0.2	2.0	zipf(s=1.2,q=1.0)	lognorm(mu=0,s=1.4)	7128	230	365	93	215	17	0	0	False	0.4	1	None	None
57	5.893816488118558	3256	188	365	31889	28015	19.58783783783784	2.0	7.0	7128	230	365	90730	50295	25.457351290684624	1.0	10.0	0.5432098765432098	-3872.0	0.1826086956521739	-42.0	0.0	0.0	0.648528601344649	-58841.0	0.4429863803559002	-22280.0	0.23056261375450174	-5.869513452846785	1.0	1.0	0.3	-3.0	zipf(s=1.2,q=1.0)	negbin(r=1.2,p=0.35)	7128	230	365	163	134	36	0	0	False	0.1	1	None	None
58	7.1094264725666845	2353	202	365	17177	15987	14.600084997875053	2.0	6.0	7128	230	365	90730	50295	25.457351290684624	1.0	10.0	0.6698933782267116	-4775.0	0.12173913043478261	-28.0	0.0	0.0	0.810680039678166	-73553.0	0.6821354011333135	-34308.0	0.4264884499897863	-10.857266292809571	1.0	1.0	0.4	-4.0	zipf(s=1.2,q=1.0)	gamma(3,1)	7128	230	365	44	148	100	0	0	False	0.05	1	None	None
59	4.696291747732806	4681	148	365	68413	55624	29.230079042939543	2.0	9.0	7128	230	365	90730	50295	25.457351290684624	1.0	10.0	0.34329405162738497	-2447.0	0.3565217391304348	-82.0	0.0	0.0	0.24597156398104264	-22317.0	0.10595486628889551	5329.0	0.1481979687979338	3.7727277522549194	1.0	1.0	0.1	-1.0	zipf(s=1.2,q=1.0)	gamma(0.5,1.0)	7128	230	365	233	155	83	0	0	False	0.05	3	None	None
60	9.416086193123578	2096	149	365	169784	63203	162.00763358778627	2.0	9.0	7128	230	365	90730	50295	25.457351290684624	1.0	10.0	0.7059483726150393	-5032.0	0.3521739130434783	-81.0	0.0	0.0	0.8713104816488483	79054.0	0.25664578983994435	12908.0	5.363884118889787	136.55028229710166	1.0	1.0	0.1	-1.0	zipf(s=1.7,q=0.5)	gamma(0.5,1.0)	7128	230	365	197	139	68	0	0	False	0.15000000000000002	3	None	None
61	10.103571455276937	6362	153	365	186403	135125	58.59886828041496	4.0	16.0	7128	230	365	90730	50295	25.457351290684624	1.0	10.0	0.1074635241301908	-766.0	0.3347826086956522	-77.0	0.0	0.0	1.054480326242698	95673.0	1.6866487722437618	84830.0	1.3018446660575214	33.141516989730334	3.0	3.0	0.6	6.0	zipf(s=1.2,q=1.0)	lognorm(mu=0,s=1.4)	7128	230	365	259	122	67	0	0	False	0.15000000000000002	3	None	None
62	6.009388548157116	3249	192	365	30418	26729	18.724530624807635	2.0	7.0	7128	230	365	90730	50295	25.457351290684624	1.0	10.0	0.5441919191919192	-3879.0	0.16521739130434782	-38.0	0.0	0.0	0.6647415408354458	-60312.0	0.46855552241773535	-23566.0	0.26447451618191986	-6.732820665876989	1.0	1.0	0.3	-3.0	zipf(s=1.2,q=1.0)	negbin(r=1.2,p=0.35)	7128	230	365	130	142	40	0	0	False	0.1	1	None	None
63	6.845373676750133	4214	183	365	126906	90636	60.23065970574276	2.0	9.0	7128	230	365	90730	50295	25.457351290684624	1.0	10.0	0.40881032547699214	-2914.0	0.20434782608695654	-47.0	0.0	0.0	0.39872148131819685	36176.0	0.8020876826722338	40341.0	1.365943692177529	34.77330841505814	1.0	1.0	0.1	-1.0	zipf(s=1.4,q=1.0)	gamma(1,2)	7128	230	365	142	215	58	0	0	False	0.3	1	None	None
64	85.70363209870658	7128	170	365	269138	268839	75.51571268237934	67.0	84.0	7128	230	365	90730	50295	25.457351290684624	1.0	10.0	0.0	0.0	0.2608695652173913	-60.0	0.0	0.0	1.966361732613248	178408.0	4.3452430659111245	218544.0	1.9663617326132479	50.05836139169472	66.0	66.0	7.4	74.0	uniform	gamma(1,2)	7128	230	365	265	115	13	0	0	False	0.4	2	None	None
65	25.559226409914356	5923	100	365	208183	194276	70.29647138274522	7.0	108.0	7128	230	365	90730	50295	25.457351290684624	1.0	10.0	0.1690516273849607	-1205.0	0.5652173913043478	-130.0	0.0	0.0	1.294533230464014	117453.0	2.862729893627597	143981.0	1.7613427092263194	44.8391200920606	6.0	6.0	9.8	98.0	empirical	zipf(s=1.4,q=1.0)	7128	230	365	46	146	27	0	0	False	0.3	3	None	None
66	20.57220262263426	6691	154	365	180236	173172	53.87415931848752	9.0	54.0	7128	230	365	90730	50295	25.457351290684624	1.0	10.0	0.06130751964085297	-437.0	0.33043478260869563	-76.0	0.0	0.0	0.986509423564422	89506.0	2.4431255592007157	122877.0	1.1162515574902405	28.416808027802897	8.0	8.0	4.4	44.0	lognorm(mu=0,s=1.4)	gamma(0.5,1.0)	7128	230	365	149	229	65	0	0	False	0.1	4	None	None
67	8.130620298247845	4818	159	365	27196	26846	11.289331672893317	3.0	12.0	7128	230	365	90730	50295	25.457351290684624	1.0	10.0	0.32407407407407407	-2310.0	0.30869565217391304	-71.0	0.0	0.0	0.7002534993938058	-63534.0	0.4662292474401034	-23449.0	0.556539423760699	-14.168019617791307	2.0	2.0	0.2	2.0	lognorm(mu=0,s=1.4)	gamma(1,2)	7128	230	365	203	100	8	0	0	False	0.1	1	None	None
68	18.05486116083043	6914	180	365	306697	227503	88.71767428406133	6.0	23.0	7128	230	365	90730	50295	25.457351290684624	1.0	10.0	0.030022446689113354	-214.0	0.21739130434782608	-50.0	0.0	0.0	2.380326242698115	215967.0	3.5233721045829607	177208.0	2.484953060160857	63.260322993376704	5.0	5.0	1.3	13.0	zipf(s=1.2,q=1.0)	pareto(a=1.3,xm=1.0)	7128	230	365	142	153	103	0	0	False	0.25	3	None	None
69	9.610991200990199	6095	169	365	141901	121999	46.563084495488106	4.0	12.0	7128	230	365	90730	50295	25.457351290684624	1.0	10.0	0.14492143658810325	-1033.0	0.26521739130434785	-61.0	0.0	0.0	0.5639920643668026	51171.0	1.4256685555224178	71704.0	0.8290624175236373	21.10573320480348	3.0	3.0	0.2	2.0	zipf(s=1.2,q=1.0)	gamma(1,2)	7128	230	365	143	208	18	0	0	False	0.4	1	None	None
70	14.191590908645045	6489	144	365	76250	76243	23.501309909076898	8.0	32.0	7128	230	365	90730	50295	25.457351290684624	1.0	10.0	0.08964646464646464	-639.0	0.3739130434782609	-86.0	0.0	0.0	0.15959440096991073	-14480.0	0.5159160950392683	25948.0	0.07683601327069255	-1.9560413816077258	7.0	7.0	2.2	22.0	gamma(1,2)	pareto(a=1.3,xm=1.0)	7128	230	365	101	78	8	0	0	False	0.15000000000000002	3	None	None
71	25.13312834210016	7058	162	365	455883	311685	129.18192122414283	8.0	34.0	7128	230	365	90730	50295	25.457351290684624	1.0	10.0	0.009820426487093154	-70.0	0.2956521739130435	-68.0	0.0	0.0	4.02461148462471	365153.0	5.197136892335222	261390.0	4.074444695721867	103.7245699334582	7.0	7.0	2.4	24.0	zipf(s=1.2,q=1.0)	gamma(0.5,1.0)	7128	230	365	300	150	135	0	0	False	0.2	4	None	None
72	17.09048570408774	6881	133	365	307312	215886	89.32190088649905	6.0	23.0	7128	230	365	90730	50295	25.457351290684624	1.0	10.0	0.03465207631874299	-247.0	0.4217391304347826	-97.0	0.0	0.0	2.3871045960542268	216582.0	3.2923948702654338	165591.0	2.5086879175518857	63.864549595814424	5.0	5.0	1.3	13.0	zipf(s=1.2,q=1.0)	gamma(0.5,1.0)	7128	230	365	128	161	19	0	0	False	0.35000000000000003	3	None	None
73	4.627503217897889	4579	188	365	60856	51614	26.580476086481763	2.0	8.0	7128	230	365	90730	50295	25.457351290684624	1.0	10.0	0.3576038159371493	-2549.0	0.1826086956521739	-42.0	0.0	0.0	0.32926264741540834	-29874.0	0.026225270901680087	1319.0	0.04411789675103057	1.123124795797139	1.0	1.0	0.2	-2.0	zipf(s=1.2,q=1.0)	negbin(r=2.0,p=0.25)	7128	230	365	143	241	28	0	0	False	0.15000000000000002	1	None	None
74	19.23368619179369	7106	190	365	105083	104207	29.575851393188856	12.0	40.0	7128	230	365	90730	50295	25.457351290684624	1.0	10.0	0.0030864197530864196	-22.0	0.17391304347826086	-40.0	0.0	0.0	0.15819464344759177	14353.0	1.071915697385426	53912.0	0.16178038537777012	4.118500102504232	11.0	11.0	3.0	30.0	negbin(r=1.2,p=0.35)	negbin(r=2.0,p=0.25)	7128	230	365	163	199	11	0	0	False	0.15000000000000002	2	None	None
75	7.099220915739298	5836	128	365	126950	91926	43.50582590815627	3.0	12.0	7128	230	365	90730	50295	25.457351290684624	1.0	10.0	0.18125701459034793	-1292.0	0.4434782608695652	-102.0	0.0	0.0	0.3992064366802601	36220.0	0.827736355502535	41631.0	0.7089690679672538	18.048474617471644	2.0	2.0	0.2	2.0	zipf(s=1.2,q=1.0)	zipf(s=1.4,q=1.0)	7128	230	365	143	278	30	0	0	False	0.15000000000000002	2	None	None
76	6.054528937202121	5452	180	365	103651	82153	38.02311078503301	3.0	11.0	7128	230	365	90730	50295	25.457351290684624	1.0	10.0	0.2351290684624018	-1676.0	0.21739130434782608	-50.0	0.0	0.0	0.14241155075498732	12921.0	0.6334228054478577	31858.0	0.4936004280597118	12.565759494348388	2.0	2.0	0.1	1.0	zipf(s=1.2,q=1.0)	gamma(1,2)	7128	230	365	231	205	19	0	0	False	0.25	1	None	None
77	24.364850379370033	5877	203	365	193101	188917	65.71413986727923	7.0	101.0	7128	230	365	90730	50295	25.457351290684624	1.0	10.0	0.1755050505050505	-1251.0	0.11739130434782609	-27.0	0.0	0.0	1.128303758404056	102371.0	2.7561785465752062	138622.0	1.5813423838530052	40.2567885765946	6.0	6.0	9.1	91.0	empirical	negbin(r=2.0,p=0.25)	7128	230	365	147	298	37	0	0	False	0.4	1	None	None
78	21.84437855419194	7074	187	365	115121	112780	32.54763924229573	14.0	44.0	7128	230	365	90730	50295	25.457351290684624	1.0	10.0	0.007575757575757576	-54.0	0.18695652173913044	-43.0	0.0	0.0	0.2688305962746611	24391.0	1.2423700169002883	62485.0	0.2785163260172157	7.090287951611106	13.0	13.0	3.4	34.0	negbin(r=2.0,p=0.25)	pareto(a=1.3,xm=1.0)	7128	230	365	209	128	66	0	0	False	0.15000000000000002	2	None	None
79	6.203785323038144	4150	122	365	47466	42504	22.875180722891567	2.0	7.0	7128	230	365	90730	50295	25.457351290684624	1.0	10.0	0.41778900112233447	-2978.0	0.46956521739130436	-108.0	0.0	0.0	0.4768433814614791	-43264.0	0.1549060542797495	-7791.0	0.10143123447166819	-2.5821705677930566	1.0	1.0	0.3	-3.0	zipf(s=1.2,q=1.0)	pareto(a=1.3,xm=1.0)	7128	230	365	101	35	17	0	0	False	0.35000000000000003	1	None	None
80	6.256356620524315	4108	111	365	47070	39239	22.91626095423564	2.0	7.0	7128	230	365	90730	50295	25.457351290684624	1.0	10.0	0.42368125701459036	-3020.0	0.5173913043478261	-119.0	0.0	0.0	0.4812079797200485	-43660.0	0.21982304404016303	-11056.0	0.09981754611599451	-2.5410903364489847	1.0	1.0	0.3	-3.0	zipf(s=1.2,q=1.0)	zipf(s=1.4,q=1.0)	7128	230	365	96	173	43	0	0	False	0.05	3	None	None
81	6.714268798672932	5763	62	365	115532	78689	40.094395280235986	3.0	12.0	7128	230	365	90730	50295	25.457351290684624	1.0	10.0	0.1914983164983165	-1365.0	0.7304347826086957	-168.0	0.0	0.0	0.2733605202248429	24802.0	0.5645491599562581	28394.0	0.5749633503665937	14.637043989551362	2.0	2.0	0.2	2.0	zipf(s=1.2,q=1.0)	zipf(s=1.7,q=0.5)	7128	230	365	148	47	35	0	0	False	0.35000000000000003	2	None	None
82	6.525959817827615	886	177	365	34540	20158	77.96839729119638	2.0	7.0	7128	230	365	90730	50295	25.457351290684624	1.0	10.0	0.8757014590347924	-6242.0	0.23043478260869565	-53.0	0.0	0.0	0.6193100407803372	-56190.0	0.5992046923153395	-30137.0	2.062706579365413	52.511046000511755	1.0	1.0	0.3	-3.0	zipf(s=1.7,q=0.5)	gamma(1,2)	7128	230	365	204	130	69	0	0	False	0.1	1	None	None
83	5.503030086568598	4804	207	365	64701	60024	26.936303080766027	2.0	8.0	7128	230	365	90730	50295	25.457351290684624	1.0	10.0	0.3260381593714927	-2324.0	0.1	-23.0	0.0	0.0	0.28688416179874354	-26029.0	0.19343871160155085	9729.0	0.058095273667476265	1.4789517900814033	1.0	1.0	0.2	-2.0	zipf(s=1.2,q=1.0)	negbin(r=2.0,p=0.25)	7128	230	365	205	225	47	0	0	False	0.15000000000000002	1	None	None
84	15.808662479873872	6991	229	365	82052	82051	23.473608925761695	10.0	32.0	7128	230	365	90730	50295	25.457351290684624	1.0	10.0	0.019219977553310886	-137.0	0.004347826086956522	-1.0	0.0	0.0	0.09564642345420478	-8678.0	0.6313947708519734	31756.0	0.0779241462425363	-1.9837423649229287	9.0	9.0	2.2	22.0	gamma(2,2)	uniform	7128	230	365	236	281	69	0	0	False	0.15000000000000002	1	None	None
85	16.64372105280408	7121	221	365	100929	100814	28.346861395871365	11.0	26.0	7128	230	365	90730	50295	25.457351290684624	1.0	10.0	0.0009820426487093155	-7.0	0.0391304347826087	-9.0	0.0	0.0	0.11241044858370991	10199.0	1.0044537230340989	50519.0	0.11350395695895012	2.8895101051867407	10.0	10.0	1.6	16.0	pareto(a=1.6,xm=1.0)	uniform	7128	230	365	193	132	38	0	0	False	0.3	1	None	None
86	11.154062369124137	6349	194	365	178472	154013	56.22050716648291	4.0	14.0	7128	230	365	90730	50295	25.457351290684624	1.0	10.0	0.10928731762065096	-779.0	0.1565217391304348	-36.0	0.0	0.0	0.9670671222307947	87742.0	2.0621930609404515	103718.0	1.2084193490724688	30.763155875798287	3.0	3.0	0.4	4.0	zipf(s=1.2,q=1.0)	negbin(r=2.0,p=0.25)	7128	230	365	193	194	79	0	0	False	0.4	1	None	None
87	9.715621674726734	6357	214	365	168110	148079	52.88972785905301	3.0	14.0	7128	230	365	90730	50295	25.457351290684624	1.0	10.0	0.10816498316498316	-771.0	0.06956521739130435	-16.0	0.0	0.0	0.8528601344648958	77380.0	1.9442091659210656	97784.0	1.0775817269884815	27.432376568368387	2.0	2.0	0.4	4.0	zipf(s=1.2,q=1.0)	negbin(r=2.0,p=0.25)	7128	230	365	243	246	51	0	0	False	0.35000000000000003	1	None	None
88	6.5185607193107025	5561	97	365	111688	78579	40.16831505124978	3.0	12.0	7128	230	365	90730	50295	25.457351290684624	1.0	10.0	0.21983726150392818	-1567.0	0.5782608695652174	-133.0	0.0	0.0	0.23099305632095227	20958.0	0.5623620638234417	28284.0	0.5778670213011595	14.710963760565154	2.0	2.0	0.2	2.0	zipf(s=1.2,q=1.0)	zipf(s=1.4,q=1.0)	7128	230	365	71	77	62	0	0	False	0.25	2	None	None
89	8.28986752668375	6246	178	365	41291	41114	13.22158181235991	4.0	10.0	7128	230	365	90730	50295	25.457351290684624	1.0	10.0	0.12373737373737374	-882.0	0.22608695652173913	-52.0	0.0	0.0	0.5449024578419487	-49439.0	0.18254299632170196	-9181.0	0.480637963416172	-12.235769478324714	3.0	3.0	0.0	0.0	pareto(a=1.3,xm=1.0)	empirical	7128	230	365	149	269	16	0	0	False	0.1	1	None	None
90	42.49487806336291	7093	142	365	210118	204593	59.24658113633159	27.0	80.0	7128	230	365	90730	50295	25.457351290684624	1.0	10.0	0.004910213243546577	-35.0	0.3826086956521739	-88.0	0.0	0.0	1.3158602446820236	119388.0	3.0678596281936574	154298.0	1.327287723684402	33.78922984564697	26.0	26.0	7.0	70.0	gamma(2,2)	gamma(0.5,1.0)	7128	230	365	255	139	92	0	0	False	0.15000000000000002	3	None	None
91	7.687227944092125	1564	110	365	101702	37864	130.0537084398977	2.0	8.0	7128	230	365	90730	50295	25.457351290684624	1.0	10.0	0.7805836139169473	-5564.0	0.5217391304347826	-120.0	0.0	0.0	0.12093023255813953	10972.0	0.24716174570036784	-12431.0	4.108689704395408	104.59635714921306	1.0	1.0	0.2	-2.0	zipf(s=1.7,q=0.5)	lognorm(mu=0,s=1.4)	7128	230	365	123	38	8	0	0	False	0.25	3	None	None
92	4.578384620803763	5096	186	365	80500	64997	31.593406593406595	2.0	9.0	7128	230	365	90730	50295	25.457351290684624	1.0	10.0	0.2850729517396184	-2032.0	0.19130434782608696	-44.0	0.0	0.0	0.11275212167970902	-10230.0	0.29231533949696786	14702.0	0.2410327465987116	6.136055302721971	1.0	1.0	0.1	-1.0	zipf(s=1.2,q=1.0)	pareto(a=1.3,xm=1.0)	7128	230	365	241	187	25	0	0	False	0.2	1	None	None
93	11.877051305787322	6633	201	365	227683	171723	68.65159053218754	4.0	18.0	7128	230	365	90730	50295	25.457351290684624	1.0	10.0	0.06944444444444445	-495.0	0.12608695652173912	-29.0	0.0	0.0	1.5094566295602336	136953.0	2.4143155383238892	121428.0	1.6967295123632358	43.19423924150291	3.0	3.0	0.8	8.0	zipf(s=1.2,q=1.0)	pareto(a=1.3,xm=1.0)	7128	230	365	206	209	28	0	0	False	0.55	1	None	None
94	8.658899220099835	5042	150	365	17276	17239	6.852836176120587	3.0	9.0	7128	230	365	90730	50295	25.457351290684624	1.0	10.0	0.29264870931537595	-2086.0	0.34782608695652173	-80.0	0.0	0.0	0.8095888901135236	-73454.0	0.6572422706034398	-33056.0	0.7308111084349854	-18.604515114564038	2.0	2.0	0.1	-1.0	gamma(1,2)	gamma(0.5,1.0)	7128	230	365	274	105	36	0	0	False	0.05	1	None	None
95	10.123753237441317	4580	171	365	43724	43454	19.093449781659388	4.0	29.0	7128	230	365	90730	50295	25.457351290684624	1.0	10.0	0.3574635241301908	-2548.0	0.2565217391304348	-59.0	0.0	0.0	0.5180866306624049	-47006.0	0.13601749676906252	-6841.0	0.24998286099598746	-6.363901509025236	3.0	3.0	1.9	19.0	empirical	empirical	7128	230	365	280	188	30	0	0	False	0.1	1	None	None
96	5.711462512906618	5311	176	365	85742	76912	32.288457917529655	2.0	9.5	7128	230	365	90730	50295	25.457351290684624	1.0	10.0	0.25491021324354657	-1817.0	0.23478260869565218	-54.0	0.0	0.0	0.054976303317535544	-4988.0	0.5292176160652152	26617.0	0.2683353247886663	6.831106626845031	1.0	1.0	0.05	-0.5	zipf(s=1.2,q=1.0)	gamma(1,2)	7128	230	365	161	116	33	0	0	False	0.3	1	None	None
97	12.754651714727245	6433	208	365	112023	108500	34.827607648064664	6.0	35.0	7128	230	365	90730	50295	25.457351290684624	1.0	10.0	0.09750280583613917	-695.0	0.09565217391304348	-22.0	0.0	0.0	0.23468533010029757	21293.0	1.1572720946416144	58205.0	0.3680766412179264	9.37025635738004	5.0	5.0	2.5	25.0	lognorm(mu=0,s=1.4)	pareto(a=1.3,xm=1.0)	7128	230	365	356	119	6	0	0	False	0.1	3	None	None
98	10.408606021051755	6253	167	365	158251	134467	50.616024308332	4.0	14.0	7128	230	365	90730	50295	25.457351290684624	1.0	10.0	0.12275533108866442	-875.0	0.27391304347826084	-63.0	0.0	0.0	0.7441970682244021	67521.0	1.6735659608310964	84172.0	0.9882675039666621	25.158673017647377	3.0	3.0	0.4	4.0	zipf(s=1.2,q=1.0)	lognorm(mu=0,s=1.0)	7128	230	365	219	77	17	0	0	False	0.3	2	None	None
99	24.101678032803253	6762	160	365	208692	208521	61.724933451641526	10.0	61.0	7128	230	365	90730	50295	25.457351290684624	1.0	10.0	0.05134680134680135	-366.0	0.30434782608695654	-70.0	0.0	0.0	1.3001432822660641	117962.0	3.145958842827319	158226.0	1.4246408334801104	36.267582160956906	9.0	9.0	5.1	51.0	lognorm(mu=0,s=1.4)	gamma(1,2)	7128	230	365	74	101	48	0	0	False	0.45	2	None	None
100	15.055943974642451	6765	146	365	246111	200928	72.76008869179601	5.0	19.0	7128	230	365	90730	50295	25.457351290684624	1.0	10.0	0.05092592592592592	-363.0	0.3652173913043478	-84.0	0.0	0.0	1.7125647525625483	155381.0	2.994989561586639	150633.0	1.8581170075780997	47.302737401111386	4.0	4.0	0.9	9.0	zipf(s=1.2,q=1.0)	gamma(1,2)	7128	230	365	89	135	9	0	0	False	0.55	2	None	None
101	6.117492412514819	4067	190	365	44317	41481	21.793459552495698	2.0	7.0	7128	230	365	90730	50295	25.457351290684624	1.0	10.0	0.42943322109988774	-3061.0	0.17391304347826086	-40.0	0.0	0.0	0.511550754987325	-46413.0	0.17524604831494184	-8814.0	0.1439227395007752	-3.6638917381889264	1.0	1.0	0.3	-3.0	zipf(s=1.2,q=1.0)	gamma(1,2)	7128	230	365	205	149	92	0	0	False	0.05	2	None	None
102	9.383414892777024	6736	187	365	19702	19702	5.8497624703087885	4.0	8.0	7128	230	365	90730	50295	25.457351290684624	1.0	10.0	0.05499438832772166	-392.0	0.18695652173913044	-43.0	0.0	0.0	0.7828502149233991	-71028.0	0.6082711999204692	-30593.0	0.7702132321814116	-19.607588820375835	3.0	3.0	0.2	-2.0	uniform	lognorm(mu=0,s=1.0)	7128	230	365	196	247	10	0	0	False	0.05	1	None	None
103	16.47846510361649	7124	191	365	94037	93876	26.400056148231332	11.0	26.0	7128	230	365	90730	50295	25.457351290684624	1.0	10.0	0.0005611672278338945	-4.0	0.16956521739130434	-39.0	0.0	0.0	0.036448804144164	3307.0	0.8665076051297346	43581.0	0.037030751816339344	0.9427048575467083	10.0	10.0	1.6	16.0	pareto(a=1.6,xm=1.0)	gamma(1,2)	7128	230	365	265	219	33	0	0	False	0.1	2	None	None
104	7.41872447972127	2033	159	365	13826	12585	13.601574028529267	2.0	5.0	7128	230	365	90730	50295	25.457351290684624	1.0	10.0	0.7147867564534232	-5095.0	0.30869565217391304	-71.0	0.0	0.0	0.8476137991843933	-76904.0	0.7497763197136892	-37710.0	0.4657113431315077	-11.855777262155357	1.0	1.0	0.5	-5.0	zipf(s=1.2,q=1.0)	gamma(1,2)	7128	230	365	88	171	15	0	0	False	0.05	1	None	None
105	8.12187917494972	2064	148	365	12467	11823	12.080426356589147	2.0	5.0	7128	230	365	90730	50295	25.457351290684624	1.0	10.0	0.7104377104377104	-5064.0	0.3565217391304348	-82.0	0.0	0.0	0.8625923068444836	-78263.0	0.7649269311064718	-38472.0	0.5254641294512982	-13.376924934095477	1.0	1.0	0.5	-5.0	zipf(s=1.2,q=1.0)	zipf(s=1.2,q=1.0)	7128	230	365	214	136	7	0	0	False	0.05	1	None	None
106	12.212594157922576	6529	163	365	202104	170306	61.909633940879154	4.0	16.0	7128	230	365	90730	50295	25.457351290684624	1.0	10.0	0.08403479236812571	-599.0	0.29130434782608694	-67.0	0.0	0.0	1.2275322385098644	111374.0	2.386141763594791	120011.0	1.4318961243832615	36.45228265019453	3.0	3.0	0.6	6.0	zipf(s=1.2,q=1.0)	negbin(r=2.0,p=0.25)	7128	230	365	129	81	14	0	0	False	0.25	4	None	None
107	6.289089271359273	3142	208	365	28240	24781	17.97581158497772	2.0	7.0	7128	230	365	90730	50295	25.457351290684624	1.0	10.0	0.5592031425364759	-3986.0	0.09565217391304348	-22.0	0.0	0.0	0.6887468312575774	-62490.0	0.5072870066607018	-25514.0	0.29388523653851434	-7.481539705706904	1.0	1.0	0.3	-3.0	zipf(s=1.2,q=1.0)	pareto(a=1.3,xm=1.0)	7128	230	365	334	230	74	0	0	False	0.05	1	None	None
108	9.364525747663698	5069	160	365	41271	40326	16.283685144999012	4.0	22.0	7128	230	365	90730	50295	25.457351290684624	1.0	10.0	0.28886083052749717	-2059.0	0.30434782608695654	-70.0	0.0	0.0	0.5451228920974319	-49459.0	0.19821055770951387	-9969.0	0.36035430555740683	-9.173666145685612	3.0	3.0	1.2	12.0	gamma(0.5,1.0)	zipf(s=1.2,q=1.0)	7128	230	365	190	204	40	0	0	False	0.1	1	None	None
109	8.901492686256873	6435	163	365	45628	45628	14.18119658119658	4.0	17.0	7128	230	365	90730	50295	25.457351290684624	1.0	10.0	0.09722222222222222	-693.0	0.29130434782608694	-67.0	0.0	0.0	0.49710128954039456	-45102.0	0.09279252410776419	-4667.0	0.44294296687551404	-11.276154709488043	3.0	3.0	0.7	7.0	lognorm(mu=0,s=1.0)	gamma(2,2)	7128	230	365	40	221	26	0	0	False	0.15000000000000002	1	None	None
110	9.676040900779316	4513	84	365	41964	38702	18.5969421670729	4.0	28.0	7128	230	365	90730	50295	25.457351290684624	1.0	10.0	0.36686307519640854	-2615.0	0.6347826086956522	-146.0	0.0	0.0	0.5374848451449356	-48766.0	0.2305000497067303	-11593.0	0.26948636742590304	-6.860409123611724	3.0	3.0	1.8	18.0	empirical	zipf(s=1.7,q=0.5)	7128	230	365	152	261	38	0	0	False	0.05	2	None	None
111	7.617035888772515	5860	186	365	115447	102679	39.401706484641636	3.0	11.0	7128	230	365	90730	50295	25.457351290684624	1.0	10.0	0.17789001122334455	-1268.0	0.19130434782608696	-44.0	0.0	0.0	0.2724236746390389	24717.0	1.0415349438313948	52384.0	0.5477535755677592	13.944355193957012	2.0	2.0	0.1	1.0	zipf(s=1.2,q=1.0)	negbin(r=2.0,p=0.25)	7128	230	365	18	233	83	0	0	False	0.15000000000000002	2	None	None
112	16.98734088718972	6963	121	365	85450	82756	24.544018382880942	11.0	34.0	7128	230	365	90730	50295	25.457351290684624	1.0	10.0	0.023148148148148147	-165.0	0.47391304347826085	-109.0	0.0	0.0	0.05819464344759175	-5280.0	0.6454120687941147	32461.0	0.035876980970046525	-0.9133329078036816	10.0	10.0	2.4	24.0	gamma(2,2)	zipf(s=1.4,q=1.0)	7128	230	365	178	149	38	0	0	False	0.25	1	None	None
113	4.831801660020715	4390	191	365	54485	46897	24.82232346241458	2.0	8.0	7128	230	365	90730	50295	25.457351290684624	1.0	10.0	0.3841189674523008	-2738.0	0.16956521739130434	-39.0	0.0	0.0	0.3994819794996142	-36245.0	0.06756138781190973	-3398.0	0.02494477218069476	-0.6350278282700437	1.0	1.0	0.2	-2.0	zipf(s=1.2,q=1.0)	negbin(r=2.0,p=0.25)	7128	230	365	107	236	21	0	0	False	0.15000000000000002	1	None	None
114	4.899915650476672	4978	192	365	78249	65764	31.437926878264363	2.0	9.0	7128	230	365	90730	50295	25.457351290684624	1.0	10.0	0.3016273849607183	-2150.0	0.16521739130434782	-38.0	0.0	0.0	0.13756199713435469	-12481.0	0.30756536435033305	15469.0	0.2349252881531378	5.9805755875797395	1.0	1.0	0.1	-1.0	zipf(s=1.2,q=1.0)	negbin(r=2.0,p=0.25)	7128	230	365	67	268	37	0	0	False	0.2	1	None	None
115	20.205415804161298	7127	176	365	70590	70372	19.80917637154483	15.0	24.0	7128	230	365	90730	50295	25.457351290684624	1.0	10.0	0.00014029180695847364	-1.0	0.23478260869565218	-54.0	0.0	0.0	0.22197729527168522	-20140.0	0.399184809623223	20077.0	0.22186812974555525	-5.6481749191397945	14.0	14.0	1.4	14.0	uniform	negbin(r=2.0,p=0.25)	7128	230	365	48	223	55	0	0	False	0.2	1	None	None
116	5.219554493366174	3927	204	365	46206	40393	23.532467532467532	2.0	8.0	7128	230	365	90730	50295	25.457351290684624	1.0	10.0	0.44907407407407407	-3201.0	0.11304347826086956	-26.0	0.0	0.0	0.49073073955692714	-44524.0	0.19687841733770753	-9902.0	0.07561209869156527	-1.9248837582170921	1.0	1.0	0.2	-2.0	zipf(s=1.2,q=1.0)	negbin(r=2.0,p=0.25)	7128	230	365	107	254	73	0	0	False	0.1	1	None	None
117	4.589879004616647	4703	196	365	65681	55548	27.9315330640017	2.0	9.0	7128	230	365	90730	50295	25.457351290684624	1.0	10.0	0.34020763187429853	-2425.0	0.14782608695652175	-34.0	0.0	0.0	0.2760828832800617	-25049.0	0.10444378168804055	5253.0	0.0971892851328344	2.4741817733170777	1.0	1.0	0.1	-1.0	zipf(s=1.2,q=1.0)	negbin(r=2.0,p=0.25)	7128	230	365	116	284	30	0	0	False	0.15000000000000002	1	None	None
118	5.015384968933436	5132	197	365	82353	69701	32.09392049883086	2.0	9.0	7128	230	365	90730	50295	25.457351290684624	1.0	10.0	0.28002244668911336	-1996.0	0.14347826086956522	-33.0	0.0	0.0	0.09232888790918109	-8377.0	0.38584352321304305	19406.0	0.26069362567875226	6.636569208146238	1.0	1.0	0.1	-1.0	zipf(s=1.2,q=1.0)	negbin(r=2.0,p=0.25)	7128	230	365	107	296	9	0	0	False	0.2	1	None	None
119	4.755529478216598	5071	188	365	83323	69559	32.86255176493788	2.0	10.0	7128	230	365	90730	50295	25.457351290684624	1.0	10.0	0.28858024691358025	-2057.0	0.1826086956521739	-42.0	0.0	0.0	0.08163782651824093	-7407.0	0.38302018093249823	19264.0	0.2908865258485464	7.40520047425326	1.0	1.0	0.0	0.0	zipf(s=1.2,q=1.0)	negbin(r=2.0,p=0.25)	7128	230	365	193	179	57	0	0	False	0.2	1	None	None
120	6.350296372728238	5659	206	365	110268	98869	38.970842905106906	2.0	10.0	7128	230	365	90730	50295	25.457351290684624	1.0	10.0	0.20608866442199775	-1469.0	0.10434782608695652	-24.0	0.0	0.0	0.21534222418163781	19538.0	0.9657818868674819	48574.0	0.5308286577074949	13.513491614422282	1.0	1.0	0.0	0.0	zipf(s=1.2,q=1.0)	negbin(r=2.0,p=0.25)	7128	230	365	146	300	90	0	0	False	0.2	1	None	None
121	7.8917089475418365	6107	192	365	146566	116998	47.99934501391846	3.0	13.0	7128	230	365	90730	50295	25.457351290684624	1.0	10.0	0.14323793490460157	-1021.0	0.16521739130434782	-38.0	0.0	0.0	0.6154083544582828	55836.0	1.3262352122477383	66703.0	0.8854807189419749	22.541993723233833	2.0	2.0	0.3	3.0	zipf(s=1.2,q=1.0)	negbin(r=2.0,p=0.25)	7128	230	365	118	269	29	0	0	False	0.35000000000000003	1	None	None
122	6.890759667758622	2658	196	365	20489	18856	15.416854778028593	2.0	6.0	7128	230	365	90730	50295	25.457351290684624	1.0	10.0	0.627104377104377	-4470.0	0.14782608695652175	-34.0	0.0	0.0	0.7741761269701312	-70241.0	0.6250919574510388	-31439.0	0.39440460234879415	-10.04049651265603	1.0	1.0	0.4	-4.0	zipf(s=1.2,q=1.0)	gamma(3,1)	7128	230	365	57	260	61	0	0	False	0.05	1	None	None
123	11.799053645791627	5220	193	365	79149	79140	30.32528735632184	4.0	47.0	7128	230	365	90730	50295	25.457351290684624	1.0	10.0	0.2676767676767677	-1908.0	0.1608695652173913	-37.0	0.0	0.0	0.1276424556376061	-11581.0	0.5735162541008052	28845.0	0.19121926747416557	4.867936065637217	3.0	3.0	3.7	37.0	empirical	pareto(a=1.3,xm=1.0)	7128	230	365	149	208	52	0	0	False	0.2	1	None	None
124	6.558859914177643	881	190	365	38851	20638	88.19750283768445	2.0	8.0	7128	230	365	90730	50295	25.457351290684624	1.0	10.0	0.8764029180695847	-6247.0	0.17391304347826086	-40.0	0.0	0.0	0.5717954370109115	-51879.0	0.5896610000994135	-29657.0	2.4645200056597307	62.740151546999826	1.0	1.0	0.2	-2.0	zipf(s=1.7,q=0.5)	negbin(r=2.0,p=0.25)	7128	230	365	159	205	38	0	0	False	0.1	1	None	None
125	21.39529401670055	7000	184	365	389745	276623	111.35571428571428	7.0	29.0	7128	230	365	90730	50295	25.457351290684624	1.0	10.0	0.017957351290684626	-128.0	0.2	-46.0	0.0	0.0	3.295657445166979	299015.0	4.500009941346058	226328.0	3.3742066098786037	85.89836299502966	6.0	6.0	1.9	19.0	zipf(s=1.2,q=1.0)	empirical	7128	230	365	166	282	92	0	0	False	0.35000000000000003	2	None	None
126	8.271219788514703	5874	188	365	20804	20744	7.083418454204971	3.0	9.0	7128	230	365	90730	50295	25.457351290684624	1.0	10.0	0.17592592592592593	-1254.0	0.1826086956521739	-42.0	0.0	0.0	0.7707042874462692	-69926.0	0.5875534347350632	-29551.0	0.7217535173505288	-18.373932836479653	2.0	2.0	0.1	-1.0	gamma(2,2)	negbin(r=2.0,p=0.25)	7128	230	365	110	288	18	0	0	False	0.05	1	None	None
127	7.66173079306931	5481	181	365	47453	46793	17.315453384418902	3.0	18.0	7128	230	365	90730	50295	25.457351290684624	1.0	10.0	0.23106060606060605	-1647.0	0.21304347826086956	-49.0	0.0	0.0	0.4769866637275433	-43277.0	0.06962918779202704	-3502.0	0.3198250208082336	-8.141897906265722	2.0	2.0	0.8	8.0	lognorm(mu=0,s=1.4)	negbin(r=1.2,p=0.35)	7128	230	365	60	230	15	0	0	False	0.15000000000000002	1	None	None
128	4.786356572980674	5329	202	365	96121	79190	36.07468568211672	2.0	10.0	7128	230	365	90730	50295	25.457351290684624	1.0	10.0	0.252384960718294	-1799.0	0.12173913043478261	-28.0	0.0	0.0	0.059418053565524084	5391.0	0.5745103887066308	28895.0	0.4170635927594401	10.617334391432099	1.0	1.0	0.0	0.0	zipf(s=1.2,q=1.0)	negbin(r=2.0,p=0.25)	7128	230	365	170	247	65	0	0	False	0.1	2	None	None
129	15.965913771596794	6864	218	365	301822	226668	87.9434731934732	5.0	23.0	7128	230	365	90730	50295	25.457351290684624	1.0	10.0	0.037037037037037035	-264.0	0.05217391304347826	-12.0	0.0	0.0	2.3265953929240606	211092.0	3.5067700566656725	176373.0	2.4545413695749856	62.48612190278857	4.0	4.0	1.3	13.0	zipf(s=1.2,q=1.0)	negbin(r=2.0,p=0.25)	7128	230	365	279	282	114	0	0	False	0.15000000000000002	3	None	None
130	4.911904251534725	5337	196	365	91823	74150	34.409968146899004	2.0	10.0	7128	230	365	90730	50295	25.457351290684624	1.0	10.0	0.25126262626262624	-1791.0	0.14782608695652175	-34.0	0.0	0.0	0.01204673206216246	1093.0	0.4743016204394075	23855.0	0.3516711834624496	8.95261685621438	1.0	1.0	0.0	0.0	zipf(s=1.2,q=1.0)	pareto(a=1.6,xm=1.0)	7128	230	365	205	163	100	0	0	False	0.2	1	None	None
131	5.423567084367313	3891	152	365	44190	36654	22.71395528141866	2.0	7.0	7128	230	365	90730	50295	25.457351290684624	1.0	10.0	0.4541245791245791	-3237.0	0.3391304347826087	-78.0	0.0	0.0	0.512950512509644	-46540.0	0.271219803161348	-13641.0	0.10776439300147578	-2.7433960092659646	1.0	1.0	0.3	-3.0	zipf(s=1.2,q=1.0)	gamma(0.5,1.0)	7128	230	365	237	134	87	0	0	False	0.05	2	None	None
132	47.43138940259177	6955	205	365	293945	287438	84.52767792954708	25.0	116.0	7128	230	365	90730	50295	25.457351290684624	1.0	10.0	0.024270482603815938	-173.0	0.10869565217391304	-25.0	0.0	0.0	2.239777361401962	203215.0	4.715041256586142	237143.0	2.3203642030299325	59.070326638862454	24.0	24.0	10.6	106.0	gamma(1,2)	negbin(r=2.0,p=0.25)	7128	230	365	157	181	125	0	0	False	0.3	2	None	None
133	47.020514691892664	7123	210	365	206986	204846	58.11764705882353	32.0	77.0	7128	230	365	90730	50295	25.457351290684624	1.0	10.0	0.0007014590347923681	-5.0	0.08695652173913043	-20.0	0.0	0.0	1.2813402402733385	116256.0	3.0728899492991353	154551.0	1.2829416303058203	32.66029576813891	31.0	31.0	6.7	67.0	gamma(3,1)	pareto(a=1.6,xm=1.0)	7128	230	365	204	197	111	0	0	False	0.4	1	None	None
134	4.55870829235479	4942	215	365	78106	65166	31.609065155807365	2.0	10.0	7128	230	365	90730	50295	25.457351290684624	1.0	10.0	0.30667789001122336	-2186.0	0.06521739130434782	-15.0	0.0	0.0	0.13913810206106028	-12624.0	0.2956755144646585	14871.0	0.2416478366063865	6.1517138651227405	1.0	1.0	0.0	0.0	zipf(s=1.2,q=1.0)	pareto(a=1.6,xm=1.0)	7128	230	365	221	203	104	0	0	False	0.15000000000000002	1	None	None
135	6.536810206474712	2843	205	365	25125	22907	17.674991206472036	2.0	7.0	7128	230	365	90730	50295	25.457351290684624	1.0	10.0	0.6011503928170595	-4285.0	0.10869565217391304	-25.0	0.0	0.0	0.7230794665491017	-65605.0	0.5445471716870465	-27388.0	0.30570187744002714	-7.782360084212588	1.0	1.0	0.3	-3.0	zipf(s=1.2,q=1.0)	negbin(r=2.0,p=0.25)	7128	230	365	116	271	88	0	0	False	0.05	1	None	None
136	4.862785423788587	5221	205	365	84975	71637	32.5512353955181	2.0	10.0	7128	230	365	90730	50295	25.457351290684624	1.0	10.0	0.2675364758698092	-1907.0	0.10869565217391304	-25.0	0.0	0.0	0.06342995701532018	-5755.0	0.4243364151506114	21342.0	0.27865758789404277	7.093884104833474	1.0	1.0	0.0	0.0	zipf(s=1.2,q=1.0)	pareto(a=1.6,xm=1.0)	7128	230	365	189	122	110	0	0	False	0.2	1	None	None
137	10.200153851261152	6368	206	365	182818	136354	57.41771356783919	4.0	16.0	7128	230	365	90730	50295	25.457351290684624	1.0	10.0	0.10662177328843996	-760.0	0.10434782608695652	-24.0	0.0	0.0	1.0149674859473161	92088.0	1.7110846008549558	86059.0	1.2554472738430384	31.96036227715457	3.0	3.0	0.6	6.0	zipf(s=1.2,q=1.0)	pareto(a=1.6,xm=1.0)	7128	230	365	227	240	143	0	0	False	0.15000000000000002	2	None	None
138	30.551174436926	7125	206	365	162292	160466	45.55564912280702	19.0	61.0	7128	230	365	90730	50295	25.457351290684624	1.0	10.0	0.00042087542087542086	-3.0	0.10434782608695652	-24.0	0.0	0.0	0.7887358095448033	71562.0	2.190496073168307	110171.0	0.7894889614646117	20.098297832122395	18.0	18.0	5.1	51.0	negbin(r=1.2,p=0.35)	pareto(a=1.6,xm=1.0)	7128	230	365	166	85	135	0	0	False	0.2	2	None	None
139	7.687667069355564	6032	201	365	144363	114924	47.86571618037135	3.0	13.0	7128	230	365	90730	50295	25.457351290684624	1.0	10.0	0.1537598204264871	-1096.0	0.12608695652173912	-29.0	0.0	0.0	0.5911275212167971	53633.0	1.2849985087980913	64629.0	0.8802315933742256	22.408364889686727	2.0	2.0	0.3	3.0	zipf(s=1.2,q=1.0)	negbin(r=2.0,p=0.25)	7128	230	365	265	150	90	0	0	False	0.3	1	None	None
140	6.9381066677447105	1422	203	365	87072	39951	122.46413502109705	2.0	8.0	7128	230	365	90730	50295	25.457351290684624	1.0	10.0	0.8005050505050505	-5706.0	0.11739130434782609	-27.0	0.0	0.0	0.04031742532789596	-3658.0	0.2056665672532061	-10344.0	3.810560754052572	97.00678373041242	1.0	1.0	0.2	-2.0	zipf(s=1.7,q=0.5)	gamma(3,1)	7128	230	365	149	156	112	0	0	False	0.1	2	None	None
141	11.198929984413343	6289	184	365	55316	55079	17.59134997614883	6.0	24.0	7128	230	365	90730	50295	25.457351290684624	1.0	10.0	0.11770482603815938	-839.0	0.2	-46.0	0.0	0.0	0.39032293618428304	-35414.0	0.09511879908539617	4784.0	0.30898742075394653	-7.866001314535794	5.0	5.0	1.4	14.0	gamma(1,2)	gamma(2,2)	7128	230	365	165	214	12	0	0	False	0.15000000000000002	1	None	None
142	6.394034606679117	5614	148	365	109450	84859	38.991806198788744	3.0	11.0	7128	230	365	90730	50295	25.457351290684624	1.0	10.0	0.21240179573512907	-1514.0	0.3565217391304348	-82.0	0.0	0.0	0.20632646313237077	18720.0	0.6872253703151406	34564.0	0.5316521249033735	13.53445490810412	2.0	2.0	0.1	1.0	zipf(s=1.2,q=1.0)	lognorm(mu=0,s=1.4)	7128	230	365	171	83	107	0	0	False	0.3	1	None	None
143	21.064649980834034	7115	215	365	117846	116966	33.12607167955024	13.0	44.0	7128	230	365	90730	50295	25.457351290684624	1.0	10.0	0.001823793490460157	-13.0	0.06521739130434782	-15.0	0.0	0.0	0.298864763584261	27116.0	1.32559896610001	66671.0	0.30123795289228555	7.668720388865619	12.0	12.0	3.4	34.0	negbin(r=1.2,p=0.35)	pareto(a=1.6,xm=1.0)	7128	230	365	369	195	90	0	0	False	0.2	1	None	None
144	4.716701431355426	5220	181	365	88461	71739	33.89310344827586	2.0	10.0	7128	230	365	90730	50295	25.457351290684624	1.0	10.0	0.2676767676767677	-1908.0	0.21304347826086956	-49.0	0.0	0.0	0.025008266284580624	-2269.0	0.4263644497464957	21444.0	0.33136802259071046	8.435752157591235	1.0	1.0	0.0	0.0	zipf(s=1.2,q=1.0)	pareto(a=1.6,xm=1.0)	7128	230	365	135	169	52	0	0	False	0.25	1	None	None
145	7.211858686744185	1316	162	365	77443	34058	117.69452887537994	2.0	8.0	7128	230	365	90730	50295	25.457351290684624	1.0	10.0	0.8153759820426487	-5812.0	0.2956521739130435	-68.0	0.0	0.0	0.14644549763033177	-13287.0	0.3228352718958147	-16237.0	3.623204021953644	92.23717758469532	1.0	1.0	0.2	-2.0	zipf(s=1.7,q=0.5)	empirical	7128	230	365	82	255	39	0	0	False	0.1	2	None	None
146	15.031789293468401	7110	151	365	85395	83467	24.0210970464135	10.0	24.0	7128	230	365	90730	50295	25.457351290684624	1.0	10.0	0.0025252525252525255	-18.0	0.34347826086956523	-79.0	0.0	0.0	0.058800837650170835	-5335.0	0.6595486628889552	33172.0	0.056418054960677616	-1.4362542442711224	9.0	9.0	1.4	14.0	pareto(a=1.6,xm=1.0)	pareto(a=1.6,xm=1.0)	7128	230	365	103	128	20	0	0	False	0.35000000000000003	1	None	None
147	14.683016310075601	5772	201	365	98219	97139	34.03291753291753	7.0	44.0	7128	230	365	90730	50295	25.457351290684624	1.0	10.0	0.19023569023569023	-1356.0	0.12608695652173912	-29.0	0.0	0.0	0.08254160696572248	7489.0	0.9313848295059151	46844.0	0.33686011338386507	8.575566242232906	6.0	6.0	3.4	34.0	gamma(0.5,1.0)	gamma(2,2)	7128	230	365	249	164	95	0	0	False	0.1	2	None	None
148	5.5290553984987305	4964	209	365	73869	67585	29.761885576148266	2.0	9.0	7128	230	365	90730	50295	25.457351290684624	1.0	10.0	0.30359147025813693	-2164.0	0.09130434782608696	-21.0	0.0	0.0	0.18583709908519783	-16861.0	0.34377174669450244	17290.0	0.1690880656165813	4.304534285463642	1.0	1.0	0.1	-1.0	zipf(s=1.2,q=1.0)	pareto(a=1.6,xm=1.0)	7128	230	365	215	118	82	0	0	False	0.2	1	None	None
149	6.8338570918175305	5696	206	365	119581	96770	41.987710674157306	3.0	12.0	7128	230	365	90730	50295	25.457351290684624	1.0	10.0	0.20089786756453423	-1432.0	0.10434782608695652	-24.0	0.0	0.0	0.31798743524743744	28851.0	0.924048116114922	46475.0	0.6493354000076782	16.530359383472682	2.0	2.0	0.2	2.0	zipf(s=1.2,q=1.0)	pareto(a=1.6,xm=1.0)	7128	230	365	207	95	103	0	0	False	0.3	1	None	None
150	7.701399690456885	5487	208	365	45749	45329	16.675414616365956	3.0	18.0	7128	230	365	90730	50295	25.457351290684624	1.0	10.0	0.2302188552188552	-1641.0	0.09565217391304348	-22.0	0.0	0.0	0.4957676622947206	-44981.0	0.09873744905060144	-4966.0	0.3449666296403806	-8.781936674318668	2.0	2.0	0.8	8.0	lognorm(mu=0,s=1.4)	pareto(a=1.6,xm=1.0)	7128	230	365	129	229	78	0	0	False	0.05	2	None	None
151	6.840020173186645	5737	131	365	125090	86896	43.60815757364476	3.0	12.0	7128	230	365	90730	50295	25.457351290684624	1.0	10.0	0.19514590347923683	-1391.0	0.43043478260869567	-99.0	0.0	0.0	0.378706050920313	34360.0	0.7277264141564768	36601.0	0.712988797448142	18.150806282960136	2.0	2.0	0.2	2.0	zipf(s=1.2,q=1.0)	zipf(s=1.4,q=1.0)	7128	230	365	139	217	64	0	0	False	0.1	3	None	None
152	4.835621164969183	4662	193	365	62691	53897	26.894465894465895	2.0	8.0	7128	230	365	90730	50295	25.457351290684624	1.0	10.0	0.34595959595959597	-2466.0	0.1608695652173913	-37.0	0.0	0.0	0.3090378044748154	-28039.0	0.0716174570036783	3602.0	0.05645185107325528	1.4371146037812714	1.0	1.0	0.2	-2.0	zipf(s=1.2,q=1.0)	gamma(2,2)	7128	230	365	123	277	18	0	0	False	0.15000000000000002	1	None	None
153	7.9558046661622	6790	192	365	56687	55422	16.69720176730486	4.0	14.0	7128	230	365	90730	50295	25.457351290684624	1.0	10.0	0.047418630751964085	-338.0	0.16521739130434782	-38.0	0.0	0.0	0.3752121679709027	-34043.0	0.10193856248135998	5127.0	0.3441108001909564	-8.760149523379763	3.0	3.0	0.4	4.0	pareto(a=1.3,xm=1.0)	gamma(2,2)	7128	230	365	29	276	43	0	0	False	0.15000000000000002	1	None	None
154	7.139328503292981	5814	199	365	125309	102061	43.10595115239078	3.0	12.0	7128	230	365	90730	50295	25.457351290684624	1.0	10.0	0.18434343434343434	-1314.0	0.13478260869565217	-31.0	0.0	0.0	0.38111980601785517	34579.0	1.02924744010339	51766.0	0.6932614340033146	17.648599861706156	2.0	2.0	0.2	2.0	zipf(s=1.2,q=1.0)	gamma(2,2)	7128	230	365	151	292	50	0	0	False	0.25	1	None	None
155	6.882243323272787	3420	176	365	31664	30033	18.516959064327484	2.0	6.0	7128	230	365	90730	50295	25.457351290684624	1.0	10.0	0.5202020202020202	-3708.0	0.23478260869565218	-54.0	0.0	0.0	0.6510084867188362	-59066.0	0.4028631076647778	-20262.0	0.2726282144245216	-6.94039222635714	1.0	1.0	0.4	-4.0	zipf(s=1.2,q=1.0)	negbin(r=2.0,p=0.25)	7128	230	365	105	209	11	0	0	False	0.1	1	None	None
156	6.13888923331343	3507	120	365	35168	28506	20.055888223552895	2.0	7.0	7128	230	365	90730	50295	25.457351290684624	1.0	10.0	0.507996632996633	-3621.0	0.4782608695652174	-110.0	0.0	0.0	0.6123884051581616	-55562.0	0.43322397852669253	-21789.0	0.2121769466687698	-5.401463067131729	1.0	1.0	0.3	-3.0	zipf(s=1.2,q=1.0)	zipf(s=1.4,q=1.0)	7128	230	365	161	126	83	0	0	False	0.1	1	None	None
157	5.71282226160411	5344	168	365	95697	76053	35.814745508982035	3.0	10.0	7128	230	365	90730	50295	25.457351290684624	1.0	10.0	0.250280583613917	-1784.0	0.26956521739130435	-62.0	0.0	0.0	0.05474484734927808	4967.0	0.5121383835371309	25758.0	0.4068527829164772	10.357394218297411	2.0	2.0	0.0	0.0	zipf(s=1.2,q=1.0)	pareto(a=1.6,xm=1.0)	7128	230	365	77	143	20	0	0	False	0.2	2	None	None
158	11.260065734376457	6697	171	365	70026	69430	20.912647454083917	6.0	25.0	7128	230	365	90730	50295	25.457351290684624	1.0	10.0	0.060465768799102135	-431.0	0.2565217391304348	-59.0	0.0	0.0	0.22819354127631433	-20704.0	0.38045531364946816	19135.0	0.1785222580584693	-4.544703836600707	5.0	5.0	1.5	15.0	lognorm(mu=0,s=1.0)	gamma(1,2)	7128	230	365	262	183	61	0	0	False	0.15000000000000002	1	None	None
159	12.682464536053217	7098	198	365	40770	40656	11.487743026204564	8.0	15.0	7128	230	365	90730	50295	25.457351290684624	1.0	10.0	0.004208754208754209	-30.0	0.1391304347826087	-32.0	0.0	0.0	0.5506447701972886	-49960.0	0.1916492693110647	-9639.0	0.548745551136415	-13.96960826448006	7.0	7.0	0.5	5.0	uniform	pareto(a=1.6,xm=1.0)	7128	230	365	203	154	65	0	0	False	0.1	1	None	None
160	16.90003169341901	7057	132	365	79299	78628	22.473855746067734	11.0	30.0	7128	230	365	90730	50295	25.457351290684624	1.0	10.0	0.009960718294051627	-71.0	0.4260869565217391	-98.0	0.0	0.0	0.12598919872148132	-11431.0	0.5633363157371508	28333.0	0.11719583512635948	-2.98349554461689	10.0	10.0	2.0	20.0	gamma(3,1)	gamma(0.5,1.0)	7128	230	365	119	237	37	0	0	False	0.2	1	None	None
161	15.104401585962098	5791	212	365	101463	100573	35.04161630115697	7.0	47.0	7128	230	365	90730	50295	25.457351290684624	1.0	10.0	0.18757014590347923	-1337.0	0.0782608695652174	-18.0	0.0	0.0	0.11829604320511407	10733.0	0.9996619942340192	50278.0	0.3764831973693756	9.584265010472347	6.0	6.0	3.7	37.0	gamma(0.5,1.0)	uniform	7128	230	365	145	229	39	0	0	False	0.25	1	None	None
162	6.900670169104712	5753	211	365	123492	98946	42.931340170345905	3.0	12.0	7128	230	365	90730	50295	25.457351290684624	1.0	10.0	0.19290123456790123	-1375.0	0.08260869565217391	-19.0	0.0	0.0	0.36109335390719716	32762.0	0.9673128541604533	48651.0	0.6864024729098733	17.47398887966128	2.0	2.0	0.2	2.0	zipf(s=1.2,q=1.0)	pareto(a=1.6,xm=1.0)	7128	230	365	184	189	109	0	0	False	0.25	1	None	None
163	6.757550352221026	2803	188	365	22638	20647	16.152693542632893	2.0	6.0	7128	230	365	90730	50295	25.457351290684624	1.0	10.0	0.6067620650953984	-4325.0	0.1826086956521739	-42.0	0.0	0.0	0.7504904662184504	-68092.0	0.5894820558703648	-29648.0	0.36549983703357625	-9.304657748051731	1.0	1.0	0.4	-4.0	zipf(s=1.2,q=1.0)	negbin(r=2.0,p=0.25)	7128	230	365	118	246	69	0	0	False	0.05	1	None	None
164	4.73502071817923	3181	192	365	73929	52587	46.481609556743166	2.0	8.0	7128	230	365	90730	50295	25.457351290684624	1.0	10.0	0.5537317620650954	-3947.0	0.16521739130434782	-38.0	0.0	0.0	0.18517579631874792	-16801.0	0.04557113033104682	2292.0	0.8258619691417683	21.024258266058542	1.0	1.0	0.2	-2.0	zipf(s=1.4,q=1.0)	negbin(r=2.0,p=0.25)	7128	230	365	137	200	37	0	0	False	0.2	1	None	None
165	11.816976904155808	6837	210	365	53459	53274	15.638145385402954	7.0	21.0	7128	230	365	90730	50295	25.457351290684624	1.0	10.0	0.040824915824915826	-291.0	0.08695652173913043	-20.0	0.0	0.0	0.41079025680590764	-37271.0	0.059230539815090966	2979.0	0.3857120009525391	-9.81920590528167	6.0	6.0	1.1	11.0	negbin(r=2.0,p=0.25)	negbin(r=2.0,p=0.25)	7128	230	365	294	278	18	0	0	False	0.05	2	None	None
166	11.112163382907003	5398	193	365	263672	154180	97.69247869581326	3.0	13.0	7128	230	365	90730	50295	25.457351290684624	1.0	10.0	0.24270482603815938	-1730.0	0.1608695652173913	-37.0	0.0	0.0	1.9061170505896616	172942.0	2.065513470523909	103885.0	2.837495801519657	72.23512740512864	2.0	2.0	0.3	3.0	zipf(s=1.4,q=1.0)	negbin(r=2.0,p=0.25)	7128	230	365	60	287	17	0	0	False	0.35000000000000003	2	None	None
167	5.677986608772801	3910	118	365	117327	66165	60.013810741687976	2.0	9.0	7128	230	365	90730	50295	25.457351290684624	1.0	10.0	0.45145903479236815	-3218.0	0.48695652173913045	-112.0	0.0	0.0	0.2931444946544693	26597.0	0.31553832388905456	15870.0	1.357425564679554	34.55645945100335	1.0	1.0	0.1	-1.0	zipf(s=1.4,q=1.0)	zipf(s=1.4,q=1.0)	7128	230	365	157	177	42	0	0	False	0.35000000000000003	1	None	None
168	25.039163900978895	6119	191	365	178694	174418	58.40627553521817	11.0	76.0	7128	230	365	90730	50295	25.457351290684624	1.0	10.0	0.1415544332210999	-1009.0	0.16956521739130434	-39.0	0.0	0.0	0.9695139424666593	87964.0	2.4678993935778903	124123.0	1.2942793564148303	32.94892424453354	10.0	10.0	6.6	66.0	gamma(0.5,1.0)	negbin(r=2.0,p=0.25)	7128	230	365	164	219	27	0	0	False	0.15000000000000002	3	None	None
169	6.22991330307997	1405	178	365	17899	14916	25.479003558718862	2.0	6.0	7128	230	365	90730	50295	25.457351290684624	1.0	10.0	0.8028900112233446	-5723.0	0.22608695652173913	-52.0	0.0	0.0	0.8027223630552188	-72831.0	0.7034297643900984	-35379.0	0.0008505310622068108	0.02165226803423792	1.0	1.0	0.4	-4.0	zipf(s=1.4,q=1.0)	negbin(r=2.0,p=0.25)	7128	230	365	159	209	10	0	0	False	0.05	1	None	None
170	5.682726076749668	3885	195	365	41126	36008	21.17168597168597	2.0	7.0	7128	230	365	90730	50295	25.457351290684624	1.0	10.0	0.45496632996632996	-3243.0	0.15217391304347827	-35.0	0.0	0.0	0.5467210404496858	-49604.0	0.28406402226861516	-14287.0	0.16834686649301445	-4.285665318998653	1.0	1.0	0.3	-3.0	zipf(s=1.2,q=1.0)	pareto(a=1.3,xm=1.0)	7128	230	365	196	207	33	0	0	False	0.1	1	None	None
171	9.255060609171263	6658	199	365	20777	20745	6.241213577650946	4.0	8.0	7128	230	365	90730	50295	25.457351290684624	1.0	10.0	0.06593714927048261	-470.0	0.13478260869565217	-31.0	0.0	0.0	0.7710018736911716	-69953.0	0.5875335520429467	-29550.0	0.7548364907886259	-19.216137713033678	3.0	3.0	0.2	-2.0	uniform	pareto(a=1.6,xm=1.0)	7128	230	365	61	260	60	0	0	False	0.05	1	None	None
172	6.439520617034016	3376	161	365	31495	27724	18.658175355450236	2.0	6.0	7128	230	365	90730	50295	25.457351290684624	1.0	10.0	0.5263748597081931	-3752.0	0.3	-69.0	0.0	0.0	0.65287115617767	-59235.0	0.44877224376180536	-22571.0	0.2670810430196777	-6.799175935234388	1.0	1.0	0.4	-4.0	zipf(s=1.2,q=1.0)	lognorm(mu=0,s=1.0)	7128	230	365	32	247	14	0	0	False	0.1	1	None	None
173	22.18257573103864	7018	202	365	408608	294081	116.44571102878312	7.0	30.0	7128	230	365	90730	50295	25.457351290684624	1.0	10.0	0.015432098765432098	-110.0	0.12173913043478261	-28.0	0.0	0.0	3.503560013226055	317878.0	4.8471219803161345	243786.0	3.574148728166902	90.9883597380985	6.0	6.0	2.0	20.0	zipf(s=1.2,q=1.0)	negbin(r=2.0,p=0.25)	7128	230	365	132	176	72	0	0	False	0.35000000000000003	3	None	None
174	6.462539794238648	5685	209	365	113270	91248	39.84872471416007	3.0	11.0	7128	230	365	90730	50295	25.457351290684624	1.0	10.0	0.20244107744107745	-1443.0	0.09130434782608696	-21.0	0.0	0.0	0.24842940592968146	22540.0	0.8142558902475395	40953.0	0.5653130704427035	14.391373423475446	2.0	2.0	0.1	1.0	zipf(s=1.2,q=1.0)	pareto(a=1.6,xm=1.0)	7128	230	365	234	234	24	0	0	False	0.25	1	None	None
175	6.678535041371143	5647	193	365	116252	92734	41.17301221887728	3.0	12.0	7128	230	365	90730	50295	25.457351290684624	1.0	10.0	0.20777216610549945	-1481.0	0.1608695652173913	-37.0	0.0	0.0	0.2812961534222418	25522.0	0.8438015707326773	42439.0	0.6173329168751089	15.715660928192658	2.0	2.0	0.2	2.0	zipf(s=1.2,q=1.0)	pareto(a=1.6,xm=1.0)	7128	230	365	59	188	96	0	0	False	0.3	1	None	None
176	26.39611478038047	6818	187	365	236336	226065	69.32707538867703	11.0	71.0	7128	230	365	90730	50295	25.457351290684624	1.0	10.0	0.04349046015712683	-310.0	0.18695652173913044	-43.0	0.0	0.0	1.6048275101950844	145606.0	3.4947807933194155	175770.0	1.723263492618152	43.8697240979924	10.0	10.0	6.1	61.0	lognorm(mu=0,s=1.4)	negbin(r=2.0,p=0.25)	7128	230	365	219	169	36	0	0	False	0.3	2	None	None
177	10.429534090687682	4880	211	365	59189	58845	24.257786885245903	4.0	38.0	7128	230	365	90730	50295	25.457351290684624	1.0	10.0	0.3153759820426487	-2248.0	0.08260869565217391	-19.0	0.0	0.0	0.34763584260994157	-31541.0	0.16999701759618252	8550.0	0.04712055043517693	-1.1995644054387213	3.0	3.0	2.8	28.0	empirical	pareto(a=1.6,xm=1.0)	7128	230	365	254	135	180	0	0	False	0.1	1	None	None
178	7.346197199521931	6146	188	365	35015	34365	11.394402863651155	3.0	10.0	7128	230	365	90730	50295	25.457351290684624	1.0	10.0	0.1377665544332211	-982.0	0.1826086956521739	-42.0	0.0	0.0	0.6140747272126088	-55715.0	0.31673128541604534	-15930.0	0.5524120819348317	-14.062948427033469	2.0	2.0	0.0	0.0	pareto(a=1.3,xm=1.0)	negbin(r=2.0,p=0.25)	7128	230	365	44	227	52	0	0	False	0.1	1	None	None
179	6.947637737558928	1242	164	365	64850	26878	104.42834138486312	2.0	7.75	7128	230	365	90730	50295	25.457351290684624	1.0	10.0	0.8257575757575758	-5886.0	0.28695652173913044	-66.0	0.0	0.0	0.28524192659539294	-25880.0	0.46559300129237496	-23417.0	3.102089812582962	78.97099009417849	1.0	1.0	0.225	-2.25	zipf(s=1.7,q=0.5)	zipf(s=1.2,q=1.0)	7128	230	365	217	202	62	0	0	False	0.15000000000000002	1	None	None
180	18.786651290789376	6660	193	365	166102	166024	49.88048048048048	8.0	47.0	7128	230	365	90730	50295	25.457351290684624	1.0	10.0	0.06565656565656566	-468.0	0.1608695652173913	-37.0	0.0	0.0	0.8307285352143723	75372.0	2.3010040759518837	115729.0	0.9593743241753822	24.423129189795855	7.0	7.0	3.7	37.0	lognorm(mu=0,s=1.4)	negbin(r=2.0,p=0.25)	7128	230	365	57	205	104	0	0	False	0.2	2	None	None
181	5.978449313766121	5444	157	365	105029	77111	38.5852314474651	3.0	11.0	7128	230	365	90730	50295	25.457351290684624	1.0	10.0	0.2362514029180696	-1684.0	0.3173913043478261	-73.0	0.0	0.0	0.15759947095778684	14299.0	0.5331742717964012	26816.0	0.5156813058389244	13.127880156780474	2.0	2.0	0.1	1.0	zipf(s=1.2,q=1.0)	zipf(s=1.2,q=1.0)	7128	230	365	249	46	88	0	0	False	0.15000000000000002	2	None	None
182	7.026710006830013	5853	152	365	125032	96199	42.724073124893216	3.0	12.0	7128	230	365	90730	50295	25.457351290684624	1.0	10.0	0.17887205387205388	-1275.0	0.3391304347826087	-78.0	0.0	0.0	0.3780667915794114	34302.0	0.9126950989163933	45904.0	0.6782607364390987	17.266721834208592	2.0	2.0	0.2	2.0	zipf(s=1.2,q=1.0)	gamma(0.5,1.0)	7128	230	365	141	190	77	0	0	False	0.1	3	None	None
183	23.423506937144577	7059	187	365	118706	117821	33.63252585352033	15.0	46.0	7128	230	365	90730	50295	25.457351290684624	1.0	10.0	0.00968013468013468	-69.0	0.18695652173913044	-43.0	0.0	0.0	0.308343436570043	27976.0	1.3425986678596282	67526.0	0.3211321739440808	8.175174562835704	14.0	14.0	3.6	36.0	negbin(r=2.0,p=0.25)	lognorm(mu=0,s=1.0)	7128	230	365	124	188	127	0	0	False	0.25	1	None	None
184	15.8345863677173	6900	144	365	100912	99116	29.249855072463767	9.0	37.0	7128	230	365	90730	50295	25.457351290684624	1.0	10.0	0.03198653198653199	-228.0	0.3739130434782609	-86.0	0.0	0.0	0.11222307946654911	10182.0	0.9706929118202605	48821.0	0.14897479861413937	3.7925037817791427	8.0	8.0	2.7	27.0	lognorm(mu=0,s=1.0)	gamma(0.5,1.0)	7128	230	365	263	90	150	0	0	False	0.1	2	None	None
185	25.05495434389534	7099	165	365	115178	114306	32.44907733483589	17.0	43.0	7128	230	365	90730	50295	25.457351290684624	1.0	10.0	0.004068462401795735	-29.0	0.2826086956521739	-65.0	0.0	0.0	0.2694588339027885	24448.0	1.2727110050700865	64011.0	0.2746446778502713	6.991726044151267	16.0	16.0	3.3	33.0	gamma(3,1)	empirical	7128	230	365	122	145	99	0	0	False	0.15000000000000002	2	None	None
186	6.701338470119689	2892	164	365	24314	21589	16.81466113416321	2.0	6.0	7128	230	365	90730	50295	25.457351290684624	1.0	10.0	0.5942760942760943	-4236.0	0.28695652173913044	-66.0	0.0	0.0	0.7320180756089496	-66416.0	0.57075255989661	-28706.0	0.3394968336585729	-8.642690156521414	1.0	1.0	0.4	-4.0	zipf(s=1.2,q=1.0)	gamma(0.5,1.0)	7128	230	365	181	156	125	0	0	False	0.05	1	None	None
187	5.411853418094953	3935	182	365	43387	37488	22.05184243964422	2.0	7.0	7128	230	365	90730	50295	25.457351290684624	1.0	10.0	0.4479517396184063	-3193.0	0.20869565217391303	-48.0	0.0	0.0	0.5218009478672986	-47343.0	0.25463763793617655	-12807.0	0.13377310200714213	-3.4055088510404055	1.0	1.0	0.3	-3.0	zipf(s=1.2,q=1.0)	negbin(r=2.0,p=0.25)	7128	230	365	206	124	7	0	0	False	0.15000000000000002	1	None	None
188	6.122693394936238	3813	217	365	101692	77209	53.33962758982428	2.0	8.0	7128	230	365	90730	50295	25.457351290684624	1.0	10.0	0.4650673400673401	-3315.0	0.05652173913043478	-13.0	0.0	0.0	0.12082001543039789	10962.0	0.5351227756238195	26914.0	1.0952544112215776	27.882276299139658	1.0	1.0	0.2	-2.0	zipf(s=1.4,q=1.0)	pareto(a=1.6,xm=1.0)	7128	230	365	280	64	88	0	0	False	0.3	1	None	None
189	4.868264105974291	4999	180	365	77161	65064	30.870574114822965	2.0	9.0	7128	230	365	90730	50295	25.457351290684624	1.0	10.0	0.29868125701459036	-2129.0	0.21739130434782608	-50.0	0.0	0.0	0.14955362063264632	-13569.0	0.2936474798687742	14769.0	0.2126388862033401	5.413222824138341	1.0	1.0	0.1	-1.0	zipf(s=1.2,q=1.0)	negbin(r=2.0,p=0.25)	7128	230	365	150	131	42	0	0	False	0.25	1	None	None
190	6.8941241422635295	5778	156	365	127620	91712	44.17445482866044	3.0	12.0	7128	230	365	90730	50295	25.457351290684624	1.0	10.0	0.1893939393939394	-1350.0	0.3217391304347826	-74.0	0.0	0.0	0.40659098423895074	36890.0	0.8234814593896014	41417.0	0.7352337375658085	18.717103537975813	2.0	2.0	0.2	2.0	zipf(s=1.2,q=1.0)	zipf(s=1.2,q=1.0)	7128	230	365	115	299	14	0	0	False	0.3	1	None	None
191	5.495838203953799	3684	199	365	40815	35315	22.15798045602606	2.0	7.0	7128	230	365	90730	50295	25.457351290684624	1.0	10.0	0.4831649831649832	-3444.0	0.13478260869565217	-31.0	0.0	0.0	0.5501487931224512	-49915.0	0.2978427279053584	-14980.0	0.1296038537939284	-3.299370834658564	1.0	1.0	0.3	-3.0	zipf(s=1.2,q=1.0)	negbin(r=2.0,p=0.25)	7128	230	365	130	285	6	0	0	False	0.05	2	None	None
192	7.128218125066542	5428	160	365	25407	24798	9.361459100957996	2.0	7.0	7128	230	365	90730	50295	25.457351290684624	1.0	10.0	0.23849607182940516	-1700.0	0.30434782608695654	-70.0	0.0	0.0	0.7199713435467872	-65323.0	0.5069490008947212	-25497.0	0.6322689271926121	-16.095892189726626	1.0	1.0	0.3	-3.0	pareto(a=1.3,xm=1.0)	negbin(r=2.0,p=0.25)	7128	230	365	210	72	21	0	0	False	0.1	1	None	None
193	5.733100308358103	3612	174	365	38755	33846	21.459025470653376	2.0	7.0	7128	230	365	90730	50295	25.457351290684624	1.0	10.0	0.49326599326599324	-3516.0	0.24347826086956523	-56.0	0.0	0.0	0.5728535214372313	-51975.0	0.32705040262451535	-16449.0	0.1570597732017124	-3.9983258200312477	1.0	1.0	0.3	-3.0	zipf(s=1.2,q=1.0)	negbin(r=2.0,p=0.25)	7128	230	365	132	110	32	0	0	False	0.15000000000000002	1	None	None
194	7.049627179808033	1466	204	365	96262	43531	131.32605729877216	2.0	10.0	7128	230	365	90730	50295	25.457351290684624	1.0	10.0	0.7943322109988776	-5662.0	0.11304347826086956	-26.0	0.0	0.0	0.06097211506668136	5532.0	0.13448652947609105	-6764.0	4.158669328919034	105.86870600808753	1.0	1.0	0.0	0.0	zipf(s=1.7,q=0.5)	negbin(r=2.0,p=0.25)	7128	230	365	55	290	91	0	0	False	0.2	1	None	None
195	21.47950534296394	7012	162	365	105112	104185	29.98060467769538	14.0	41.0	7128	230	365	90730	50295	25.457351290684624	1.0	10.0	0.01627384960718294	-116.0	0.2956521739130435	-68.0	0.0	0.0	0.15851427311804253	14382.0	1.0714782781588628	53890.0	0.17767965470413677	4.5232533870107545	13.0	13.0	3.1	31.0	gamma(2,2)	lognorm(mu=0,s=1.4)	7128	230	365	259	173	50	0	0	False	0.25	1	None	None
196	23.40503377446458	7010	201	365	156720	151784	44.7132667617689	13.0	54.0	7128	230	365	90730	50295	25.457351290684624	1.0	10.0	0.01655443322109989	-118.0	0.12608695652173912	-29.0	0.0	0.0	0.7273228259671553	65990.0	2.0178745402127447	101489.0	0.7563990161902828	19.255915471084275	12.0	12.0	4.4	44.0	lognorm(mu=0,s=1.0)	pareto(a=1.3,xm=1.0)	7128	230	365	304	259	13	0	0	False	0.3	1	None	None
197	6.8076575742373215	2640	196	365	20800	18952	15.757575757575758	2.0	6.0	7128	230	365	90730	50295	25.457351290684624	1.0	10.0	0.6296296296296297	-4488.0	0.14782608695652175	-34.0	0.0	0.0	0.7707483742973658	-69930.0	0.6231832190078537	-31343.0	0.38102061060288767	-9.699775533108866	1.0	1.0	0.4	-4.0	zipf(s=1.2,q=1.0)	negbin(r=2.0,p=0.25)	7128	230	365	290	170	18	0	0	False	0.05	1	None	None
198	7.646224901106667	6010	195	365	138854	111186	46.20765391014975	3.0	13.0	7128	230	365	90730	50295	25.457351290684624	1.0	10.0	0.15684624017957352	-1118.0	0.15217391304347827	-35.0	0.0	0.0	0.5304089055439215	48124.0	1.2106770056665672	60891.0	0.8151006120993466	20.750302619465128	2.0	2.0	0.3	3.0	zipf(s=1.2,q=1.0)	negbin(r=2.0,p=0.25)	7128	230	365	186	289	11	0	0	False	0.15000000000000002	2	None	None
199	6.939272023917985	4519	214	365	170224	107824	75.33702146492587	2.0	10.0	7128	230	365	90730	50295	25.457351290684624	1.0	10.0	0.3660213243546577	-2609.0	0.06956521739130435	-16.0	0.0	0.0	0.8761600352694808	79494.0	1.143831394770852	57529.0	1.959342494224576	49.87967017424124	1.0	1.0	0.0	0.0	zipf(s=1.4,q=1.0)	negbin(r=2.0,p=0.25)	7128	230	365	221	300	60	0	0	False	0.3	1	None	None
200	5.777426500718948	5418	185	365	97286	78445	35.912144702842376	3.0	10.0	7128	230	365	90730	50295	25.457351290684624	1.0	10.0	0.2398989898989899	-1710.0	0.1956521739130435	-45.0	0.0	0.0	0.07225834894742643	6556.0	0.559697783079829	28150.0	0.41067875808365734	10.454793412157752	2.0	2.0	0.0	0.0	zipf(s=1.2,q=1.0)	negbin(r=1.2,p=0.35)	7128	230	365	281	55	12	0	0	False	0.35000000000000003	1	None	None
201	8.540931677096255	6341	167	365	174353	128072	54.992272512222044	3.0	15.0	7128	230	365	90730	50295	25.457351290684624	1.0	10.0	0.11040965207631874	-787.0	0.27391304347826084	-63.0	0.0	0.0	0.9216686873140086	83623.0	1.5464161447459985	77777.0	1.1601725915745549	29.53492122153742	2.0	2.0	0.5	5.0	zipf(s=1.2,q=1.0)	gamma(0.5,1.0)	7128	230	365	334	246	52	0	0	False	0.1	3	None	None
202	9.672257937952889	6122	205	365	146766	125432	47.94707611891539	4.0	12.0	7128	230	365	90730	50295	25.457351290684624	1.0	10.0	0.14113355780022446	-1006.0	0.10869565217391304	-25.0	0.0	0.0	0.6176126970131158	56036.0	1.4939258375584055	75137.0	0.8834275243890053	22.489724828230766	3.0	3.0	0.2	2.0	zipf(s=1.2,q=1.0)	pareto(a=1.6,xm=1.0)	7128	230	365	237	132	154	0	0	False	0.3	1	None	None
203	16.78005962374731	6899	100	365	304337	186726	88.22640962458327	6.0	24.0	7128	230	365	90730	50295	25.457351290684624	1.0	10.0	0.03212682379349046	-229.0	0.5652173913043478	-130.0	0.0	0.0	2.3543150005510856	213607.0	2.7126155681479274	136431.0	2.4656555042655657	62.76905833389864	5.0	5.0	1.4	14.0	zipf(s=1.2,q=1.0)	zipf(s=1.7,q=0.5)	7128	230	365	251	191	112	0	0	False	0.35000000000000003	2	None	None
204	6.67459212209097	3684	154	365	36631	34018	19.886536373507056	2.0	7.0	7128	230	365	90730	50295	25.457351290684624	1.0	10.0	0.4831649831649832	-3444.0	0.33043478260869563	-76.0	0.0	0.0	0.5962636393695581	-54099.0	0.3236305795804752	-16277.0	0.21882932177692993	-5.570814917177568	1.0	1.0	0.3	-3.0	zipf(s=1.2,q=1.0)	gamma(0.5,1.0)	7128	230	365	204	70	97	0	0	False	0.05	2	None	None
205	7.154747317874763	2338	146	365	17131	15161	14.654405474764756	2.0	5.0	7128	230	365	90730	50295	25.457351290684624	1.0	10.0	0.6719977553310886	-4790.0	0.3652173913043478	-84.0	0.0	0.0	0.8111870384657776	-73599.0	0.6985585048215528	-35134.0	0.4243546664602492	-10.802945815919868	1.0	1.0	0.5	-5.0	zipf(s=1.2,q=1.0)	gamma(0.5,1.0)	7128	230	365	266	129	9	0	0	False	0.05	1	None	None
206	15.53371863606796	7034	154	365	69964	69802	19.8930907023031	10.0	26.0	7128	230	365	90730	50295	25.457351290684624	1.0	10.0	0.013187429854096521	-94.0	0.33043478260869563	-76.0	0.0	0.0	0.22887688746831258	-20766.0	0.3878516751168108	19507.0	0.21857185866848625	-5.564260588381526	9.0	9.0	1.6	16.0	gamma(3,1)	gamma(0.5,1.0)	7128	230	365	285	145	75	0	0	False	0.05	3	None	None
207	55.450701309301124	7128	190	365	304919	289346	85.55527497194164	37.0	76.0	7128	230	365	90730	50295	25.457351290684624	1.0	10.0	0.0	0.0	0.17391304347826086	-40.0	0.0	0.0	2.3607296373856497	214189.0	4.752977433144448	239051.0	2.3607296373856497	60.097923681257015	36.0	36.0	6.6	66.0	pareto(a=1.6,xm=1.0)	gamma(1,2)	7128	230	365	102	249	64	0	0	False	0.35000000000000003	2	None	None
208	7.2398716216727905	4623	149	365	183685	101824	79.46571490374215	2.0	11.0	7128	230	365	90730	50295	25.457351290684624	1.0	10.0	0.3514309764309764	-2505.0	0.3521739130434783	-81.0	0.0	0.0	1.0245233109225174	92955.0	1.0245352420717766	51529.0	2.1215232879635955	54.008363613057526	1.0	1.0	0.1	1.0	zipf(s=1.4,q=1.0)	gamma(0.5,1.0)	7128	230	365	351	67	58	0	0	False	0.15000000000000002	3	None	None
209	5.861194433792912	5410	193	365	96570	85926	35.70055452865065	2.0	10.0	7128	230	365	90730	50295	25.457351290684624	1.0	10.0	0.2410213243546577	-1718.0	0.1608695652173913	-37.0	0.0	0.0	0.06436680260112422	5840.0	0.7084402028034595	35631.0	0.40236720313138885	10.243203237966025	1.0	1.0	0.0	0.0	zipf(s=1.2,q=1.0)	lognorm(mu=0,s=1.0)	7128	230	365	234	141	108	0	0	False	0.2	1	None	None
210	8.904711869958557	6325	146	365	43941	43520	13.894387351778656	4.0	17.0	7128	230	365	90730	50295	25.457351290684624	1.0	10.0	0.11265432098765432	-803.0	0.3652173913043478	-84.0	0.0	0.0	0.5156949189904111	-46789.0	0.1347052390893727	-6775.0	0.4542092304448459	-11.562963938905968	3.0	3.0	0.7	7.0	lognorm(mu=0,s=1.0)	lognorm(mu=0,s=1.4)	7128	230	365	49	271	77	0	0	False	0.1	1	None	None
211	10.488636052773842	6395	181	365	190603	145725	59.61000781860829	4.0	16.0	7128	230	365	90730	50295	25.457351290684624	1.0	10.0	0.10283389450056117	-733.0	0.21304347826086956	-49.0	0.0	0.0	1.1007715198941916	99873.0	1.8974053086787952	95430.0	1.3415636268656448	34.15265652792367	3.0	3.0	0.6	6.0	zipf(s=1.2,q=1.0)	gamma(1,2)	7128	230	365	97	294	24	0	0	False	0.15000000000000002	3	None	None
212	10.968966799398222	6842	98	365	50543	49300	14.774334989769073	6.0	20.0	7128	230	365	90730	50295	25.457351290684624	1.0	10.0	0.040123456790123455	-286.0	0.5739130434782609	-132.0	0.0	0.0	0.4429295712553731	-40187.0	0.019783278655930013	-995.0	0.419643669089199	-10.68301630091555	5.0	5.0	1.0	10.0	negbin(r=1.2,p=0.35)	zipf(s=1.4,q=1.0)	7128	230	365	104	126	30	0	0	False	0.1	2	None	None
213	9.98525530597523	6347	211	365	181276	140817	57.121789821963134	4.0	15.0	7128	230	365	90730	50295	25.457351290684624	1.0	10.0	0.1095679012345679	-781.0	0.08260869565217391	-19.0	0.0	0.0	0.9979720048495536	90546.0	1.7998210557709513	90522.0	1.2438229794497586	31.66443853127851	3.0	3.0	0.5	5.0	zipf(s=1.2,q=1.0)	negbin(r=2.0,p=0.25)	7128	230	365	183	247	35	0	0	False	0.2	2	None	None
214	15.66993836434052	6988	218	365	76415	76414	21.870349170005724	10.0	30.0	7128	230	365	90730	50295	25.457351290684624	1.0	10.0	0.01964085297418631	-140.0	0.05217391304347826	-12.0	0.0	0.0	0.15777581836217347	-14315.0	0.519316035391192	26119.0	0.14090240888459823	-3.5870021206789	9.0	9.0	2.0	20.0	negbin(r=2.0,p=0.25)	pareto(a=1.6,xm=1.0)	7128	230	365	245	211	101	0	0	False	0.15000000000000002	1	None	None
215	4.751694558547198	5071	216	365	83811	70618	33.05501873397752	2.0	10.0	7128	230	365	90730	50295	25.457351290684624	1.0	10.0	0.28858024691358025	-2057.0	0.06086956521739131	-14.0	0.0	0.0	0.07625923068444836	-6919.0	0.40407595188388507	20323.0	0.29844689482966913	7.597667443292895	1.0	1.0	0.0	0.0	zipf(s=1.2,q=1.0)	pareto(a=1.6,xm=1.0)	7128	230	365	286	189	104	0	0	False	0.15000000000000002	1	None	None
216	20.41579998824145	6981	150	365	374074	251960	107.16917347084944	7.0	28.0	7128	230	365	90730	50295	25.457351290684624	1.0	10.0	0.020622895622895623	-147.0	0.34782608695652173	-80.0	0.0	0.0	3.1229361842830374	283344.0	4.009643105676509	201665.0	3.209753491128705	81.71182218016482	6.0	6.0	1.8	18.0	zipf(s=1.2,q=1.0)	gamma(0.5,1.0)	7128	230	365	247	97	64	0	0	False	0.25	4	None	None
217	7.406344721278467	2654	196	365	20020	19305	15.086661642803316	2.0	6.0	7128	230	365	90730	50295	25.457351290684624	1.0	10.0	0.627665544332211	-4474.0	0.14782608695652175	-34.0	0.0	0.0	0.7793453102612146	-70710.0	0.6161646286907247	-30990.0	0.40737504579575645	-10.370689647881308	1.0	1.0	0.4	-4.0	zipf(s=1.2,q=1.0)	gamma(2,2)	7128	230	365	161	229	24	0	0	False	0.05	1	None	None
218	20.88882310864298	6990	190	365	379028	272190	108.4486409155937	7.0	28.0	7128	230	365	90730	50295	25.457351290684624	1.0	10.0	0.01936026936026936	-138.0	0.17391304347826086	-40.0	0.0	0.0	3.1775377493662513	288298.0	4.411869967193558	221895.0	3.260012743559748	82.99128962490907	6.0	6.0	1.8	18.0	zipf(s=1.2,q=1.0)	negbin(r=2.0,p=0.25)	7128	230	365	158	148	29	0	0	False	0.6000000000000001	2	None	None
219	19.81383186486914	5988	127	365	138668	131389	46.315297261189045	9.0	60.25	7128	230	365	90730	50295	25.457351290684624	1.0	10.0	0.15993265993265993	-1140.0	0.44782608695652176	-103.0	0.0	0.0	0.5283588669679268	47938.0	1.612367034496471	81094.0	0.8193289919417807	20.85794597050442	8.0	8.0	5.025	50.25	gamma(0.5,1.0)	zipf(s=1.4,q=1.0)	7128	230	365	201	139	116	0	0	False	0.15000000000000002	2	None	None
220	10.483839219898059	5439	191	365	56580	56177	20.805295091009377	5.0	27.0	7128	230	365	90730	50295	25.457351290684624	1.0	10.0	0.23695286195286194	-1689.0	0.16956521739130434	-39.0	0.0	0.0	0.37639149123773835	-34150.0	0.11694999502932697	5882.0	0.1827392074908253	-4.652056199675247	4.0	4.0	1.7	17.0	gamma(0.5,1.0)	negbin(r=2.0,p=0.25)	7128	230	365	161	154	64	0	0	False	0.15000000000000002	1	None	None
221	6.216290101262944	5446	149	365	101446	80328	37.25523319867793	3.0	11.0	7128	230	365	90730	50295	25.457351290684624	1.0	10.0	0.23597081930415265	-1682.0	0.3521739130434783	-81.0	0.0	0.0	0.11810867408795327	10716.0	0.5971368923352222	30033.0	0.4634371334739131	11.797881907993304	2.0	2.0	0.1	1.0	zipf(s=1.2,q=1.0)	gamma(0.5,1.0)	7128	230	365	254	200	91	0	0	False	0.2	1	None	None
222	7.548069896087426	5516	135	365	46069	43856	16.7037708484409	3.0	17.0	7128	230	365	90730	50295	25.457351290684624	1.0	10.0	0.22615039281705948	-1612.0	0.41304347826086957	-95.0	0.0	0.0	0.4922407142069878	-44661.0	0.12802465453822448	-6439.0	0.3438527575901756	-8.753580442243724	2.0	2.0	0.7	7.0	lognorm(mu=0,s=1.4)	zipf(s=1.4,q=1.0)	7128	230	365	162	282	29	0	0	False	0.1	1	None	None
223	4.803191553493704	5041	163	365	80955	63037	32.11862725649673	2.0	10.0	7128	230	365	90730	50295	25.457351290684624	1.0	10.0	0.29278900112233447	-2087.0	0.29130434782608694	-67.0	0.0	0.0	0.1077372423674639	-9775.0	0.25334526294860327	12742.0	0.2616641413221023	6.661275965812106	1.0	1.0	0.0	0.0	zipf(s=1.2,q=1.0)	zipf(s=1.4,q=1.0)	7128	230	365	380	187	121	0	0	False	0.15000000000000002	1	None	None
224	4.9087472260337215	4967	185	365	77121	65092	31.053352124018524	2.0	9.0	7128	230	365	90730	50295	25.457351290684624	1.0	10.0	0.3031705948372615	-2161.0	0.1956521739130435	-45.0	0.0	0.0	0.1499944891436129	-13609.0	0.2942041952480366	14797.0	0.21981865942909753	5.5960008333339	1.0	1.0	0.1	-1.0	zipf(s=1.2,q=1.0)	empirical	7128	230	365	261	159	113	0	0	False	0.15000000000000002	1	None	None
225	12.96704776918222	6361	148	365	112476	107048	35.36425090394592	6.0	35.0	7128	230	365	90730	50295	25.457351290684624	1.0	10.0	0.10760381593714927	-767.0	0.3565217391304348	-82.0	0.0	0.0	0.23967816598699437	21746.0	1.1284024256884382	56753.0	0.3891567311987575	9.906899613261299	5.0	5.0	2.5	25.0	lognorm(mu=0,s=1.4)	zipf(s=1.4,q=1.0)	7128	230	365	255	122	131	0	0	False	0.25	1	None	None
226	8.987823009906442	4242	159	365	30625	30459	14.438943894389439	3.0	21.0	7128	230	365	90730	50295	25.457351290684624	1.0	10.0	0.4048821548821549	-2886.0	0.30869565217391304	-71.0	0.0	0.0	0.6624600462911937	-60105.0	0.39439308082314345	-19836.0	0.43281829560670165	-11.018407396295185	2.0	2.0	1.1	11.0	empirical	lognorm(mu=0,s=1.0)	7128	230	365	199	61	69	0	0	False	0.1	1	None	None
227	4.929822529814784	4381	170	365	56608	45511	25.842501711937913	2.0	8.0	7128	230	365	90730	50295	25.457351290684624	1.0	10.0	0.38538159371492703	-2747.0	0.2608695652173913	-60.0	0.0	0.0	0.37608288328006173	-34122.0	0.09511879908539617	-4784.0	0.01512924172100434	0.38515042125328947	1.0	1.0	0.2	-2.0	zipf(s=1.2,q=1.0)	zipf(s=1.4,q=1.0)	7128	230	365	381	227	108	0	0	False	0.05	2	None	None
228	4.666505352990113	4475	189	365	62812	52449	28.072402234636872	2.0	8.0	7128	230	365	90730	50295	25.457351290684624	1.0	10.0	0.37219416386083054	-2653.0	0.1782608695652174	-41.0	0.0	0.0	0.3077041772291414	-27918.0	0.04282731881896809	2154.0	0.10272282116439779	2.615050943952248	1.0	1.0	0.2	-2.0	zipf(s=1.2,q=1.0)	empirical	7128	230	365	341	163	142	0	0	False	0.1	1	None	None
229	4.932671252933623	4495	170	365	60137	51392	26.757285873192437	2.0	8.0	7128	230	365	90730	50295	25.457351290684624	1.0	10.0	0.3693883277216611	-2633.0	0.2608695652173913	-60.0	0.0	0.0	0.33718725890003304	-30593.0	0.021811313251814294	1097.0	0.05106322993560945	1.299934582507813	1.0	1.0	0.2	-2.0	zipf(s=1.2,q=1.0)	negbin(r=2.0,p=0.25)	7128	230	365	17	250	11	0	0	False	0.2	1	None	None
230	5.95647717190346	1908	188	365	28278	21213	29.641509433962263	2.0	6.0	7128	230	365	90730	50295	25.457351290684624	1.0	10.0	0.7323232323232324	-5220.0	0.1826086956521739	-42.0	0.0	0.0	0.6883280061721592	-62452.0	0.5782284521324187	-29082.0	0.16435952411155633	4.184158143277639	1.0	1.0	0.4	-4.0	zipf(s=1.4,q=1.0)	zipf(s=1.2,q=1.0)	7128	230	365	325	179	137	0	0	False	0.05	1	None	None
231	12.153603512968406	6646	162	365	233152	162907	70.16310562744508	4.0	19.0	7128	230	365	90730	50295	25.457351290684624	1.0	10.0	0.06762065095398428	-482.0	0.2956521739130435	-68.0	0.0	0.0	1.5697343767221426	142422.0	2.2390297246247144	112612.0	1.7561039177362971	44.70575433676045	3.0	3.0	0.9	9.0	zipf(s=1.2,q=1.0)	zipf(s=1.4,q=1.0)	7128	230	365	391	214	136	0	0	False	0.4	1	None	None
232	24.023335168635434	6820	198	365	219650	209726	64.41348973607037	10.0	65.0	7128	230	365	90730	50295	25.457351290684624	1.0	10.0	0.043209876543209874	-308.0	0.1391304347826087	-32.0	0.0	0.0	1.4209192108453654	128920.0	3.1699174868277167	159431.0	1.5302510461738654	38.95613844538575	9.0	9.0	5.5	55.0	lognorm(mu=0,s=1.4)	empirical	7128	230	365	400	184	98	0	0	False	0.35000000000000003	1	None	None
233	18.05021594351415	7120	197	365	110025	106576	30.905898876404493	12.0	29.0	7128	230	365	90730	50295	25.457351290684624	1.0	10.0	0.001122334455667789	-8.0	0.14347826086956522	-33.0	0.0	0.0	0.2126639479775157	19295.0	1.1190177950094442	56281.0	0.21402649173928812	5.448547585719869	11.0	11.0	1.9	19.0	pareto(a=1.6,xm=1.0)	empirical	7128	230	365	387	158	195	0	0	False	0.15000000000000002	1	None	None
234	16.12001798061715	6829	192	365	302261	224293	88.52277053741398	5.0	23.0	7128	230	365	90730	50295	25.457351290684624	1.0	10.0	0.04194725028058362	-299.0	0.16521739130434782	-38.0	0.0	0.0	2.3314339248319187	211531.0	3.459548662888955	173998.0	2.477296971182006	63.06541924672935	4.0	4.0	1.3	13.0	zipf(s=1.2,q=1.0)	empirical	7128	230	365	372	226	132	0	0	False	0.15000000000000002	3	None	None
235	6.682685895554796	3051	194	365	26994	23966	17.69518190757129	2.0	6.0	7128	230	365	90730	50295	25.457351290684624	1.0	10.0	0.571969696969697	-4077.0	0.1565217391304348	-36.0	0.0	0.0	0.7024798853741872	-63736.0	0.5234914007356596	-26329.0	0.3049087587503133	-7.762169383113335	1.0	1.0	0.4	-4.0	zipf(s=1.2,q=1.0)	pareto(a=1.3,xm=1.0)	7128	230	365	136	191	167	0	0	False	0.05	1	None	None
236	4.7603989897876025	4311	179	365	56248	47523	26.095105543957317	2.0	8.0	7128	230	365	90730	50295	25.457351290684624	1.0	10.0	0.3952020202020202	-2817.0	0.2217391304347826	-51.0	0.0	0.0	0.38005069987876117	-34482.0	0.05511482254697286	-2772.0	0.0250518699290629	0.6377542532726928	1.0	1.0	0.2	-2.0	zipf(s=1.2,q=1.0)	empirical	7128	230	365	317	109	146	0	0	False	0.1	1	None	None
237	13.666935283313641	7111	165	365	47007	46600	13.220925326958234	9.0	17.0	7128	230	365	90730	50295	25.457351290684624	1.0	10.0	0.0023849607182940516	-17.0	0.2826086956521739	-65.0	0.0	0.0	0.48190234762482087	-43723.0	0.07346654737051397	-3695.0	0.4806637510715403	-12.23642596372639	8.0	8.0	0.7	7.0	uniform	zipf(s=1.4,q=1.0)	7128	230	365	385	182	72	0	0	False	0.05	2	None	None
238	10.288758949757778	7016	162	365	59732	57863	17.027366020524514	6.0	17.0	7128	230	365	90730	50295	25.457351290684624	1.0	10.0	0.015712682379349047	-112.0	0.2956521739130435	-68.0	0.0	0.0	0.3416510525735699	-30998.0	0.15047221393776716	7568.0	0.3311414912691572	-8.42998527016011	5.0	5.0	0.7	7.0	pareto(a=1.6,xm=1.0)	zipf(s=1.4,q=1.0)	7128	230	365	330	275	100	0	0	False	0.1	1	None	None
239	17.006693270918454	6871	181	365	305382	222858	88.89011788677048	6.0	23.0	7128	230	365	90730	50295	25.457351290684624	1.0	10.0	0.036054994388327724	-257.0	0.21304347826086956	-49.0	0.0	0.0	2.3658326904000884	214652.0	3.4310169997017597	172563.0	2.4917268835936293	63.432766596085855	5.0	5.0	1.3	13.0	zipf(s=1.2,q=1.0)	empirical	7128	230	365	361	85	179	0	0	False	0.5	1	None	None
240	16.223915677403212	6651	177	365	98586	97751	29.645466847090663	9.0	41.0	7128	230	365	90730	50295	25.457351290684624	1.0	10.0	0.06691919191919192	-477.0	0.23043478260869565	-53.0	0.0	0.0	0.08658657555384107	7856.0	0.9435530370812208	47456.0	0.16451497677759422	4.188115556406039	8.0	8.0	3.1	31.0	gamma(1,2)	negbin(r=2.0,p=0.25)	7128	230	365	56	206	13	0	0	False	0.35000000000000003	1	None	None
241	7.252743763381675	2342	183	365	16533	15247	14.11870196413322	2.0	5.0	7128	230	365	90730	50295	25.457351290684624	1.0	10.0	0.6714365881032548	-4786.0	0.20434782608695654	-47.0	0.0	0.0	0.8177780227047283	-74197.0	0.6968485932995327	-35048.0	0.44539784194675636	-11.338649326551405	1.0	1.0	0.5	-5.0	zipf(s=1.2,q=1.0)	negbin(r=2.0,p=0.25)	7128	230	365	31	269	7	0	0	False	0.05	1	None	None
242	14.169091910924159	6512	118	365	84293	80580	25.888513513513512	8.0	36.0	7128	230	365	90730	50295	25.457351290684624	1.0	10.0	0.08641975308641975	-616.0	0.48695652173913045	-112.0	0.0	0.0	0.07094676512730078	-6437.0	0.6021473307485834	30285.0	0.016936648982278826	0.4311622228288883	7.0	7.0	2.6	26.0	gamma(1,2)	zipf(s=1.7,q=0.5)	7128	230	365	339	236	141	0	0	False	0.15000000000000002	1	None	None
243	20.61735625448025	7080	187	365	95917	95372	27.095197740112994	14.0	37.0	7128	230	365	90730	50295	25.457351290684624	1.0	10.0	0.006734006734006734	-48.0	0.18695652173913044	-43.0	0.0	0.0	0.0571696241595944	5187.0	0.8962521125360374	45077.0	0.06433687584881197	1.6378464494283698	13.0	13.0	2.7	27.0	gamma(3,1)	empirical	7128	230	365	310	46	141	0	0	False	0.2	1	None	None
244	13.080691417582177	5661	208	365	86338	85471	30.502738032149797	6.0	42.0	7128	230	365	90730	50295	25.457351290684624	1.0	10.0	0.2058080808080808	-1467.0	0.09565217391304348	-22.0	0.0	0.0	0.04840736250413314	-4392.0	0.6993935778904463	35176.0	0.19818977567047144	5.0453867414651725	5.0	5.0	3.2	32.0	gamma(0.5,1.0)	pareto(a=1.6,xm=1.0)	7128	230	365	269	251	79	0	0	False	0.15000000000000002	1	None	None
245	7.621583863093592	6066	179	365	145038	112591	47.81998021760633	3.0	13.0	7128	230	365	90730	50295	25.457351290684624	1.0	10.0	0.14898989898989898	-1062.0	0.2217391304347826	-51.0	0.0	0.0	0.5985671773393585	54308.0	1.2386121880902674	62296.0	0.8784350214432818	22.362628926921705	2.0	2.0	0.3	3.0	zipf(s=1.2,q=1.0)	empirical	7128	230	365	327	163	115	0	0	False	0.25	1	None	None
246	29.266354684703376	7105	141	365	143719	139919	40.45573539760732	19.0	55.0	7128	230	365	90730	50295	25.457351290684624	1.0	10.0	0.0032267115600448934	-23.0	0.3869565217391304	-89.0	0.0	0.0	0.5840295381902347	52989.0	1.781966398250323	89624.0	0.5891572903898654	14.998384106922696	18.0	18.0	4.5	45.0	negbin(r=2.0,p=0.25)	zipf(s=1.2,q=1.0)	7128	230	365	139	276	16	0	0	False	0.35000000000000003	1	None	None
247	32.87510031901187	6255	179	365	244903	238598	78.30631494804156	13.0	106.0	7128	230	365	90730	50295	25.457351290684624	1.0	10.0	0.12247474747474747	-873.0	0.2217391304347826	-51.0	0.0	0.0	1.6992505235313569	154173.0	3.7439705736156674	188303.0	2.0759804527148695	52.84896365735693	12.0	12.0	9.6	96.0	gamma(0.5,1.0)	empirical	7128	230	365	205	158	118	0	0	False	0.5	1	None	None
248	5.540154928890429	4041	150	365	46686	37906	23.106161841128433	2.0	7.0	7128	230	365	90730	50295	25.457351290684624	1.0	10.0	0.43308080808080807	-3087.0	0.34782608695652173	-80.0	0.0	0.0	0.4854403174253279	-44044.0	0.2463266726314743	-12389.0	0.0923579763938969	-2.351189449556191	1.0	1.0	0.3	-3.0	zipf(s=1.2,q=1.0)	zipf(s=1.4,q=1.0)	7128	230	365	322	164	101	0	0	False	0.1	1	None	None
249	8.915284958182314	6381	146	365	179179	126688	56.16016298385833	3.0	15.0	7128	230	365	90730	50295	25.457351290684624	1.0	10.0	0.10479797979797979	-747.0	0.3652173913043478	-84.0	0.0	0.0	0.9748594731621294	88449.0	1.518898498856745	76393.0	1.2060489460428865	30.702811693173704	2.0	2.0	0.5	5.0	zipf(s=1.2,q=1.0)	zipf(s=1.4,q=1.0)	7128	230	365	318	203	61	0	0	False	0.1	4	None	None
250	4.977009008160223	3513	206	365	96058	66044	54.687161969826356	2.0	9.0	7128	230	365	90730	50295	25.457351290684624	1.0	10.0	0.5071548821548821	-3615.0	0.10434782608695652	-24.0	0.0	0.0	0.05872368566075168	5328.0	0.31313251814295656	15749.0	1.1481874270964525	29.229810679141732	1.0	1.0	0.1	-1.0	zipf(s=1.4,q=1.0)	negbin(r=2.0,p=0.25)	7128	230	365	259	31	178	0	0	False	0.1	2	None	None
251	19.2790057876714	6291	208	365	486420	259999	154.63996185026227	4.0	19.0	7128	230	365	90730	50295	25.457351290684624	1.0	10.0	0.11742424242424243	-837.0	0.09565217391304348	-22.0	0.0	0.0	4.36118152760939	395690.0	4.169480067601153	209704.0	5.0744717737720135	129.18261055957765	3.0	3.0	0.9	9.0	zipf(s=1.4,q=1.0)	negbin(r=2.0,p=0.25)	7128	230	365	239	110	177	0	0	False	0.3	3	None	None
252	38.238105677707374	7118	197	365	171846	169054	48.28491149199213	26.0	64.0	7128	230	365	90730	50295	25.457351290684624	1.0	10.0	0.0014029180695847362	-10.0	0.14347826086956522	-33.0	0.0	0.0	0.8940372533891767	81116.0	2.361248633064917	118759.0	0.8966981655181303	22.82756020130751	25.0	25.0	5.4	54.0	gamma(3,1)	pareto(a=1.3,xm=1.0)	7128	230	365	297	242	26	0	0	False	0.35000000000000003	1	None	None
253	10.729771465759297	5220	208	365	255307	150200	97.81877394636015	3.0	13.0	7128	230	365	90730	50295	25.457351290684624	1.0	10.0	0.2676767676767677	-1908.0	0.09565217391304348	-22.0	0.0	0.0	1.8139204232337705	164577.0	1.986380355900189	99905.0	2.8424568537950794	72.36142265567553	2.0	2.0	0.3	3.0	zipf(s=1.4,q=1.0)	negbin(r=1.2,p=0.35)	7128	230	365	257	17	155	0	0	False	0.3	2	None	None
254	36.748244225352664	7119	218	365	645163	440365	181.25101840146087	12.0	46.0	7128	230	365	90730	50295	25.457351290684624	1.0	10.0	0.0012626262626262627	-9.0	0.05217391304347826	-12.0	0.0	0.0	6.110801278518681	554433.0	7.7556417138880605	390070.0	6.119790913510488	155.79366711077625	11.0	11.0	3.6	36.0	zipf(s=1.2,q=1.0)	pareto(a=1.6,xm=1.0)	7128	230	365	390	145	91	0	0	False	0.4	3	None	None
255	7.7727944217468705	1660	178	365	117728	47088	141.84096385542168	2.0	9.0	7128	230	365	90730	50295	25.457351290684624	1.0	10.0	0.7671156004489338	-5468.0	0.22608695652173913	-52.0	0.0	0.0	0.2975642014769095	26998.0	0.06376379361765583	-3207.0	4.571709414534585	116.38361256473705	1.0	1.0	0.1	-1.0	zipf(s=1.7,q=0.5)	empirical	7128	230	365	319	113	96	0	0	False	0.25	1	None	None
256	5.5607731617108005	4708	185	365	63625	58025	27.028462192013595	2.0	8.0	7128	230	365	90730	50295	25.457351290684624	1.0	10.0	0.3395061728395062	-2420.0	0.1956521739130435	-45.0	0.0	0.0	0.29874352474374516	-27105.0	0.1536932100606422	7730.0	0.06171541113563821	1.5711109013289715	1.0	1.0	0.2	-2.0	zipf(s=1.2,q=1.0)	empirical	7128	230	365	359	101	190	0	0	False	0.1	1	None	None
257	13.006898903994447	6872	230	365	61201	61011	17.811699650756694	8.0	24.0	7128	230	365	90730	50295	25.457351290684624	1.0	10.0	0.03591470258136925	-256.0	0.0	0.0	0.0	0.0	0.3254601565083214	-29529.0	0.21306292872054877	10716.0	0.30033178049931825	-7.64565163992793	7.0	7.0	1.4	14.0	negbin(r=2.0,p=0.25)	uniform	7128	230	365	379	154	116	0	0	False	0.1	1	None	None
258	14.607951847663442	7120	186	365	50811	50634	14.272752808988765	10.0	18.0	7128	230	365	90730	50295	25.457351290684624	1.0	10.0	0.001122334455667789	-8.0	0.19130434782608696	-44.0	0.0	0.0	0.43997575223189683	-39919.0	0.0067402326274977635	339.0	0.4393465115040675	-11.18459848169586	9.0	9.0	0.8	8.0	uniform	empirical	7128	230	365	257	143	121	0	0	False	0.1	1	None	None
259	4.64103132105407	4370	200	365	57098	48343	26.131807780320365	2.0	8.0	7128	230	365	90730	50295	25.457351290684624	1.0	10.0	0.38692480359147025	-2758.0	0.13043478260869565	-30.0	0.0	0.0	0.3706822440207208	-33632.0	0.03881101501143255	-1952.0	0.026493584581304762	0.674456489635741	1.0	1.0	0.2	-2.0	zipf(s=1.2,q=1.0)	gamma(1,2)	7128	230	365	303	136	139	0	0	False	0.1	1	None	None
260	5.801900579372948	5450	198	365	100434	74283	36.85651376146789	3.0	11.0	7128	230	365	90730	50295	25.457351290684624	1.0	10.0	0.23540965207631875	-1678.0	0.1391304347826087	-32.0	0.0	0.0	0.10695470076049818	9704.0	0.4769460184909037	23988.0	0.44777488202217075	11.399162470783264	2.0	2.0	0.1	1.0	zipf(s=1.2,q=1.0)	pareto(a=1.3,xm=1.0)	7128	230	365	387	177	150	0	0	False	0.15000000000000002	1	None	None
261	7.186904799858797	5845	185	365	135422	104787	46.3377245508982	3.0	13.0	7128	230	365	90730	50295	25.457351290684624	1.0	10.0	0.17999438832772166	-1283.0	0.1956521739130435	-45.0	0.0	0.0	0.49258238730298687	44692.0	1.0834476588130033	54492.0	0.8202099669282618	20.880373260213577	2.0	2.0	0.3	3.0	zipf(s=1.2,q=1.0)	gamma(1,2)	7128	230	365	297	85	162	0	0	False	0.25	1	None	None
262	6.02990602600484	3223	200	365	30155	26359	18.712379770400247	2.0	7.0	7128	230	365	90730	50295	25.457351290684624	1.0	10.0	0.5478395061728395	-3905.0	0.13043478260869565	-30.0	0.0	0.0	0.6676402512950512	-60575.0	0.475912118500845	-23936.0	0.2649518185637994	-6.744971520284377	1.0	1.0	0.3	-3.0	zipf(s=1.2,q=1.0)	lognorm(mu=0,s=1.0)	7128	230	365	297	151	158	0	0	False	0.05	1	None	None
263	9.39932637821271	5075	183	365	43158	42903	17.008078817733992	4.0	22.0	7128	230	365	90730	50295	25.457351290684624	1.0	10.0	0.28801907968574636	-2053.0	0.20434782608695654	-47.0	0.0	0.0	0.5243249200925824	-47572.0	0.14697286012526095	-7392.0	0.3318991192945669	-8.449272472950632	3.0	3.0	1.2	12.0	gamma(0.5,1.0)	gamma(2,2)	7128	230	365	147	284	10	0	0	False	0.1	1	None	None
264	5.907645259181633	3702	148	365	38870	32521	20.999459751485684	2.0	7.0	7128	230	365	90730	50295	25.457351290684624	1.0	10.0	0.48063973063973064	-3426.0	0.3565217391304348	-82.0	0.0	0.0	0.5715860244682024	-51860.0	0.3533949696788945	-17774.0	0.17511215083990986	-4.45789153919894	1.0	1.0	0.3	-3.0	zipf(s=1.2,q=1.0)	zipf(s=1.2,q=1.0)	7128	230	365	174	159	78	0	0	False	0.05	2	None	None
265	4.627381052191035	4305	168	365	58064	48228	26.97514518002323	2.0	8.0	7128	230	365	90730	50295	25.457351290684624	1.0	10.0	0.39604377104377103	-2823.0	0.26956521739130435	-62.0	0.0	0.0	0.36003526948087733	-32666.0	0.041097524604831494	-2067.0	0.05962104509647074	1.5177938893386056	1.0	1.0	0.2	-2.0	zipf(s=1.2,q=1.0)	empirical	7128	230	365	232	48	115	0	0	False	0.15000000000000002	1	None	None
266	10.36348617513995	6400	162	365	184666	133273	57.708125	4.0	16.0	7128	230	365	90730	50295	25.457351290684624	1.0	10.0	0.10213243546576879	-728.0	0.2956521739130435	-68.0	0.0	0.0	1.0353356111539733	93936.0	1.6498260264439806	82978.0	1.266855036922738	32.25077370931538	3.0	3.0	0.6	6.0	zipf(s=1.2,q=1.0)	zipf(s=1.4,q=1.0)	7128	230	365	373	231	140	0	0	False	0.1	3	None	None
267	16.183640286815926	6832	181	365	274395	223029	80.32640515222482	5.0	21.0	7128	230	365	90730	50295	25.457351290684624	1.0	10.0	0.04152637485970819	-296.0	0.21304347826086956	-49.0	0.0	0.0	2.024302876667034	183665.0	3.4344169400536835	172734.0	2.1553323924008514	54.869053861540195	4.0	4.0	1.1	11.0	zipf(s=1.2,q=1.0)	lognorm(mu=0,s=1.4)	7128	230	365	245	196	162	0	0	False	0.25	2	None	None
268	4.547890263479533	4424	171	365	59914	50013	27.085895117540687	2.0	9.0	7128	230	365	90730	50295	25.457351290684624	1.0	10.0	0.3793490460157127	-2704.0	0.2565217391304348	-59.0	0.0	0.0	0.3396451008486719	-30816.0	0.005606919176856546	-282.0	0.06397145595629901	1.6285438268560632	1.0	1.0	0.1	-1.0	zipf(s=1.2,q=1.0)	empirical	7128	230	365	246	23	135	0	0	False	0.15000000000000002	1	None	None
269	6.4253284256141505	2972	203	365	25827	22439	17.38021534320323	2.0	6.0	7128	230	365	90730	50295	25.457351290684624	1.0	10.0	0.5830527497194163	-4156.0	0.11739130434782609	-27.0	0.0	0.0	0.7153422241816378	-64903.0	0.5538522715975743	-27856.0	0.31728108141544903	-8.077135947481395	1.0	1.0	0.4	-4.0	zipf(s=1.2,q=1.0)	pareto(a=1.6,xm=1.0)	7128	230	365	265	174	108	0	0	False	0.05	1	None	None
270	6.12000889938563	5444	184	365	98100	81033	36.03967670830272	3.0	10.0	7128	230	365	90730	50295	25.457351290684624	1.0	10.0	0.2362514029180696	-1684.0	0.2	-46.0	0.0	0.0	0.08123002314559682	7370.0	0.6111541902773635	30738.0	0.41568839180415407	10.582325417618097	2.0	2.0	0.0	0.0	zipf(s=1.2,q=1.0)	empirical	7128	230	365	231	152	114	0	0	False	0.2	1	None	None
271	6.062838434689507	4062	199	365	44312	41739	21.81782373215165	2.0	7.0	7128	230	365	90730	50295	25.457351290684624	1.0	10.0	0.43013468013468015	-3066.0	0.13478260869565217	-31.0	0.0	0.0	0.5116058635511959	-46418.0	0.1701163137488816	-8556.0	0.1429656807958947	-3.6395275585329756	1.0	1.0	0.3	-3.0	zipf(s=1.2,q=1.0)	gamma(2,2)	7128	230	365	187	270	20	0	0	False	0.05	2	None	None
272	19.065069097052046	5581	183	365	143198	139482	51.316251567819386	6.0	79.0	7128	230	365	90730	50295	25.457351290684624	1.0	10.0	0.2170314253647587	-1547.0	0.20434782608695654	-47.0	0.0	0.0	0.5782872258348948	52468.0	1.7732776617954071	89187.0	1.015773400062915	25.85890027713476	5.0	5.0	6.9	69.0	empirical	empirical	7128	230	365	276	21	94	0	0	False	0.2	2	None	None
273	18.022125717835678	5867	193	365	125221	123399	42.6865519004602	8.0	56.0	7128	230	365	90730	50295	25.457351290684624	1.0	10.0	0.17690796857463525	-1261.0	0.1608695652173913	-37.0	0.0	0.0	0.38014989529372867	34491.0	1.4535043244855352	73104.0	0.6767868508017212	17.229200609775578	7.0	7.0	4.6	46.0	gamma(0.5,1.0)	empirical	7128	230	365	248	193	164	0	0	False	0.2	1	None	None
274	5.556523173656123	4514	185	365	55112	50472	24.418254319893663	2.0	8.0	7128	230	365	90730	50295	25.457351290684624	1.0	10.0	0.3667227833894501	-2614.0	0.1956521739130435	-45.0	0.0	0.0	0.3925713655902127	-35618.0	0.003519236504622726	177.0	0.04081716746279054	-1.0390969707909612	1.0	1.0	0.2	-2.0	zipf(s=1.2,q=1.0)	pareto(a=1.6,xm=1.0)	7128	230	365	121	161	78	0	0	False	0.15000000000000002	1	None	None
275	9.000308099754974	6868	164	365	25171	25063	7.3299359347699475	4.0	10.0	7128	230	365	90730	50295	25.457351290684624	1.0	10.0	0.03647586980920314	-260.0	0.28695652173913044	-66.0	0.0	0.0	0.7225724677614901	-65559.0	0.5016800874838453	-25232.0	0.7120699694531016	-18.12741535591468	3.0	3.0	0.0	0.0	uniform	lognorm(mu=0,s=1.4)	7128	230	365	313	108	115	0	0	False	0.05	1	None	None
276	106.70943747019426	7128	200	365	576706	555160	161.81425364758698	63.0	216.0	7128	230	365	90730	50295	25.457351290684624	1.0	10.0	0.0	0.0	0.13043478260869565	-30.0	0.0	0.0	5.356287887137661	485976.0	10.038075355403121	504865.0	5.356287887137662	136.35690235690237	62.0	62.0	20.6	206.0	negbin(r=1.2,p=0.35)	gamma(1,2)	7128	230	365	360	209	196	0	0	False	0.25	3	None	None
277	4.686046576103308	4810	187	365	71786	59696	29.84864864864865	2.0	9.0	7128	230	365	90730	50295	25.457351290684624	1.0	10.0	0.32519640852974185	-2318.0	0.18695652173913044	-43.0	0.0	0.0	0.20879532679378376	-18944.0	0.18691718858733472	9401.0	0.17249623921287097	4.391297357964024	1.0	1.0	0.1	-1.0	zipf(s=1.2,q=1.0)	empirical	7128	230	365	248	87	144	0	0	False	0.15000000000000002	1	None	None
278	5.506837188466637	3773	177	365	42760	37145	22.666313278558178	2.0	8.0	7128	230	365	90730	50295	25.457351290684624	1.0	10.0	0.470679012345679	-3355.0	0.23043478260869565	-53.0	0.0	0.0	0.5287115617767001	-47970.0	0.26145740133214035	-13150.0	0.10963583682595232	-2.791038012126446	1.0	1.0	0.2	-2.0	zipf(s=1.2,q=1.0)	empirical	7128	230	365	156	125	123	0	0	False	0.1	1	None	None
279	10.071632763294183	6356	205	365	186794	143630	58.777218376337316	4.0	16.0	7128	230	365	90730	50295	25.457351290684624	1.0	10.0	0.10830527497194165	-772.0	0.10869565217391304	-25.0	0.0	0.0	1.0587898159373967	96064.0	1.8557510686947012	93335.0	1.3088505047202268	33.31986708565269	3.0	3.0	0.6	6.0	zipf(s=1.2,q=1.0)	gamma(3,1)	7128	230	365	222	10	140	0	0	False	0.25	2	None	None
280	8.996140903061168	6364	189	365	30514	30439	9.589566310496544	4.0	13.0	7128	230	365	90730	50295	25.457351290684624	1.0	10.0	0.10718294051627385	-764.0	0.1782608695652174	-41.0	0.0	0.0	0.663683456409126	-60216.0	0.3947907346654737	-19856.0	0.6233085602269406	-15.86778498018808	3.0	3.0	0.3	3.0	negbin(r=1.2,p=0.35)	gamma(1,2)	7128	230	365	325	202	112	0	0	False	0.05	1	None	None
281	91.92340138242665	7128	191	365	291187	286908	81.70230078563412	72.0	91.0	7128	230	365	90730	50295	25.457351290684624	1.0	10.0	0.0	0.0	0.16956521739130434	-39.0	0.0	0.0	2.2093794775708147	200457.0	4.70450342976439	236613.0	2.2093794775708147	56.244949494949495	71.0	71.0	8.1	81.0	uniform	gamma(1,2)	7128	230	365	247	180	143	0	0	False	0.25	2	None	None
282	7.506066050711793	6505	216	365	49879	47451	15.335588009223674	4.0	12.0	7128	230	365	90730	50295	25.457351290684624	1.0	10.0	0.08740179573512907	-623.0	0.06086956521739131	-14.0	0.0	0.0	0.4502479885374187	-40851.0	0.05654637637936177	-2844.0	0.39759687352724377	-10.12176328146095	3.0	3.0	0.2	2.0	pareto(a=1.3,xm=1.0)	negbin(r=1.2,p=0.35)	7128	230	365	319	87	120	0	0	False	0.1	1	None	None
283	32.917073540536286	6898	166	365	305665	290826	88.62423890982893	13.0	88.0	7128	230	365	90730	50295	25.457351290684624	1.0	10.0	0.03226711560044893	-230.0	0.2782608695652174	-64.0	0.0	0.0	2.368951835115177	214935.0	4.782403817476887	240531.0	2.4812827893158858	63.166887619144305	12.0	12.0	7.8	78.0	lognorm(mu=0,s=1.4)	empirical	7128	230	365	161	19	170	0	0	False	0.4	2	None	None
284	23.98731893040933	7026	189	365	163852	159563	46.64161685169371	13.0	56.0	7128	230	365	90730	50295	25.457351290684624	1.0	10.0	0.01430976430976431	-102.0	0.1782608695652174	-41.0	0.0	0.0	0.8059296814725009	73122.0	2.1725420021870963	109268.0	0.8321472771898644	21.184265561009088	12.0	12.0	4.6	46.0	lognorm(mu=0,s=1.0)	gamma(2,2)	7128	230	365	171	152	26	0	0	False	0.25	2	None	None
285	14.014101415201706	6720	182	365	255284	187594	75.97738095238095	5.0	20.0	7128	230	365	90730	50295	25.457351290684624	1.0	10.0	0.05723905723905724	-408.0	0.20869565217391303	-48.0	0.0	0.0	1.8136669238399648	164554.0	2.7298737449050603	137299.0	1.9844967013588197	50.52002966169633	4.0	4.0	1.0	10.0	zipf(s=1.2,q=1.0)	empirical	7128	230	365	320	101	159	0	0	False	0.15000000000000002	3	None	None
286	18.47054301956593	6983	189	365	97070	94703	27.801804382070742	12.0	38.0	7128	230	365	90730	50295	25.457351290684624	1.0	10.0	0.020342312008978677	-145.0	0.1782608695652174	-41.0	0.0	0.0	0.06987765898820676	6340.0	0.8829505915100905	44408.0	0.09209336291965309	2.344453091386118	11.0	11.0	2.8	28.0	gamma(2,2)	zipf(s=1.2,q=1.0)	7128	230	365	376	138	167	0	0	False	0.15000000000000002	1	None	None
287	6.353773706450781	5611	227	365	109662	91230	39.08821956870433	3.0	11.0	7128	230	365	90730	50295	25.457351290684624	1.0	10.0	0.21282267115600448	-1517.0	0.013043478260869565	-3.0	0.0	0.0	0.20866306624049377	18932.0	0.8138980017894423	40935.0	0.535439375541301	13.630868278019708	2.0	2.0	0.1	1.0	zipf(s=1.2,q=1.0)	uniform	7128	230	365	256	58	132	0	0	False	0.25	1	None	None
288	6.015111406832538	5625	222	365	103311	93682	36.7328	2.0	10.0	7128	230	365	90730	50295	25.457351290684624	1.0	10.0	0.21085858585858586	-1503.0	0.034782608695652174	-8.0	0.0	0.0	0.13866416841177118	12581.0	0.8626503628591311	43387.0	0.44291523421139634	11.275448709315373	1.0	1.0	0.0	0.0	zipf(s=1.2,q=1.0)	gamma(3,1)	7128	230	365	385	225	82	0	0	False	0.2	1	None	None
289	8.959456425060585	5945	139	365	67474	65850	22.699411269974767	4.0	23.0	7128	230	365	90730	50295	25.457351290684624	1.0	10.0	0.1659652076318743	-1183.0	0.39565217391304347	-91.0	0.0	0.0	0.25632095227598367	-23256.0	0.3092752758723531	15555.0	0.1083357019046614	-2.7579400207098566	3.0	3.0	1.3	13.0	lognorm(mu=0,s=1.4)	pareto(a=1.3,xm=1.0)	7128	230	365	121	94	28	0	0	False	0.3	1	None	None
290	8.015519418298464	6013	175	365	149357	116216	49.678030932978544	3.0	14.0	7128	230	365	90730	50295	25.457351290684624	1.0	10.0	0.1564253647586981	-1115.0	0.2391304347826087	-55.0	0.0	0.0	0.6461699548109776	58627.0	1.3106869470126254	65921.0	0.9514218256931063	24.22067964229392	2.0	2.0	0.4	4.0	zipf(s=1.2,q=1.0)	empirical	7128	230	365	212	31	130	0	0	False	0.4	1	None	None
291	4.9905011461458315	4291	187	365	53715	46573	25.036122116056863	2.0	8.0	7128	230	365	90730	50295	25.457351290684624	1.0	10.0	0.3980078563411897	-2837.0	0.18695652173913044	-43.0	0.0	0.0	0.40796869833572136	-37015.0	0.0740033800576598	-3722.0	0.01654646509835051	-0.42122917462776144	1.0	1.0	0.2	-2.0	zipf(s=1.2,q=1.0)	empirical	7128	230	365	221	87	196	0	0	False	0.1	1	None	None
292	6.036892696237672	5541	226	365	101537	92933	36.649341274138244	2.0	10.0	7128	230	365	90730	50295	25.457351290684624	1.0	10.0	0.22264309764309764	-1587.0	0.017391304347826087	-4.0	0.0	0.0	0.1191116499504023	10807.0	0.8477582264638632	42638.0	0.4396368599253687	11.19198998345362	1.0	1.0	0.0	0.0	zipf(s=1.2,q=1.0)	uniform	7128	230	365	255	193	99	0	0	False	0.2	1	None	None
293	5.292587142018941	2629	165	365	52798	37903	40.16584252567516	2.0	7.0	7128	230	365	90730	50295	25.457351290684624	1.0	10.0	0.6311728395061729	-4499.0	0.2826086956521739	-65.0	0.0	0.0	0.41807560894963075	-37932.0	0.24638632070782385	-12392.0	0.5777698970738043	14.708491234990536	1.0	1.0	0.3	-3.0	zipf(s=1.4,q=1.0)	empirical	7128	230	365	222	65	82	0	0	False	0.15000000000000002	1	None	None
294	7.047990828976464	5733	190	365	121292	98295	42.31362288505146	3.0	12.0	7128	230	365	90730	50295	25.457351290684624	1.0	10.0	0.19570707070707072	-1395.0	0.17391304347826086	-40.0	0.0	0.0	0.33684558580403395	30562.0	0.9543692215926036	48000.0	0.6621376828207142	16.856271594366834	2.0	2.0	0.2	2.0	zipf(s=1.2,q=1.0)	gamma(1,2)	7128	230	365	309	159	158	0	0	False	0.2	1	None	None
295	13.426501254933214	6905	145	365	60508	60498	17.525850832729905	8.0	24.0	7128	230	365	90730	50295	25.457351290684624	1.0	10.0	0.03128507295173962	-223.0	0.3695652173913043	-85.0	0.0	0.0	0.3330982034608178	-30222.0	0.2028631076647778	10203.0	0.3115603177796828	-7.931500457954719	7.0	7.0	1.4	14.0	negbin(r=2.0,p=0.25)	pareto(a=1.3,xm=1.0)	7128	230	365	305	148	11	0	0	False	0.25	1	None	None
296	5.027748164537587	4181	164	365	51408	43800	24.59124611337001	2.0	8.0	7128	230	365	90730	50295	25.457351290684624	1.0	10.0	0.4134399551066218	-2947.0	0.28695652173913044	-66.0	0.0	0.0	0.4333957897057203	-39322.0	0.12913808529674917	-6495.0	0.03402181033780767	-0.8661051773146156	1.0	1.0	0.2	-2.0	zipf(s=1.2,q=1.0)	empirical	7128	230	365	171	22	138	0	0	False	0.15000000000000002	1	None	None
297	9.505077103132145	6448	220	365	52991	52161	16.436414392059554	5.0	20.0	7128	230	365	90730	50295	25.457351290684624	1.0	10.0	0.09539842873176206	-680.0	0.043478260869565216	-10.0	0.0	0.0	0.4159484183842169	-37739.0	0.037101103489412465	1866.0	0.35435488930562936	-9.02093689862507	4.0	4.0	1.0	10.0	lognorm(mu=0,s=1.0)	pareto(a=1.6,xm=1.0)	7128	230	365	381	44	142	0	0	False	0.1	1	None	None
298	7.034633072041538	5880	166	365	134769	97137	45.839795918367344	3.0	13.0	7128	230	365	90730	50295	25.457351290684624	1.0	10.0	0.1750841750841751	-1248.0	0.2782608695652174	-64.0	0.0	0.0	0.4853852088614571	44039.0	0.931345064121682	46842.0	0.8006506409463376	20.38244462768272	2.0	2.0	0.3	3.0	zipf(s=1.2,q=1.0)	pareto(a=1.3,xm=1.0)	7128	230	365	152	140	56	0	0	False	0.4	1	None	None
299	10.907391598544034	6825	181	365	51908	51603	15.21113553113553	6.0	21.0	7128	230	365	90730	50295	25.457351290684624	1.0	10.0	0.04250841750841751	-303.0	0.21304347826086956	-49.0	0.0	0.0	0.4278849333186377	-38822.0	0.02600656128839845	1308.0	0.40248553914948715	-10.246215759549093	5.0	5.0	1.1	11.0	negbin(r=2.0,p=0.25)	empirical	7128	230	365	267	156	116	0	0	False	0.05	2	None	None
300	6.150425407793508	4201	202	365	140637	90354	66.9540585574863	2.0	9.0	7128	230	365	90730	50295	25.457351290684624	1.0	10.0	0.4106341189674523	-2927.0	0.12173913043478261	-28.0	0.0	0.0	0.5500606194202579	49907.0	0.7964807634953772	40059.0	1.6300481064574142	41.49670726680168	1.0	1.0	0.1	-1.0	zipf(s=1.4,q=1.0)	negbin(r=2.0,p=0.25)	7128	230	365	250	174	74	0	0	False	0.3	1	None	None
301	4.582946156041675	4670	203	365	68919	57409	29.51563169164882	2.0	9.0	7128	230	365	90730	50295	25.457351290684624	1.0	10.0	0.3448372615039282	-2458.0	0.11739130434782609	-27.0	0.0	0.0	0.24039457731731512	-21811.0	0.14144547171687047	7114.0	0.15941487213751127	4.058280400964197	1.0	1.0	0.1	-1.0	zipf(s=1.2,q=1.0)	gamma(1,2)	7128	230	365	378	176	153	0	0	False	0.1	1	None	None
302	5.861272106894868	3448	195	365	34455	30247	19.985498839907194	2.0	7.0	7128	230	365	90730	50295	25.457351290684624	1.0	10.0	0.5162738496071829	-3680.0	0.15217391304347827	-35.0	0.0	0.0	0.6202468863661413	-56275.0	0.3986082115518441	-20048.0	0.21494193910030596	-5.47185245077743	1.0	1.0	0.3	-3.0	zipf(s=1.2,q=1.0)	gamma(1,2)	7128	230	365	397	143	165	0	0	False	0.05	1	None	None
303	5.907098658496338	5417	189	365	97864	79804	36.132176481447296	3.0	10.0	7128	230	365	90730	50295	25.457351290684624	1.0	10.0	0.24003928170594838	-1711.0	0.1782608695652174	-41.0	0.0	0.0	0.07862889893089386	7134.0	0.5867183616661696	29509.0	0.4193219109432179	10.674825190762672	2.0	2.0	0.0	0.0	zipf(s=1.2,q=1.0)	gamma(2,2)	7128	230	365	261	116	52	0	0	False	0.25	1	None	None
304	4.444522970926219	4957	194	365	75780	62117	30.574944522896914	2.0	9.0	7128	230	365	90730	50295	25.457351290684624	1.0	10.0	0.30457351290684626	-2171.0	0.1565217391304348	-36.0	0.0	0.0	0.16477460597376833	-14950.0	0.23505318620141166	11822.0	0.20102614658442192	5.11759323221229	1.0	1.0	0.1	-1.0	zipf(s=1.2,q=1.0)	gamma(1,2)	7128	230	365	324	148	79	0	0	False	0.15000000000000002	1	None	None
305	5.871683465672163	3217	182	365	30665	26128	19.064345663661797	2.0	7.0	7128	230	365	90730	50295	25.457351290684624	1.0	10.0	0.5486812570145904	-3911.0	0.20869565217391303	-48.0	0.0	0.0	0.662019177780227	-60065.0	0.4805050203797594	-24167.0	0.2511261110405528	-6.393005627022827	1.0	1.0	0.3	-3.0	zipf(s=1.2,q=1.0)	lognorm(mu=0,s=1.4)	7128	230	365	349	212	98	0	0	False	0.05	1	None	None
306	5.60325393189766	4797	195	365	67915	61962	28.315613925370023	2.0	8.0	7128	230	365	90730	50295	25.457351290684624	1.0	10.0	0.32702020202020204	-2331.0	0.15217391304347827	-35.0	0.0	0.0	0.2514603769425769	-22815.0	0.2319713689233522	11667.0	0.11227651306093643	2.858262634685399	1.0	1.0	0.2	-2.0	zipf(s=1.2,q=1.0)	gamma(1,2)	7128	230	365	269	240	161	0	0	False	0.05	2	None	None
307	6.272288384751526	5494	208	365	102935	85665	37.47178740444121	3.0	11.0	7128	230	365	90730	50295	25.457351290684624	1.0	10.0	0.22923681257014591	-1634.0	0.09565217391304348	-22.0	0.0	0.0	0.1345200044086851	12205.0	0.7032508201610498	35370.0	0.4719436824581557	12.014436113756584	2.0	2.0	0.1	1.0	zipf(s=1.2,q=1.0)	uniform	7128	230	365	142	156	50	0	0	False	0.3	1	None	None
308	8.24468566620751	6193	170	365	171330	125170	55.33021152914581	3.0	15.0	7128	230	365	90730	50295	25.457351290684624	1.0	10.0	0.13117283950617284	-935.0	0.2608695652173913	-60.0	0.0	0.0	0.8883500495977075	80600.0	1.488716572223879	74875.0	1.1734473039774678	29.872860238461183	2.0	2.0	0.5	5.0	zipf(s=1.2,q=1.0)	gamma(1,2)	7128	230	365	318	58	35	0	0	False	0.5	1	None	None
309	4.361780142842237	4429	205	365	57211	47532	25.83472567170919	2.0	8.0	7128	230	365	90730	50295	25.457351290684624	1.0	10.0	0.3786475869809203	-2699.0	0.10869565217391304	-25.0	0.0	0.0	0.36943679047724015	-33519.0	0.05493587831792425	-2763.0	0.014823788096236681	0.3773743810245662	1.0	1.0	0.2	-2.0	zipf(s=1.2,q=1.0)	negbin(r=2.0,p=0.25)	7128	230	365	355	17	74	0	0	False	0.15000000000000002	1	None	None
310	6.919772304376773	5851	195	365	134290	103449	45.903264399247995	3.0	13.0	7128	230	365	90730	50295	25.457351290684624	1.0	10.0	0.17915263748597082	-1277.0	0.15217391304347827	-35.0	0.0	0.0	0.480105808442632	43560.0	1.0568446167611094	53154.0	0.8031437707364693	20.44591310856337	2.0	2.0	0.3	3.0	zipf(s=1.2,q=1.0)	negbin(r=2.0,p=0.25)	7128	230	365	284	36	64	0	0	False	0.4	1	None	None
311	9.991314319623783	6221	189	365	50459	50175	16.222150779617426	5.0	22.0	7128	230	365	90730	50295	25.457351290684624	1.0	10.0	0.12724466891133557	-907.0	0.1782608695652174	-41.0	0.0	0.0	0.44385539512840294	-40271.0	0.0023859230539815092	-120.0	0.36277146061328663	-9.235200511067198	4.0	4.0	1.2	12.0	gamma(1,2)	empirical	7128	230	365	312	44	159	0	0	False	0.05	2	None	None
312	11.251959848322155	6747	197	365	70737	70189	20.96843041351712	6.0	26.0	7128	230	365	90730	50295	25.457351290684624	1.0	10.0	0.05345117845117845	-381.0	0.14347826086956522	-33.0	0.0	0.0	0.22035710349388296	-19993.0	0.39554627696590117	19894.0	0.1763310261900693	-4.488920877167505	5.0	5.0	1.6	16.0	lognorm(mu=0,s=1.0)	negbin(r=2.0,p=0.25)	7128	230	365	212	225	54	0	0	False	0.15000000000000002	1	None	None
313	5.220241120558441	4179	101	365	50584	35788	24.208662359416127	2.0	8.0	7128	230	365	90730	50295	25.457351290684624	1.0	10.0	0.4137205387205387	-2949.0	0.5608695652173913	-129.0	0.0	0.0	0.4424776810316323	-40146.0	0.28843821453424795	-14507.0	0.04905022981418408	-1.2486889312684966	1.0	1.0	0.2	-2.0	zipf(s=1.2,q=1.0)	zipf(s=1.7,q=0.5)	7128	230	365	265	168	117	0	0	False	0.1	1	None	None
314	6.697548093711221	2349	202	365	17610	15749	14.99361430395913	2.0	6.0	7128	230	365	90730	50295	25.457351290684624	1.0	10.0	0.6704545454545454	-4779.0	0.12173913043478261	-28.0	0.0	0.0	0.8059076380469525	-73120.0	0.6868674818570435	-34546.0	0.41103007407351105	-10.463736986725493	1.0	1.0	0.4	-4.0	zipf(s=1.2,q=1.0)	negbin(r=2.0,p=0.25)	7128	230	365	339	30	51	0	0	False	0.05	1	None	None
315	15.985205030211553	6857	194	365	307623	223082	89.72524427592242	5.0	23.0	7128	230	365	90730	50295	25.457351290684624	1.0	10.0	0.03801907968574635	-271.0	0.1565217391304348	-36.0	0.0	0.0	2.390532348726992	216893.0	3.4354707227358583	172787.0	2.5245318042476304	64.2678929852378	4.0	4.0	1.3	13.0	zipf(s=1.2,q=1.0)	empirical	7128	230	365	393	222	170	0	0	False	0.2	2	None	None
316	13.93476817288545	6488	189	365	80221	79038	24.729038224414303	8.0	34.0	7128	230	365	90730	50295	25.457351290684624	1.0	10.0	0.08978675645342311	-640.0	0.1782608695652174	-41.0	0.0	0.0	0.11582717954370109	-10509.0	0.571488219504921	28743.0	0.028609145466630917	-0.7283130662703208	7.0	7.0	2.4	24.0	gamma(1,2)	pareto(a=1.6,xm=1.0)	7128	230	365	202	28	99	0	0	False	0.25	1	None	None
317	19.624566690415453	7106	190	365	109220	109046	30.740219532789194	12.0	41.0	7128	230	365	90730	50295	25.457351290684624	1.0	10.0	0.0030864197530864196	-22.0	0.17391304347826086	-40.0	0.0	0.0	0.2037914691943128	18490.0	1.1681280445372304	58751.0	0.20751837776766988	5.28286824210457	11.0	11.0	3.1	31.0	negbin(r=1.2,p=0.35)	empirical	7128	230	365	294	66	181	0	0	False	0.2	1	None	None
318	16.725297007575065	5844	164	365	105541	105486	36.119438740588635	8.0	48.0	7128	230	365	90730	50295	25.457351290684624	1.0	10.0	0.18013468013468015	-1284.0	0.28695652173913044	-66.0	0.0	0.0	0.16324258789815937	14811.0	1.0973456606024456	55191.0	0.41882155484908956	10.66208744990401	7.0	7.0	3.8	38.0	gamma(0.5,1.0)	zipf(s=1.4,q=1.0)	7128	230	365	381	195	142	0	0	False	0.2	1	None	None
319	9.147902868611176	6961	117	365	53453	51095	15.35785088349375	5.0	15.0	7128	230	365	90730	50295	25.457351290684624	1.0	10.0	0.023428731762065096	-167.0	0.49130434782608695	-113.0	0.0	0.0	0.4108563870825526	-37277.0	0.01590615369321006	800.0	0.39672235700681446	-10.099500407190874	4.0	4.0	0.5	5.0	pareto(a=1.6,xm=1.0)	zipf(s=1.4,q=1.0)	7128	230	365	127	140	82	0	0	False	0.15000000000000002	1	None	None
320	12.098293564544045	6894	103	365	59526	57975	17.26892950391645	7.0	23.0	7128	230	365	90730	50295	25.457351290684624	1.0	10.0	0.03282828282828283	-234.0	0.5521739130434783	-127.0	0.0	0.0	0.34392152540504795	-31204.0	0.1526990754548166	7680.0	0.3216525432386396	-8.188421786768174	6.0	6.0	1.3	13.0	negbin(r=2.0,p=0.25)	zipf(s=1.4,q=1.0)	7128	230	365	224	14	86	0	0	False	0.2	1	None	None
321	8.851210425676202	3733	140	365	19889	19465	10.655772836860434	3.0	16.0	7128	230	365	90730	50295	25.457351290684624	1.0	10.0	0.47629068462401797	-3395.0	0.391304347826087	-90.0	0.0	0.0	0.7807891546346302	-70841.0	0.6129833979520827	-30830.0	0.5814264918927523	-14.80157845382419	2.0	2.0	0.6	6.0	empirical	zipf(s=1.4,q=1.0)	7128	230	365	309	130	41	0	0	False	0.05	1	None	None
322	56.30274741996718	7126	210	365	272983	268349	76.61605388717373	36.0	104.0	7128	230	365	90730	50295	25.457351290684624	1.0	10.0	0.0002805836139169473	-2.0	0.08695652173913043	-20.0	0.0	0.0	2.0087402182299128	182253.0	4.335500546774033	218054.0	2.0095846583697474	51.15870259648911	35.0	35.0	9.4	94.0	negbin(r=2.0,p=0.25)	negbin(r=2.0,p=0.25)	7128	230	365	358	14	126	0	0	False	0.3	2	None	None
323	6.716251828162774	2699	180	365	21800	19646	16.154131159688774	2.0	6.0	7128	230	365	90730	50295	25.457351290684624	1.0	10.0	0.6213524130190797	-4429.0	0.21739130434782608	-50.0	0.0	0.0	0.7597266615232007	-68930.0	0.609384630678994	-30649.0	0.36544336544548894	-9.30322013099585	1.0	1.0	0.4	-4.0	zipf(s=1.2,q=1.0)	gamma(1,2)	7128	230	365	206	138	90	0	0	False	0.05	1	None	None
324	5.388101111386852	4426	215	365	55948	51663	25.28151830094894	2.0	8.0	7128	230	365	90730	50295	25.457351290684624	1.0	10.0	0.37906846240179576	-2702.0	0.06521739130434782	-15.0	0.0	0.0	0.38335721371101067	-34782.0	0.027199522815389204	1368.0	0.006906963247194775	-0.17583298973568517	1.0	1.0	0.2	-2.0	zipf(s=1.2,q=1.0)	pareto(a=1.6,xm=1.0)	7128	230	365	349	180	82	0	0	False	0.1	1	None	None
325	13.865403415096782	5218	178	365	93536	91750	35.851284016864696	5.0	56.0	7128	230	365	90730	50295	25.457351290684624	1.0	10.0	0.2679573512906846	-1910.0	0.22608695652173913	-52.0	0.0	0.0	0.030926926044307284	2806.0	0.8242370016900288	41455.0	0.40828806608735563	10.393932726180072	4.0	4.0	4.6	46.0	empirical	gamma(1,2)	7128	230	365	201	139	10	0	0	False	0.3	1	None	None
326	13.569378111150922	6723	194	365	253384	184482	75.3782537557638	5.0	20.0	7128	230	365	90730	50295	25.457351290684624	1.0	10.0	0.056818181818181816	-405.0	0.1565217391304348	-36.0	0.0	0.0	1.792725669569051	162654.0	2.667998807038473	134187.0	1.9609621556876684	49.920902465079166	4.0	4.0	1.0	10.0	zipf(s=1.2,q=1.0)	gamma(1,2)	7128	230	365	375	128	67	0	0	False	0.25	2	None	None
327	21.050594342050072	5715	162	365	159890	154602	55.954505686789155	7.0	82.0	7128	230	365	90730	50295	25.457351290684624	1.0	10.0	0.19823232323232323	-1413.0	0.2956521739130435	-68.0	0.0	0.0	0.7622616554612587	69160.0	2.073903966597077	104307.0	1.1979704427170346	30.49715439610453	6.0	6.0	7.2	72.0	empirical	gamma(0.5,1.0)	7128	230	365	302	175	85	0	0	False	0.1	3	None	None
328	10.264459414180248	2045	212	365	188296	68786	184.15256723716382	2.0	9.0	7128	230	365	90730	50295	25.457351290684624	1.0	10.0	0.7131032547699214	-5083.0	0.0782608695652174	-18.0	0.0	0.0	1.0753444285241927	97566.0	0.36765085992643404	18491.0	6.233767768469656	158.6952159464792	1.0	1.0	0.1	-1.0	zipf(s=1.7,q=0.5)	gamma(2,2)	7128	230	365	371	168	131	0	0	False	0.15000000000000002	2	None	None
329	10.99977355285351	6579	189	365	62573	62048	19.02203982368141	6.0	23.0	7128	230	365	90730	50295	25.457351290684624	1.0	10.0	0.07702020202020202	-549.0	0.1782608695652174	-41.0	0.0	0.0	0.31033836658216685	-28157.0	0.2336812804453723	11753.0	0.2527879430001042	-6.435311467003213	5.0	5.0	1.3	13.0	lognorm(mu=0,s=1.0)	empirical	7128	230	365	294	204	136	0	0	False	0.1	1	None	None
330	9.762319905784391	6620	210	365	53791	53753	16.251057401812687	5.0	20.0	7128	230	365	90730	50295	25.457351290684624	1.0	10.0	0.0712682379349046	-508.0	0.08695652173913043	-20.0	0.0	0.0	0.4071310481648848	-36939.0	0.06875434933890048	3458.0	0.36163596847723556	-9.206293888871937	4.0	4.0	1.0	10.0	lognorm(mu=0,s=1.0)	negbin(r=2.0,p=0.25)	7128	230	365	229	222	87	0	0	False	0.05	2	None	None
331	7.9974841433539545	6002	166	365	34733	34482	11.573808730423192	3.0	14.0	7128	230	365	90730	50295	25.457351290684624	1.0	10.0	0.1579685746352413	-1126.0	0.2782608695652174	-64.0	0.0	0.0	0.6171828502149234	-55997.0	0.31440501043841335	-15813.0	0.5453647711316185	-13.883542560261432	2.0	2.0	0.4	4.0	lognorm(mu=0,s=1.0)	empirical	7128	230	365	234	45	90	0	0	False	0.1	1	None	None
332	4.6155465008183985	4970	211	365	80452	67470	32.375050301810866	2.0	10.0	7128	230	365	90730	50295	25.457351290684624	1.0	10.0	0.30274971941638606	-2158.0	0.08260869565217391	-19.0	0.0	0.0	0.11328116389286895	-10278.0	0.3414852371011035	17175.0	0.2717367935154186	6.917699011126242	1.0	1.0	0.0	0.0	zipf(s=1.2,q=1.0)	negbin(r=2.0,p=0.25)	7128	230	365	269	119	147	0	0	False	0.15000000000000002	1	None	None
333	5.534301560951491	3945	181	365	44149	38177	22.382256020278835	2.0	7.0	7128	230	365	90730	50295	25.457351290684624	1.0	10.0	0.44654882154882153	-3183.0	0.21304347826086956	-49.0	0.0	0.0	0.5134024027333848	-46581.0	0.2409384630678994	-12118.0	0.12079399915933245	-3.0750952704057894	1.0	1.0	0.3	-3.0	zipf(s=1.2,q=1.0)	lognorm(mu=0,s=1.0)	7128	230	365	195	197	58	0	0	False	0.1	1	None	None
334	5.324220787979671	3897	160	365	44349	37369	22.76058506543495	2.0	7.0	7128	230	365	90730	50295	25.457351290684624	1.0	10.0	0.4532828282828283	-3231.0	0.30434782608695654	-70.0	0.0	0.0	0.5111980601785517	-46381.0	0.25700367829804155	-12926.0	0.10593271053444112	-2.696766225249675	1.0	1.0	0.3	-3.0	zipf(s=1.2,q=1.0)	empirical	7128	230	365	209	32	76	0	0	False	0.15000000000000002	1	None	None
335	11.961667244670952	6738	74	365	51173	48981	15.189373701395073	7.0	21.0	7128	230	365	90730	50295	25.457351290684624	1.0	10.0	0.054713804713804715	-390.0	0.6782608695652174	-156.0	0.0	0.0	0.43598589220764905	-39557.0	0.026125857441097525	-1314.0	0.4033403739471835	-10.26797758928955	6.0	6.0	1.1	11.0	gamma(2,2)	zipf(s=1.7,q=0.5)	7128	230	365	166	53	120	0	0	False	0.15000000000000002	1	None	None
336	7.394417279425157	5949	206	365	138908	110347	46.699613380400066	3.0	13.0	7128	230	365	90730	50295	25.457351290684624	1.0	10.0	0.16540404040404041	-1179.0	0.10434782608695652	-24.0	0.0	0.0	0.5310040780337264	48178.0	1.1939954269808133	60052.0	0.8344254611236177	21.242262089715442	2.0	2.0	0.3	3.0	zipf(s=1.2,q=1.0)	negbin(r=2.0,p=0.25)	7128	230	365	308	121	140	0	0	False	0.25	1	None	None
337	10.768093430188408	6518	199	365	203743	151680	62.51702976373121	4.0	17.0	7128	230	365	90730	50295	25.457351290684624	1.0	10.0	0.08557800224466891	-610.0	0.13478260869565217	-31.0	0.0	0.0	1.2455968257467211	113013.0	2.0158067402326276	101385.0	1.4557554731394031	37.05967847304659	3.0	3.0	0.7	7.0	zipf(s=1.2,q=1.0)	pareto(a=1.3,xm=1.0)	7128	230	365	335	123	41	0	0	False	0.25	2	None	None
338	5.878785754928904	3691	169	365	38354	33731	20.78244378217285	2.0	7.0	7128	230	365	90730	50295	25.457351290684624	1.0	10.0	0.48218294051627386	-3437.0	0.26521739130434785	-61.0	0.0	0.0	0.5772732282596715	-52376.0	0.3293369122179143	-16564.0	0.1836368385356107	-4.674907508511772	1.0	1.0	0.3	-3.0	zipf(s=1.2,q=1.0)	gamma(1,2)	7128	230	365	154	203	37	0	0	False	0.1	1	None	None
339	18.899673798341578	7105	205	365	100634	100475	28.327656579873327	12.0	38.0	7128	230	365	90730	50295	25.457351290684624	1.0	10.0	0.0032267115600448934	-23.0	0.10869565217391304	-25.0	0.0	0.0	0.1091590433153312	9904.0	0.9977134904066011	50180.0	0.1127495652007995	2.8703052891887033	11.0	11.0	2.8	28.0	negbin(r=1.2,p=0.35)	negbin(r=2.0,p=0.25)	7128	230	365	216	89	174	0	0	False	0.2	1	None	None
340	4.633073672505931	5128	213	365	87262	72101	34.03354134165367	2.0	10.0	7128	230	365	90730	50295	25.457351290684624	1.0	10.0	0.28058361391694725	-2000.0	0.07391304347826087	-17.0	0.0	0.0	0.038223299900804586	-3468.0	0.43356198429267323	21806.0	0.3368846174545759	8.576190050969043	1.0	1.0	0.0	0.0	zipf(s=1.2,q=1.0)	negbin(r=1.2,p=0.35)	7128	230	365	329	117	147	0	0	False	0.15000000000000002	1	None	None
341	4.641290853418981	4909	202	365	81386	67394	33.15787329394989	2.0	10.0	7128	230	365	90730	50295	25.457351290684624	1.0	10.0	0.31130751964085296	-2219.0	0.12173913043478261	-28.0	0.0	0.0	0.10298688416179874	-9344.0	0.33997415250024854	17099.0	0.3024871643297411	7.700522003265267	1.0	1.0	0.0	0.0	zipf(s=1.2,q=1.0)	negbin(r=1.2,p=0.35)	7128	230	365	181	58	147	0	0	False	0.2	1	None	None
342	6.166517437348189	5552	211	365	107905	87549	38.8706772334294	3.0	11.0	7128	230	365	90730	50295	25.457351290684624	1.0	10.0	0.22109988776655443	-1576.0	0.08260869565217391	-19.0	0.0	0.0	0.1892979168962857	17175.0	0.7407098121085595	37254.0	0.5268940114619461	13.413325942744773	2.0	2.0	0.1	1.0	zipf(s=1.2,q=1.0)	negbin(r=1.2,p=0.35)	7128	230	365	281	105	157	0	0	False	0.2	1	None	None
343	16.538462891734	7044	205	365	75094	74646	21.321408290743896	11.0	29.0	7128	230	365	90730	50295	25.457351290684624	1.0	10.0	0.011784511784511785	-84.0	0.10869565217391304	-25.0	0.0	0.0	0.17233550093684558	-15636.0	0.48416343572919773	24351.0	0.16246556653575173	-4.135942999940728	10.0	10.0	1.9	19.0	gamma(3,1)	gamma(3,1)	7128	230	365	343	14	79	0	0	False	0.2	1	None	None
344	31.21237547398457	6830	221	365	190530	187029	55.79209370424597	17.0	76.0	7128	230	365	90730	50295	25.457351290684624	1.0	10.0	0.04180695847362514	-298.0	0.0391304347826087	-9.0	0.0	0.0	1.0999669348616774	99800.0	2.7186400238592308	136734.0	1.1915906752114256	30.334742413561347	16.0	16.0	6.6	66.0	gamma(1,2)	negbin(r=1.2,p=0.35)	7128	230	365	399	99	167	0	0	False	0.15000000000000002	2	None	None
345	23.363925515942498	7122	213	365	187875	172618	52.759056444818874	14.0	37.0	7128	230	365	90730	50295	25.457351290684624	1.0	10.0	0.0008417508417508417	-6.0	0.07391304347826087	-17.0	0.0	0.0	1.070704287446269	97145.0	2.432110547768168	122323.0	1.0724487729453815	27.30170515413425	13.0	13.0	2.7	27.0	pareto(a=1.3,xm=1.0)	negbin(r=1.2,p=0.35)	7128	230	365	344	206	115	0	0	False	0.15000000000000002	2	None	None
346	17.848221442876152	6654	171	365	107477	105931	32.30447850916742	10.0	44.0	7128	230	365	90730	50295	25.457351290684624	1.0	10.0	0.0664983164983165	-474.0	0.2565217391304348	-59.0	0.0	0.0	0.18458062382894302	16747.0	1.1061934585942936	55636.0	0.2689646358059371	6.847127218482793	9.0	9.0	3.4	34.0	gamma(1,2)	gamma(0.5,1.0)	7128	230	365	351	231	150	0	0	False	0.15000000000000002	1	None	None
347	21.002104861831782	7110	195	365	115411	114248	32.46441631504923	13.0	44.0	7128	230	365	90730	50295	25.457351290684624	1.0	10.0	0.0025252525252525255	-18.0	0.15217391304347827	-35.0	0.0	0.0	0.272026892979169	24681.0	1.2715578089273287	63953.0	0.27524721422721754	7.0070650243646035	12.0	12.0	3.4	34.0	negbin(r=1.2,p=0.35)	negbin(r=1.2,p=0.35)	7128	230	365	167	18	169	0	0	False	0.15000000000000002	2	None	None
348	11.158454026322422	6391	187	365	177866	151780	55.661398842121734	4.0	15.0	7128	230	365	90730	50295	25.457351290684624	1.0	10.0	0.10339506172839506	-737.0	0.18695652173913044	-43.0	0.0	0.0	0.9603879642896506	87136.0	2.0177950094442787	101485.0	1.186456800102743	30.20404755143711	3.0	3.0	0.5	5.0	zipf(s=1.2,q=1.0)	empirical	7128	230	365	384	40	133	0	0	False	0.35000000000000003	1	None	None
349	4.875696484253282	4147	169	365	53081	45599	25.599710634193393	2.0	9.0	7128	230	365	90730	50295	25.457351290684624	1.0	10.0	0.4182098765432099	-2981.0	0.26521739130434785	-61.0	0.0	0.0	0.414956464234542	-37649.0	0.09336912217914306	-4696.0	0.005592072084925078	0.1423593435087689	1.0	1.0	0.1	-1.0	zipf(s=1.2,q=1.0)	negbin(r=1.2,p=0.35)	7128	230	365	21	44	140	0	0	False	0.1	2	None	None
350	6.091980108535116	3253	185	365	31124	27646	19.13556716876729	2.0	7.0	7128	230	365	90730	50295	25.457351290684624	1.0	10.0	0.5436307519640853	-3875.0	0.1956521739130435	-45.0	0.0	0.0	0.6569602116168852	-59606.0	0.45032309374689333	-22649.0	0.2483284317261476	-6.321784121917332	1.0	1.0	0.3	-3.0	zipf(s=1.2,q=1.0)	empirical	7128	230	365	368	114	157	0	0	False	0.05	1	None	None
351	7.414994965284291	4169	203	365	17930	17826	8.601583113456464	2.0	9.0	7128	230	365	90730	50295	25.457351290684624	1.0	10.0	0.41512345679012347	-2959.0	0.11739130434782609	-27.0	0.0	0.0	0.8023806899592196	-72800.0	0.6455711303310468	-32469.0	0.662117907898613	-16.85576817722816	1.0	1.0	0.1	-1.0	lognorm(mu=0,s=1.4)	negbin(r=2.0,p=0.25)	7128	230	365	239	37	100	0	0	False	0.05	1	None	None
352	18.17548843344527	6866	206	365	332315	245787	96.80017477424992	6.0	25.0	7128	230	365	90730	50295	25.457351290684624	1.0	10.0	0.03675645342312009	-262.0	0.10434782608695652	-24.0	0.0	0.0	2.662680480546677	241585.0	3.8869072472412767	195492.0	2.802444868240127	71.3428234835653	5.0	5.0	1.5	15.0	zipf(s=1.2,q=1.0)	gamma(2,2)	7128	230	365	250	138	155	0	0	False	0.3	2	None	None
353	5.6496505507491985	2101	162	365	33164	22038	31.569728700618754	2.0	6.0	7128	230	365	90730	50295	25.457351290684624	1.0	10.0	0.7052469135802469	-5027.0	0.2956521739130435	-68.0	0.0	0.0	0.6344759175575885	-57566.0	0.5618252311362959	-28257.0	0.24010264619205599	6.11237740993413	1.0	1.0	0.4	-4.0	zipf(s=1.4,q=1.0)	zipf(s=1.4,q=1.0)	7128	230	365	379	182	155	0	0	False	0.05	1	None	None
354	6.580417784417152	898	201	365	38257	20621	85.20489977728285	2.0	7.0	7128	230	365	90730	50295	25.457351290684624	1.0	10.0	0.8740179573512907	-6230.0	0.12608695652173912	-29.0	0.0	0.0	0.5783423343987656	-52473.0	0.5899990058653942	-29674.0	2.3469664147055664	59.74754848659822	1.0	1.0	0.3	-3.0	zipf(s=1.7,q=0.5)	gamma(1,2)	7128	230	365	349	250	175	0	0	False	0.05	1	None	None
355	20.04398221561087	7082	218	365	87243	87242	24.637955379836203	14.0	34.0	7128	230	365	90730	50295	25.457351290684624	1.0	10.0	0.006453423120089787	-46.0	0.05217391304347826	-12.0	0.0	0.0	0.03843271244351372	-3487.0	0.7346058256287902	36947.0	0.03218700569011101	-0.8193959108484208	13.0	13.0	2.4	24.0	gamma(3,1)	uniform	7128	230	365	163	263	27	0	0	False	0.2	1	None	None
356	6.860419474384681	4472	198	365	168066	101667	75.16368515205724	2.0	11.0	7128	230	365	90730	50295	25.457351290684624	1.0	10.0	0.372615039281706	-2656.0	0.1391304347826087	-32.0	0.0	0.0	0.8523751791028326	77336.0	1.021413659409484	51372.0	1.9525336039009367	49.70633386137261	1.0	1.0	0.1	1.0	zipf(s=1.4,q=1.0)	gamma(1,2)	7128	230	365	343	167	92	0	0	False	0.3	1	None	None
357	28.411621147339112	7128	229	365	160541	156934	45.045173961840625	19.0	43.0	7128	230	365	90730	50295	25.457351290684624	1.0	10.0	0.0	0.0	0.004347826086956522	-1.0	0.0	0.0	0.7694367904772401	69811.0	2.1202704046127847	106639.0	0.76943679047724	19.587822671156	18.0	18.0	3.3	33.0	pareto(a=1.6,xm=1.0)	uniform	7128	230	365	212	275	57	0	0	False	0.15000000000000002	2	None	None
358	6.841545305744403	3237	217	365	29538	28388	18.25023169601483	2.0	6.0	7128	230	365	90730	50295	25.457351290684624	1.0	10.0	0.5458754208754208	-3891.0	0.05652173913043478	-13.0	0.0	0.0	0.6744406480767111	-61192.0	0.43557013619644097	-21907.0	0.2831056346897735	-7.207119594669795	1.0	1.0	0.4	-4.0	zipf(s=1.2,q=1.0)	gamma(2,2)	7128	230	365	349	63	196	0	0	False	0.05	1	None	None
359	5.593065217881384	4588	178	365	60910	56250	26.55187445510026	2.0	8.0	7128	230	365	90730	50295	25.457351290684624	1.0	10.0	0.356341189674523	-2540.0	0.22608695652173913	-52.0	0.0	0.0	0.32866747492560344	-29820.0	0.11840143155383238	5955.0	0.042994385076351053	1.0945231644156372	1.0	1.0	0.2	-2.0	zipf(s=1.2,q=1.0)	gamma(2,2)	7128	230	365	111	26	139	0	0	False	0.2	1	None	None
360	9.122904733878867	6218	180	365	26430	26355	8.501125763911226	4.0	12.0	7128	230	365	90730	50295	25.457351290684624	1.0	10.0	0.127665544332211	-910.0	0.21739130434782608	-50.0	0.0	0.0	0.7086961313788163	-64300.0	0.4759916492693111	-23940.0	0.6660640116545838	-16.956225526773398	3.0	3.0	0.2	2.0	negbin(r=2.0,p=0.25)	gamma(1,2)	7128	230	365	347	164	67	0	0	False	0.05	1	None	None
361	30.86266043474345	7106	196	365	153233	150178	43.127779341401634	20.0	58.0	7128	230	365	90730	50295	25.457351290684624	1.0	10.0	0.0030864197530864196	-22.0	0.14782608695652175	-34.0	0.0	0.0	0.6888901135236416	62503.0	1.9859429366736256	99883.0	0.6941188754850152	17.67042805071701	19.0	19.0	4.8	48.0	negbin(r=2.0,p=0.25)	pareto(a=1.6,xm=1.0)	7128	230	365	156	221	60	0	0	False	0.35000000000000003	1	None	None
362	19.15123292590708	7092	192	365	89839	89838	25.335307388606882	13.0	34.0	7128	230	365	90730	50295	25.457351290684624	1.0	10.0	0.005050505050505051	-36.0	0.16521739130434782	-38.0	0.0	0.0	0.009820346081781109	-891.0	0.7862212943632568	39543.0	0.004794053422297722	-0.12204390207774196	12.0	12.0	2.4	24.0	gamma(3,1)	gamma(1,2)	7128	230	365	275	144	171	0	0	False	0.15000000000000002	1	None	None
363	12.390762844149048	5064	141	365	75909	72436	29.979857819905213	5.0	47.0	7128	230	365	90730	50295	25.457351290684624	1.0	10.0	0.2895622895622896	-2064.0	0.3869565217391304	-89.0	0.0	0.0	0.16335280502590102	-14821.0	0.44022268615170496	22141.0	0.17765031709624357	4.522506529220589	4.0	4.0	3.7	37.0	empirical	zipf(s=1.4,q=1.0)	7128	230	365	191	112	178	0	0	False	0.15000000000000002	1	None	None
364	18.36640054127443	7036	185	365	91926	91419	26.130187606594657	12.0	36.0	7128	230	365	90730	50295	25.457351290684624	1.0	10.0	0.012906846240179574	-92.0	0.1956521739130435	-45.0	0.0	0.0	0.013181968477901465	1196.0	0.8176558305994631	41124.0	0.0264299419145085	0.6728363159100326	11.0	11.0	2.6	26.0	negbin(r=2.0,p=0.25)	negbin(r=2.0,p=0.25)	7128	230	365	130	174	57	0	0	False	0.25	1	None	None
365	7.99265204270518	6179	161	365	157377	113760	50.93931056805308	3.0	14.0	7128	230	365	90730	50295	25.457351290684624	1.0	10.0	0.13313692480359146	-949.0	0.3	-69.0	0.0	0.0	0.7345640912597817	66647.0	1.2618550551744707	63465.0	1.0009666357824445	25.481959277368457	2.0	2.0	0.4	4.0	zipf(s=1.2,q=1.0)	lognorm(mu=0,s=1.4)	7128	230	365	376	32	106	0	0	False	0.35000000000000003	1	None	None
366	29.056695562778494	7108	209	365	128619	128517	36.18992684299381	20.0	48.0	7128	230	365	90730	50295	25.457351290684624	1.0	10.0	0.0028058361391694723	-20.0	0.09130434782608696	-21.0	0.0	0.0	0.41760167530034165	37889.0	1.5552639427378467	78222.0	0.42159042509015704	10.73257555230919	19.0	19.0	3.8	38.0	gamma(3,1)	negbin(r=2.0,p=0.25)	7128	230	365	314	85	82	0	0	False	0.3	1	None	None
367	4.274441270741243	5120	207	365	82762	67148	32.32890625	2.0	10.0	7128	230	365	90730	50295	25.457351290684624	1.0	10.0	0.28170594837261503	-2008.0	0.1	-23.0	0.0	0.0	0.08782100738454755	-7968.0	0.3350830102395864	16853.0	0.2699241912818253	6.871554959315379	1.0	1.0	0.0	0.0	zipf(s=1.2,q=1.0)	pareto(a=1.6,xm=1.0)	7128	230	365	303	57	93	0	0	False	0.1	2	None	None
368	11.361485686911756	6640	210	365	227541	165306	68.53644578313254	4.0	18.0	7128	230	365	90730	50295	25.457351290684624	1.0	10.0	0.06846240179573512	-488.0	0.08695652173913043	-20.0	0.0	0.0	1.5078915463463023	136811.0	2.286728303012228	115011.0	1.6922064672223558	43.07909449244791	3.0	3.0	0.8	8.0	zipf(s=1.2,q=1.0)	pareto(a=1.6,xm=1.0)	7128	230	365	349	74	88	0	0	False	0.25	2	None	None
369	5.336074367857545	3880	129	365	43978	33624	22.669072164948453	2.0	7.0	7128	230	365	90730	50295	25.457351290684624	1.0	10.0	0.4556677890011223	-3248.0	0.4391304347826087	-101.0	0.0	0.0	0.515287115617767	-46752.0	0.33146436027438114	-16671.0	0.10952746394934106	-2.788279125736171	1.0	1.0	0.3	-3.0	zipf(s=1.2,q=1.0)	zipf(s=1.4,q=1.0)	7128	230	365	257	100	108	0	0	False	0.05	2	None	None
370	20.784165962785906	7113	205	365	113469	112293	31.904681568958246	13.0	43.0	7128	230	365	90730	50295	25.457351290684624	1.0	10.0	0.0021043771043771043	-15.0	0.10869565217391304	-25.0	0.0	0.0	0.25062272677174036	22739.0	1.2326871458395467	61998.0	0.2532600585447723	6.447330278273622	12.0	12.0	3.3	33.0	negbin(r=1.2,p=0.35)	pareto(a=1.3,xm=1.0)	7128	230	365	298	178	39	0	0	False	0.25	1	None	None
371	8.1135487426629	6530	200	365	43441	43359	13.305053598774885	4.0	10.0	7128	230	365	90730	50295	25.457351290684624	1.0	10.0	0.08389450056116723	-598.0	0.13043478260869565	-30.0	0.0	0.0	0.5212057753774937	-47289.0	0.13790635252013123	-6936.0	0.4773590760935337	-12.15229769190974	3.0	3.0	0.0	0.0	pareto(a=1.3,xm=1.0)	negbin(r=2.0,p=0.25)	7128	230	365	206	212	42	0	0	False	0.05	2	None	None
372	6.675827685192131	1066	197	365	52887	27177	99.22514071294559	2.0	8.0	7128	230	365	90730	50295	25.457351290684624	1.0	10.0	0.8504489337822672	-6062.0	0.14347826086956522	-33.0	0.0	0.0	0.4170946765127301	-37843.0	0.45964807634953775	-23118.0	2.8977008872582175	73.76778942226096	1.0	1.0	0.2	-2.0	zipf(s=1.7,q=0.5)	negbin(r=1.2,p=0.35)	7128	230	365	124	45	148	0	0	False	0.15000000000000002	1	None	None
373	8.84314061109713	6498	208	365	34564	34454	10.63835026161896	4.0	14.0	7128	230	365	90730	50295	25.457351290684624	1.0	10.0	0.08838383838383838	-630.0	0.09565217391304348	-22.0	0.0	0.0	0.6190455196737573	-56166.0	0.31496172581767573	-15841.0	0.5821108747667808	-14.819001029065664	3.0	3.0	0.4	4.0	gamma(2,2)	pareto(a=1.6,xm=1.0)	7128	230	365	312	60	41	0	0	False	0.05	2	None	None
374	6.0180482836499465	3232	109	365	31373	24569	19.41398514851485	2.0	7.0	7128	230	365	90730	50295	25.457351290684624	1.0	10.0	0.5465768799102132	-3896.0	0.5260869565217391	-121.0	0.0	0.0	0.6542158051361181	-59357.0	0.5115021373894025	-25726.0	0.2373917880601022	-6.0433661421697735	1.0	1.0	0.3	-3.0	zipf(s=1.2,q=1.0)	zipf(s=1.4,q=1.0)	7128	230	365	149	169	18	0	0	False	0.05	2	None	None
375	34.876445334240806	7128	205	365	183794	177047	51.5695847362514	24.0	49.0	7128	230	365	90730	50295	25.457351290684624	1.0	10.0	0.0	0.0	0.10869565217391304	-25.0	0.0	0.0	1.0257246776149014	93064.0	2.520170991152202	126752.0	1.0257246776149012	26.112233445566776	23.0	23.0	3.9	39.0	pareto(a=1.6,xm=1.0)	negbin(r=2.0,p=0.25)	7128	230	365	294	102	30	0	0	False	0.25	2	None	None
376	29.520860249595636	7093	196	365	148707	145772	41.93063583815029	19.0	57.0	7128	230	365	90730	50295	25.457351290684624	1.0	10.0	0.004910213243546577	-35.0	0.14782608695652175	-34.0	0.0	0.0	0.6390058415077703	57977.0	1.8983397952082712	95477.0	0.6470934214390789	16.473284547465664	18.0	18.0	4.7	47.0	negbin(r=2.0,p=0.25)	pareto(a=1.6,xm=1.0)	7128	230	365	250	31	110	0	0	False	0.1	4	None	None
377	8.927338990140612	6271	207	365	28881	28695	9.210971136979747	4.0	13.0	7128	230	365	90730	50295	25.457351290684624	1.0	10.0	0.12023007856341189	-857.0	0.1	-23.0	0.0	0.0	0.6816819133693376	-61849.0	0.42946614971667163	-21600.0	0.6381803027422482	-16.246380153704877	3.0	3.0	0.3	3.0	negbin(r=2.0,p=0.25)	pareto(a=1.3,xm=1.0)	7128	230	365	228	122	199	0	0	False	0.05	1	None	None
378	20.187753492572778	5922	200	365	140774	137808	47.54272205336035	9.0	62.0	7128	230	365	90730	50295	25.457351290684624	1.0	10.0	0.1691919191919192	-1206.0	0.13043478260869565	-30.0	0.0	0.0	0.5515705940703185	50044.0	1.739994035192365	87513.0	0.8675439369357025	22.085370762675726	8.0	8.0	5.2	52.0	gamma(0.5,1.0)	gamma(1,2)	7128	230	365	369	203	148	0	0	False	0.1	2	None	None
379	30.915955820629872	6017	220	365	250095	241914	83.1294665115506	9.0	125.0	7128	230	365	90730	50295	25.457351290684624	1.0	10.0	0.1558641975308642	-1111.0	0.043478260869565216	-10.0	0.0	0.0	1.756475256254822	159365.0	3.809901580674023	191619.0	2.2654405229490395	57.672115220865976	8.0	8.0	11.5	115.0	empirical	pareto(a=1.6,xm=1.0)	7128	230	365	345	224	107	0	0	False	0.2	2	None	None
380	14.551605071100795	6912	216	365	101263	101256	29.300636574074073	8.0	34.0	7128	230	365	90730	50295	25.457351290684624	1.0	10.0	0.030303030303030304	-216.0	0.06086956521739131	-14.0	0.0	0.0	0.11609170065028106	10533.0	1.0132418729495973	50961.0	0.1509695662956023	3.8432852833894486	7.0	7.0	2.4	24.0	lognorm(mu=0,s=1.0)	gamma(3,1)	7128	230	365	370	154	167	0	0	False	0.15000000000000002	1	None	None
381	7.653180400726895	5895	196	365	30429	29867	10.323664122137405	3.0	9.0	7128	230	365	90730	50295	25.457351290684624	1.0	10.0	0.17297979797979798	-1233.0	0.14782608695652175	-34.0	0.0	0.0	0.66462030199493	-60301.0	0.4061636345561189	-20428.0	0.594472181954175	-15.133687168547219	2.0	2.0	0.1	-1.0	pareto(a=1.3,xm=1.0)	gamma(1,2)	7128	230	365	271	133	189	0	0	False	0.05	1	None	None
382	7.445046673233481	2786	153	365	21195	19199	15.215362526920316	2.0	6.0	7128	230	365	90730	50295	25.457351290684624	1.0	10.0	0.6091470258136925	-4342.0	0.3347826086956522	-77.0	0.0	0.0	0.7663947977515706	-69535.0	0.618272194055075	-31096.0	0.40231949690351587	-10.241988763764308	1.0	1.0	0.4	-4.0	zipf(s=1.2,q=1.0)	zipf(s=1.4,q=1.0)	7128	230	365	285	181	96	0	0	False	0.05	1	None	None
383	21.746122047636348	7127	196	365	167671	158013	47.05233618633366	13.0	35.0	7128	230	365	90730	50295	25.457351290684624	1.0	10.0	0.00014029180695847364	-1.0	0.14782608695652175	-34.0	0.0	0.0	0.8480216025570374	76941.0	2.1417238294065015	107718.0	0.848280901224437	21.594984895649038	12.0	12.0	2.5	25.0	pareto(a=1.3,xm=1.0)	pareto(a=1.6,xm=1.0)	7128	230	365	150	174	84	0	0	False	0.2	2	None	None
384	8.590097747646634	4350	174	365	21688	21606	9.971494252873564	3.0	13.0	7128	230	365	90730	50295	25.457351290684624	1.0	10.0	0.3897306397306397	-2778.0	0.24347826086956523	-56.0	0.0	0.0	0.7609610933539072	-69042.0	0.5704145541306292	-28689.0	0.608305901937161	-15.48585703781106	2.0	2.0	0.3	3.0	gamma(0.5,1.0)	empirical	7128	230	365	298	27	132	0	0	False	0.05	1	None	None
385	5.12927779614942	4047	205	365	48671	42651	24.052878675562145	2.0	8.0	7128	230	365	90730	50295	25.457351290684624	1.0	10.0	0.43223905723905726	-3081.0	0.10869565217391304	-25.0	0.0	0.0	0.46356221756861016	-42059.0	0.15198329853862214	-7644.0	0.05516962857154763	-1.4044726151224793	1.0	1.0	0.2	-2.0	zipf(s=1.2,q=1.0)	negbin(r=2.0,p=0.25)	7128	230	365	348	38	139	0	0	False	0.1	1	None	None
386	6.275986007749273	2226	186	365	35379	29803	31.787061994609164	2.0	6.0	7128	230	365	90730	50295	25.457351290684624	1.0	10.0	0.6877104377104377	-4902.0	0.19130434782608696	-44.0	0.0	0.0	0.6100628237628127	-55351.0	0.4074361268515757	-20492.0	0.2486397988403732	6.32971070392454	1.0	1.0	0.4	-4.0	zipf(s=1.4,q=1.0)	negbin(r=1.2,p=0.35)	7128	230	365	62	248	28	0	0	False	0.1	1	None	None
387	17.424011847872436	6904	91	365	296395	195195	85.86181923522595	6.0	22.0	7128	230	365	90730	50295	25.457351290684624	1.0	10.0	0.031425364758698095	-224.0	0.6043478260869565	-139.0	0.0	0.0	2.266780557698666	205665.0	2.8810020876826723	144900.0	2.372771120404996	60.404467944541324	5.0	5.0	1.2	12.0	zipf(s=1.2,q=1.0)	zipf(s=1.7,q=0.5)	7128	230	365	131	282	86	0	0	False	0.2	3	None	None
388	4.510984782065417	4513	220	365	62571	53135	27.729226678484377	2.0	9.0	7128	230	365	90730	50295	25.457351290684624	1.0	10.0	0.36686307519640854	-2615.0	0.043478260869565216	-10.0	0.0	0.0	0.3103604100077152	-28159.0	0.05646684561089572	2840.0	0.08924241025149696	2.271875387799753	1.0	1.0	0.1	-1.0	zipf(s=1.2,q=1.0)	negbin(r=1.2,p=0.35)	7128	230	365	354	168	124	0	0	False	0.1	1	None	None
389	6.888956814388749	5835	184	365	126070	99185	43.21165381319623	3.0	12.0	7128	230	365	90730	50295	25.457351290684624	1.0	10.0	0.1813973063973064	-1293.0	0.2	-46.0	0.0	0.0	0.3895073294389948	35340.0	0.9720648175762998	48890.0	0.6974135808468132	17.754302522511605	2.0	2.0	0.2	2.0	zipf(s=1.2,q=1.0)	pareto(a=1.6,xm=1.0)	7128	230	365	155	31	91	0	0	False	0.15000000000000002	3	None	None
390	4.7748160342682056	5304	216	365	94259	78012	35.54260935143288	2.0	10.0	7128	230	365	90730	50295	25.457351290684624	1.0	10.0	0.2558922558922559	-1824.0	0.06086956521739131	-14.0	0.0	0.0	0.03889562438002866	3529.0	0.551088577393379	27717.0	0.39616289792248194	10.085258060748256	1.0	1.0	0.0	0.0	zipf(s=1.2,q=1.0)	negbin(r=1.2,p=0.35)	7128	230	365	319	198	129	0	0	False	0.05	3	None	None
391	11.555941633467263	6534	219	365	217317	167932	66.5188246097337	4.0	18.0	7128	230	365	90730	50295	25.457351290684624	1.0	10.0	0.08333333333333333	-594.0	0.04782608695652174	-11.0	0.0	0.0	1.3952055549432383	126587.0	2.3389402525101897	117637.0	1.6129515144835322	41.06147331904907	3.0	3.0	0.8	8.0	zipf(s=1.2,q=1.0)	negbin(r=1.2,p=0.35)	7128	230	365	329	236	164	0	0	False	0.15000000000000002	2	None	None
392	125.93157754235278	7128	221	365	394137	386018	110.58838383838383	99.0	121.0	7128	230	365	90730	50295	25.457351290684624	1.0	10.0	0.0	0.0	0.0391304347826087	-9.0	0.0	0.0	3.344064807671112	303407.0	6.6750770454319515	335723.0	3.3440648076711117	85.1310325476992	98.0	98.0	11.1	111.0	uniform	negbin(r=1.2,p=0.35)	7128	230	365	378	245	81	0	0	False	0.15000000000000002	4	None	None
393	24.800369216081165	7049	160	365	424684	295912	120.49482196056178	8.0	31.0	7128	230	365	90730	50295	25.457351290684624	1.0	10.0	0.011083052749719416	-79.0	0.30434782608695654	-70.0	0.0	0.0	3.6807450677835334	333954.0	4.88352718958147	245617.0	3.7332034108612606	95.03747066987715	7.0	7.0	2.1	21.0	zipf(s=1.2,q=1.0)	zipf(s=1.4,q=1.0)	7128	230	365	328	160	162	0	0	False	0.35000000000000003	2	None	None
394	7.2188844493228626	1429	204	365	96828	39197	135.518544436669	2.0	9.0	7128	230	365	90730	50295	25.457351290684624	1.0	10.0	0.7995230078563412	-5699.0	0.11304347826086956	-26.0	0.0	0.0	0.0672104044968588	6098.0	0.22065811710905656	-11098.0	4.323356027469286	110.06119314598438	1.0	1.0	0.1	-1.0	zipf(s=1.7,q=0.5)	negbin(r=2.0,p=0.25)	7128	230	365	362	22	73	0	0	False	0.25	1	None	None
395	27.2962415137197	7060	205	365	463438	369435	131.28555240793202	8.0	34.0	7128	230	365	90730	50295	25.457351290684624	1.0	10.0	0.009539842873176206	-68.0	0.10869565217391304	-25.0	0.0	0.0	4.107880524633528	372708.0	6.345362362063823	319140.0	4.157078240734815	105.82820111724739	7.0	7.0	2.4	24.0	zipf(s=1.2,q=1.0)	negbin(r=1.2,p=0.35)	7128	230	365	183	106	150	0	0	False	0.5	2	None	None
396	4.8031904196201625	4570	214	365	63787	55358	27.91553610503282	2.0	9.0	7128	230	365	90730	50295	25.457351290684624	1.0	10.0	0.35886644219977554	-2558.0	0.06956521739130435	-16.0	0.0	0.0	0.2969580072743304	-26943.0	0.10066607018590318	5063.0	0.09656090243951256	2.458184814348197	1.0	1.0	0.1	-1.0	zipf(s=1.2,q=1.0)	negbin(r=2.0,p=0.25)	7128	230	365	256	172	192	0	0	False	0.05	2	None	None
397	6.167679487884503	656	183	365	22977	13306	70.05182926829268	2.0	8.0	7128	230	365	90730	50295	25.457351290684624	1.0	10.0	0.9079685746352413	-6472.0	0.20434782608695654	-47.0	0.0	0.0	0.7467541055880084	-67753.0	0.7354408986976837	-36989.0	1.7517328283059086	44.59447797760805	1.0	1.0	0.2	-2.0	zipf(s=1.7,q=0.5)	gamma(1,2)	7128	230	365	306	78	106	0	0	False	0.05	1	None	None
398	28.546189276989402	7078	217	365	522525	360405	147.64764057643401	9.0	38.0	7128	230	365	90730	50295	25.457351290684624	1.0	10.0	0.007014590347923681	-50.0	0.05652173913043478	-13.0	0.0	0.0	4.7591204673206216	431795.0	6.165821652251715	310110.0	4.799803714476036	122.19028928574939	8.0	8.0	2.8	28.0	zipf(s=1.2,q=1.0)	negbin(r=1.2,p=0.35)	7128	230	365	357	171	147	0	0	False	0.2	4	None	None
399	6.480332555883202	1054	213	365	49621	26566	94.15749525616698	2.0	8.0	7128	230	365	90730	50295	25.457351290684624	1.0	10.0	0.8521324354657688	-6074.0	0.07391304347826087	-17.0	0.0	0.0	0.45309159043315334	-41109.0	0.4717964012327269	-23729.0	2.698636758436891	68.70014396548235	1.0	1.0	0.2	-2.0	zipf(s=1.7,q=0.5)	pareto(a=1.6,xm=1.0)	7128	230	365	389	100	84	0	0	False	0.05	2	None	None
