0	0	1.4428601705535284
1	1	2.967065255276538
2	2	4.08703228460952
3	3	0.016158999928445755
4	4	0.7413620758980954
5	5	6.321390226450375
6	6	1.4394616804048241
7	7	0.7662855067864902
8	8	1.5495820676108605
9	9	0.5001431110346403
10	10	3.2847628593524036
11	11	0.8378747831358582
12	12	1.5482323134664138
13	13	0.011782208159179094
14	14	2.2365230219276917
15	15	0.47150609122267434
16	16	5.3929625462849415
17	17	0.9375919158895119
18	18	2.792034326173885
19	19	2.8805636311720972
20	20	4.088140382911279
21	21	0.23331748689693674
22	22	0.7136127062701819
23	23	1.2883550781397044
24	24	2.2352032148782044
25	25	0.5957138096732614
26	26	2.415635839462573
27	27	2.140050009838036
28	28	0.40180485235946606
29	29	0.777401810271114
30	30	4.370270126370636
31	31	0.17405728747686772
32	32	2.7452888547107226
33	33	0.1287571723537807
34	34	2.62966815081894
35	35	2.713559313825913
36	36	1.0482128944025209
37	37	9.508036309787231
38	38	1.2034611372107111
39	39	0.4211421916017825
40	40	0.8665766335150843
41	41	2.5092109947961974
42	42	0.884575730660042
43	43	0.10599697690477751
44	44	0.7593579073598881
45	45	13.458568192381716
46	46	0.6790874963023291
47	47	1.239034739244294
48	48	2.6580754094240446
49	49	5.753373874148702
50	50	0.3857201269985398
51	51	0.47758414628590495
52	52	0.2842279221941102
53	53	0.4681086969599082
54	54	10.892681168991137
55	55	0.5664396380388519
56	56	0.2331870936321175
57	57	1.3955969150538097
58	58	1.2180599644881926
59	59	2.652207273027231
60	60	1.940140235013857
61	61	1.9408087715246671
62	62	0.32544409835867477
63	63	1.5455696398378533
64	64	0.256456088565197
65	65	0.33216943408146893
66	66	1.1963234044364173
67	67	1.1209855599846075
68	68	2.645978807305223
69	69	0.15283692485002043
70	70	0.6536382794161805
71	71	0.36135088376406366
72	72	1.418911443500938
73	73	1.7314383705299559
74	74	2.0355836772122684
75	75	0.48166237961942826
76	76	1.0811188088827977
77	77	1.2577705726074948
78	78	0.1734465801461444
79	79	1.6892098833386637
80	80	0.5188827434950377
81	81	0.07276729999653006
82	82	6.6780953227529976
83	83	0.15518796736882493
84	84	2.6222271470455536
85	85	1.396841818952086
86	86	0.19436770459494337
87	87	1.4844620640117503
88	88	1.1390927317973347
89	89	1.5882187956548557
90	90	5.466950438923268
91	91	10.616857815391457
92	92	2.1713017464993825
93	93	0.87431491019212
94	94	1.1566285900888287
95	95	2.987900587644632
96	96	1.9814393046023182
97	97	0.20626138744286898
98	98	2.1087280470641336
99	99	6.922914672354326
100	100	0.5408685938877692
101	101	0.9975429589229448
102	102	0.17256557150983498
103	103	3.4694445306862876
104	104	0.6835622583902851
105	105	0.35824874426594566
106	106	0.35618514386113226
107	107	0.6513597086661969
108	108	0.01417516106643401
109	109	2.762658198178021
110	110	3.8457632220799183
111	111	5.199354131945858
112	112	0.7194876156281664
113	113	1.2854038647177741
114	114	2.6965754452346173
115	115	2.103288840785122
116	116	0.6229053282753559
117	117	0.9862048262890237
118	118	4.712834351466748
119	119	2.6249146606787086
120	120	0.1586192462615061
121	121	0.4620446907614723
122	122	4.3842063686411485
123	123	1.064456383383416
124	124	0.45759651433771925
125	125	0.8521461033269516
126	126	1.0627333812709874
127	127	2.815318002588955
128	128	0.28562650395611855
129	129	3.85957726713099
130	130	0.9554529110003754
131	131	1.2958811603685472
132	132	0.2788774924804023
133	133	0.6354507781150438
134	134	5.831550403293777
135	135	1.286260402022814
136	136	0.3307557124608159
137	137	1.6065806078987594
138	138	1.938693290151242
139	139	3.781303101943642
140	140	1.1192224616246949
141	141	6.3443161628603395
142	142	0.43554201865982345
143	143	1.4537773272873293
144	144	1.0269723490235194
145	145	0.6537229850992851
146	146	1.8531341840362912
147	147	0.1660512075444064
148	148	1.366979558786365
149	149	1.2851818603778895
150	150	2.662138933381986
151	151	0.6947404576774383
152	152	0.4894721865093119
153	153	0.46028753008117745
154	154	8.04037016783603
155	155	1.2063339982740857
156	156	6.373057808794106
157	157	4.528779035727279
158	158	1.1628790338298698
159	159	1.0551366388481158
160	160	2.1632989799484585
161	161	5.435635649413538
162	162	3.2647680968690747
163	163	1.286716183358796
164	164	1.362214362765125
165	165	0.5898028384493372
166	166	1.8704077166701696
167	167	0.1307184046990595
168	168	1.694805181461621
169	169	0.19187509318134324
170	170	1.470165211753747
171	171	1.8208778069682559
172	172	2.9624532730479354
173	173	1.4893527030248461
174	174	2.039279530234198
175	175	1.554653398490181
176	176	0.6173550456040279
177	177	0.7449655836344652
178	178	1.1706354910373276
179	179	0.9459259136607313
180	180	1.6755062194757109
181	181	1.0650356493840696
182	182	6.132392110503123
183	183	1.816045093408589
184	184	1.2852352582602249
185	185	10.807150676745698
186	186	0.5108009556398995
187	187	1.2114518829447418
188	188	1.1390209716961752
189	189	2.8588848947970202
190	190	1.6950979630645497
191	191	2.3298643538358528
192	192	1.0619765322295716
193	193	0.4903259894944066
194	194	0.3176790514859047
195	195	0.5879499957773179
196	196	1.0080840214628453
197	197	0.14179794827961278
198	198	3.2192122432737125
199	199	0.14240831432774936
200	200	0.07601762784849674
201	201	0.4445235827212949
202	202	0.5027780385041444
203	203	0.6148335922850439
204	204	0.029231574285293688
205	205	0.9730581010245029
206	206	2.29591162142695
207	207	0.20705613189210162
208	208	2.370917835152182
209	209	0.19273576142682886
210	210	4.238001303179109
211	211	1.1885446520984948
212	212	1.6616497057278419
213	213	1.0953871949800267
214	214	3.249770001273937
215	215	0.8206437253922851
216	216	0.7891734995719993
217	217	0.24420249154638493
218	218	3.4048244998839183
219	219	0.21171972730360827
220	220	0.20120286087393033
221	221	2.388120818531558
222	222	5.576957002040053
223	223	0.2076272148904531
224	224	0.6947990131453456
225	225	0.2789481804831113
226	226	1.0139135238055126
227	227	1.6789321264158084
228	228	3.541908627077773
229	229	1.1187503478015917
230	230	2.9978897694764153
231	231	1.0127419423388186
232	232	1.2674405014557346
233	233	1.2044758279834504
234	234	0.5338585429417448
235	235	0.7679474530056211
236	236	7.1546093950062915
237	237	0.18096582079749576
238	238	1.9998150854599013
239	239	0.3075720149183834
240	240	1.4270473117812952
241	241	0.42798466932084406
242	242	0.05095762003360739
243	243	1.4359513628859173
244	244	1.1754492406990034
245	245	2.2283384102708665
246	246	0.566148795722088
247	247	6.7621077355898445
248	248	1.1217907942851824
249	249	2.115154652742352
250	250	2.3449912326035105
251	251	5.953710480748349
252	252	2.2196751420521337
253	253	0.40407132402505697
254	254	2.1010113127465346
255	255	3.3500590397280745
256	256	3.6729945469782335
257	257	1.249644145074993
258	258	2.2134771724996076
259	259	5.079388719927312
260	260	1.3664913194558546
261	261	1.2337120040932168
262	262	6.397807466735558
263	263	8.788988785089652
264	264	5.7880990077468715
265	265	6.434939097062628
266	266	0.5900389174770099
267	267	1.9079897033972242
268	268	1.3582616585863239
269	269	1.3069082827227392
270	270	0.8158956935358528
271	271	1.2326395864254682
272	272	1.3888107527384843
273	273	0.14582566088632623
274	274	0.8537026309403941
275	275	0.6736824352361837
276	276	0.9174305555286666
277	277	3.5656653770190183
278	278	1.5119460230179838
279	279	0.46944306052939305
280	280	0.6404505470017673
281	281	5.176998210041467
282	282	0.30879968218098747
283	283	0.9492097870016125
284	284	1.2818623198913988
285	285	1.6409564432783112
286	286	7.32821445838379
287	287	1.0974933575339565
288	288	0.8083195417091448
289	289	3.548497622902347
290	290	6.569793742576474
291	291	0.12642726662037343
292	292	9.858381211900552
293	293	2.6386041438477967
294	294	0.40703400977268733
295	295	0.23727275712337276
296	296	0.15631144317998968
297	297	1.9194141037375627
298	298	0.7631826269363032
299	299	1.498510984260296
300	300	0.3970935384776648
301	301	6.835342650665792
302	302	1.7089277818076303
303	303	3.6298774225555093
304	304	0.8120040245661273
305	305	4.757366063602913
306	306	1.1942428195087473
307	307	1.023586037367993
308	308	3.1425638886590663
309	309	1.0376563942153774
310	310	4.303683163914502
311	311	1.055366126451554
312	312	0.20199102989291753
313	313	1.3189440494274995
314	314	2.9454585703334546
315	315	0.3101694090222378
316	316	0.41390244557432176
317	317	2.3394148830623385
318	318	8.287956336675995
319	319	0.3542501728560729
320	320	11.697496371707967
321	321	1.1868509780816152
322	322	2.9803785046821165
323	323	2.0876740820276063
324	324	6.770987413620319
325	325	3.7880970279405695
326	326	0.9166681711431837
327	327	0.7065748783873111
328	328	1.6221018881485512
329	329	1.143868120036006
330	330	0.5736539744751767
331	331	1.3975675077867908
332	332	1.2903208191016389
333	333	2.193301252231343
334	334	10.250559090130448
335	335	1.5069807666041803
336	336	8.217933923157322
337	337	3.571253297857806
338	338	0.8709858344228132
339	339	1.5907697855587857
340	340	4.823364315984433
341	341	0.8940918642113422
342	342	0.4972138856701391
343	343	6.68914743823451
344	344	0.5860385451444241
345	345	4.945422049243987
346	346	0.16511118861463536
347	347	0.3886797464465827
348	348	2.7085815084361267
349	349	6.431695229369098
350	350	0.6802999907413545
351	351	1.0633707794399454
352	352	1.3546898760976742
353	353	1.3338177391357637
354	354	2.0522514105887195
355	355	10.044158544077819
356	356	2.1820777086388334
357	357	6.121490265421805
358	358	1.6646368249612027
359	359	0.12092513525187648
360	360	1.3923430553713454
361	361	2.4655680453699627
362	362	1.5806499497566617
363	363	1.3595766700467729
364	364	0.1515715438808087
365	365	2.1546015992679934
366	366	1.0036064226095882
367	367	2.719855773919526
368	368	5.818540176013166
369	369	2.1728320065706934
370	370	1.0926079525884287
371	371	2.5794456422616836
372	372	0.678113884112525
373	373	2.09421830632573
374	374	8.37076115199041
375	375	1.7116476878665914
376	376	1.9412410750336184
377	377	1.4981547439521166
378	378	1.264159739800982
379	379	13.734014197759747
380	380	0.3877805309204342
381	381	0.2788323408789687
382	382	2.490336876200929
383	383	4.205926010832666
384	384	1.1406386135162236
385	385	3.2691943649113973
386	386	2.5650011596412416
387	387	3.0985168099094604
388	388	4.563349715228329
389	389	2.452902533120552
390	390	1.1645819894149236
391	391	7.49473859244315
392	392	0.4746905794250827
393	393	1.3626981077399314
394	394	1.2239663009260737
395	395	0.2677036396903119
396	396	8.920296084070522
397	397	0.1331874329743952
398	398	3.336134289656528
399	399	3.35348307681622
400	400	0.23050633572148635
401	401	0.9484603997152286
402	402	0.5058259848445998
403	403	4.7765013679899795
404	404	2.153742171001158
405	405	0.487360911217857
406	406	1.2324717778000536
407	407	4.361981239939113
408	408	11.211474126944097
409	409	0.9403975344586613
410	410	1.3047008329674095
411	411	0.5217834419089085
412	412	0.4383472831285007
413	413	1.4025808909173925
414	414	1.3042129859754281
415	415	7.45488778729247
416	416	0.11784827041123318
417	417	0.3229473193311015
418	418	0.6598227284680852
419	419	3.3007963547199073
420	420	3.378894076552343
421	421	0.019200818815406417
422	422	0.9857937899398254
423	423	0.027899790387807783
424	424	0.036147049158321426
425	425	3.2977908155732827
426	426	0.6434084313284587
427	427	2.492223979173882
428	428	2.606355869495108
429	429	1.392300694010682
430	430	0.31708748325243846
431	431	1.1643781329534215
432	432	2.178214462289554
433	433	2.7964141399501434
434	434	0.08657155886034984
435	435	5.041808369966943
436	436	4.888939060460785
437	437	0.2360153504532184
438	438	1.3728907252504678
439	439	0.6469172545742191
440	440	1.2511984690331626
441	441	0.5513949405627214
442	442	2.7038145639876188
443	443	3.252467623699333
444	444	0.8642833162600564
445	445	0.7552998122800147
446	446	0.5570120424517786
447	447	0.12030197330574689
448	448	1.6748009612466406
449	449	3.1093826479092037
450	450	0.6056271740867177
451	451	0.025914685415750597
452	452	1.5883464113813903
453	453	0.044508963329081816
454	454	0.9550259904350592
455	455	1.1068470027748447
456	456	1.5458169448160508
457	457	0.579163731935639
458	458	2.119873137781046
459	459	0.4078514959109379
460	460	1.7426209404515838
461	461	5.029724366708439
462	462	0.6743826542208076
463	463	0.4692857988029231
464	464	1.4699684349273612
465	465	0.18617489057437045
466	466	1.5989150123254738
467	467	3.904993140272487
468	468	1.533368371527149
469	469	2.353117223908201
470	470	0.6106586803277235
471	471	1.047561037679377
472	472	0.73236772823078
473	473	0.9475677241090845
474	474	4.966565093625899
475	475	4.3378212499663364
476	476	0.8175163613635155
477	477	5.8996431828822
478	478	1.6633037680992544
479	479	2.270046570072822
480	480	0.5074762126896782
481	481	2.588007144069706
482	482	2.8319413331524244
483	483	0.37493276380551444
484	484	0.17102755539536507
485	485	1.6642537106171351
486	486	2.254480647658623
487	487	0.14830691553538974
488	488	8.135609122788798
489	489	0.07208629173170365
490	490	5.193465372994354
491	491	0.10353325700955515
492	492	2.4524082431890433
493	493	4.089918642602629
494	494	0.4294170910311885
495	495	0.2789136144424421
496	496	1.6681740703290515
497	497	5.718584972353157
498	498	0.2575303414567696
499	499	4.579171687367851
500	500	0.9268257427202823
501	501	0.6493707005885466
502	502	2.6335026654383213
503	503	1.7820921763722188
504	504	0.6717646986645487
505	505	3.130680607059723
506	506	1.8270966477724149
507	507	1.2074027791674828
508	508	0.3820608296818194
509	509	3.624710137513194
510	510	5.54209086147033
511	511	2.0400400222608255
512	512	5.834730026556783
513	513	0.6511768875183583
514	514	1.0775775404445609
515	515	2.737981862442756
516	516	3.459317686407684
517	517	0.3706037307379028
518	518	0.12623525003841643
519	519	2.6362142610427393
520	520	0.2125248246120852
521	521	1.9013973763937773
522	522	0.08531964746173573
523	523	1.6220080949989575
524	524	0.9889031508155046
525	525	2.738495160108148
526	526	4.575756969337897
527	527	1.3775610248403274
528	528	2.294655301309582
529	529	0.17518745518951265
530	530	0.6215358179754896
531	531	0.5050691200558732
532	532	4.621035114795692
533	533	0.050489597614620484
534	534	0.534586225165725
535	535	0.4562562105344202
536	536	6.580851834006176
537	537	3.0027011670666153
538	538	1.01937645598697
539	539	1.3532691754539925
540	540	0.015321807624743796
541	541	1.7045451904056739
542	542	0.5903203694671921
543	543	0.7685736420811681
544	544	0.1157023227456984
545	545	0.8109971390405564
546	546	1.6081455710869386
547	547	1.8628859623631409
548	548	0.0980026753472663
549	549	1.1665232079329004
550	550	0.5349143040357559
551	551	1.5207802005941742
552	552	6.533755895831957
553	553	0.7111027305278539
554	554	1.7893753296706565
555	555	0.48306015419288806
556	556	1.2392167014693476
557	557	0.8696564872714811
558	558	1.1299083478091831
559	559	0.2837655435229845
560	560	0.13172614100817495
561	561	2.159827598875743
562	562	1.0492781809903942
563	563	4.9911762339777255
564	564	1.557973910145041
565	565	4.221402295173732
566	566	13.239599966831555
567	567	0.7118334311910473
568	568	1.770618342923989
569	569	1.7464095395280002
570	570	1.061815257140925
571	571	1.396940134347973
572	572	0.9313070747486636
573	573	0.23439512533147303
574	574	9.13179407048287
575	575	1.9058967067165022
576	576	0.9945542151735308
577	577	0.724418594939358
578	578	0.6964685837014252
579	579	2.7883925457731777
580	580	0.05425732520381991
581	581	0.016803853859385293
582	582	3.5677415428081303
583	583	1.096859912483954
584	584	0.8773801449240975
585	585	0.824190146486591
586	586	0.4098992009281064
587	587	1.4056037606244685
588	588	5.824836716357862
589	589	1.507986122756084
590	590	0.4526581064289451
591	591	3.618552690018442
592	592	1.9572472016469231
593	593	0.17214969767512842
594	594	2.5611007610651138
595	595	0.12106555877435424
596	596	1.0312466736538861
597	597	1.741155086070664
598	598	0.696714175484637
599	599	2.9967773539295
600	600	0.05375419180987732
601	601	0.30983310649335405
602	602	1.0559327126734575
603	603	5.126669153483987
604	604	0.3913819491967034
605	605	0.3069889678835279
606	606	0.3900624916188991
607	607	5.356272828018613
608	608	1.9950633937769509
609	609	3.2765062943122296
610	610	0.7972754591213541
611	611	2.1089224394938464
612	612	6.120773814282139
613	613	3.2966476309293924
614	614	0.46438446078794215
615	615	0.6296960842273615
616	616	3.7882878365198156
617	617	0.7785484942337614
618	618	0.7426691036768159
619	619	3.4428617342841408
620	620	1.2352759963913704
621	621	0.8230560703081331
622	622	0.9144482889598887
623	623	0.664851674507683
624	624	3.926642857894526
625	625	3.1493161640328258
626	626	1.114401117196441
627	627	1.9754114818898223
628	628	1.1369885065561993
629	629	1.1846945588530287
630	630	0.9264842561217994
631	631	1.9394711806816949
632	632	0.802930529874861
633	633	0.05077833666701124
634	634	3.601973086639432
635	635	1.357798062369304
636	636	1.8207947745709903
637	637	0.39255237999892567
638	638	2.055651751107478
639	639	0.5997083339567033
640	640	0.08126032486018067
641	641	0.013545495975685573
642	642	1.0686653845694143
643	643	0.7480908715561088
644	644	0.49838311121373674
645	645	5.901786406898256
646	646	0.6963597163011739
647	647	0.3055870976224132
648	648	2.7705643684492207
649	649	2.5104346469686765
650	650	2.246717820427421
651	651	2.224699164051771
652	652	4.787379047526229
653	653	4.3187239950280345
654	654	1.3793375438526958
655	655	0.610413587273598
656	656	1.8571767859819595
657	657	1.8855205662136583
658	658	1.072417165526577
659	659	3.9612377629283877
660	660	10.1820607962734
661	661	0.027107437734373102
662	662	1.09345371841637
663	663	4.425116132498707
664	664	2.7619085842686686
665	665	0.6383474258435058
666	666	0.014381125058130202
667	667	1.7475226568900013
668	668	3.412583583076942
669	669	2.803468346453484
670	670	4.256832959120015
671	671	0.0639955398731498
672	672	0.47954815454076255
673	673	0.984090623263973
674	674	0.3257252872147043
675	675	0.6474584943942909
676	676	6.669311884954735
677	677	2.6050734920156455
678	678	6.4077010149442835
679	679	1.291297716013623
680	680	0.24342937074286541
681	681	0.4694730986096357
682	682	1.7215548226592594
683	683	0.42986502958653106
684	684	5.049591444809396
685	685	0.9247818985618624
686	686	6.272537178645715
687	687	2.4587756984452516
688	688	0.0896734397102853
689	689	4.6846424226240195
690	690	2.0618825924116284
691	691	3.2116193703631937
692	692	4.751458327253648
693	693	0.8862690545664471
694	694	1.1106982802120877
695	695	1.8925287589817754
696	696	0.0015135893172349066
697	697	3.052011091848631
698	698	5.726427748294469
699	699	14.412395906176403
700	700	3.2706691124487173
701	701	3.1998215403476387
702	702	1.9930942701030965
703	703	6.180882436171995
704	704	0.7588331277901189
705	705	0.357700888594623
706	706	6.513046459255989
707	707	0.6465124061086465
708	708	0.618388706859738
709	709	2.3955794167881046
710	710	0.43661462836925746
711	711	0.7463039853783724
712	712	2.875245218323588
713	713	2.164596575037151
714	714	0.8007383293146174
715	715	0.5254698487342845
716	716	8.860711806302795
717	717	3.216249218279285
718	718	1.4553680195425724
719	719	1.1942140616474404
720	720	2.0085621994009366
721	721	2.8608072588824984
722	722	2.116767393335305
723	723	0.4227442584715999
724	724	1.1847973027257472
725	725	1.850627048904989
726	726	2.8723867635044145
727	727	0.9113165619700991
728	728	3.4901578302370777
729	729	0.7985471450593915
730	730	0.8655419362305671
731	731	0.17077780105513762
732	732	1.1097539382381212
733	733	0.6734906138273236
734	734	3.0956354358579636
735	735	4.277919387941716
736	736	2.0885322230869314
737	737	2.5354948623046902
738	738	3.3306592266909965
739	739	1.2615316692116232
740	740	1.448872672277436
741	741	3.1396254019541123
742	742	0.09878145993804625
743	743	0.24620382943374633
744	744	3.412192646831785
745	745	2.396939177312396
746	746	0.3336124900653419
747	747	3.310907066997015
748	748	3.11961983137823
749	749	3.538184744979377
750	750	2.8258563537171435
751	751	0.1120372922898328
752	752	1.8333175896911167
753	753	0.25840240244197094
754	754	1.1587673365012632
755	755	5.311854263128193
756	756	1.6426667133614734
757	757	1.2591785933567117
758	758	0.045540229667826705
759	759	6.727107420505667
760	760	1.665261272739055
761	761	1.664367200387398
762	762	1.2766571313532116
763	763	4.40309606164852
764	764	1.4743514823383566
765	765	1.227110214985394
766	766	1.1510671199627094
767	767	1.962872716894049
768	768	1.5667244461638739
769	769	6.704341664480833
770	770	1.0280608515045981
771	771	1.9698099934552806
772	772	0.09488971276900425
773	773	4.535783676721743
774	774	2.218007009543378
775	775	0.017382873100234352
776	776	1.7135416717482788
777	777	2.619857053470426
778	778	0.9556532781780901
779	779	0.9972786673248245
780	780	0.2049166355903622
781	781	0.32765838765951294
782	782	2.7226891734839396
783	783	1.8104332350441115
784	784	0.7913103911576759
785	785	0.2623128873253307
786	786	3.787236226513879
787	787	0.7581179979318193
788	788	0.13602528104993294
789	789	1.082942588521633
790	790	0.6341667648278703
791	791	0.7046480416638305
792	792	4.113815902479673
793	793	2.293318503446987
794	794	0.9017395659217174
795	795	0.12053868515565626
796	796	1.6014618045628337
797	797	0.6465842664531722
798	798	3.839532505628399
799	799	1.0017261392260224
800	800	1.626840851920718
801	801	1.0497179913268657
802	802	1.2847795238240207
803	803	0.008891047551151034
804	804	0.20938687840465287
805	805	1.8788491841785773
806	806	3.231381604332465
807	807	3.852120786093305
808	808	3.6753380816554047
809	809	0.7121240122430276
810	810	0.17399006663168248
811	811	1.7270356599445948
812	812	0.32768860896289254
813	813	0.43357147546584324
814	814	1.8400355662619041
815	815	1.4644795390975964
816	816	3.503207726450654
817	817	1.1984212206110891
818	818	1.1202817043053865
819	819	1.045471247384885
820	820	1.056399745251592
821	821	0.3418501294118184
822	822	3.52708963821334
823	823	0.9510032851897058
824	824	0.3963510584793729
825	825	0.30776448123835654
826	826	4.714031738437612
827	827	4.1835609580534205
828	828	0.586282272231183
829	829	2.1285533357742406
830	830	4.466839681428662
831	831	1.1491454934326268
832	832	0.13373909512234344
833	833	4.526401015195606
834	834	3.5868190434187253
835	835	5.1253161004308065
836	836	2.228526688552998
837	837	1.220407578198136
838	838	1.545220241318617
839	839	5.565959255915301
840	840	4.237442176707468
841	841	2.146082643423274
842	842	6.596377885957162
843	843	3.729382053137222
844	844	1.4776316136029426
845	845	1.0521776233854467
846	846	2.2271261079244073
847	847	1.0242631258569428
848	848	1.4547719675343929
849	849	0.5168656803102085
850	850	1.6451064831414823
851	851	1.5305327782149505
852	852	4.236173657234186
853	853	2.781135959259115
854	854	0.3666422207106542
855	855	3.1100939018694063
856	856	0.4488943267551427
857	857	0.7492002719602898
858	858	4.78802587254234
859	859	1.8563292081844276
860	860	2.399893818178361
861	861	0.23236880422991554
862	862	7.306366698893389
863	863	0.24995732898906983
864	864	2.1626147602815124
865	865	0.007270681075239214
866	866	0.6344159137432664
867	867	1.3787368325432485
868	868	0.3888479358146309
869	869	2.0083475338599306
870	870	2.9918047494551736
871	871	3.6129976306459337
872	872	10.984480384781412
873	873	1.405924436416928
874	874	0.6009382016145529
875	875	1.0246959677575123
876	876	0.5405845536258264
877	877	2.804454270637165
878	878	0.04949407549268418
879	879	4.64116182732878
880	880	2.031766356717883
881	881	2.4972918486512796
882	882	1.1636525487151754
883	883	1.152373635547545
884	884	0.14209136616362103
885	885	1.9900301010782984
886	886	0.773716973792544
887	887	0.8511403368618461
888	888	0.5647470485858369
889	889	0.42746157985051547
890	890	1.0146021690060576
891	891	0.6379886514344891
892	892	6.877689875859525
893	893	3.596238743444151
894	894	0.9424184694903518
895	895	0.3875095976420644
896	896	0.25815993857957104
897	897	0.20618771211934703
898	898	2.126249416319816
899	899	0.6064369463026792
900	900	0.412191045204012
901	901	1.2052490163139793
902	902	1.850652532452358
903	903	0.5464599529483516
904	904	1.699279474488009
905	905	4.141699927175379
906	906	12.811282548308673
907	907	2.753342883722468
908	908	1.0954045668632317
909	909	0.6909857670298966
910	910	0.29040147717869685
911	911	1.1408029701190434
912	912	11.400839528337624
913	913	0.9871256502461471
914	914	5.277186139969728
915	915	2.56576392516396
916	916	4.5792185577642215
917	917	1.6061313605048209
918	918	0.18307398834647914
919	919	0.8246684884726396
920	920	1.819546577990921
921	921	0.5135472044807695
922	922	1.6022783248954084
923	923	1.1513594439961208
924	924	2.2624260080362366
925	925	3.621640991343882
926	926	1.0562671657249425
927	927	0.2686670334389174
928	928	0.8643830099477119
929	929	0.6931405981838615
930	930	0.20331932133116376
931	931	1.319936945265209
932	932	11.224417182163288
933	933	0.6451648047161052
934	934	17.85158789696236
935	935	2.7304050474080226
936	936	0.05666592449161617
937	937	6.477865164292797
938	938	1.0642751688955854
939	939	0.400778210814468
940	940	0.7475594916149478
941	941	0.3607401025720171
942	942	0.2357237502103895
943	943	1.3084601341872928
944	944	3.8240202036379776
945	945	1.2121940522846801
946	946	1.2996996169949062
947	947	2.8454783012652296
948	948	0.5326521847921164
949	949	3.852692249148374
950	950	0.7594628899666009
951	951	1.5360916590847273
952	952	2.410140871128966
953	953	1.4184630590092802
954	954	2.390333597251723
955	955	0.3668874171597404
956	956	2.899735392609983
957	957	0.9652876473650754
958	958	9.28293117737994
959	959	4.155871504847892
960	960	2.2944037567329785
961	961	1.0865167657979167
962	962	0.4709929492274088
963	963	1.5575897599709376
964	964	0.28345146069774924
965	965	1.3441534723167168
966	966	0.13515162449528204
967	967	0.4059641359698159
968	968	0.6132141898070985
969	969	0.3677238227565766
970	970	1.7526673642399688
971	971	3.2373999647040956
972	972	1.418971298698273
973	973	2.708041546806501
974	974	1.2231592926343402
975	975	1.4016195097715658
976	976	0.8929165769857842
977	977	0.299628381363809
978	978	2.2618681710724604
979	979	0.3616506982725349
980	980	4.20916035283218
981	981	0.2702889248983225
982	982	1.2485549686001218
983	983	0.7591542569524743
984	984	0.12254627122333943
985	985	3.264412645175863
986	986	0.5064191328512166
987	987	0.9911580897774842
988	988	4.976433573469615
989	989	0.30084862431436205
990	990	0.6075337011342159
991	991	0.4438420296634158
992	992	2.872552470021683
993	993	4.131620410686863
994	994	2.1913663821261093
995	995	3.960108168002541
996	996	0.9679282204918028
997	997	0.7148762460627183
998	998	1.442420536585355
999	999	0.7280221080213684
1000	1000	1.187397961069147
1001	1001	3.295636398836288
1002	1002	6.6257462626302255
1003	1003	2.2729683501106703
1004	1004	2.4992009291496293
1005	1005	0.5161829585883289
1006	1006	0.4222341167879328
1007	1007	0.11525256043486358
1008	1008	1.5821616579029154
1009	1009	0.16810162820085087
1010	1010	0.4842681187165286
1011	1011	0.035468801810994675
1012	1012	1.767166023916833
1013	1013	1.0063368738111445
1014	1014	0.557477297564958
1015	1015	4.080020532102136
1016	1016	4.574850221524422
1017	1017	1.0491556717123212
1018	1018	1.6992011916520258
1019	1019	0.4580125524893825
1020	1020	12.175797776650306
1021	1021	0.02806306318506672
1022	1022	1.2125184252820207
1023	1023	4.755227036740689
1024	1024	1.5522009174821636
1025	1025	5.180153853950311
1026	1026	2.8096151927056026
1027	1027	1.175210798268576
1028	1028	4.510886621547479
1029	1029	1.5348622548483555
1030	1030	0.12397283771994065
1031	1031	2.440883579521618
1032	1032	0.3599279590671146
1033	1033	2.226443689270392
1034	1034	1.1284592535252618
1035	1035	0.16638557712682922
1036	1036	3.2508124176780466
1037	1037	3.0103818697866425
1038	1038	1.0526088861406473
1039	1039	1.9410564713427392
1040	1040	2.73862749191407
1041	1041	1.150238422745981
1042	1042	2.868635614475777
1043	1043	0.9049561739514581
1044	1044	0.2172612855388563
1045	1045	2.452125560573252
1046	1046	0.02399417558975035
1047	1047	2.0141138530522102
1048	1048	0.4680087334246736
1049	1049	1.9792376546704546
1050	1050	1.459434661268335
1051	1051	1.7261186125013315
1052	1052	0.2568077280675483
1053	1053	1.2371826186283577
1054	1054	4.46910885319445
1055	1055	1.4169832021545916
1056	1056	2.8282300899070347
1057	1057	1.2061863118186753
1058	1058	0.5348283781764027
1059	1059	0.2619871957957944
1060	1060	0.8896185028562233
1061	1061	1.031026851096603
1062	1062	1.1779725905532363
1063	1063	2.6193334053322297
1064	1064	2.120778340274983
1065	1065	1.023528059671943
1066	1066	1.9322421994536931
1067	1067	0.5303400098569141
1068	1068	2.380726624382681
1069	1069	1.9188551540715468
1070	1070	1.2511077409890385
1071	1071	4.099530092739921
1072	1072	9.029040668774478
1073	1073	0.2779277389263508
1074	1074	1.1710717139068652
1075	1075	2.085386228366712
1076	1076	0.9995680994577614
1077	1077	1.1526148584710931
1078	1078	2.691629972321685
1079	1079	3.003157487134045
1080	1080	0.8780348280833242
1081	1081	2.8982325798888464
1082	1082	1.0795486017798475
1083	1083	0.7482302030069309
1084	1084	1.9344430665622516
1085	1085	1.8485514203497981
1086	1086	1.550934479722254
1087	1087	1.1452089684384108
1088	1088	1.735946825247279
1089	1089	3.7163905370462906
1090	1090	0.059913858306739634
1091	1091	1.0694692535881185
1092	1092	0.5958412542961743
1093	1093	0.32777745537789116
1094	1094	2.920358240585249
1095	1095	0.7957982721588881
1096	1096	0.8828849720057045
1097	1097	5.535206190805881
1098	1098	6.212087988586544
1099	1099	0.2861711147536815
1100	1100	3.352245181495798
1101	1101	3.113614715708485
1102	1102	0.732451699230676
1103	1103	3.4671592145318035
1104	1104	3.2576208427340276
1105	1105	7.861835151549986
1106	1106	2.2947820228321865
1107	1107	6.101343506344426
1108	1108	3.2217421463227502
1109	1109	0.6676388212385654
1110	1110	2.19040665048624
1111	1111	0.6371319490447958
1112	1112	1.8120033843917394
1113	1113	0.6222605492478751
1114	1114	0.21306333763658847
1115	1115	4.115427444672073
1116	1116	1.7130505212795901
1117	1117	2.0797584559023816
1118	1118	0.7214309126329194
1119	1119	6.083462556899865
1120	1120	0.03385945932103831
1121	1121	5.025597414609482
1122	1122	0.7751194991275493
1123	1123	1.8265961941089799
1124	1124	0.23488552949798333
1125	1125	0.08060287530439886
1126	1126	0.4651524024774984
1127	1127	0.3280347938459279
1128	1128	0.5268610829137529
1129	1129	0.337219198763714
1130	1130	7.686513706288196
1131	1131	1.5562038924546824
1132	1132	2.6690512134873097
1133	1133	0.43794151035225554
1134	1134	4.24244481691352
1135	1135	1.1691267589083598
1136	1136	0.2297183145417374
1137	1137	1.8790818393353215
1138	1138	1.5868958439537442
1139	1139	1.3212362272078093
1140	1140	0.7800257096931715
1141	1141	1.4427081086970965
1142	1142	1.4935351317633079
1143	1143	0.7717296711909533
1144	1144	1.8226951944698075
1145	1145	0.2922165411580967
1146	1146	1.7570639652233875
1147	1147	0.318097473678417
1148	1148	0.42004622648710366
1149	1149	1.543500706254545
1150	1150	0.4599089377915284
1151	1151	0.28749718407525904
1152	1152	0.924137424645954
1153	1153	1.7208093234670834
1154	1154	0.5342300369065573
1155	1155	0.760515923523823
1156	1156	3.1777400490262733
1157	1157	1.242713334564974
1158	1158	1.1734764975531133
1159	1159	1.397354376330384
1160	1160	9.403116420983313
1161	1161	1.5330856111766027
1162	1162	0.7444871306327625
1163	1163	0.011194710515803764
1164	1164	0.860496765429281
1165	1165	0.9185950892110051
1166	1166	0.40646297761185163
1167	1167	2.3974034164009246
1168	1168	1.0551146836751977
1169	1169	0.11738462617028911
1170	1170	1.9439418085907454
1171	1171	0.6648152888852941
1172	1172	3.009909267711013
1173	1173	0.25831810344513684
1174	1174	2.8953541541471
1175	1175	0.640052871383503
1176	1176	3.2742412294821652
1177	1177	3.1636136749452977
1178	1178	0.5575258020186787
1179	1179	2.022243593248178
1180	1180	3.7665657340966425
1181	1181	4.560197633982486
1182	1182	0.3886219079986368
1183	1183	0.6881588493784341
1184	1184	1.4392234702172906
1185	1185	3.622512378991044
1186	1186	0.7865586782449258
1187	1187	0.09063211232639076
1188	1188	1.2003423805018545
1189	1189	6.021800552155532
1190	1190	5.088754392012668
1191	1191	2.5515310026014966
1192	1192	0.9374077920159687
1193	1193	0.5900782858365874
1194	1194	0.3268590930553221
1195	1195	1.5412448756888217
1196	1196	0.08226751811242677
1197	1197	0.6651728643818237
1198	1198	5.229110633299802
1199	1199	0.2863789300260437
1200	1200	2.1236783768695515
1201	1201	1.6515591106649983
1202	1202	2.1992529320560057
1203	1203	0.08453933139487578
1204	1204	3.2683833497767014
1205	1205	0.31631382747472103
1206	1206	2.8758558420690377
1207	1207	3.370049834491729
1208	1208	0.13495946902022657
1209	1209	0.4147966173115629
1210	1210	0.5946611951827007
1211	1211	4.236636977092391
1212	1212	2.6038363040790826
1213	1213	3.0704430146254156
1214	1214	0.02688213490464175
1215	1215	2.647469804830945
1216	1216	2.3963591212267623
1217	1217	2.472693661911607
1218	1218	0.9204264775826644
1219	1219	0.1962343423955449
1220	1220	3.3774729856236876
1221	1221	1.6035442799746753
1222	1222	2.153291810137183
1223	1223	9.017596699530595
1224	1224	2.303303958092674
1225	1225	1.2440621535963905
1226	1226	3.0590447046978824
1227	1227	2.8247314990395993
1228	1228	1.4328221841745867
1229	1229	2.283114019980647
1230	1230	5.998888584185844
1231	1231	1.6468332145382247
1232	1232	0.8060243195881664
1233	1233	8.092865555717932
1234	1234	0.4330468357300472
1235	1235	6.559938551193105
1236	1236	0.16847958707827518
1237	1237	2.704263590110974
1238	1238	0.048417668138977306
1239	1239	2.53811909599171
1240	1240	0.45779096353947213
1241	1241	1.3344357179109423
1242	1242	3.3358445139722033
1243	1243	0.09021899513894083
1244	1244	1.2940912937763467
1245	1245	1.8495398485386958
1246	1246	1.1399115179252879
1247	1247	0.289457086577654
1248	1248	0.14222251911641642
1249	1249	1.4901823816910955
1250	1250	0.0166827113302195
1251	1251	0.3350394152968521
1252	1252	0.6550903538937144
1253	1253	1.0683409066554772
1254	1254	3.0228473232559145
1255	1255	1.5609243245266884
1256	1256	2.3478060075463767
1257	1257	2.541690059233017
1258	1258	4.291786994702029
1259	1259	0.47947381788500065
1260	1260	1.8500587508254993
1261	1261	1.6996368567583249
1262	1262	4.7838092521404345
1263	1263	0.7810783740941534
1264	1264	1.5234362059493762
1265	1265	2.3249685830342868
1266	1266	1.7981542415048093
1267	1267	0.04984289370911489
1268	1268	0.48212612186605613
1269	1269	1.2960235322569702
1270	1270	0.21802796359718915
1271	1271	1.2134775107735865
1272	1272	0.627641581702903
1273	1273	1.0111638309659523
1274	1274	0.7872944550286828
1275	1275	0.5665945583653758
1276	1276	0.35671463799983405
1277	1277	0.8553335696867937
1278	1278	1.9072085849572007
1279	1279	2.3135561858182125
1280	1280	1.4255528455366606
1281	1281	1.8472477406476986
1282	1282	1.748839834050825
1283	1283	2.8479278977738365
1284	1284	0.47494129112496764
1285	1285	0.4936201018401084
1286	1286	0.2990828108194791
1287	1287	2.044814493843826
1288	1288	0.476072427935085
1289	1289	1.528881738132474
1290	1290	0.8063489996771267
1291	1291	2.136852121207157
1292	1292	3.27949895647032
1293	1293	2.424639802134153
1294	1294	4.992727483086938
1295	1295	1.8004986917693069
1296	1296	1.2701086879561176
1297	1297	1.782028316587209
1298	1298	2.114501354957931
1299	1299	0.8303882052080047
1300	1300	2.1872982008193795
1301	1301	4.3221172140006505
1302	1302	6.136123823009419
1303	1303	5.940979928499309
1304	1304	1.5345639260288555
1305	1305	3.7884201986859343
1306	1306	8.425543960982642
1307	1307	2.0846317479537575
1308	1308	1.2595873006443685
1309	1309	3.424874388404756
1310	1310	0.6753805850194592
1311	1311	0.8140900383067334
1312	1312	2.3804605631609057
1313	1313	3.8379646701016377
1314	1314	0.013194079620080157
1315	1315	0.37751249957717886
1316	1316	0.317002584029979
1317	1317	0.21337331995400421
1318	1318	0.10359906742289494
1319	1319	4.898504785520978
1320	1320	0.03508488964901647
1321	1321	3.624499002121013
1322	1322	0.7790074555842895
1323	1323	2.9870351292723143
1324	1324	0.04211964732242523
1325	1325	2.11302920530642
1326	1326	0.6756357885770504
1327	1327	2.1102412507722903
1328	1328	2.9412217819011675
1329	1329	2.3326230277796287
1330	1330	0.04662403864585277
1331	1331	3.303054962504899
1332	1332	3.2527643375104573
1333	1333	0.9825869697712847
1334	1334	2.5576098864960426
1335	1335	4.342174260616011
1336	1336	0.3477235521596967
1337	1337	0.8313073730878455
1338	1338	1.3904432097844328
1339	1339	1.8840971810036
1340	1340	0.16650605572511643
1341	1341	7.254972818356669
1342	1342	5.726298464924402
1343	1343	4.372855816573861
1344	1344	2.116845278023249
1345	1345	0.422577613223208
1346	1346	1.0178401671497685
1347	1347	1.1833026415818937
1348	1348	2.343700188822564
1349	1349	0.17399974270899796
1350	1350	5.27401728573399
1351	1351	0.27053271181028526
1352	1352	7.496104176391105
1353	1353	4.544072148952981
1354	1354	5.426275920913166
1355	1355	2.413951284248293
1356	1356	3.691426310085818
1357	1357	1.693628146341725
1358	1358	0.5769404431429322
1359	1359	2.0821230187818633
1360	1360	0.7915106040801301
1361	1361	3.916210467116152
1362	1362	1.1756855921082179
1363	1363	0.5895221437457374
1364	1364	2.527357729783637
1365	1365	1.1770843217614173
1366	1366	0.30070384889733753
1367	1367	2.7142833760145435
1368	1368	0.7314361636893766
1369	1369	4.023409816788186
1370	1370	3.625904663250787
1371	1371	0.4929246985190456
1372	1372	2.9408697275866835
1373	1373	8.575726537564073
1374	1374	4.614212321685601
1375	1375	1.5221299150490428
1376	1376	4.144603916434574
1377	1377	0.6138345702961201
1378	1378	10.14878328928253
1379	1379	1.9374964738744638
1380	1380	1.546201667704258
1381	1381	3.7701030877786414
1382	1382	1.8718960210075044
1383	1383	1.5438916301898353
1384	1384	0.26513976538755235
1385	1385	2.852201446114696
1386	1386	2.8858178118819597
1387	1387	1.0015746336042435
1388	1388	2.462541891711963
1389	1389	4.038858936004385
1390	1390	2.5734353357084676
1391	1391	0.90312421678533
1392	1392	2.8410387079360624
1393	1393	1.4433123858991015
1394	1394	0.24166004079372436
1395	1395	1.374139087795529
1396	1396	0.912210687685539
1397	1397	3.5233142289311283
1398	1398	0.4980684730404716
1399	1399	0.4457900723586275
1400	1400	0.9395444336961063
1401	1401	0.845941529239488
1402	1402	1.7081955881838686
1403	1403	0.8148950067139868
1404	1404	2.7503567797461765
1405	1405	0.34056530712509653
1406	1406	6.407935262819413
1407	1407	0.12146259073079718
1408	1408	2.834310466798336
1409	1409	2.0669953255846614
1410	1410	0.03839114484782879
1411	1411	0.9031606833336113
1412	1412	2.274483797553018
1413	1413	1.3210362584662776
1414	1414	2.842001431349826
1415	1415	7.866149899482256
1416	1416	1.2537406116252023
1417	1417	0.7604537977017246
1418	1418	0.32314869094078963
1419	1419	1.877576843798291
1420	1420	1.674417933891845
1421	1421	2.659089267299498
1422	1422	0.8962407420950864
1423	1423	0.776776146333299
1424	1424	3.80691490771819
1425	1425	12.349851379408808
1426	1426	2.301286689128556
1427	1427	4.736099264544351
1428	1428	0.2759771451672078
1429	1429	4.876965478662205
1430	1430	1.1760155222601412
1431	1431	2.56893635204773
1432	1432	7.685068851957491
1433	1433	9.984194592967645
1434	1434	1.6478923333628506
1435	1435	0.9547558492224367
1436	1436	2.3662155445928015
1437	1437	6.284861758824764
1438	1438	2.994920821132996
1439	1439	5.393446872874418
1440	1440	3.377992102586735
1441	1441	0.6575139779185363
1442	1442	1.3348560233298472
1443	1443	0.7486317581973506
1444	1444	0.2142402450978397
1445	1445	1.7281780362269972
1446	1446	3.3616844984435734
1447	1447	2.581005876450736
1448	1448	13.755416114146543
1449	1449	0.6996712297635752
1450	1450	2.2887768881384765
1451	1451	5.2659314716405365
1452	1452	5.855542204283151
1453	1453	1.3278902783619362
1454	1454	0.12982296489583767
1455	1455	3.029221975391229
1456	1456	3.2858941005027917
1457	1457	2.341499855939642
1458	1458	3.708902518418153
1459	1459	0.9885633036580219
1460	1460	0.022852035763127613
1461	1461	3.7189157112092426
1462	1462	3.820202589209571
1463	1463	0.6369393881843803
1464	1464	2.0920299760870167
1465	1465	7.012552603704095
1466	1466	0.43663697120720846
1467	1467	0.2857257321139124
1468	1468	0.17476860423920254
1469	1469	5.654711565736116
1470	1470	1.0888773235386875
1471	1471	0.9896553387430982
1472	1472	1.7436528168330503
1473	1473	0.16310582833076517
1474	1474	1.1587401103741912
1475	1475	1.1616754788802464
1476	1476	0.3324397177837542
1477	1477	7.096350105718458
1478	1478	1.636005223381781
1479	1479	1.1783639018197896
1480	1480	1.6394808110570678
1481	1481	0.08683048488221126
1482	1482	3.1824087628734747
1483	1483	2.393772406967149
1484	1484	0.3573157265257996
1485	1485	0.20236949752506922
1486	1486	4.371326607713143
1487	1487	1.159184480512852
1488	1488	0.046645036982281056
1489	1489	0.9351564768466756
1490	1490	0.9385623742293367
1491	1491	0.10943632468627733
1492	1492	0.3714652003978289
1493	1493	8.200418201520234
1494	1494	0.15471324176826126
1495	1495	1.4701824694164185
1496	1496	0.13974202461053015
1497	1497	0.3089322144875761
1498	1498	0.43146205411941824
1499	1499	4.1020301451955214
1500	1500	1.5727767385260247
1501	1501	4.364713256089312
1502	1502	1.986336206653491
1503	1503	0.4474191824469187
1504	1504	3.7846016597402543
1505	1505	0.5202477058055183
1506	1506	0.24606173220181957
1507	1507	2.2024817888927926
1508	1508	2.3951485093267864
1509	1509	0.32133553816844634
1510	1510	0.9710938870078318
1511	1511	1.572315372536651
1512	1512	1.9372153547369806
1513	1513	6.557064206502149
1514	1514	1.10088234663727
1515	1515	0.4017607823464011
1516	1516	3.5962200932684434
1517	1517	0.13585811130160494
1518	1518	1.773698038117968
1519	1519	2.918554117301222
1520	1520	2.2685836811291042
1521	1521	1.9174797381040545
1522	1522	1.9927908870622661
1523	1523	0.06217113255306853
1524	1524	4.373495749249922
1525	1525	3.5323897044261954
1526	1526	0.37340254928594474
1527	1527	1.3096092232159124
1528	1528	1.0487134492887709
1529	1529	2.017920017757282
1530	1530	4.484156382379867
1531	1531	0.6017460374677822
1532	1532	1.8491289755600178
1533	1533	1.4108823226033866
1534	1534	0.8778405173694335
1535	1535	0.24515390647447713
1536	1536	0.4735772898901734
1537	1537	1.5860568091244818
1538	1538	1.2147518715893366
1539	1539	4.822871454505647
1540	1540	0.18906399363328033
1541	1541	0.8750264955201195
1542	1542	5.0660908191735095
1543	1543	6.846467111700706
1544	1544	2.7324948041379336
1545	1545	2.0788567345691944
1546	1546	0.5531561339327089
1547	1547	0.853707936556165
1548	1548	1.463300645360683
1549	1549	0.2205956411224252
1550	1550	1.2494825794304167
1551	1551	1.3554835878430096
1552	1552	1.1662578935305563
1553	1553	1.2786884732559878
1554	1554	4.954149315926179
1555	1555	2.859524535883452
1556	1556	1.1157813064581619
1557	1557	1.3443695119416517
1558	1558	1.6880747673418064
1559	1559	1.0778160723448615
1560	1560	0.08368821641634788
1561	1561	0.2540716172021484
1562	1562	1.4816463095498633
1563	1563	1.7191696059674997
1564	1564	0.5454308340653478
1565	1565	3.422399292608611
1566	1566	4.434298250776239
1567	1567	1.0096064339891917
1568	1568	5.4134758411556225
1569	1569	0.742784233133056
1570	1570	1.9268039042213632
1571	1571	0.30302634495923925
1572	1572	2.0259883872697237
1573	1573	1.0983052244708775
1574	1574	0.7457043739347411
1575	1575	0.01493174356083064
1576	1576	0.4550838760651998
1577	1577	0.34060002611779816
1578	1578	2.1350143270283395
1579	1579	6.87100021447462
1580	1580	6.6515082999604775
1581	1581	2.362177752776979
1582	1582	0.7567215728980864
1583	1583	2.2365722391668967
1584	1584	1.6416242699949335
1585	1585	2.211493547692213
1586	1586	2.070289071690145
1587	1587	6.892588109865104
1588	1588	0.7087651664825213
1589	1589	1.3854038545022567
1590	1590	2.4934518654114486
1591	1591	1.1274451791170927
1592	1592	2.7612160029177395
1593	1593	2.0575691619424643
1594	1594	1.8223104718471128
1595	1595	0.11597784294841902
1596	1596	1.8034734220717727
1597	1597	0.002178885154595637
1598	1598	0.009067619861752503
1599	1599	1.4955135737530711
1600	1600	4.336726729435659
1601	1601	0.918504876214981
1602	1602	1.9095972950464046
1603	1603	0.9226009178049908
1604	1604	3.2534309409032685
1605	1605	0.5046808858261105
1606	1606	1.7065038265077759
1607	1607	0.7054616532256281
1608	1608	2.500897174112422
1609	1609	2.7079447164780723
1610	1610	1.735328955512591
1611	1611	1.4947448746401786
1612	1612	0.4274543096367742
1613	1613	1.4970977247529176
1614	1614	0.34207478452989437
1615	1615	2.7255396866035237
1616	1616	1.9824757034990157
1617	1617	2.9072303291861497
1618	1618	0.29396162901702994
1619	1619	2.373630831360777
1620	1620	0.14683564708739144
1621	1621	3.0768020399721454
1622	1622	4.313538187774787
1623	1623	1.8172826439017056
1624	1624	1.7359259135600404
1625	1625	0.5259821014365941
1626	1626	0.39058707314386093
1627	1627	0.036014990047956635
1628	1628	0.939721173725379
1629	1629	2.0598984416800135
1630	1630	0.0010652505366989845
1631	1631	0.6953385349014838
1632	1632	4.382619864085097
1633	1633	1.2467761614117163
1634	1634	0.3685539190117602
1635	1635	0.11086736835570567
1636	1636	2.8470113521645675
1637	1637	6.104422058814486
1638	1638	0.5050922755765367
1639	1639	3.506982959435948
1640	1640	0.010241593137388849
1641	1641	0.023593736864522038
1642	1642	5.027889311943724
1643	1643	2.3268203084342423
1644	1644	1.557862553460776
1645	1645	7.811517132553231
1646	1646	1.928007999779155
1647	1647	0.10477877972762577
1648	1648	0.08740355748660229
1649	1649	1.39071344369409
1650	1650	0.13087369973721105
1651	1651	0.8195868949460337
1652	1652	3.895068669751138
1653	1653	1.2078059766854297
1654	1654	0.6903637747112273
1655	1655	1.703602909452643
1656	1656	0.01693476920317236
1657	1657	0.27450116070529373
1658	1658	1.5184730850998058
1659	1659	0.8213811799854147
1660	1660	5.163606779129186
1661	1661	0.43458165804507315
1662	1662	0.6165494763831234
1663	1663	2.789772912442636
1664	1664	0.5502181410461537
1665	1665	0.6677129961940668
1666	1666	1.9725762654181453
1667	1667	0.36575764193343924
1668	1668	2.6060834516677436
1669	1669	0.46009415743749216
1670	1670	0.08224169922902956
1671	1671	1.27032203223515
1672	1672	1.6536393673758571
1673	1673	4.890929944528983
1674	1674	9.927899328897308
1675	1675	0.9578761721121279
1676	1676	1.252053508804681
1677	1677	3.2621404975688773
1678	1678	0.010825239341750302
1679	1679	2.4757604760464624
1680	1680	2.000615949433364
1681	1681	1.0667037309090368
1682	1682	3.4912422059842405
1683	1683	0.31471531330875796
1684	1684	1.9325585764196325
1685	1685	2.471316401239715
1686	1686	4.19903958646955
1687	1687	1.5560685262861065
1688	1688	1.7038189860452497
1689	1689	1.912265829286369
1690	1690	3.0238367896788803
1691	1691	0.1488406510152967
1692	1692	0.9656342341973169
1693	1693	0.03380677724947915
1694	1694	0.5997755520077478
1695	1695	1.138624183928124
1696	1696	0.9689648805934866
1697	1697	0.9359947898443555
1698	1698	0.34591109954226823
1699	1699	1.9862029161251271
1700	1700	2.627477431247101
1701	1701	7.528217668389815
1702	1702	1.355224275552538
1703	1703	1.680140717060633
1704	1704	1.7839365851169207
1705	1705	4.315330194450378
1706	1706	0.5421435701077278
1707	1707	2.717920537592389
1708	1708	1.461279363464568
1709	1709	8.02360742518539
1710	1710	3.579321820315298
1711	1711	2.1354741674487285
1712	1712	0.31870715022053103
1713	1713	4.910890376524055
1714	1714	1.3090723323706854
1715	1715	4.613164385134057
1716	1716	2.5445247465045937
1717	1717	2.548000072039182
1718	1718	0.897470411882903
1719	1719	5.825965055010894
1720	1720	12.796261239524163
1721	1721	6.195989883526544
1722	1722	2.5795877432006815
1723	1723	4.150039438423905
1724	1724	4.057947067833168
1725	1725	3.523884432865764
1726	1726	4.941688467169661
1727	1727	0.29346671964040333
1728	1728	2.951368153844027
1729	1729	2.6786127379627063
1730	1730	0.7112382379405019
1731	1731	0.7409608842067619
1732	1732	0.15310004574832187
1733	1733	3.5699597232247258
1734	1734	4.619348305020461
1735	1735	0.4524255278648292
1736	1736	1.5499044437593037
1737	1737	0.25425459320205374
1738	1738	0.6281879495502269
1739	1739	2.234529080437413
1740	1740	0.5836915993367013
1741	1741	12.98311080290196
1742	1742	0.3682860846957061
1743	1743	10.723531823236005
1744	1744	0.9888045245873568
1745	1745	1.4684134328367242
1746	1746	3.3481424598997482
1747	1747	1.0222588775014814
1748	1748	0.9485509337031905
1749	1749	1.1107895106795393
1750	1750	0.957543294488062
1751	1751	1.3177485861904041
1752	1752	0.6754380854740116
1753	1753	2.935129311484602
1754	1754	5.613687123383163
1755	1755	1.727254779290506
1756	1756	4.432517881411175
1757	1757	0.663466924385708
1758	1758	5.989671169123482
1759	1759	0.21158017483239308
1760	1760	4.063288985926269
1761	1761	5.226590418012355
1762	1762	8.1871548405693
1763	1763	1.363506464691165
1764	1764	6.1785719671514885
1765	1765	0.4557262137935342
1766	1766	0.3266612363091792
1767	1767	1.620747938744544
1768	1768	1.4897267539651047
1769	1769	4.181878971770171
1770	1770	4.054287863394638
1771	1771	0.9822062555077675
1772	1772	4.506336604983876
1773	1773	7.386915646037068
1774	1774	3.7204536298937345
1775	1775	2.5371669548331206
1776	1776	2.045379330343334
1777	1777	5.387515100482089
1778	1778	4.722043787895985
1779	1779	4.097349640989388
1780	1780	0.12648980028112367
1781	1781	1.2728972930004248
1782	1782	3.585164828321425
1783	1783	0.6467844492510826
1784	1784	4.803046403718881
1785	1785	0.7667450609237546
1786	1786	2.48220908119977
1787	1787	1.7292579871538698
1788	1788	1.5347628846431451
1789	1789	2.2949308402081274
1790	1790	0.33971100373665025
1791	1791	0.7861292762370637
1792	1792	1.1544017145755185
1793	1793	0.7134130832116268
1794	1794	2.331861693217861
1795	1795	0.7381109908060871
1796	1796	0.403340992367117
1797	1797	1.1731018463549048
1798	1798	0.5316728734666679
1799	1799	0.19628687710875595
1800	1800	0.37274682364640893
1801	1801	0.486265479456377
1802	1802	1.465579691249436
1803	1803	0.043958625724048975
1804	1804	0.7531516620072811
1805	1805	3.205984203260408
1806	1806	1.554752077187951
1807	1807	0.4842813288172395
1808	1808	0.6097850265217
1809	1809	1.4951403365173501
1810	1810	4.392398479809015
1811	1811	2.5482331227470265
1812	1812	0.38053719200722524
1813	1813	3.839443763990942
1814	1814	0.42617235902374206
1815	1815	1.7540500244661743
1816	1816	4.471905238438519
1817	1817	1.1320690785465255
1818	1818	1.8947797529770802
1819	1819	0.8010856400475949
1820	1820	0.42079303203347607
1821	1821	5.475541707491746
1822	1822	4.35709938415206
1823	1823	0.1718890800332649
1824	1824	2.710866165847715
1825	1825	0.015512582262083734
1826	1826	0.8875219187760691
1827	1827	0.33816299191538157
1828	1828	0.3525302536063489
1829	1829	2.282976610623097
1830	1830	0.9243770284377665
1831	1831	1.2303597774949873
1832	1832	5.958738653522551
1833	1833	0.6260585726692617
1834	1834	1.6937642282928715
1835	1835	4.2311963629875144
1836	1836	0.158264695018362
1837	1837	1.1168505080823286
1838	1838	2.4313859949143106
1839	1839	1.3421556158288253
1840	1840	1.2806084248996634
1841	1841	1.5808431008522226
1842	1842	1.698594232558066
1843	1843	0.19956925609196421
1844	1844	1.9124329742932522
1845	1845	2.0229486964099093
1846	1846	4.851538516956059
1847	1847	5.90860786505261
1848	1848	0.8135867658106781
1849	1849	0.7839514964237283
1850	1850	1.5255164600650248
1851	1851	0.20623387559683334
1852	1852	1.306731905223656
1853	1853	0.16826177719938898
1854	1854	0.43936786371073094
1855	1855	1.8519957830528486
1856	1856	3.3002308242980014
1857	1857	1.147788032281924
1858	1858	0.5581025965629766
1859	1859	0.4339525382367055
1860	1860	4.4669764334761
1861	1861	1.7031772875494515
1862	1862	0.29522584568152777
1863	1863	0.19599486902868227
1864	1864	1.9396440330558251
1865	1865	0.6838152638304867
1866	1866	9.419769009847974
1867	1867	0.8715521067015894
1868	1868	3.1149253698620445
1869	1869	0.6734377031499601
1870	1870	1.633643120221168
1871	1871	1.032587286839325
1872	1872	4.014953640113543
1873	1873	12.386606388010827
1874	1874	0.25638616914259105
1875	1875	1.4786093971500112
1876	1876	0.6263764930936866
1877	1877	2.3791772677842076
1878	1878	0.7907130811523729
1879	1879	0.1476370894952641
1880	1880	4.368777825875793
1881	1881	3.322283797460028
1882	1882	0.6478189530705689
1883	1883	0.7196884248201011
1884	1884	1.423657788860318
1885	1885	0.6228386731051155
1886	1886	2.304656654850145
1887	1887	5.651279296149852
1888	1888	2.117266371941168
1889	1889	1.5510480586759128
1890	1890	0.38376527672600835
1891	1891	2.7544755527462863
1892	1892	4.376558061872071
1893	1893	2.3526346198341583
1894	1894	0.18406200955412155
1895	1895	0.20004606294641777
1896	1896	3.434629180840473
1897	1897	2.194895253279596
1898	1898	0.9441099260531121
1899	1899	8.985465473163176
1900	1900	0.9313775353056924
1901	1901	1.7878785644083286
1902	1902	1.3136136243064636
1903	1903	0.9359419872076933
1904	1904	2.0061870560176227
1905	1905	0.8732475178035292
1906	1906	2.720992216549177
1907	1907	0.47403386093203675
1908	1908	1.4416738428386595
1909	1909	1.3929511560635224
1910	1910	1.852750354339316
1911	1911	1.1137006350428686
1912	1912	0.8913227960267452
1913	1913	1.0214894827230123
1914	1914	6.1851015529057385
1915	1915	2.371189149109334
1916	1916	3.8975336219120864
1917	1917	2.5228684982858818
1918	1918	0.5079040599192836
1919	1919	3.836585460178898
1920	1920	3.92856907539635
1921	1921	0.885892928460031
1922	1922	5.400636530265402
1923	1923	1.6821524096226157
1924	1924	1.1212649012875398
1925	1925	2.015485702186977
1926	1926	0.06131697099073966
1927	1927	0.37883097997496573
1928	1928	2.3745980321404168
1929	1929	0.10254850061535457
1930	1930	5.19954476912553
1931	1931	4.781707190934201
1932	1932	1.3871228313982342
1933	1933	0.4602128103024541
1934	1934	0.8354643068517686
1935	1935	3.5285291222329205
1936	1936	1.3125321348063486
1937	1937	3.0534211024169324
1938	1938	0.051897096990262355
1939	1939	1.3303571659785491
1940	1940	4.260527286497497
1941	1941	1.9968534230480453
1942	1942	6.3866752683951304
1943	1943	1.9876347128760745
1944	1944	0.8067156285417982
1945	1945	1.5711821310786729
1946	1946	0.7272087741516808
1947	1947	0.8583891931940437
1948	1948	2.8532015722844526
1949	1949	0.29719155963987726
1950	1950	0.16656665242007818
1951	1951	3.116127885538359
1952	1952	1.0757749094671465
1953	1953	0.379235888990956
1954	1954	0.26040739409082597
1955	1955	2.096219941350485
1956	1956	0.9320685047145432
1957	1957	0.3060115251371372
1958	1958	1.0772836192990891
1959	1959	1.9863487490557767
1960	1960	1.3181767307266095
1961	1961	1.640362276578547
1962	1962	0.9106626202910924
1963	1963	1.231927775071351
1964	1964	2.052906372588083
1965	1965	0.7875125373293971
1966	1966	4.992884821144786
1967	1967	1.4734764830294602
1968	1968	0.34480416227310584
1969	1969	1.5483157101790999
1970	1970	0.8029074500449922
1971	1971	0.11010980843775851
1972	1972	0.08885826071491325
1973	1973	3.256473908428797
1974	1974	0.7872670615214704
1975	1975	0.17278534098732362
1976	1976	2.718676026209153
1977	1977	2.1388269447841153
1978	1978	2.40072247588586
1979	1979	2.104982710856842
1980	1980	0.4713019968726254
1981	1981	2.940389995932627
1982	1982	0.3872446768649695
1983	1983	0.8260777731471722
1984	1984	2.2205158710301474
1985	1985	1.7588021866314005
1986	1986	0.13347073468531512
1987	1987	1.7472592807932008
1988	1988	1.9947355700618103
1989	1989	9.071775745460917
1990	1990	0.2729346485538427
1991	1991	5.993892080998857
1992	1992	2.713515930259374
1993	1993	1.2786628630891594
1994	1994	3.27418981821791
1995	1995	1.9795444234071162
1996	1996	1.7123419650343032
1997	1997	1.956421096970899
1998	1998	0.08905068787783224
1999	1999	1.091227703281889
2000	2000	1.6680118449549004
2001	2001	1.058878638572002
2002	2002	2.8188394805482617
2003	2003	1.2041147638590015
2004	2004	0.19771973412835941
2005	2005	4.106911117831216
2006	2006	1.8678975860165095
2007	2007	2.009999805199334
2008	2008	0.5496876036304779
2009	2009	2.444411610501828
2010	2010	0.8354816807023487
2011	2011	1.854796155399713
2012	2012	0.5610658147883935
2013	2013	3.280336907043855
2014	2014	1.0885890684216326
2015	2015	0.31285456007650786
2016	2016	1.9397088936214109
2017	2017	1.0674895681610341
2018	2018	3.5699623307702986
2019	2019	0.5795116980424547
2020	2020	0.47464165659362967
2021	2021	2.260857786776143
2022	2022	0.5183768051144021
2023	2023	0.5852789746967612
2024	2024	1.5266566133238502
2025	2025	0.08207364894681797
2026	2026	2.4163321041706585
2027	2027	0.26949351476199207
2028	2028	0.6838993125343151
2029	2029	2.0968482225943776
2030	2030	4.364308424364125
2031	2031	0.20340803553199974
2032	2032	1.3517462748212639
2033	2033	0.0742873633204773
2034	2034	4.183195037590488
2035	2035	0.3373819931393373
2036	2036	3.798538227625067
2037	2037	5.158947799254032
2038	2038	2.1280158360054537
2039	2039	6.386588476308111
2040	2040	1.4561752647864845
2041	2041	0.7036073894652115
2042	2042	1.354075531818405
2043	2043	0.24259619084789844
2044	2044	0.40544107077606867
2045	2045	1.4544535098626281
2046	2046	0.3550486146268055
2047	2047	2.1934899513188704
2048	2048	0.05063353575170134
2049	2049	0.5333691240809583
2050	2050	1.4464996540506725
2051	2051	5.029577314789744
2052	2052	3.893578242347691
2053	2053	0.7878643495368126
2054	2054	4.000999983925982
2055	2055	4.6620478203811135
2056	2056	4.542484488071741
2057	2057	1.140183023333187
2058	2058	2.3388558503403445
2059	2059	0.4155587076443738
2060	2060	0.07888905377487462
2061	2061	0.20805464849127844
2062	2062	1.5815563830795187
2063	2063	0.8638951431802592
2064	2064	1.5085866175328273
2065	2065	2.16077043406865
2066	2066	1.9973604159239045
2067	2067	3.75981302832061
2068	2068	0.3088801896030967
2069	2069	3.622406375826584
2070	2070	0.28774678254586245
2071	2071	0.30304522189745814
2072	2072	4.559734697114907
2073	2073	3.791969007693467
2074	2074	3.8156574551472766
2075	2075	0.07583344865404883
2076	2076	0.4428531129941459
2077	2077	0.7446649491651773
2078	2078	2.9575712653096584
2079	2079	0.10325533695024616
2080	2080	2.335222774209424
2081	2081	0.3257089575165796
2082	2082	1.0811724143232952
2083	2083	4.753918674535308
2084	2084	0.8565804935849918
2085	2085	2.4868786578087723
2086	2086	1.9328128654349415
2087	2087	1.8416681479221373
2088	2088	0.2165198734241557
2089	2089	1.0494399602857278
2090	2090	0.0921643680493586
2091	2091	2.277451391521503
2092	2092	0.8964679337977763
2093	2093	2.4915472829323724
2094	2094	8.12381531033892
2095	2095	0.8782047624973891
2096	2096	0.9700729360457532
2097	2097	0.39564908034882745
2098	2098	0.9876034597509225
2099	2099	1.0876002478742377
2100	2100	0.36567906299530867
2101	2101	0.429361487329755
2102	2102	1.7043396610059593
2103	2103	1.088217883067164
2104	2104	0.9065953998410213
2105	2105	0.5970722377284926
2106	2106	4.3910804711523035
2107	2107	0.5131905634337537
2108	2108	1.224477980217627
2109	2109	0.2786111026550581
2110	2110	1.4354456587530866
2111	2111	0.6962063718772691
2112	2112	1.887289885860293
2113	2113	4.544904890391126
2114	2114	0.5419016273039359
2115	2115	0.7146162405259776
2116	2116	0.07801150324590025
2117	2117	4.368485124179411
2118	2118	0.5016635010102207
2119	2119	0.5478746781202951
2120	2120	2.663725255191838
2121	2121	0.45724682759127727
2122	2122	1.8328381441297807
2123	2123	0.41676624127573714
2124	2124	2.6566578751068697
2125	2125	3.7026346973070923
2126	2126	2.025270555930062
2127	2127	0.1517461845953872
2128	2128	1.4596248496262623
2129	2129	0.20374971553153948
2130	2130	0.29787449119340553
2131	2131	0.15644554442274447
2132	2132	5.180528835975738
2133	2133	0.5215817796208445
2134	2134	2.579033457473615
2135	2135	0.5826055091529458
2136	2136	0.9615505440183321
2137	2137	0.7153626079767741
2138	2138	2.1526143932342614
2139	2139	3.7257875593486243
2140	2140	0.4335229022194064
2141	2141	1.0218461300810089
2142	2142	1.4685321744128765
2143	2143	1.4685054368196844
2144	2144	1.6799715726217768
2145	2145	2.482305977606298
2146	2146	1.3634937053211125
2147	2147	0.6975827468803832
2148	2148	1.8717063093218556
2149	2149	1.5035946284850104
2150	2150	0.11138791133355976
2151	2151	0.17107733248797144
2152	2152	0.8215059900713724
2153	2153	0.7537778632480027
2154	2154	2.14451316698359
2155	2155	1.7731229545654015
2156	2156	1.8552808709666575
2157	2157	2.322080670430387
2158	2158	0.7462373124035999
2159	2159	2.758528395709569
2160	2160	3.1833854488671713
2161	2161	2.982370919602421
2162	2162	0.2564089342130302
2163	2163	4.021159555674421
2164	2164	1.5384450154649751
2165	2165	0.7629933091731829
2166	2166	1.5180839237935146
2167	2167	0.008832574579994664
2168	2168	14.272346591765068
2169	2169	1.334104736005511
2170	2170	1.5237437719416773
2171	2171	1.8098496046699482
2172	2172	2.7864174064494773
2173	2173	3.4618322767924856
2174	2174	0.9791643249249417
2175	2175	2.693623321695483
2176	2176	0.1808911676667559
2177	2177	1.3227990277548174
2178	2178	1.100861278404231
2179	2179	0.7492311423624658
2180	2180	0.8724250988729515
2181	2181	2.1975068735136394
2182	2182	5.965177169611823
2183	2183	1.9171364859245061
2184	2184	2.3146534235406366
2185	2185	0.22679205131671246
2186	2186	4.58700345451608
2187	2187	1.626832759881135
2188	2188	0.8077949308405156
2189	2189	1.7034607932181907
2190	2190	1.955176633337176
2191	2191	0.25150626930648956
2192	2192	0.6881052548370585
2193	2193	1.670256432732703
2194	2194	2.1988596297902387
2195	2195	2.5613882565847126
2196	2196	2.62260451065276
2197	2197	0.6696344199803445
2198	2198	0.6899895723000663
2199	2199	3.2385743496381942
2200	2200	1.1127937971447996
2201	2201	1.63827566805258
2202	2202	0.7552507897645455
2203	2203	0.910220510875161
2204	2204	0.04368208049893457
2205	2205	3.5340211808666964
2206	2206	0.6093306097912168
2207	2207	0.8939885377433121
2208	2208	3.745070263870534
2209	2209	1.5606683115995281
2210	2210	0.19265897252423758
2211	2211	0.4084009862082753
2212	2212	0.4382076261897054
2213	2213	0.7707651944282489
2214	2214	0.41088827365971564
2215	2215	1.7456074546027964
2216	2216	0.7897168205680837
2217	2217	7.81733222453203
2218	2218	1.042403938214261
2219	2219	0.41775798968036965
2220	2220	3.23252842800176
2221	2221	2.6957753278984766
2222	2222	5.993079292648454
2223	2223	2.892236866473142
2224	2224	0.6698222215068794
2225	2225	0.3421462552280418
2226	2226	0.6590188488532175
2227	2227	2.1876531346850516
2228	2228	4.789143404683334
2229	2229	0.03342879933745475
2230	2230	0.8365280862687648
2231	2231	2.3949301523880737
2232	2232	4.127367101833959
2233	2233	1.8415737875068212
2234	2234	0.7641072340985015
2235	2235	4.2410789931957
2236	2236	3.620968064386654
2237	2237	2.9041950088773842
2238	2238	0.6800829091766879
2239	2239	2.364128503074125
2240	2240	3.3961116134701794
2241	2241	0.2901767848816494
2242	2242	1.2887035353795335
2243	2243	0.21486429998989212
2244	2244	2.454558390210736
2245	2245	0.24642874069835438
2246	2246	1.4443629426230018
2247	2247	1.6795514043410857
2248	2248	6.156414038984453
2249	2249	0.4670902157193835
2250	2250	0.12846361122744096
2251	2251	0.5281639297091283
2252	2252	1.0992711860426607
2253	2253	4.149509321706472
2254	2254	0.16635379471383893
2255	2255	0.8674525367333442
2256	2256	1.1591712153703788
2257	2257	1.3510089666653642
2258	2258	2.9000050270641258
2259	2259	7.563613863844518
2260	2260	1.4392785473582543
2261	2261	0.6576725749263882
2262	2262	0.08596542394580725
2263	2263	0.40116621561393484
2264	2264	2.422375973264092
2265	2265	0.012489650823501196
2266	2266	0.27852966007592334
2267	2267	1.263793880700349
2268	2268	0.8368199992946014
2269	2269	4.362410601257221
2270	2270	2.556827246334259
2271	2271	3.8603572362150267
2272	2272	2.9102346309615217
2273	2273	1.3632379640184844
2274	2274	1.8458412603405203
2275	2275	1.4186193957720639
2276	2276	0.3216445134445803
2277	2277	0.3768373124981267
2278	2278	4.346947657316622
2279	2279	5.855457005882418
2280	2280	0.6539717950054424
2281	2281	0.050717396604413593
2282	2282	1.3122743073354166
2283	2283	4.037335156064494
2284	2284	2.21168058024775
2285	2285	1.2814840193291883
2286	2286	0.574814852243979
2287	2287	0.5183108376398748
2288	2288	0.5525174324771405
2289	2289	0.1779903889360815
2290	2290	1.3795900662303313
2291	2291	9.549061056459452
2292	2292	0.4035212582892916
2293	2293	5.06250725717155
2294	2294	0.4830620122719089
2295	2295	4.298269735934257
2296	2296	6.473163139949692
2297	2297	0.33369106792383857
2298	2298	2.5715591899527674
2299	2299	0.09635146221146583
2300	2300	2.4124227871652835
2301	2301	0.4369119696948017
2302	2302	0.26872139416530466
2303	2303	1.9048079847517325
2304	2304	1.1744388355692872
2305	2305	4.917358320280687
2306	2306	3.0562017341300387
2307	2307	2.4885735607077826
2308	2308	3.91324384633864
2309	2309	2.841095607828702
2310	2310	2.6146040289894694
2311	2311	4.459112679560806
2312	2312	0.9562146832393612
2313	2313	0.11948484115082657
2314	2314	3.888087074312322
2315	2315	1.578373785192164
2316	2316	0.4210684047740399
2317	2317	2.8300780057971995
2318	2318	1.5932535534448138
2319	2319	0.1900100050450183
2320	2320	4.0633971550425985
2321	2321	0.25861089968338563
2322	2322	0.9887001695238067
2323	2323	1.3535398437536696
2324	2324	0.15175831490028968
2325	2325	0.4895137960574067
2326	2326	4.852664480591158
2327	2327	0.03213932286571103
2328	2328	0.23132411227158614
2329	2329	6.822074064796591
2330	2330	2.8049324495162535
2331	2331	1.403942688117118
2332	2332	0.754073140815618
2333	2333	0.41132983355364466
2334	2334	1.7422233593299152
2335	2335	3.976103241181776
2336	2336	3.1452530652059862
2337	2337	3.900961332547801
2338	2338	0.27049294543594055
2339	2339	0.1914583328972448
2340	2340	0.10080946878043849
2341	2341	0.8489302285946426
2342	2342	0.9845003116244296
2343	2343	5.344671573907509
2344	2344	1.833694308021503
2345	2345	0.16701495824555637
2346	2346	0.5533295234266878
2347	2347	4.11627762217384
2348	2348	0.48563136455361494
2349	2349	2.3345602591419827
2350	2350	3.5321472556827125
2351	2351	0.9267239659204878
2352	2352	0.577725617917427
2353	2353	4.112080191983964
2354	2354	0.12514439633405236
2355	2355	0.016630943609524766
2356	2356	0.0096340474400998
2357	2357	2.6997396231196635
2358	2358	7.214535564322846
2359	2359	0.12396743596925816
2360	2360	0.3293717759393245
2361	2361	2.0100189109279842
2362	2362	0.12761268227174552
2363	2363	0.310582182584829
2364	2364	1.9902187580095818
2365	2365	0.8226600969973085
2366	2366	1.1954219666239192
2367	2367	2.8035869188919005
2368	2368	0.65506382048005
2369	2369	0.11947248982687617
2370	2370	0.7427553683616601
2371	2371	0.14493631988055128
2372	2372	0.06594021764878574
2373	2373	1.157698097463786
2374	2374	0.5767043592848884
2375	2375	4.8480558427713385
2376	2376	0.3138657940596249
2377	2377	4.395545767343393
2378	2378	4.592689999734308
2379	2379	5.406809369952608
2380	2380	0.8736530247396459
2381	2381	2.3912374777309564
2382	2382	1.011674058598617
2383	2383	1.5158188195599438
2384	2384	0.4074678734424514
2385	2385	1.0728168522780153
2386	2386	4.586772355253199
2387	2387	3.187199572157843
2388	2388	0.1875506724492119
2389	2389	2.736084125566517
2390	2390	0.3070569230664036
2391	2391	1.2466085400963864
2392	2392	1.8493098712309413
2393	2393	0.25855686164563846
2394	2394	5.104623699157494
2395	2395	1.6538323244515722
2396	2396	0.800891982987819
2397	2397	3.202501828062696
2398	2398	1.0520535566603244
2399	2399	2.9076068716361503
2400	2400	3.9534101778916955
2401	2401	0.3419207241097992
2402	2402	3.86898846376899
2403	2403	2.9789728312273516
2404	2404	0.47332881487622597
2405	2405	0.2203652397515296
2406	2406	0.2181384291369925
2407	2407	4.9388117122759345
2408	2408	1.0877451423356115
2409	2409	1.850541512528547
2410	2410	1.38599270168521
2411	2411	1.6821351239661584
2412	2412	2.4715499807979
2413	2413	1.3617453216576103
2414	2414	1.4452894240705134
2415	2415	7.799141302864903
2416	2416	3.528514723055843
2417	2417	0.7479775175424398
2418	2418	3.583937876324469
2419	2419	1.0037210390796805
2420	2420	5.5618190049965
2421	2421	2.1570679884087425
2422	2422	1.184447439205214
2423	2423	3.6523580874560526
2424	2424	3.923560696962396
2425	2425	1.243461017598108
2426	2426	2.398862032841549
2427	2427	9.817884355501546
2428	2428	0.5000715868462696
2429	2429	1.1160529565039314
2430	2430	1.9846540683323748
2431	2431	3.046374305493893
2432	2432	0.5875430097154267
2433	2433	1.9564083757598119
2434	2434	2.3840567382611613
2435	2435	0.02064965451862989
2436	2436	2.366765492445036
2437	2437	0.5141009272464585
2438	2438	0.015477955460610577
2439	2439	0.4100936456072092
2440	2440	2.433739966736029
2441	2441	1.287365314436121
2442	2442	1.3472590676201344
2443	2443	1.8048910896757933
2444	2444	4.344672086553272
2445	2445	1.2056128475389152
2446	2446	1.4024792207033738
2447	2447	0.7066146486035768
2448	2448	4.569008696523238
2449	2449	4.269743658503481
2450	2450	0.9120655863557456
2451	2451	0.765992042918326
2452	2452	0.2073811275017606
2453	2453	1.7651535863780836
2454	2454	2.7811800169627534
2455	2455	0.5010773650297797
2456	2456	10.538773335478389
2457	2457	4.960896736400631
2458	2458	2.0910957603064455
2459	2459	1.3279943471353517
2460	2460	0.08170256258477118
2461	2461	1.0173082565285543
2462	2462	4.766729478749759
2463	2463	10.605504673643727
2464	2464	0.5525975257465302
2465	2465	1.4169967928072498
2466	2466	0.26639769476429787
2467	2467	0.001025584260308594
2468	2468	2.249652387232932
2469	2469	2.4806861368239836
2470	2470	0.8926364782269118
2471	2471	0.028211083096954397
2472	2472	0.21907305172909605
2473	2473	1.9826937626194614
2474	2474	3.9659821720572768
2475	2475	0.6299855016443001
2476	2476	2.364014527257391
2477	2477	0.8552829328608037
2478	2478	1.242426135669038
2479	2479	0.8400165263265666
2480	2480	1.6168263732390296
2481	2481	1.0115053751163794
2482	2482	0.2416134568978681
2483	2483	1.8638583189187128
2484	2484	2.5248458514521968
2485	2485	1.0198499871517177
2486	2486	5.442424532756177
2487	2487	6.0921318212642825
2488	2488	4.287017773333021
2489	2489	6.698052356935718
2490	2490	1.8507297487512324
2491	2491	0.13853137943179875
2492	2492	3.869738120314135
2493	2493	1.3531314578301539
2494	2494	2.284002857055783
2495	2495	0.6857891126093412
2496	2496	0.21593970820975725
2497	2497	3.7742925997956314
2498	2498	1.486962553795474
2499	2499	5.294593162560139
2500	2500	3.9553054314500473
2501	2501	1.2533265860265441
2502	2502	2.4692210454004693
2503	2503	0.26167508853677546
2504	2504	2.473350632831886
2505	2505	0.6104558075243474
2506	2506	0.7219669922421719
2507	2507	4.885186145885156
2508	2508	1.5806849551597892
2509	2509	0.007898602862662021
2510	2510	5.366517636364532
2511	2511	1.604097877452881
2512	2512	1.7541830201271715
2513	2513	2.0404679892402964
2514	2514	0.5932874214928224
2515	2515	0.17770986484292364
2516	2516	0.413300444295222
2517	2517	1.9174550456308437
2518	2518	5.963349151919502
2519	2519	0.0740960594812764
2520	2520	0.9006623014205105
2521	2521	0.7239952724628141
2522	2522	0.13714952996809476
2523	2523	1.9567959183570451
2524	2524	0.22210911190343072
2525	2525	2.6924696641329846
2526	2526	2.454613917070327
2527	2527	0.3238591733304653
2528	2528	4.285822057913025
2529	2529	1.7023836125829575
2530	2530	2.4776726938131968
2531	2531	7.999524625247447
2532	2532	2.4259562323919255
2533	2533	2.4866220955394174
2534	2534	0.370879040973653
2535	2535	9.450535911960698
2536	2536	2.3448898019848943
2537	2537	0.23519935837392492
2538	2538	0.8029608198482683
2539	2539	3.5108965378756007
2540	2540	0.3819698934524002
2541	2541	0.0459610103181764
2542	2542	0.44487672816389734
2543	2543	4.053262452749468
2544	2544	8.034800903096333
2545	2545	1.3477656788571322
2546	2546	0.18380078274367306
2547	2547	0.766591664293134
2548	2548	1.578614622113826
2549	2549	0.7833665019360435
2550	2550	6.027047433034544
2551	2551	0.17352808000851055
2552	2552	0.540794605178139
2553	2553	2.591818568091002
2554	2554	0.00892929400769592
2555	2555	3.5756489430345932
2556	2556	0.1551672276155317
2557	2557	0.3011918986511659
2558	2558	4.515417148945875
2559	2559	4.63802701678925
2560	2560	0.027687882388852794
2561	2561	4.056029160940455
2562	2562	0.26063953874572415
2563	2563	3.9498884118328585
2564	2564	4.3875599768718025
2565	2565	3.642172373309833
2566	2566	4.059496650589331
2567	2567	2.914646709159794
2568	2568	1.2460080184771047
2569	2569	2.2310605504022343
2570	2570	2.198490794669444
2571	2571	1.096264037007689
2572	2572	3.08209792788388
2573	2573	2.140077822982416
2574	2574	2.468567586689324
2575	2575	0.21041292315562596
2576	2576	2.5812958282150933
2577	2577	0.7284547164433769
2578	2578	1.177164555142338
2579	2579	1.2283934632149998
2580	2580	0.18173548478226365
2581	2581	4.683765165313387
2582	2582	1.2078841856700748
2583	2583	0.0568232865706881
2584	2584	2.6193558630294227
2585	2585	0.7009625279007425
2586	2586	0.6127590103828628
2587	2587	0.2008982449273109
2588	2588	0.31365429190891797
2589	2589	2.6446131382956612
2590	2590	0.5508419135130552
2591	2591	1.4026104525121756
2592	2592	0.4320321096044519
2593	2593	1.9562650774074797
2594	2594	0.11665306990918324
2595	2595	1.5424537229859911
2596	2596	0.7138755264953127
2597	2597	3.607843891161607
2598	2598	2.2612029382815417
2599	2599	1.9123299480551232
2600	2600	4.398524760921854
2601	2601	1.5789209478833885
2602	2602	6.886460025373752
2603	2603	0.052216950668991964
2604	2604	0.045066243854265525
2605	2605	1.4914730028293106
2606	2606	0.38767973357906466
2607	2607	4.601335591557413
2608	2608	0.49832611497800344
2609	2609	1.233041875981948
2610	2610	1.765585834977856
2611	2611	1.604119548682385
2612	2612	3.0234302128895254
2613	2613	0.9518951309152698
2614	2614	1.094659987819927
2615	2615	3.3891598146752004
2616	2616	0.13631882062797512
2617	2617	0.9254976387258572
2618	2618	2.931447547891297
2619	2619	0.8900148711448396
2620	2620	5.485093505952238
2621	2621	2.3141781016180847
2622	2622	3.4151323401703872
2623	2623	2.1877580945592237
2624	2624	5.929712186767222
2625	2625	0.9334088980425687
2626	2626	0.01249428647676593
2627	2627	0.330162179271276
2628	2628	3.500490754278087
2629	2629	6.267851753308703
2630	2630	1.6862391741508689
2631	2631	2.5273950243285728
2632	2632	1.4755449590744585
2633	2633	1.4285955187481898
2634	2634	1.8180572351493283
2635	2635	0.4544512819048964
2636	2636	2.185267685080222
2637	2637	3.378380020275046
2638	2638	5.627198040305476
2639	2639	0.9187239016573483
2640	2640	0.9829982666157371
2641	2641	0.7077799322939715
2642	2642	0.9767478551805515
2643	2643	0.7486076653872896
2644	2644	0.3136314217020354
2645	2645	0.228066836665454
2646	2646	2.3304991630006153
2647	2647	0.7219750422606829
2648	2648	0.31986208616582634
2649	2649	0.5382002269808549
2650	2650	1.655142505192168
2651	2651	5.443955069732713
2652	2652	2.8114791980575697
2653	2653	0.23998148906062652
2654	2654	1.8567245097262353
2655	2655	2.312500238604087
2656	2656	0.46197053681636807
2657	2657	0.15151295934084885
2658	2658	3.9386767761602353
2659	2659	3.484678101918824
2660	2660	1.8167579617232565
2661	2661	1.079755067426579
2662	2662	3.147368467485624
2663	2663	1.525961041315841
2664	2664	0.6023766705047385
2665	2665	2.853960875661849
2666	2666	0.4193246763762216
2667	2667	2.9435567521158235
2668	2668	6.682408299164093
2669	2669	0.39061041718118067
2670	2670	1.9913604240031018
2671	2671	1.3332220692588648
2672	2672	0.5296060956580209
2673	2673	2.73300459895514
2674	2674	0.5333821684390384
2675	2675	2.1804280761438672
2676	2676	1.1677782292820322
2677	2677	1.697099967198272
2678	2678	10.244511108752924
2679	2679	1.809895887514415
2680	2680	1.6244713168160878
2681	2681	4.779248619262535
2682	2682	1.6318386369077609
2683	2683	0.14788064156135639
2684	2684	1.1844607996755832
2685	2685	3.0698779194752865
2686	2686	1.9324486176389444
2687	2687	0.6709217509644383
2688	2688	0.820838838797583
2689	2689	3.9348557590535473
2690	2690	0.4322943891644771
2691	2691	0.5698741557123866
2692	2692	5.789107777201046
2693	2693	2.279132267251033
2694	2694	0.1968076287876074
2695	2695	1.7206748481597545
2696	2696	0.15902276615579464
2697	2697	0.1590216253452452
2698	2698	0.4452377554343166
2699	2699	1.9670007470567465
2700	2700	2.9358932068302477
2701	2701	4.433710479246034
2702	2702	1.1310903188501766
2703	2703	0.4817613049893412
2704	2704	3.3511097644650127
2705	2705	0.5373603009993332
2706	2706	2.191610015014175
2707	2707	1.2538340827410992
2708	2708	0.3802413398749826
2709	2709	2.1119369580961176
2710	2710	5.893709930797175
2711	2711	1.0968453261499136
2712	2712	4.6700901285868985
2713	2713	0.17643731509158658
2714	2714	0.2180657454812267
2715	2715	4.569741536943183
2716	2716	8.992373181932416
2717	2717	2.752105471653899
2718	2718	1.2559288928486312
2719	2719	2.7525871840470213
2720	2720	1.4550711274101178
2721	2721	1.7238977246280776
2722	2722	0.06037451697453878
2723	2723	0.32339736900533095
2724	2724	1.369465880053587
2725	2725	1.281615472456093
2726	2726	0.69650699786007
2727	2727	1.032925187522033
2728	2728	5.657008752902653
2729	2729	0.5746701775675392
2730	2730	3.3306784184047475
2731	2731	2.6554715665269804
2732	2732	0.4719501497895656
2733	2733	1.745804951844705
2734	2734	0.6584265955196528
2735	2735	1.742408971361458
2736	2736	2.57358029736605
2737	2737	1.2233794017435335
2738	2738	5.422543466287907
2739	2739	4.540651031339611
2740	2740	4.0742749941638845
2741	2741	1.4319371189348014
2742	2742	4.554938021024361
2743	2743	1.5294447450628443
2744	2744	3.959211721274969
2745	2745	1.0025995272905723
2746	2746	2.69451530688669
2747	2747	3.3071563819439422
2748	2748	0.8756839632564314
2749	2749	0.30434929308893033
2750	2750	0.7160138031734488
2751	2751	0.7128051628072986
2752	2752	3.492758061885789
2753	2753	6.422726591927517
2754	2754	1.65310564002329
2755	2755	0.0712622510912126
2756	2756	2.2036080495976966
2757	2757	0.769931616067251
2758	2758	1.7845941837972457
2759	2759	0.9234718765586208
2760	2760	2.675463339816163
2761	2761	0.27122763732860317
2762	2762	0.6281883646235548
2763	2763	3.5977562154112146
2764	2764	1.8566936539147947
2765	2765	0.47280325112333027
2766	2766	1.0281965682427925
2767	2767	1.9155957303359075
2768	2768	2.1838321654164825
2769	2769	0.24187226127465344
2770	2770	16.595962021217584
2771	2771	3.515377697324853
2772	2772	0.14774640351691307
2773	2773	7.315961154000554
2774	2774	3.2500023859527225
2775	2775	4.126515533209241
2776	2776	0.23619926979274555
2777	2777	0.5763954137348049
2778	2778	1.8614391231501664
2779	2779	5.1515239312056575
2780	2780	0.7022795486162414
2781	2781	0.9751916634052213
2782	2782	0.8515569028908034
2783	2783	1.737170142207822
2784	2784	0.5450246259652362
2785	2785	1.0743564996512942
2786	2786	0.7758754834846553
2787	2787	0.3595482902814321
2788	2788	3.0685232176084756
2789	2789	4.098187920376546
2790	2790	6.391778266367185
2791	2791	1.9452013954700098
2792	2792	2.8788368591371856
2793	2793	12.925529941831016
2794	2794	0.6877588607070892
2795	2795	3.5558359976879514
2796	2796	6.005734788463081
2797	2797	3.2527537134340374
2798	2798	2.390681135878798
2799	2799	2.4922883916405043
2800	2800	1.5349316506847193
2801	2801	5.161054300920759
2802	2802	2.2075110691322006
2803	2803	0.07921205102577723
2804	2804	0.6986275973076828
2805	2805	2.56153233802262
2806	2806	2.027808461260771
2807	2807	0.1844767086087375
2808	2808	1.2235113638355777
2809	2809	0.29265099002570844
2810	2810	0.6381486498224149
2811	2811	1.6273574617165125
2812	2812	1.0899544062130613
2813	2813	1.4463960339401836
2814	2814	2.965784424139898
2815	2815	0.42788211775382173
2816	2816	5.3804574075518765
2817	2817	0.795448631703447
2818	2818	4.729429885135991
2819	2819	0.7487274775943381
2820	2820	0.10488471819919426
2821	2821	1.1129528115408702
2822	2822	6.494548639747962
2823	2823	0.8697148648159696
2824	2824	0.2859652808780329
2825	2825	5.728695576019219
2826	2826	0.5313453861973773
2827	2827	2.6939421277061517
2828	2828	4.515523429104799
2829	2829	0.2418042008695859
2830	2830	2.112992414915331
2831	2831	0.8880792893882774
2832	2832	0.5324116297090633
2833	2833	0.42409225566712266
2834	2834	2.3814709498892928
2835	2835	3.257004789586971
2836	2836	2.6584514812965248
2837	2837	0.48930523646767315
2838	2838	2.47354634433209
2839	2839	1.6673992782300928
2840	2840	0.3499164843251745
2841	2841	2.189193622955041
2842	2842	1.418222055511805
2843	2843	0.33029750518113016
2844	2844	5.328194969477619
2845	2845	0.02825337474277236
2846	2846	1.5568934525338065
2847	2847	0.25531617477726926
2848	2848	2.0045616328770124
2849	2849	1.2285582468269345
2850	2850	3.0059220451109376
2851	2851	3.2836793766193457
2852	2852	1.4064463275548043
2853	2853	1.0075538116735683
2854	2854	0.32840167599448417
2855	2855	1.0656539444422377
2856	2856	1.633808923402565
2857	2857	0.9229495475723496
2858	2858	0.7578096334126248
2859	2859	2.580550872284095
2860	2860	0.3242293896444579
2861	2861	0.8708279191178283
2862	2862	5.12485849061496
2863	2863	0.25372363212333465
2864	2864	1.0116037129953301
2865	2865	0.8268939798352727
2866	2866	2.6006994005325246
2867	2867	2.977723019809286
2868	2868	0.2507900838830372
2869	2869	0.8674031804448076
2870	2870	2.2587559697279707
2871	2871	7.365290676333131
2872	2872	1.084695950304407
2873	2873	2.133528427995264
2874	2874	0.02726007783761401
2875	2875	2.1668525939983554
2876	2876	0.5601627764523781
2877	2877	0.4525375673758456
2878	2878	0.912513839046213
2879	2879	9.420631135407199
2880	2880	1.4037306839215995
2881	2881	2.610022478825707
2882	2882	2.1423522884872708
2883	2883	4.161850821753401
2884	2884	5.743095148965063
2885	2885	2.1624733133462892
2886	2886	1.7191131278168734
2887	2887	1.5889614655615887
2888	2888	3.691723980432016
2889	2889	1.3682586156277505
2890	2890	1.6767520624071608
2891	2891	0.8729636505207216
2892	2892	7.6008280003931965
2893	2893	0.8487356140681944
2894	2894	0.2821963817782801
2895	2895	1.475746796531384
2896	2896	2.4003145570579782
2897	2897	1.3679061950979645
2898	2898	4.09347429611088
2899	2899	0.5749812239308
2900	2900	3.9042218323036155
2901	2901	3.3265346175857595
2902	2902	1.6360880936747875
2903	2903	2.2317023055632768
2904	2904	3.6594061490892895
2905	2905	1.739903421500225
2906	2906	1.3616378871998343
2907	2907	0.026317827444403977
2908	2908	1.0474654076827743
2909	2909	2.9450836263182243
2910	2910	0.28960086848956984
2911	2911	0.8972940551511827
2912	2912	2.945611580165103
2913	2913	0.706284696829364
2914	2914	2.286982646624488
2915	2915	0.024497851938616765
2916	2916	0.2429930865629716
2917	2917	0.049184109862540334
2918	2918	2.6640589170380284
2919	2919	2.6039632437187743
2920	2920	6.358297738509671
2921	2921	0.7567438634386315
2922	2922	0.5921758320628296
2923	2923	0.6282526533233461
2924	2924	2.0720984085986744
2925	2925	2.9071732500368768
2926	2926	0.4840350955893446
2927	2927	2.4246419639319403
2928	2928	0.07966250835476844
2929	2929	0.3803633427018749
2930	2930	0.4401819940500227
2931	2931	1.4755203419385439
2932	2932	1.0311757476161938
2933	2933	0.8279818010274128
2934	2934	4.020941210565554
2935	2935	0.14954523706116798
2936	2936	1.994858878554743
2937	2937	1.2254427606742193
2938	2938	3.8744590150665172
2939	2939	2.452672662517932
2940	2940	0.1435455426572906
2941	2941	5.26656541741277
2942	2942	5.316334851569824
2943	2943	1.2191635648612265
2944	2944	2.0097026945612266
2945	2945	2.9982097274417185
2946	2946	2.5489631167794284
2947	2947	1.4759546188444883
2948	2948	5.484690754785612
2949	2949	0.6699997154247792
2950	2950	0.028185603201713795
2951	2951	1.3774392150988388
2952	2952	2.171022284334725
2953	2953	0.7964332342950181
2954	2954	1.2702655534114375
2955	2955	0.04224455315212364
2956	2956	3.7953804848174504
2957	2957	0.7233378034711959
2958	2958	2.2658710287271036
2959	2959	21.87849028274019
2960	2960	2.0417729139529066
2961	2961	0.9951104830571538
2962	2962	0.008238288330591604
2963	2963	8.920144878960546
2964	2964	1.2181216234014407
2965	2965	0.37645494759902204
2966	2966	4.369835375308742
2967	2967	0.5939843540376549
2968	2968	0.9195311948908595
2969	2969	3.031044949157322
2970	2970	0.9098034312468601
2971	2971	3.78058638588026
2972	2972	1.622724861280485
2973	2973	2.7173599671655047
2974	2974	0.5216749912111075
2975	2975	1.789337500821735
2976	2976	1.396548227958405
2977	2977	0.6329513410598387
2978	2978	0.16026553212940495
2979	2979	1.0373020254539027
2980	2980	0.3339826619029282
2981	2981	5.996635206432899
2982	2982	2.6107676052032143
2983	2983	0.5959818461767997
2984	2984	0.8908090403076672
2985	2985	0.03627935620117873
2986	2986	2.5341585555948845
2987	2987	0.9473575876828295
2988	2988	3.267184752395383
2989	2989	0.2799776987708684
2990	2990	1.4201902364171437
2991	2991	0.8692410835811317
2992	2992	3.8478990457708813
2993	2993	0.37009942821157693
2994	2994	1.5516303400507478
2995	2995	0.16695235780979367
2996	2996	2.4431547565895104
2997	2997	0.7721641990028054
2998	2998	0.73946165874701
2999	2999	0.036614328932477666
3000	3000	0.8354925378974671
3001	3001	0.6064829442440854
3002	3002	1.4636791287403301
3003	3003	1.4802502651228546
3004	3004	0.44315809695325836
3005	3005	3.0625698833054926
3006	3006	1.2261293317459474
3007	3007	0.027582368927468008
3008	3008	0.0583978333166396
3009	3009	1.5743360033828488
3010	3010	0.2974075963402194
3011	3011	0.2862025760102104
3012	3012	2.4136809052090773
3013	3013	1.6327935866401524
3014	3014	2.1767406411220613
3015	3015	0.17620797978594252
3016	3016	0.046202738393358395
3017	3017	3.425100896742513
3018	3018	3.2021587622254932
3019	3019	0.07636792854929898
3020	3020	0.21738350178986465
3021	3021	0.0241851022649147
3022	3022	2.314227830003825
3023	3023	2.482475390414327
3024	3024	0.7097491448661599
3025	3025	3.928802641910644
3026	3026	1.750829606220896
3027	3027	0.3509178076521047
3028	3028	3.485290992628348
3029	3029	0.7462223168208207
3030	3030	0.6975576420762941
3031	3031	0.6896715449828512
3032	3032	1.2102418869030926
3033	3033	1.5187978721995976
3034	3034	0.5630800964265108
3035	3035	5.683214098025684
3036	3036	1.417825555679889
3037	3037	3.2699708117390016
3038	3038	0.5501771635357443
3039	3039	3.6870390410102787
3040	3040	0.05581609095772946
3041	3041	3.2315308865640877
3042	3042	0.40865616836055313
3043	3043	0.13952153297723197
3044	3044	1.5816458081873697
3045	3045	0.7973359877579452
3046	3046	1.6896002276887117
3047	3047	0.2796267728530765
3048	3048	1.5569231196703972
3049	3049	2.9297632198788057
3050	3050	5.394046607896229
3051	3051	5.350949372925751
3052	3052	0.5510265556984074
3053	3053	0.5407481147778059
3054	3054	1.2284745349359845
3055	3055	0.47704331259058413
3056	3056	1.8264427272260604
3057	3057	1.9987029197774657
3058	3058	1.2264304839780462
3059	3059	1.0423178522516297
3060	3060	4.582530753485147
3061	3061	3.9278007178095353
3062	3062	1.0166915171235817
3063	3063	0.00941868121421371
3064	3064	0.005411199823481944
3065	3065	0.4352471501756649
3066	3066	6.303496622901374
3067	3067	1.2787323403151443
3068	3068	1.465921791205856
3069	3069	0.3001211742200896
3070	3070	0.42577188076348615
3071	3071	1.216457659724528
3072	3072	0.7512915102972979
3073	3073	1.3227975426655643
3074	3074	0.4197569768866345
3075	3075	0.4448761108888183
3076	3076	2.8030354682862453
3077	3077	0.7768548173953332
3078	3078	1.3208032485932781
3079	3079	1.873629611632844
3080	3080	1.038041140873828
3081	3081	1.2070327679808825
3082	3082	0.5640087001069785
3083	3083	8.97927110814018
3084	3084	0.4226104681851626
3085	3085	0.30892775118700744
3086	3086	1.236019888234463
3087	3087	1.8605838305874725
3088	3088	1.448660383126025
3089	3089	1.1642438692262898
3090	3090	0.9540664396287283
3091	3091	1.4287713435611615
3092	3092	6.707961031759382
3093	3093	2.9009203040738782
3094	3094	1.2065067544031884
3095	3095	3.7454248316709315
3096	3096	6.5090045943526125
3097	3097	0.4587928487249455
3098	3098	0.5870250436787506
3099	3099	1.9752196642199695
3100	3100	0.5752514576153542
3101	3101	0.7401947651693801
3102	3102	3.550846697269111
3103	3103	3.4753585604250694
3104	3104	0.9938513313459446
3105	3105	1.4293153300722705
3106	3106	0.6138343906111883
3107	3107	2.695529771116717
3108	3108	0.2883250971525388
3109	3109	0.6723601254505355
3110	3110	7.6031025255839095
3111	3111	1.908531417372636
3112	3112	2.086190748949209
3113	3113	2.200215890364765
3114	3114	0.3251496128640891
3115	3115	0.8725356284611343
3116	3116	0.2527012954633828
3117	3117	0.5282490096849142
3118	3118	1.039099046033797
3119	3119	3.1506704679507824
3120	3120	0.3459164739462498
3121	3121	0.45247835850501694
3122	3122	3.7248422067314775
3123	3123	0.46170830483677006
3124	3124	4.045221965890261
3125	3125	1.1483604142682426
3126	3126	9.95071021161429
3127	3127	1.5050871501120078
3128	3128	3.702177360633548
3129	3129	4.011670038022339
3130	3130	3.7952755027852376
3131	3131	2.5096574418194746
3132	3132	0.4769422750755663
3133	3133	2.4658139017623317
3134	3134	0.026362291653315623
3135	3135	0.23357846087443385
3136	3136	8.516709829795243
3137	3137	0.35839948129514565
3138	3138	3.156825285385136
3139	3139	0.4936866471119898
3140	3140	0.1890177145969721
3141	3141	2.71783544862106
3142	3142	0.9947351361568844
3143	3143	0.838983358599628
3144	3144	0.37287829818629825
3145	3145	2.467977597953679
3146	3146	0.4520711999176624
3147	3147	4.338474226867568
3148	3148	0.7120132939542761
3149	3149	0.6816981202618604
3150	3150	1.1785456643053562
3151	3151	0.9787354699986357
3152	3152	0.07225879222885781
3153	3153	7.435381062499414
3154	3154	2.349227537164743
3155	3155	0.5031090610120295
3156	3156	4.579297545173337
3157	3157	0.26653217331510654
3158	3158	1.1449836110292757
3159	3159	1.9104221306628992
3160	3160	3.4958391824885178
3161	3161	0.33311809886331917
3162	3162	1.1406139173660994
3163	3163	1.8615645185034349
3164	3164	1.2815038424833307
3165	3165	2.535542824333802
3166	3166	0.970526769037191
3167	3167	2.617497946360935
3168	3168	0.5357168951232639
3169	3169	6.363191330836066
3170	3170	2.3690662534242573
3171	3171	1.4187429989960776
3172	3172	3.2472386153377024
3173	3173	1.7927365228828456
3174	3174	1.206979449130105
3175	3175	3.102204884104406
3176	3176	0.08081555452391964
3177	3177	2.692490478068663
3178	3178	3.492397261831913
3179	3179	0.0689776062766492
3180	3180	0.9102343120000075
3181	3181	3.4927335436901394
3182	3182	4.418052422632925
3183	3183	1.3590351017426296
3184	3184	0.25136534209721273
3185	3185	0.032356617361872446
3186	3186	2.8174544348082136
3187	3187	0.756004101408145
3188	3188	2.084080895258686
3189	3189	0.5082081360868919
3190	3190	2.1146486809283487
3191	3191	0.11092071257886475
3192	3192	2.9827657924574567
3193	3193	0.6625962018298236
3194	3194	1.169515958195958
3195	3195	1.847471934028021
3196	3196	0.4760199385847725
3197	3197	1.073042025149243
3198	3198	0.38037666914627755
3199	3199	0.9377987735083386
3200	3200	0.7809877356290574
3201	3201	3.171795125379118
3202	3202	0.19478232949663646
3203	3203	1.5096935740630417
3204	3204	3.8063129021093647
3205	3205	0.3768913729071173
3206	3206	2.458502638749887
3207	3207	4.325434561970387
3208	3208	2.1587469491456304
3209	3209	0.7053601630958404
3210	3210	0.12968275830887666
3211	3211	5.158365545716557
3212	3212	0.47788911326071365
3213	3213	0.09139789458166436
3214	3214	2.079002015001995
3215	3215	2.2673437990759515
3216	3216	5.569293303813561
3217	3217	2.319524865762285
3218	3218	3.4282309075155375
3219	3219	1.4158543097013718
3220	3220	0.46823807143401247
3221	3221	0.8749787779945016
3222	3222	2.35298075289201
3223	3223	0.0860596588753394
3224	3224	4.287291781126634
3225	3225	0.06324670352755243
3226	3226	2.1410458133964942
3227	3227	2.243557542287283
3228	3228	1.284042580923841
3229	3229	2.573980732005392
3230	3230	1.7849946436706818
3231	3231	1.2315037064443461
3232	3232	0.2990729597972068
3233	3233	0.22221583575059758
3234	3234	4.275284877631751
3235	3235	6.016721573392725
3236	3236	0.6196696019871869
3237	3237	1.5929279436194783
3238	3238	7.80573965909659
3239	3239	1.3167486767555776
3240	3240	0.880760094007189
3241	3241	6.028967460012159
3242	3242	1.0425509268024953
3243	3243	2.8288745157439847
3244	3244	2.146443590779912
3245	3245	6.468572528712998
3246	3246	0.27549672219882737
3247	3247	5.100800746125577
3248	3248	5.998168818627308
3249	3249	0.3753811051747868
3250	3250	1.6733500598910498
3251	3251	1.929929473478528
3252	3252	4.026446245723547
3253	3253	0.4907450349199953
3254	3254	2.7319531817158524
3255	3255	1.6421505138839343
3256	3256	1.6375650152052055
3257	3257	6.156287253737154
3258	3258	2.8610191791553565
3259	3259	1.2167560717108838
3260	3260	0.23483682088963526
3261	3261	0.7590680025125774
3262	3262	4.3114325382951355
3263	3263	1.149191773677998
3264	3264	1.7614733494011554
3265	3265	0.576113455685987
3266	3266	0.7559433666857615
3267	3267	4.01836347197586
3268	3268	2.6697911821365006
3269	3269	0.4371857515935273
3270	3270	0.06647799631692612
3271	3271	1.653096871581862
3272	3272	0.4562046591498858
3273	3273	5.432339986485184
3274	3274	7.070965079855051
3275	3275	0.6432316274113562
3276	3276	1.9209008682868347
3277	3277	1.647795147291851
3278	3278	9.29188141941514
3279	3279	0.0477708758567095
3280	3280	0.17743829454404178
3281	3281	1.6114926146190154
3282	3282	0.2288029113145152
3283	3283	1.8122702623504159
3284	3284	0.303931142331157
3285	3285	0.11780192415688331
3286	3286	3.3182422530748688
3287	3287	4.966277906800943
3288	3288	0.061883799360984974
3289	3289	3.655096595870124
3290	3290	4.302615919549502
3291	3291	3.7496043351211084
3292	3292	0.020057352257650898
3293	3293	3.208407049304207
3294	3294	1.3762105103751534
3295	3295	7.760040591230984
3296	3296	1.1959587439450075
3297	3297	7.344387778230111
3298	3298	1.9922390894693491
3299	3299	1.8954821197403702
3300	3300	3.7310940991498156
3301	3301	0.41497051493033627
3302	3302	0.49122340308475365
3303	3303	0.7544901683167646
3304	3304	2.0191671278923513
3305	3305	1.778061785555483
3306	3306	0.19208503236742328
3307	3307	0.014402081597178991
3308	3308	3.4855463395637245
3309	3309	2.6819337121644393
3310	3310	0.0858657555153452
3311	3311	6.105237993421337
3312	3312	3.8747311425826503
3313	3313	0.3384367890957383
3314	3314	0.039698149589012986
3315	3315	0.28145738395268854
3316	3316	0.15553072103190332
3317	3317	1.3826829882313454
3318	3318	1.6115463461722093
3319	3319	6.735189047742028
3320	3320	1.9945082991133503
3321	3321	0.08763199854395981
3322	3322	2.919268520133082
3323	3323	0.06683485333005224
3324	3324	3.3258202993635955
3325	3325	2.1891945568883275
3326	3326	3.8643497726377074
3327	3327	1.5014927776990836
3328	3328	4.093277060094635
3329	3329	0.39737884500005843
3330	3330	2.4666127777101656
3331	3331	0.2689359328216437
3332	3332	0.7754910591640136
3333	3333	0.1943364363243365
3334	3334	4.9816441005026855
3335	3335	0.8521624673499417
3336	3336	3.279113895710392
3337	3337	0.5395988577078995
3338	3338	1.189544735579548
3339	3339	1.535084297679948
3340	3340	4.131802344930834
3341	3341	2.2894131438757124
3342	3342	1.243566418705745
3343	3343	1.4715823163835036
3344	3344	1.5471334117278006
3345	3345	1.4415825525304726
3346	3346	0.718119946777472
3347	3347	0.7842674029806568
3348	3348	0.7743293427905518
3349	3349	1.1771794205896948
3350	3350	0.9051552022993397
3351	3351	0.2217154389883491
3352	3352	0.5155050856568054
3353	3353	4.2262838373121925
3354	3354	5.355836125747494
3355	3355	1.155823439519349
3356	3356	2.0540169605716914
3357	3357	2.2853205561963716
3358	3358	3.1821558912246295
3359	3359	0.4805612843868346
3360	3360	4.889005579390814
3361	3361	0.7366120214590456
3362	3362	0.9370514175391033
3363	3363	0.09621449635416324
3364	3364	4.177406769242425
3365	3365	1.0972669087318327
3366	3366	5.808657920202483
3367	3367	1.9979608405709046
3368	3368	6.076306574486499
3369	3369	0.5148609959061845
3370	3370	0.4160064561953713
3371	3371	0.9651069093280139
3372	3372	0.27947385601126895
3373	3373	1.6988861037423773
3374	3374	0.22631454552878613
3375	3375	1.6335093477828648
3376	3376	1.0579282827175396
3377	3377	1.2744586917369478
3378	3378	0.27551238794039823
3379	3379	1.0511884486746443
3380	3380	0.3667935587397485
3381	3381	0.35085244084087275
3382	3382	3.353090457387029
3383	3383	2.48650185674867
3384	3384	1.916097635221174
3385	3385	0.4997446013555886
3386	3386	9.835043836143864
3387	3387	0.27517425502464066
3388	3388	0.7470341814007417
3389	3389	8.725983592250223
3390	3390	2.3777335392805132
3391	3391	2.5592643258618506
3392	3392	0.7687203801209577
3393	3393	2.4079092803982287
3394	3394	0.21167168616074278
3395	3395	2.3202929209090284
3396	3396	1.7126267223037117
3397	3397	2.0625386981029
3398	3398	1.2667230732814687
3399	3399	1.7792277009313153
3400	3400	3.0429019777750916
3401	3401	0.10643275275038638
3402	3402	1.8284212736072945
3403	3403	3.96008773546845
3404	3404	3.1856171429498064
3405	3405	1.0615154960994364
3406	3406	0.4345122756502898
3407	3407	0.5598332021348196
3408	3408	2.436845329644479
3409	3409	0.3920973031507601
3410	3410	0.547176038892442
3411	3411	1.9345687396371316
3412	3412	0.15183964995327137
3413	3413	3.8960603019145097
3414	3414	0.7557996975719392
3415	3415	0.1425632299347527
3416	3416	2.968266146703836
3417	3417	1.7657533065597621
3418	3418	1.721115326888597
3419	3419	3.155552960035334
3420	3420	3.446647115221984
3421	3421	1.7827237947902415
3422	3422	0.42357605269404813
3423	3423	5.721472281506765
3424	3424	0.345043415835705
3425	3425	0.5653569899535625
3426	3426	0.3922870485164168
3427	3427	4.781970100161404
3428	3428	2.648120103179833
3429	3429	2.7382174273939217
3430	3430	0.6100554933251285
3431	3431	5.285144575657046
3432	3432	3.7829815572189363
3433	3433	2.3916143088670125
3434	3434	0.6340585663659113
3435	3435	1.1279638607098157
3436	3436	5.084305758945945
3437	3437	0.8269534386649514
3438	3438	6.973767335828981
3439	3439	3.3780695102012794
3440	3440	1.9497770411895436
3441	3441	0.7097048619399674
3442	3442	3.77359667478874
3443	3443	0.5799756344906081
3444	3444	4.478223682618249
3445	3445	0.8123454758148274
3446	3446	0.738988826158076
3447	3447	0.6438337369121779
3448	3448	0.3860309615190739
3449	3449	3.7203615143768336
3450	3450	6.908324479192794
3451	3451	4.225868135793656
3452	3452	1.7046124887546925
3453	3453	0.7933591203862397
3454	3454	5.187981484641399
3455	3455	12.437248356637719
3456	3456	2.747163971876539
3457	3457	4.046195141912408
3458	3458	2.977502181119018
3459	3459	0.553644031570034
3460	3460	2.227910236377697
3461	3461	5.053531480766187
3462	3462	0.008480459429017623
3463	3463	1.5212117119381874
3464	3464	0.921487585177032
3465	3465	2.3899519129898104
3466	3466	3.821894173195534
3467	3467	0.06772438996004959
3468	3468	6.885425121032509
3469	3469	2.876161484354285
3470	3470	1.060198507897684
3471	3471	3.02485097970221
3472	3472	5.341723416899995
3473	3473	1.327319189270999
3474	3474	0.3449946624959759
3475	3475	10.715720502767452
3476	3476	2.5684264253209363
3477	3477	2.4034497608387184
3478	3478	0.25511744838364264
3479	3479	1.2743152848557922
3480	3480	1.7673259616894357
3481	3481	1.0963963467717248
3482	3482	0.5865727791068965
3483	3483	1.2173775124358253
3484	3484	1.62546969149489
3485	3485	3.8163961377681317
3486	3486	6.757216697231434
3487	3487	3.8432360160429844
3488	3488	0.6157217664773826
3489	3489	0.5597211779767205
3490	3490	1.7585478094749247
3491	3491	3.6755669331248453
3492	3492	0.7674915365911277
3493	3493	2.0343737020949906
3494	3494	0.5770566394657108
3495	3495	2.5371259536803445
3496	3496	0.5103470286998348
3497	3497	4.725557117547939
3498	3498	0.6837648211890773
3499	3499	5.609825856306016
3500	3500	0.29061541771695015
3501	3501	0.9619452908649481
3502	3502	0.7213717889501065
3503	3503	3.4526327341602223
3504	3504	1.442812412142306
3505	3505	2.00124069409715
3506	3506	2.573226893388827
3507	3507	0.9609909652797273
3508	3508	0.4286573109930012
3509	3509	1.572613158228624
3510	3510	0.05308441007420521
3511	3511	3.836928451134636
3512	3512	1.0634881992427028
3513	3513	2.528501122996808
3514	3514	1.8187512053139039
3515	3515	3.2531133741407583
3516	3516	0.5508938618098194
3517	3517	1.9478365255199377
3518	3518	1.8178820003220857
3519	3519	0.21426024632585072
3520	3520	0.2377171847714876
3521	3521	2.8617805515967714
3522	3522	3.304134987769042
3523	3523	3.8306294280574895
3524	3524	2.632524451969924
3525	3525	2.128828713008971
3526	3526	1.5291477691912347
3527	3527	0.42501773272611426
3528	3528	1.1380642214557368
3529	3529	7.401106690643271
3530	3530	0.5245285749190657
3531	3531	0.5360404564231304
3532	3532	2.6392283144504107
3533	3533	1.7502281243656967
3534	3534	3.0896167690860548
3535	3535	2.5482324252520576
3536	3536	0.5152609210673939
3537	3537	6.060507976675614
3538	3538	3.7749057974701787
3539	3539	1.5610832960795142
3540	3540	0.8986304343236884
3541	3541	0.45516920222205615
3542	3542	0.17162735018968336
3543	3543	0.4614628583694769
3544	3544	2.4112768527626596
3545	3545	1.508842779629283
3546	3546	0.3625248125412772
3547	3547	0.012942032284459224
3548	3548	0.9594654325199443
3549	3549	0.37153134151644457
3550	3550	1.8305207166431925
3551	3551	0.45681421612211287
3552	3552	1.4672935185334832
3553	3553	4.103041208779974
3554	3554	6.840997142681423
3555	3555	1.6127628828467246
3556	3556	1.5818745865846529
3557	3557	0.14908662929391897
3558	3558	3.607584301387006
3559	3559	0.4501604589044229
3560	3560	2.2614443276816276
3561	3561	6.966164790422976
3562	3562	0.8259802250676344
3563	3563	2.1584820466027876
3564	3564	2.8005415214763154
3565	3565	0.6359783934307949
3566	3566	2.869260310142135
3567	3567	0.23631766972322993
3568	3568	4.469012923515355
3569	3569	0.12617831522542566
3570	3570	2.70355032772332
3571	3571	1.7588625170104486
3572	3572	0.6770450556862869
3573	3573	2.3074167090340088
3574	3574	0.1095455869399284
3575	3575	2.7911037028442296
3576	3576	1.1635053741848278
3577	3577	0.3228804260009492
3578	3578	0.0167028344541359
3579	3579	4.107085768020784
3580	3580	0.06412205219454126
3581	3581	0.22826824588249622
3582	3582	4.324559957288425
3583	3583	2.0306433523740224
3584	3584	0.10349939931729522
3585	3585	1.606456647528553
3586	3586	0.9276098043126884
3587	3587	1.4563011795352205
3588	3588	1.7533084751178267
3589	3589	0.20544190793733041
3590	3590	3.2238600645348447
3591	3591	1.6350467314515544
3592	3592	0.40760607552407024
3593	3593	4.524159003066085
3594	3594	3.1551388813863777
3595	3595	0.236273359684414
3596	3596	0.5367217592609209
3597	3597	1.3741943185748569
3598	3598	1.7584003638365386
3599	3599	0.9894444275229303
3600	3600	2.2948206368004636
3601	3601	0.34141888611092874
3602	3602	1.2075881983619898
3603	3603	1.5216140391900816
3604	3604	2.3341196170384344
3605	3605	1.703891841205211
3606	3606	2.2596889183681057
3607	3607	1.071227940293729
3608	3608	2.3770039395770954
3609	3609	2.312916881232074
3610	3610	1.3539509080336989
3611	3611	1.126779976383095
3612	3612	0.9494028866413438
3613	3613	0.0007856474513816098
3614	3614	1.0316988617868315
3615	3615	0.22638564028293723
3616	3616	3.108104861230911
3617	3617	0.9098632100461846
3618	3618	1.3975196561081147
3619	3619	0.6834957421680328
3620	3620	0.37855479295182953
3621	3621	0.16312384393236096
3622	3622	1.7021302735577801
3623	3623	1.9916135796063605
3624	3624	0.061034641809435755
3625	3625	1.4467518910385222
3626	3626	0.7764173691388052
3627	3627	1.1554498690103892
3628	3628	1.3688792172542974
3629	3629	0.49179098100611085
3630	3630	1.2500021945177757
3631	3631	2.462855532594586
3632	3632	1.221332625818607
3633	3633	6.911474017404867
3634	3634	0.7057578787360294
3635	3635	1.4132859848407837
3636	3636	0.9007762515511057
3637	3637	3.591454307926748
3638	3638	0.7039355557143708
3639	3639	4.7765398539970265
3640	3640	1.5854276281513429
3641	3641	0.5791768007363365
3642	3642	1.39392514300567
3643	3643	0.8212444501392523
3644	3644	3.1504998615312325
3645	3645	2.125600662533846
3646	3646	1.9116440199567366
3647	3647	2.0589340363022557
3648	3648	4.895414757202874
3649	3649	2.783163530074654
3650	3650	1.6873639388182746
3651	3651	1.1381053406864314
3652	3652	7.735528407003929
3653	3653	0.1133372021256656
3654	3654	1.6355355040382167
3655	3655	1.7500207262396776
3656	3656	3.081343688823537
3657	3657	0.4418860938187628
3658	3658	1.7379630035928655
3659	3659	0.9310851503033092
3660	3660	1.4058852252061842
3661	3661	2.9777918051408867
3662	3662	0.33893065907420694
3663	3663	7.506348980319805
3664	3664	3.7134887707429627
3665	3665	2.6318820050671623
3666	3666	3.1551903875800513
3667	3667	2.554743709645242
3668	3668	0.7459834182969606
3669	3669	0.0775849161932498
3670	3670	3.133599749040472
3671	3671	0.7033421363602683
3672	3672	3.108994977892847
3673	3673	1.6733754250319146
3674	3674	1.2511883633324385
3675	3675	10.762726941156542
3676	3676	0.1470913459311242
3677	3677	1.483435744107042
3678	3678	0.5041565940061803
3679	3679	0.584000786918338
3680	3680	4.903564266813145
3681	3681	2.5011134370429957
3682	3682	0.2297528447155742
3683	3683	1.4440411307681498
3684	3684	2.727362929085915
3685	3685	3.4882525679951115
3686	3686	2.262866947356824
3687	3687	1.610538951530049
3688	3688	2.0947698290383903
3689	3689	0.97355994744401
3690	3690	1.2187327934849268
3691	3691	0.22011927215838253
3692	3692	1.5859060383301036
3693	3693	0.3700021801418238
3694	3694	3.6335342543123152
3695	3695	1.3175774090896308
3696	3696	8.251792243766495
3697	3697	1.0776323399407757
3698	3698	1.1295719974921274
3699	3699	0.441637305873464
3700	3700	1.1018315418501563
3701	3701	1.4930383306871906
3702	3702	5.180155111430746
3703	3703	3.0811858118772
3704	3704	5.786163585386466
3705	3705	1.8840284172362214
3706	3706	2.242576472525139
3707	3707	0.7040478158229023
3708	3708	0.13224381824107637
3709	3709	6.4152185908331125
3710	3710	1.0895379834046865
3711	3711	3.952545659121789
3712	3712	0.569625964827614
3713	3713	0.05216046133769831
3714	3714	1.437657365647017
3715	3715	1.4518184493910122
3716	3716	4.014370095991712
3717	3717	1.1846149263730648
3718	3718	0.2613329806338045
3719	3719	3.0325488198491315
3720	3720	0.11899559020083497
3721	3721	0.7499932138232172
3722	3722	0.7474277854820475
3723	3723	10.110109640412201
3724	3724	1.4081055020640596
3725	3725	0.09298331796106826
3726	3726	0.09694322416131851
3727	3727	2.9029679475199757
3728	3728	0.30632811074741245
3729	3729	1.718442214210462
3730	3730	1.2702041243441085
3731	3731	1.4459090992615975
3732	3732	2.7145025792589506
3733	3733	0.6569216847893905
3734	3734	2.3154687278258756
3735	3735	4.031174166345692
3736	3736	4.348057729442367
3737	3737	4.169901751193671
3738	3738	0.6438930677662196
3739	3739	0.5967737033570627
3740	3740	1.4911121150394648
3741	3741	1.2956635745249185
3742	3742	4.946674868772103
3743	3743	3.9568817158587817
3744	3744	1.2895886173972555
3745	3745	0.02981231394845415
3746	3746	0.9289921871657549
3747	3747	2.9746253269336504
3748	3748	0.9534411460631191
3749	3749	2.940396285783287
3750	3750	2.1427696178339586
3751	3751	1.4023968838229905
3752	3752	4.661662158665826
3753	3753	9.113933032200748
3754	3754	2.997829205157738
3755	3755	1.0242352809534794
3756	3756	2.279557935146203
3757	3757	3.9188192825357997
3758	3758	3.052639973195748
3759	3759	1.3595151606239908
3760	3760	0.7545634855426393
3761	3761	0.6234808904338014
3762	3762	0.836539265138658
3763	3763	3.0866935232411676
3764	3764	1.9687691532316207
3765	3765	1.8728593475775217
3766	3766	1.0442353664378599
3767	3767	6.46922084256722
3768	3768	6.148624200504612
3769	3769	4.486364315403486
3770	3770	1.973010169395258
3771	3771	0.9775161840656656
3772	3772	3.6026979242247115
3773	3773	0.6814023146532726
3774	3774	1.3361676689111128
3775	3775	0.03764177962415767
3776	3776	0.026578477055462426
3777	3777	1.675669994931646
3778	3778	4.144870475954915
3779	3779	0.03757320252889421
3780	3780	2.5572166280794426
3781	3781	3.086171493688727
3782	3782	2.342416883156432
3783	3783	0.004679115401585928
3784	3784	4.582824852473521
3785	3785	0.24024381950680446
3786	3786	0.9219380851337416
3787	3787	2.4507190686907134
3788	3788	0.8539700528797254
3789	3789	2.61476135949376
3790	3790	0.2441755032301287
3791	3791	0.11459373270555437
3792	3792	1.473080847569884
3793	3793	2.3539200597403984
3794	3794	2.7540985139902134
3795	3795	5.734062433328354
3796	3796	0.15101226780400256
3797	3797	3.066196858094196
3798	3798	0.007020506443465901
3799	3799	12.13049061927918
3800	3800	1.0046346582229584
3801	3801	1.135664060864029
3802	3802	0.0421169439194744
3803	3803	0.762914524806846
3804	3804	2.6437019276536344
3805	3805	1.6887391537122616
3806	3806	1.9144911876606412
3807	3807	0.32979623905588523
3808	3808	1.2634195610723633
3809	3809	1.1823592846019446
3810	3810	0.9925907800135312
3811	3811	1.4686410806355896
3812	3812	3.62084877556453
3813	3813	1.5699535905455009
3814	3814	1.6081324780336104
3815	3815	0.3398721792678286
3816	3816	0.057813447079876054
3817	3817	0.17439058826226594
3818	3818	0.45806268213045126
3819	3819	0.6412439412697826
3820	3820	1.0474807741020864
3821	3821	0.2139248275241652
3822	3822	0.13101720779459347
3823	3823	1.5219874339593527
3824	3824	3.6402377498389766
3825	3825	0.20553982740516952
3826	3826	1.3987905164862116
3827	3827	0.3390760563220715
3828	3828	2.104727959856443
3829	3829	1.0930886887876115
3830	3830	2.7192640087236857
3831	3831	4.3970577288115615
3832	3832	9.039328913768266
3833	3833	0.18900517255883298
3834	3834	1.681068364170527
3835	3835	0.7730323992438393
3836	3836	0.8629580879653022
3837	3837	1.3263057376679839
3838	3838	3.0798540095658677
3839	3839	1.3318585520608117
3840	3840	5.675321283153645
3841	3841	0.15541835334532936
3842	3842	0.7326743236271481
3843	3843	0.20530694063128485
3844	3844	3.3476019638601233
3845	3845	2.893598102810225
3846	3846	0.38180046158892506
3847	3847	0.05485757989499831
3848	3848	8.31033554411994
3849	3849	0.218021070779358
3850	3850	1.407548852610927
3851	3851	3.1483645671643776
3852	3852	2.9859962862910265
3853	3853	1.0657967423583217
3854	3854	5.417510389146941
3855	3855	1.0134828898127337
3856	3856	5.83784574266428
3857	3857	0.3815776096852791
3858	3858	1.6182970653298212
3859	3859	0.7874216333856646
3860	3860	0.025746403470113838
3861	3861	1.9904220948162639
3862	3862	0.8581166502835063
3863	3863	0.549425260632547
3864	3864	0.02218398753807975
3865	3865	5.649912829904785
3866	3866	5.424802432513732
3867	3867	4.917803723955253
3868	3868	8.624417772716654
3869	3869	7.08762872783143
3870	3870	0.28509560002988393
3871	3871	0.33187517323603477
3872	3872	0.5741689080613239
3873	3873	0.10077915893052594
3874	3874	1.4764917005420475
3875	3875	1.3221096304848436
3876	3876	0.14298193135905468
3877	3877	0.8273674073918285
3878	3878	3.3747552825536027
3879	3879	1.4268072787059942
3880	3880	6.606117668797074
3881	3881	1.4359150240225595
3882	3882	4.386247803106004
3883	3883	0.2724620227833091
3884	3884	2.3139514007481106
3885	3885	3.5714408450724227
3886	3886	3.8538692824482883
3887	3887	4.648504116109644
3888	3888	0.21747865454013598
3889	3889	0.9431867697406928
3890	3890	0.10724548296012548
3891	3891	0.37698384791333467
3892	3892	0.7327412654660332
3893	3893	6.478623237328188
3894	3894	0.36819814272248186
3895	3895	4.450520013847303
3896	3896	0.815776926517363
3897	3897	7.5928482805291
3898	3898	2.999285023363433
3899	3899	0.09833810861360215
3900	3900	0.6883465704338948
3901	3901	0.20770462162377737
3902	3902	1.9124889137532033
3903	3903	1.787233225108148
3904	3904	0.31282797116021693
3905	3905	1.4176527633838427
3906	3906	0.016273077942525516
3907	3907	5.455371465907437
3908	3908	0.06779594062767919
3909	3909	2.1177862989000933
3910	3910	0.12499193641518067
3911	3911	0.10338042886512971
3912	3912	0.451015316423364
3913	3913	0.47916192572186533
3914	3914	0.5796451205375194
3915	3915	3.1634626560426016
3916	3916	1.4564028754629008
3917	3917	2.54951367408487
3918	3918	1.2562544113946887
3919	3919	0.39345080551871686
3920	3920	0.039994349809703275
3921	3921	9.731339131657538
3922	3922	2.8793888605006996
3923	3923	1.2941126832410632
3924	3924	0.29566179226020983
3925	3925	0.0708802191293161
3926	3926	10.948226735204697
3927	3927	0.41583493721795434
3928	3928	1.4025664890129135
3929	3929	0.7822891283137408
3930	3930	0.05317124557336878
3931	3931	0.0838847130584611
3932	3932	0.8637420844823808
3933	3933	0.06718846979771549
3934	3934	4.759756812576289
3935	3935	2.342113533122175
3936	3936	1.433589476552004
3937	3937	3.1046000897160755
3938	3938	2.052574899056214
3939	3939	0.3463234269742978
3940	3940	1.4485859942481614
3941	3941	5.100858387877575
3942	3942	0.08421155751811282
3943	3943	3.0111091077788887
3944	3944	1.5910608968318118
3945	3945	1.539588386352532
3946	3946	0.07553216605470278
3947	3947	0.04202915063188866
3948	3948	1.5601524438335974
3949	3949	0.1335090852896559
3950	3950	0.14923028623299944
3951	3951	0.2889180642111303
3952	3952	0.34079218185686483
3953	3953	1.2097691793660321
3954	3954	1.25760372606735
3955	3955	1.2876962843656368
3956	3956	2.8071405556245423
3957	3957	1.6816638380860618
3958	3958	2.0669184261213087
3959	3959	1.4913630917392628
3960	3960	0.7779223604556538
3961	3961	7.286261477552251
3962	3962	1.6357521036310494
3963	3963	4.871937273228745
3964	3964	2.3215143320719562
3965	3965	0.06188179858680925
3966	3966	0.41402959182550153
3967	3967	0.12139317729728917
3968	3968	1.0118127284645384
3969	3969	2.716621860948806
3970	3970	1.5396093227879442
3971	3971	0.6267670003972672
3972	3972	0.974578228523161
3973	3973	4.0281851253592365
3974	3974	0.16514757674015373
3975	3975	0.5923979873469749
3976	3976	1.2428505868111928
3977	3977	1.3884894752396197
3978	3978	3.509713407733246
3979	3979	1.127941194200924
3980	3980	0.5840594632571385
3981	3981	6.335379977929394
3982	3982	1.3033346205054344
3983	3983	1.5062433406562974
3984	3984	1.8512087608745136
3985	3985	1.7570958533707806
3986	3986	3.9656732738809066
3987	3987	0.4756509715543986
3988	3988	0.8144526168944378
3989	3989	6.459128613475324
3990	3990	0.5107840545262261
3991	3991	0.2990919414913187
3992	3992	0.37831707352016175
3993	3993	1.5899072799921787
3994	3994	4.699730794172532
3995	3995	8.68878790931676
3996	3996	0.5030974101157688
3997	3997	0.8795338658616167
3998	3998	0.06132812577331536
3999	3999	2.1339832983788902
4000	4000	1.742700601069842
4001	4001	2.6717856536991134
4002	4002	0.3383726900010812
4003	4003	3.706085450730335
4004	4004	0.7987461237929985
4005	4005	1.8828951553219824
4006	4006	0.1263677028522874
4007	4007	0.8028504318126954
4008	4008	0.04546006371251946
4009	4009	2.5588723563415607
4010	4010	0.3416237330006126
4011	4011	5.670470304046059
4012	4012	3.227531389941186
4013	4013	4.633792038725278
4014	4014	1.1380540034146747
4015	4015	0.6271993214123359
4016	4016	0.7618308877446364
4017	4017	5.296869453378183
4018	4018	4.830051180721016
4019	4019	1.1103926155413562
4020	4020	0.9403052359527542
4021	4021	3.3145605650371768
4022	4022	0.12329851380754772
4023	4023	3.816009499014203
4024	4024	2.3998394732416526
4025	4025	4.857951394862724
4026	4026	2.6741839822701934
4027	4027	1.171513675706981
4028	4028	0.4740838228410343
4029	4029	0.4250808682621841
4030	4030	1.261077645178814
4031	4031	2.8475505214151298
4032	4032	0.5073264821102234
4033	4033	2.2903346161367386
4034	4034	1.12438149313012
4035	4035	1.6831549750237766
4036	4036	2.8086122718590687
4037	4037	2.8617045663636285
4038	4038	0.09267122830879528
4039	4039	0.2023409658418681
4040	4040	0.12369216230471487
4041	4041	0.44333096785381626
4042	4042	4.487342756369933
4043	4043	3.3910689397995912
4044	4044	2.039375084646433
4045	4045	3.4710960961147888
4046	4046	1.193326391023514
4047	4047	3.2928736978388042
4048	4048	0.6107424637336767
4049	4049	0.6030419244078125
4050	4050	0.2952726832013084
4051	4051	1.2082492944743901
4052	4052	0.19286632006435683
4053	4053	10.045467070645405
4054	4054	1.130624140928759
4055	4055	0.7056598300190233
4056	4056	0.6904728448221771
4057	4057	0.17757017374124762
4058	4058	0.8100716474110157
4059	4059	0.7049898108086107
4060	4060	4.5631975838550725
4061	4061	0.3736776944806321
4062	4062	0.35518088735709485
4063	4063	1.5355374731571707
4064	4064	3.2539138631623397
4065	4065	0.1203031059783902
4066	4066	0.9283947422919764
4067	4067	3.038217181108335
4068	4068	0.10064888361397294
4069	4069	0.650832009178068
4070	4070	0.37358013960663033
4071	4071	2.0622412306983677
4072	4072	0.1011284610296248
4073	4073	2.8804721223718155
4074	4074	3.0721725854830257
4075	4075	0.38878051377597583
4076	4076	2.20371182538801
4077	4077	4.207613593098242
4078	4078	2.552485440064684
4079	4079	1.0770620680291998
4080	4080	4.173803737442434
4081	4081	0.03460893368807742
4082	4082	0.9140143837803008
4083	4083	1.8585526326694446
4084	4084	3.7268063160941387
4085	4085	0.5856270291789929
4086	4086	0.7850556875278124
4087	4087	1.0088158259633675
4088	4088	0.5336142940602706
4089	4089	1.2864078804725445
4090	4090	2.310177778579977
4091	4091	2.3811542027215
4092	4092	2.3539695397108487
4093	4093	2.201993899705238
4094	4094	0.0359355679741648
4095	4095	2.8477186559502186
4096	4096	3.953715465514072
4097	4097	4.822599098774529
4098	4098	0.4185998153693972
4099	4099	1.253051520780185
4100	4100	2.0439801086179674
4101	4101	3.3470133471852175
4102	4102	0.6829123528903511
4103	4103	3.8815733205340903
4104	4104	1.223813839221003
4105	4105	1.0411321523710713
4106	4106	2.099814413613434
4107	4107	0.5526584566115441
4108	4108	0.5236274783513896
4109	4109	0.09453319287398179
4110	4110	0.37859645795982333
4111	4111	2.6490182387150143
4112	4112	8.562027028069165
4113	4113	5.096095492177838
4114	4114	1.8387201979869379
4115	4115	1.1080065781670967
4116	4116	1.555431338432137
4117	4117	0.430143037195949
4118	4118	0.6702691600701569
4119	4119	0.9403247985673926
4120	4120	1.9501973272678887
4121	4121	0.9555428158232848
4122	4122	2.425610788622376
4123	4123	6.492547699310159
4124	4124	1.8275832816830055
4125	4125	0.9962726783114801
4126	4126	0.9109871863610373
4127	4127	1.7864211373620742
4128	4128	0.09491986317087515
4129	4129	3.3174884198001795
4130	4130	0.8456990558719597
4131	4131	2.4837230976474576
4132	4132	0.2320422216293994
4133	4133	1.0794486790676228
4134	4134	3.595617271647619
4135	4135	3.0219365779398024
4136	4136	10.555561930060058
4137	4137	1.3580427727070168
4138	4138	1.0814678930323727
4139	4139	10.000479365690449
4140	4140	9.44081687544233
4141	4141	3.563804768911117
4142	4142	1.081732893208719
4143	4143	0.888592725609526
4144	4144	0.024774958506948296
4145	4145	0.38614051173684677
4146	4146	0.1673665672730625
4147	4147	0.8395479184096349
4148	4148	1.715224305360306
4149	4149	0.8970479540276912
4150	4150	0.7296500406674984
4151	4151	0.7673168152159485
4152	4152	1.2216925786674857
4153	4153	4.215471737226324
4154	4154	0.5923132875572268
4155	4155	0.18605632110022272
4156	4156	0.062285534606216164
4157	4157	0.8898425107704347
4158	4158	7.056441400992639
4159	4159	1.373889776056749
4160	4160	4.958860972264657
4161	4161	0.5179566117941753
4162	4162	1.2218247206923853
4163	4163	1.2593571367108543
4164	4164	2.9654181804697646
4165	4165	2.0370290591174514
4166	4166	4.172971280750609
4167	4167	1.3935344531222533
4168	4168	4.900019376302875
4169	4169	4.141736774859277
4170	4170	2.408637553162415
4171	4171	1.1359067214531364
4172	4172	0.24059438588012846
4173	4173	4.23996183889065
4174	4174	0.4348239530067897
4175	4175	0.017545236659664957
4176	4176	1.3468504330443254
4177	4177	0.25083225928817504
4178	4178	1.4403397802900535
4179	4179	1.4520279355504162
4180	4180	1.1572349850131225
4181	4181	0.8727689673070694
4182	4182	0.02886279227771765
4183	4183	1.3261141166775874
4184	4184	1.1598836695701964
4185	4185	2.788336823006058
4186	4186	1.365436141053843
4187	4187	0.3338845055735938
4188	4188	2.5872279606660396
4189	4189	2.03220391524041
4190	4190	2.6506778234289623
4191	4191	0.6154457082921253
4192	4192	3.289281386164248
4193	4193	4.337905771564553
4194	4194	1.5698505791351138
4195	4195	0.8192614213854252
4196	4196	0.2402411558547347
4197	4197	5.85427102686034
4198	4198	1.6778326552294331
4199	4199	0.17060468506163187
4200	4200	0.5763163636177581
4201	4201	2.5403446101799148
4202	4202	0.22820643092201262
4203	4203	1.5918291705661858
4204	4204	0.9113172807301528
4205	4205	2.1861739896633363
4206	4206	4.039645254541067
4207	4207	1.979794341989645
4208	4208	4.719344233245967
4209	4209	5.886166256543832
4210	4210	1.3063329220969968
4211	4211	0.7948370689469362
4212	4212	0.7668659098242481
4213	4213	0.7004443395323389
4214	4214	0.12792193947987188
4215	4215	4.747165023006273
4216	4216	2.163632217112089
4217	4217	0.9990725858783658
4218	4218	4.216520193238933
4219	4219	5.485956139308568
4220	4220	10.778609576728462
4221	4221	3.614335575661434
4222	4222	1.1207002989434078
4223	4223	0.5686509390107075
4224	4224	1.7393445675904982
4225	4225	2.028720942142151
4226	4226	0.7235776422201577
4227	4227	4.452289307132008
4228	4228	1.6627495536006236
4229	4229	3.1731165289103536
4230	4230	1.1058921714684977
4231	4231	0.6195354846386943
4232	4232	1.5531358178534151
4233	4233	2.072110644178252
4234	4234	0.09504451269865494
4235	4235	2.4027041257112463
4236	4236	0.5842441653040277
4237	4237	0.5788018781013693
4238	4238	2.090456613676639
4239	4239	0.34001781987618046
4240	4240	6.810893176640879
4241	4241	1.8873748584691228
4242	4242	0.42654830564732854
4243	4243	1.2850294720728093
4244	4244	1.1569737342465045
4245	4245	5.3050234525836135
4246	4246	2.259253438578069
4247	4247	2.610910530592896
4248	4248	0.3011158691845593
4249	4249	0.8739391280463827
4250	4250	1.6458886859597581
4251	4251	1.9443992307658458
4252	4252	4.592709586881699
4253	4253	6.020663589501876
4254	4254	0.20738410125884185
4255	4255	2.757035484848876
4256	4256	2.111911418934674
4257	4257	3.2936258222829866
4258	4258	0.543245452241427
4259	4259	1.0618754894764744
4260	4260	1.7818744394780994
4261	4261	1.4501906855942481
4262	4262	0.04118875424711989
4263	4263	0.32603313777626863
4264	4264	0.18343896000695856
4265	4265	4.291226541360874
4266	4266	1.202816642895107
4267	4267	6.346764477058222
4268	4268	1.7796892531576525
4269	4269	3.344949428103545
4270	4270	0.7561146654746966
4271	4271	0.9370267261785452
4272	4272	1.0545877668124473
4273	4273	3.4174927464907476
4274	4274	1.745253995565833
4275	4275	1.9913875745945098
4276	4276	0.39836885906514846
4277	4277	0.05677963100086742
4278	4278	3.721984030878133
4279	4279	5.968282004465257
4280	4280	2.128784803051118
4281	4281	6.601599690182684
4282	4282	0.2348400338557114
4283	4283	0.6191552818819285
4284	4284	0.00644158983949776
4285	4285	0.1965380005935451
4286	4286	0.3283667950700724
4287	4287	0.9965594705995101
4288	4288	4.1587712780413595
4289	4289	0.8418592098818373
4290	4290	3.5327499161617735
4291	4291	0.20065790063025307
4292	4292	2.002258290586687
4293	4293	5.906156726885117
4294	4294	1.043193334586436
4295	4295	0.6128137718234518
4296	4296	1.0289464138628952
4297	4297	1.2669026523891311
4298	4298	0.7348298739624266
4299	4299	1.648406763870346
4300	4300	5.618216452497386
4301	4301	4.391975525868171
4302	4302	1.6376932372593433
4303	4303	2.019203860945753
4304	4304	4.659801494791658
4305	4305	0.8743060556034185
4306	4306	7.083170225629654
4307	4307	0.20937138653332824
4308	4308	0.11510641758961013
4309	4309	1.8205953190570021
4310	4310	0.41880670390916624
4311	4311	0.17042848519194154
4312	4312	3.3972943596938094
4313	4313	3.172095469234417
4314	4314	0.11642651372147127
4315	4315	1.4788235063526989
4316	4316	2.5732817603142144
4317	4317	4.015064511770371
4318	4318	1.2839196553422976
4319	4319	0.10302155318334809
4320	4320	2.8228074909998333
4321	4321	1.4356522953908888
4322	4322	0.2909365387217872
4323	4323	1.5016259839635868
4324	4324	4.812934710110149
4325	4325	1.5276058369440066
4326	4326	0.8223194044853075
4327	4327	0.6432064025598913
4328	4328	1.8198911773221802
4329	4329	1.2131820468666377
4330	4330	1.7151957368952842
4331	4331	3.3601030848885354
4332	4332	1.2391142745718307
4333	4333	0.44629855374311683
4334	4334	2.156306132485112
4335	4335	0.8784884111178544
4336	4336	0.6889030441871733
4337	4337	2.0247654627601794
4338	4338	9.473041292600705
4339	4339	3.04253548732287
4340	4340	3.6374281749612005
4341	4341	0.8879355888491066
4342	4342	1.3267776378098293
4343	4343	0.9005141862952285
4344	4344	1.1635175472974855
4345	4345	0.4699797521565034
4346	4346	1.8067791854035946
4347	4347	3.5347209201426937
4348	4348	0.1814987782550532
4349	4349	1.6091324115467058
4350	4350	2.1639874806179176
4351	4351	2.7905431611635847
4352	4352	0.6292069847885955
4353	4353	0.3946883088279883
4354	4354	0.7519028093933675
4355	4355	0.31054227270800605
4356	4356	6.532982404658121
4357	4357	0.9810738004818961
4358	4358	0.27194957355588223
4359	4359	0.4876859355867482
4360	4360	0.7782196231931718
4361	4361	7.699474005477234
4362	4362	2.4898014642209882
4363	4363	3.34750945842048
4364	4364	0.9166933286284349
4365	4365	1.6019804502247712
4366	4366	0.7285655951135793
4367	4367	2.024220107536267
4368	4368	1.458022539222756
4369	4369	1.1312455180656809
4370	4370	3.985768370501847
4371	4371	4.379390115750071
4372	4372	3.186040797001694
4373	4373	10.190699091093673
4374	4374	0.5322806686825485
4375	4375	2.9252586106090193
4376	4376	2.4291016908110454
4377	4377	0.3200123392243009
4378	4378	0.5782148198142518
4379	4379	0.21554662996383714
4380	4380	1.507417920385564
4381	4381	0.004602704532112374
4382	4382	0.36394032648169927
4383	4383	0.039102638874073656
4384	4384	1.6205998862474233
4385	4385	1.5297857850252992
4386	4386	5.659912322548312
4387	4387	5.96294066059969
4388	4388	1.4412128258967833
4389	4389	0.7574419916402009
4390	4390	0.5388745750963693
4391	4391	0.7866493763291249
4392	4392	2.71486542242931
4393	4393	2.036788566213458
4394	4394	3.6112383816115954
4395	4395	1.9522280263866107
4396	4396	0.47541935737751373
4397	4397	0.479085753866472
4398	4398	0.021582328680222706
4399	4399	4.055318670241353
4400	4400	0.8291170614013329
4401	4401	0.14188083446481792
4402	4402	3.2229111706258347
4403	4403	1.2843872477863123
4404	4404	1.3751719260476731
4405	4405	0.7577442958650437
4406	4406	0.8585383143625795
4407	4407	3.3047966652096954
4408	4408	0.5055211226846086
4409	4409	0.03089910137560599
4410	4410	1.579255174211251
4411	4411	1.608421963056409
4412	4412	7.313608451626116
4413	4413	9.002429130933384
4414	4414	1.4015170568491875
4415	4415	0.40734781089407135
4416	4416	0.8477866627815659
4417	4417	0.004496580692520174
4418	4418	0.4874583617598816
4419	4419	4.0733261398708915
4420	4420	1.047793706510684
4421	4421	0.10099126671093353
4422	4422	1.7253840969634977
4423	4423	0.802466370800959
4424	4424	0.11992399106261369
4425	4425	1.7653078891126075
4426	4426	0.9005750815746464
4427	4427	1.4161345829504675
4428	4428	18.21513824008269
4429	4429	3.0187089904028497
4430	4430	0.2337021490507789
4431	4431	4.398824291683349
4432	4432	0.3597456977571575
4433	4433	2.6568687745971946
4434	4434	0.375112652543961
4435	4435	0.4426953007105413
4436	4436	2.0093470655265424
4437	4437	0.6344922338418617
4438	4438	4.94192629715413
4439	4439	1.350639276477979
4440	4440	0.13803503681153567
4441	4441	0.832971429543937
4442	4442	1.6321523334884698
4443	4443	1.865738303136684
4444	4444	2.881760959518269
4445	4445	2.607658237671223
4446	4446	1.938998698379347
4447	4447	3.107354286371431
4448	4448	3.763431518697949
4449	4449	0.04668572556083406
4450	4450	1.954169894474628
4451	4451	3.5418257946666336
4452	4452	2.1319466824405424
4453	4453	0.3692965863686839
4454	4454	1.9862407658182022
4455	4455	1.6142663781900601
4456	4456	5.323156386560957
4457	4457	2.8703302703829756
4458	4458	1.8170237109881688
4459	4459	2.213044239629942
4460	4460	6.089627812890476
4461	4461	1.1474379613832015
4462	4462	1.2907005755427106
4463	4463	0.21308736129081327
4464	4464	0.9013614423802155
4465	4465	0.6716714105781578
4466	4466	3.426604572158808
4467	4467	0.150320031990031
4468	4468	0.07413725861320508
4469	4469	4.091922162238654
4470	4470	1.6484295278392016
4471	4471	0.32965864720201526
4472	4472	4.086941459477131
4473	4473	3.843469161960327
4474	4474	10.597906232402961
4475	4475	3.013691975443822
4476	4476	1.6717722475605863
4477	4477	0.5088687036783948
4478	4478	2.2585427180556428
4479	4479	0.2206398550453468
4480	4480	2.6012663402025082
4481	4481	0.9579339137361589
4482	4482	1.2818051343129466
4483	4483	1.447551216575659
4484	4484	5.694867206759473
4485	4485	0.5142073224217782
4486	4486	0.9934493727713424
4487	4487	7.400977610619724
4488	4488	2.5224190557345088
4489	4489	1.315181492065419
4490	4490	7.009140786349174
4491	4491	0.5997487608505226
4492	4492	0.04418934305932387
4493	4493	1.7316643846440807
4494	4494	11.180089021448149
4495	4495	2.309908721210106
4496	4496	5.970844444399347
4497	4497	1.081146085055212
4498	4498	2.5755379749818306
4499	4499	0.048058559495363
4500	4500	1.375892129452449
4501	4501	5.402285456923054
4502	4502	2.8295462890460703
4503	4503	2.273974370706679
4504	4504	0.23483622299044787
4505	4505	0.36303846963695435
4506	4506	1.6027244765930126
4507	4507	4.2088764032623205
4508	4508	0.15518920486812224
4509	4509	1.9615840856418203
4510	4510	4.60109461580687
4511	4511	3.3337107093199325
4512	4512	0.12766389541140405
4513	4513	2.052416732591345
4514	4514	0.02389311124865793
4515	4515	0.42171781615575404
4516	4516	5.432378794759027
4517	4517	0.9102899056822804
4518	4518	0.9823217664485276
4519	4519	0.598030235531804
4520	4520	0.054303766629969025
4521	4521	0.60812629099974
4522	4522	0.882956027680916
4523	4523	2.405446108625385
4524	4524	1.064466772745488
4525	4525	2.588815241172323
4526	4526	0.3351764459735612
4527	4527	2.2760777409706083
4528	4528	0.9418618421065076
4529	4529	0.7252252346698694
4530	4530	2.2246049333684565
4531	4531	0.16650440811182404
4532	4532	1.1419962762517648
4533	4533	4.160730886400973
4534	4534	0.006032851537028079
4535	4535	0.2571754849307822
4536	4536	0.9739888498519286
4537	4537	3.877557845617241
4538	4538	10.629103895426157
4539	4539	4.020318410875496
4540	4540	7.5686066318497485
4541	4541	2.2569785024117035
4542	4542	13.15484995433424
4543	4543	2.236114182886461
4544	4544	1.7236063220884912
4545	4545	5.914756098793353
4546	4546	0.6158617831751372
4547	4547	0.6073627662754295
4548	4548	0.6837624729453593
4549	4549	1.6030985406844196
4550	4550	4.28434280983199
4551	4551	1.065850024588044
4552	4552	5.641206817464301
4553	4553	0.03164936608646153
4554	4554	0.6061118651990387
4555	4555	0.450621518233815
4556	4556	0.9407649388752461
4557	4557	1.086418429989511
4558	4558	0.5243184195580918
4559	4559	0.9018647039174303
4560	4560	1.0877822178917989
4561	4561	3.478949535036938
4562	4562	1.3301903381212783
4563	4563	4.117986110571903
4564	4564	1.4283637854598574
4565	4565	1.0242250599037914
4566	4566	0.2683073868625204
4567	4567	0.5384853754163549
4568	4568	0.7994456241240266
4569	4569	0.005833456530174343
4570	4570	0.8983359861516139
4571	4571	0.19526408484664384
4572	4572	1.356188270869024
4573	4573	0.13616691970965014
4574	4574	5.164036199540634
4575	4575	9.81394720590359
4576	4576	0.5818244905215768
4577	4577	4.602841436124294
4578	4578	0.7608729975711755
4579	4579	0.20682720000827295
4580	4580	3.4013519710027142
4581	4581	0.1809838442877502
4582	4582	0.002516768913032712
4583	4583	1.407132715911007
4584	4584	0.8986077191617033
4585	4585	0.42170403000725315
4586	4586	0.028251030283038693
4587	4587	3.989379585192206
4588	4588	1.7751299340894178
4589	4589	0.15182640143183537
4590	4590	0.4970994755270474
4591	4591	0.3210576580547404
4592	4592	2.1910554196850267
4593	4593	0.24717477544765776
4594	4594	0.8532888597883492
4595	4595	5.668103094031079
4596	4596	0.056598425214591755
4597	4597	0.23910199090660114
4598	4598	10.691508995453475
4599	4599	4.076817821457356
4600	4600	3.6794621381162536
4601	4601	1.368055301515616
4602	4602	1.0169516064311266
4603	4603	5.645950231732685
4604	4604	6.8223495099399365
4605	4605	7.8353946429905195
4606	4606	10.73428869146125
4607	4607	1.7666793709461361
4608	4608	0.6949424018309033
4609	4609	0.08230509204201361
4610	4610	1.9701994578927318
4611	4611	0.10629518897349671
4612	4612	1.3176437955190679
4613	4613	4.640823976099391
4614	4614	0.1273968924829986
4615	4615	3.037412895701737
4616	4616	2.395285107190743
4617	4617	4.769445305515805
4618	4618	1.0687942962771946
4619	4619	14.45914250487836
4620	4620	1.9624107401822593
4621	4621	0.6113426024528674
4622	4622	2.9106041973378893
4623	4623	1.6265139675102895
4624	4624	1.1080927543170005
4625	4625	1.4684467060809498
4626	4626	1.5604269437367866
4627	4627	1.0606706047584025
4628	4628	3.6234712194704866
4629	4629	3.636864347771174
4630	4630	0.2722610257520667
4631	4631	1.791947456776129
4632	4632	1.520962300525169
4633	4633	0.1805166353925828
4634	4634	0.3293893936026301
4635	4635	3.398403528283105
4636	4636	12.67694426575077
4637	4637	1.0707487456107498
4638	4638	0.09902274722988136
4639	4639	1.5918796401882258
4640	4640	1.616947058773719
4641	4641	1.0636260438599805
4642	4642	0.06604401566171024
4643	4643	0.8819037567492064
4644	4644	5.440558698825955
4645	4645	0.6237754822354803
4646	4646	0.4680362111094856
4647	4647	5.5988464974482275
4648	4648	1.2821031468584916
4649	4649	3.290878477447486
4650	4650	0.8813005038554131
4651	4651	3.433575217844976
4652	4652	2.291194775165354
4653	4653	0.30187908815910963
4654	4654	2.3069544057171516
4655	4655	0.29013965010863235
4656	4656	3.9881254377352557
4657	4657	4.131451855076621
4658	4658	3.1227414643519653
4659	4659	0.48080584011498795
4660	4660	3.428070423140867
4661	4661	4.3187064839850775
4662	4662	4.494919849233674
4663	4663	1.3646930306287268
4664	4664	0.3463451359708788
4665	4665	1.0977462779566467
4666	4666	1.5736627264039482
4667	4667	2.4725463498886002
4668	4668	1.631809526703521
4669	4669	0.3912509376972225
4670	4670	0.6827615166598155
4671	4671	0.8677385431678983
4672	4672	0.9715705869820872
4673	4673	0.9992884263184713
4674	4674	0.05093804430566479
4675	4675	0.6173627191333724
4676	4676	0.26784824510971644
4677	4677	0.965364159065773
4678	4678	6.781599403762632
4679	4679	0.970898066514808
4680	4680	0.3541906178345002
4681	4681	0.4669544384197623
4682	4682	5.018769990861502
4683	4683	0.48582404490964426
4684	4684	0.4769824820308303
4685	4685	3.4844678169420034
4686	4686	0.06816977773435483
4687	4687	0.3624541899497326
4688	4688	1.7553179067839066
4689	4689	0.6768035008146983
4690	4690	0.3648815749735618
4691	4691	1.71179954748505
4692	4692	1.4254314926140197
4693	4693	1.0249619752441868
4694	4694	2.508053679185957
4695	4695	2.163700698149143
4696	4696	1.7845057197749878
4697	4697	1.5079515642816559
4698	4698	0.5817648506502452
4699	4699	3.149937682829874
4700	4700	0.26340175484947964
4701	4701	0.8623642752998588
4702	4702	1.2645085802358929
4703	4703	1.6400179022220156
4704	4704	0.6907749853904243
4705	4705	2.6765265135385
4706	4706	1.6157470321718872
4707	4707	2.555387831675042
4708	4708	0.08044713816104085
4709	4709	1.4905044869112143
4710	4710	0.5275134700326829
4711	4711	1.7436080979762283
4712	4712	2.3493939979380363
4713	4713	1.584902208224017
4714	4714	0.13234944062408444
4715	4715	2.1025010536358995
4716	4716	1.8634003286014524
4717	4717	0.8390996997574918
4718	4718	0.1729179197628986
4719	4719	0.6786781460328299
4720	4720	1.3218023520249123
4721	4721	5.056756459479273
4722	4722	0.19539552298844076
4723	4723	6.882160023013204
4724	4724	2.561983108611987
4725	4725	0.5619566508409227
4726	4726	1.5244002445839289
4727	4727	1.9922814540167688
4728	4728	3.6502654195486186
4729	4729	1.4074047595675172
4730	4730	1.4049176222664195
4731	4731	1.6822587520096837
4732	4732	0.7958374923181185
4733	4733	1.0655716290372927
4734	4734	0.3015986816711562
4735	4735	0.5339703617076039
4736	4736	1.1183197121599309
4737	4737	2.4876841543040458
4738	4738	0.7867256064005231
4739	4739	1.9723809281202254
4740	4740	3.8844887126080274
4741	4741	0.7206813011977614
4742	4742	1.1236144289210315
4743	4743	1.914383480452971
4744	4744	2.193414932580195
4745	4745	1.148610687417161
4746	4746	0.6522078078095388
4747	4747	1.774806122024645
4748	4748	0.5754285707598598
4749	4749	2.406244394598382
4750	4750	0.26377082076991015
4751	4751	2.512560680713794
4752	4752	0.34539705016640715
4753	4753	0.6007967757368592
4754	4754	4.121866977792685
4755	4755	0.06909601407316315
4756	4756	2.5216053659485116
4757	4757	2.349329735234837
4758	4758	1.9690540284705593
4759	4759	4.060956553880369
4760	4760	2.0268927382630024
4761	4761	0.10459890644961156
4762	4762	0.36369920841593717
4763	4763	4.526824812971218
4764	4764	1.6492735469811253
4765	4765	1.6934179812752075
4766	4766	0.3779084824156793
4767	4767	6.531297543574792
4768	4768	2.809743336546581
4769	4769	3.2174682386870352
4770	4770	0.2735060738807791
4771	4771	2.4409021562430926
4772	4772	4.451495137121059
4773	4773	3.437533072490057
4774	4774	2.246550741156226
4775	4775	1.1275896100412968
4776	4776	2.782375333448928
4777	4777	0.16118800150869725
4778	4778	6.741853030339432
4779	4779	5.544023565176124
4780	4780	2.380391059150904
4781	4781	0.1310296816991811
4782	4782	5.411919814419601
4783	4783	2.1258364102046694
4784	4784	5.875736169256745
4785	4785	0.7785339731154929
4786	4786	2.5745944418480273
4787	4787	0.878911086730537
4788	4788	1.5044257539069474
4789	4789	0.2736188991756542
4790	4790	2.2815675991685556
4791	4791	0.8299947006567427
4792	4792	4.309572330001054
4793	4793	0.022548320249316075
4794	4794	2.899328320468833
4795	4795	1.0097505120408823
4796	4796	0.5272436243958963
4797	4797	1.2487360256767124
4798	4798	2.8415896298428347
4799	4799	0.33446213332532687
4800	4800	0.18482310586730924
4801	4801	0.6249994029589886
4802	4802	2.628531634866751
4803	4803	3.370378124795148
4804	4804	1.1696715842171133
4805	4805	0.6381644158851445
4806	4806	0.19410129847413854
4807	4807	2.601795812107943
4808	4808	0.5110469778013212
4809	4809	0.6778054190487389
4810	4810	0.21605920201432574
4811	4811	1.7713112679149865
4812	4812	3.309115455608389
4813	4813	4.983539695516696
4814	4814	0.16007842146883003
4815	4815	7.104205621732576
4816	4816	0.023621506105468006
4817	4817	2.1052804030353327
4818	4818	2.5935030390833806
4819	4819	0.47862625025728256
4820	4820	1.029915313538497
4821	4821	0.9030987266490602
4822	4822	1.44776260739623
4823	4823	0.28164367646234056
4824	4824	2.13596410360826
4825	4825	0.6989336666056212
4826	4826	0.9890274168382567
4827	4827	1.3229357816341178
4828	4828	0.3096341603384823
4829	4829	0.044514227315059336
4830	4830	1.9318434498842616
4831	4831	0.7045071328321644
4832	4832	3.2360678643058445
4833	4833	0.20653308076548352
4834	4834	3.8003714229491274
4835	4835	1.8781854978505232
4836	4836	3.3815982765616877
4837	4837	2.6100679535044184
4838	4838	0.33650112682622474
4839	4839	0.02496862919088405
4840	4840	0.08034796052310735
4841	4841	0.6354714489223876
4842	4842	2.4215057532982907
4843	4843	3.955240592722883
4844	4844	0.11294123019249563
4845	4845	2.2412521795589675
4846	4846	0.6450660043214153
4847	4847	1.6720382430911132
4848	4848	3.378734136198481
4849	4849	2.297517280184056
4850	4850	1.4755628954308193
4851	4851	1.5393309274339215
4852	4852	1.1824498093521443
4853	4853	2.545968194854352
4854	4854	2.6877529599811414
4855	4855	0.5023038387586805
4856	4856	0.7956018186694206
4857	4857	0.39300475306991417
4858	4858	1.1985690344370583
4859	4859	1.052422348235397
4860	4860	0.35974814360217683
4861	4861	0.03884346982150918
4862	4862	3.586594132474697
4863	4863	0.15053486392469428
4864	4864	2.483052224001164
4865	4865	1.7773435882291053
4866	4866	1.3571365361365069
4867	4867	0.10638611316650604
4868	4868	2.3544244359528275
4869	4869	5.178796300843879
4870	4870	1.701525940231163
4871	4871	0.591068917274887
4872	4872	3.465618517570428
4873	4873	0.9088018365598253
4874	4874	5.070282662147675
4875	4875	0.7416867419415962
4876	4876	2.271088428868477
4877	4877	2.1020956642753927
4878	4878	1.3068018966615464
4879	4879	3.9687328277346947
4880	4880	1.7464568701901277
4881	4881	0.2353091533495982
4882	4882	1.912598355103695
4883	4883	2.8923869787717496
4884	4884	2.5725832429450426
4885	4885	4.486814189799293
4886	4886	2.091273347897349
4887	4887	2.4231837606567757
4888	4888	0.598278326223504
4889	4889	1.0100789716562815
4890	4890	0.14160918773644454
4891	4891	0.004192829027185116
4892	4892	1.6402486697303134
4893	4893	0.013038581445984786
4894	4894	0.08973885466406006
4895	4895	2.9492379941164373
4896	4896	4.904350316133809
4897	4897	1.2513735441627094
4898	4898	4.746260301609137
4899	4899	7.441971862465513
4900	4900	2.2972170935234164
4901	4901	0.5178491544056472
4902	4902	0.7824871069577274
4903	4903	0.6734987015416629
4904	4904	3.9972721899237915
4905	4905	1.0154546642689384
4906	4906	3.602144077561175
4907	4907	0.48986034102534914
4908	4908	5.083195317317609
4909	4909	2.496284247927482
4910	4910	0.8914477771443098
4911	4911	10.702358232794674
4912	4912	0.41922003951134756
4913	4913	3.669364798029982
4914	4914	0.3393494436791747
4915	4915	0.6954805327829217
4916	4916	0.7918972133490019
4917	4917	2.444496471741358
4918	4918	5.47070735410429
4919	4919	2.9782438854723163
4920	4920	1.2823187902236937
4921	4921	1.1163235351396241
4922	4922	2.400471553083108
4923	4923	0.21596561444469264
4924	4924	0.5641954214774223
4925	4925	2.696960857088788
4926	4926	0.6972540914981347
4927	4927	0.39400311491944157
4928	4928	0.43557950881615387
4929	4929	5.361779686608716
4930	4930	1.3572807035491774
4931	4931	0.2913359249914071
4932	4932	0.9970880577756579
4933	4933	1.76709387079922
4934	4934	0.7621814857180789
4935	4935	2.861306841221558
4936	4936	3.2923867835898544
4937	4937	1.8130039645899592
4938	4938	3.3574628236488198
4939	4939	0.5985754653288067
4940	4940	0.09558062364196852
4941	4941	4.113172393406409
4942	4942	0.9721617928399129
4943	4943	0.8255860746571045
4944	4944	0.8712230043248564
4945	4945	7.664282726837757
4946	4946	3.0250055850274977
4947	4947	5.466119401583912
4948	4948	5.9420545271746175
4949	4949	0.2057889069375405
4950	4950	1.3854727433174123
4951	4951	1.823643322272907
4952	4952	0.9517701316836874
4953	4953	4.212679666597713
4954	4954	2.1965392705295845
4955	4955	4.177320855124504
4956	4956	5.185699123557445
4957	4957	0.767371809650162
4958	4958	1.9574504640352521
4959	4959	8.443085329009476
4960	4960	6.49801820420336
4961	4961	1.5134084010946716
4962	4962	3.8744113858371105
4963	4963	0.4733419705900668
4964	4964	2.277091517243191
4965	4965	4.770092167686434
4966	4966	1.2528536726868695
4967	4967	1.4417992409199893
4968	4968	2.4611671594442623
4969	4969	0.6774864824650935
4970	4970	0.9653592780069539
4971	4971	1.4117274869792773
4972	4972	0.47306562745410236
4973	4973	4.217883292757981
4974	4974	8.471186819166348
4975	4975	0.30994672998027956
4976	4976	0.29041709986848596
4977	4977	1.5538119740628376
4978	4978	2.557239062907205
4979	4979	0.32211293409454334
4980	4980	0.3384449566787385
4981	4981	7.055608561647642
4982	4982	0.6924841785047223
4983	4983	5.585573116319005
4984	4984	2.033173190357046
4985	4985	1.634908432443624
4986	4986	1.2893804855535045
4987	4987	3.5195409416020915
4988	4988	0.7778985393057779
4989	4989	4.882349690225203
4990	4990	1.607987816207855
4991	4991	4.601200718662996
4992	4992	4.557041480961836
4993	4993	0.7766260288419148
4994	4994	3.564519887463888
4995	4995	0.8161765228473153
4996	4996	4.565288735871859
4997	4997	1.58243229880876
4998	4998	0.12998560803914289
4999	4999	1.4525303739424382
5000	5000	6.783673343302559
5001	5001	1.7552047102697905
5002	5002	0.1481993447361883
5003	5003	1.1969355722704818
5004	5004	0.3891193904583983
5005	5005	0.17134119445064147
5006	5006	0.5035834216482872
5007	5007	1.3397042903156502
5008	5008	0.04432673811001001
5009	5009	2.809276438587324
5010	5010	2.2013375020249994
5011	5011	0.07242152378877058
5012	5012	3.249796585907625
5013	5013	2.3956583712404975
5014	5014	0.004568997820894343
5015	5015	0.10585890425891555
5016	5016	0.01998844609343754
5017	5017	0.42379661451968736
5018	5018	1.2593916286124969
5019	5019	4.400472016731097
5020	5020	1.1880941921073505
5021	5021	1.891737841784502
5022	5022	6.503411332191971
5023	5023	1.5887566227296213
5024	5024	0.4805889062655684
5025	5025	0.02291619159598583
5026	5026	2.381847882067848
5027	5027	0.14801494593305795
5028	5028	3.27281715927881
5029	5029	0.6658702224733386
5030	5030	3.2457395155860653
5031	5031	2.458865287339997
5032	5032	0.5618537525514237
5033	5033	1.0989708943687773
5034	5034	0.9597179846047899
5035	5035	0.11977790026289331
5036	5036	2.4215710827985815
5037	5037	0.00044285603945571386
5038	5038	0.9109943314202938
5039	5039	2.290619335671865
5040	5040	7.714203517865986
5041	5041	0.7901955789504304
5042	5042	0.40457448433520554
5043	5043	0.005842056428735819
5044	5044	0.6087044257273118
5045	5045	1.378742000145447
5046	5046	1.422920417868476
5047	5047	0.35333600771880175
5048	5048	0.7980324538610214
5049	5049	1.3846312294185525
5050	5050	0.5684588447188672
5051	5051	3.639208209080625
5052	5052	1.6207730494571138
5053	5053	3.446798873620707
5054	5054	0.01800585234313483
5055	5055	1.0285758253136457
5056	5056	0.7806268175124407
5057	5057	0.3284789218332895
5058	5058	4.90325523746093
5059	5059	2.2291783489709127
5060	5060	0.11037705146744836
5061	5061	0.7734313061930971
5062	5062	0.28280414448670355
5063	5063	0.35600180534700265
5064	5064	0.7572137702547502
5065	5065	1.439984230242085
5066	5066	3.114850264232111
5067	5067	1.4026897805767682
5068	5068	1.2986485655192181
5069	5069	1.1610244746512752
5070	5070	0.4792364308145973
5071	5071	0.060230140877469654
5072	5072	0.15102152987585607
5073	5073	3.1185380154462363
5074	5074	0.9654729177896301
5075	5075	0.5094434659102071
5076	5076	0.40705312951322364
5077	5077	1.6718357223099547
5078	5078	1.7655301723941603
5079	5079	5.127581236751013
5080	5080	1.2522592859698907
5081	5081	0.5314311638177065
5082	5082	2.289397215664509
5083	5083	3.9807771087939128
5084	5084	0.42057109297915984
5085	5085	2.3545134019483456
5086	5086	6.279488898842681
5087	5087	3.87741869034528
5088	5088	2.0715866697588385
5089	5089	0.492725339557487
5090	5090	0.19167198754619352
5091	5091	0.5493420523934848
5092	5092	0.5972856016169134
5093	5093	0.01683567498730629
5094	5094	1.6767688795081162
5095	5095	1.4936875252048563
5096	5096	0.7239825200860579
5097	5097	2.7035414313206134
5098	5098	1.183081934900502
5099	5099	0.04739645197077208
5100	5100	0.20450293022659763
5101	5101	0.003721000129340713
5102	5102	2.7293379256330406
5103	5103	0.20417552184040502
5104	5104	4.4070405851877394
5105	5105	0.45797516559891
5106	5106	0.5151961858706932
5107	5107	0.1744184656934572
5108	5108	2.0015028281731517
5109	5109	2.178998031976138
5110	5110	0.6972186256799683
5111	5111	0.4690416053467105
5112	5112	2.817419177713477
5113	5113	3.3519261968993734
5114	5114	0.991292167260464
5115	5115	1.2776016649733015
5116	5116	0.501964157119815
5117	5117	2.5928814678404812
5118	5118	4.395492388517182
5119	5119	4.080291412419101
5120	5120	4.025005488314796
5121	5121	0.23646470200535297
5122	5122	2.4721421630426836
5123	5123	2.7459419483085394
5124	5124	0.2150474549442977
5125	5125	0.9014492996040083
5126	5126	3.2688681753961615
5127	5127	4.555051026499847
5128	5128	0.7362711710708392
5129	5129	7.819911744363691
5130	5130	1.7237000397037527
5131	5131	4.475999202157709
5132	5132	1.2720608113657441
5133	5133	0.9415766805655046
5134	5134	0.640048657293937
5135	5135	0.8354739791303784
5136	5136	4.542096622742085
5137	5137	2.046831809912604
5138	5138	0.08248900417728165
5139	5139	0.662004691039018
5140	5140	0.825326923581866
5141	5141	0.775831623549147
5142	5142	1.3147728813141535
5143	5143	5.076251222479227
5144	5144	6.713176109757661
5145	5145	1.1289450128595901
5146	5146	1.9395990636640008
5147	5147	1.7476452171740862
5148	5148	1.1916606068315938
5149	5149	0.2687423594144498
5150	5150	2.062931691639801
5151	5151	2.6204426950622284
5152	5152	2.5157368609187296
5153	5153	6.934163140201926
5154	5154	0.16781426943332506
5155	5155	0.9576729544668592
5156	5156	0.43209976651310206
5157	5157	0.7470638816824358
5158	5158	0.9246192385279078
5159	5159	4.711625364319199
5160	5160	0.030249565778076228
5161	5161	1.0262250313984
5162	5162	1.4004981049230487
5163	5163	3.89920596363161
5164	5164	2.586720480204264
5165	5165	1.6244368063925338
5166	5166	1.8420841071298326
5167	5167	0.43493397296397
5168	5168	0.4982941323988054
5169	5169	0.4916345804361746
5170	5170	4.890855003389457
5171	5171	3.526097872333004
5172	5172	4.351263201581869
5173	5173	2.1381161392912627
5174	5174	2.5548870530502645
5175	5175	2.098693627215473
5176	5176	1.4843245823520492
5177	5177	0.4203428760613273
5178	5178	2.425664789887496
5179	5179	2.326689362115848
5180	5180	2.2367744215548577
5181	5181	0.5849123993569393
5182	5182	0.22612358462851323
5183	5183	3.123977412072544
5184	5184	2.0084367343164535
5185	5185	1.3855126538822724
5186	5186	0.879621389605582
5187	5187	4.534695227674307
5188	5188	2.6347728292202905
5189	5189	0.13488199063689418
5190	5190	1.0412521453094412
5191	5191	5.573052304248794
5192	5192	1.45518663112225
5193	5193	0.6537117255181463
5194	5194	0.20550147511946987
5195	5195	1.3647475372414748
5196	5196	0.7244102603336193
5197	5197	1.429626996589631
5198	5198	0.7025938253255662
5199	5199	1.5444634459794446
5200	5200	1.0277132528011994
5201	5201	3.2366997297182922
5202	5202	3.4130683008627596
5203	5203	0.42717500451061863
5204	5204	1.6402725729422512
5205	5205	0.6364285844435863
5206	5206	0.1191236315529293
5207	5207	2.649092194923876
5208	5208	4.023548291924843
5209	5209	2.038310986227924
5210	5210	2.2873652538345155
5211	5211	2.308178108098663
5212	5212	1.0683585475415665
5213	5213	0.6579927227224466
5214	5214	2.351659248154716
5215	5215	0.008044071629326589
5216	5216	0.24788012756186273
5217	5217	2.5407442020830318
5218	5218	0.20615705617222094
5219	5219	2.7846383709833034
5220	5220	1.7881064069410484
5221	5221	0.8727244108558504
5222	5222	0.0023876495096527054
5223	5223	1.9041929483624536
5224	5224	0.01346474732935859
5225	5225	0.37931352765990156
5226	5226	0.10048461242385208
5227	5227	6.893209797417611
5228	5228	0.43192469786509063
5229	5229	1.2898677375189347
5230	5230	4.2313604807567
5231	5231	1.7606513420393413
5232	5232	2.140200683677875
5233	5233	0.6620273062593991
5234	5234	0.04378583916519987
5235	5235	0.7542946336167388
5236	5236	0.24098569301937503
5237	5237	0.8538124488985683
5238	5238	0.8061068516509087
5239	5239	4.7692611092759085
5240	5240	6.728784223397562
5241	5241	1.0105396971690657
5242	5242	1.0033421788028516
5243	5243	0.6741582481779212
5244	5244	0.7463614026836997
5245	5245	0.5693895741644833
5246	5246	1.5195253990152129
5247	5247	1.8851403891778384
5248	5248	0.4003575394294913
5249	5249	10.03079653296548
5250	5250	1.294993557212129
5251	5251	7.764721542215562
5252	5252	3.457487625534235
5253	5253	0.003993145013802817
5254	5254	5.081495170516901
5255	5255	1.2264041767898841
5256	5256	2.116688539691974
5257	5257	1.0190392499774128
5258	5258	2.935736150718669
5259	5259	0.6387677812729969
5260	5260	5.756946944875351
5261	5261	0.25938061407332375
5262	5262	1.6997139506338195
5263	5263	1.1957387583359462
5264	5264	0.9311049164654186
5265	5265	0.4988080425884981
5266	5266	6.780762017436837
5267	5267	4.460943710429649
5268	5268	0.6878149077653227
5269	5269	3.8950431108696026
5270	5270	1.5211475001471693
5271	5271	2.0545642113539637
5272	5272	0.13616448610798676
5273	5273	0.708637222743089
5274	5274	2.781684759850021
5275	5275	0.26344461241899925
5276	5276	7.80226858100246
5277	5277	2.946567799718209
5278	5278	1.3733696827636412
5279	5279	0.6289637718566927
5280	5280	0.9664034586497416
5281	5281	2.6682983598700436
5282	5282	3.618828857619999
5283	5283	0.8831752055777098
5284	5284	0.8699427719720958
5285	5285	2.068052312461901
5286	5286	3.9768456037795454
5287	5287	3.0241261585550614
5288	5288	0.7714787656089606
5289	5289	3.6906792439706906
5290	5290	0.09745045597716674
5291	5291	1.05017338167192
5292	5292	1.8172499836663352
5293	5293	0.8335810137705216
5294	5294	2.0450511827543085
5295	5295	0.8931058812391767
5296	5296	0.24260268569560342
5297	5297	3.0374106287125566
5298	5298	1.1474200672547124
5299	5299	3.617240587863108
5300	5300	0.8493570973528523
5301	5301	0.3187627491343092
5302	5302	0.349307914176324
5303	5303	0.9606338649396526
5304	5304	1.5796876821860284
5305	5305	3.568212426829768
5306	5306	4.386012061881759
5307	5307	2.799311717717244
5308	5308	0.9780966487540719
5309	5309	8.674490227971363
5310	5310	0.47282386408904553
5311	5311	3.031372243563302
5312	5312	1.1266921123068812
5313	5313	1.2708416804400857
5314	5314	5.0495705480256055
5315	5315	4.33150226103884
5316	5316	0.8621381243999543
5317	5317	0.49884003803630117
5318	5318	1.4530987456742983
5319	5319	3.5330758356638974
5320	5320	0.5390742801596696
5321	5321	2.669422279779479
5322	5322	2.3918520265252634
5323	5323	0.9345448482016149
5324	5324	0.35892783073034784
5325	5325	0.1400854439408723
5326	5326	0.297072924458814
5327	5327	0.41878179076105104
5328	5328	1.7289210694413903
5329	5329	0.20320592518013966
5330	5330	1.2087162968861633
5331	5331	3.537773219940789
5332	5332	0.5739320513176615
5333	5333	2.1371709753706214
5334	5334	2.7259007771885604
5335	5335	0.30378971415192885
5336	5336	1.2568718515471726
5337	5337	3.7879719061202146
5338	5338	2.3055731985217296
5339	5339	4.772446274239838
5340	5340	0.40984344023381825
5341	5341	0.3306119053655408
5342	5342	1.0717297758937618
5343	5343	0.8376811134021384
5344	5344	5.0995900693907
5345	5345	0.95648701629532
5346	5346	4.279151886621724
5347	5347	0.1312296051705428
5348	5348	4.193503233496706
5349	5349	0.6929175962840772
5350	5350	8.023936807266638
5351	5351	3.09206911353821
5352	5352	0.6837582087964427
5353	5353	4.972103608361864
5354	5354	0.9160505110548353
5355	5355	1.0156042101790697
5356	5356	1.350433080806229
5357	5357	0.5121317326614834
5358	5358	0.48656807119354556
5359	5359	9.08411122079266
5360	5360	1.888012419779863
5361	5361	0.3062460303420537
5362	5362	1.1061284217130969
5363	5363	0.5877737234357532
5364	5364	1.4220302003899405
5365	5365	0.0076189694117979575
5366	5366	1.1221172811061109
5367	5367	0.02628414417563651
5368	5368	3.2470432442557264
5369	5369	1.6065086598789284
5370	5370	2.0572495569546825
5371	5371	2.0059044247727797
5372	5372	1.1602344384540326
5373	5373	1.614365711586664
5374	5374	1.5711064478038856
5375	5375	4.4258875302324165
5376	5376	0.9279683810491424
5377	5377	0.37745670741191617
5378	5378	2.0856381418318146
5379	5379	1.1547277024182887
5380	5380	13.526002232558428
5381	5381	0.7898158940205047
5382	5382	2.9831771371447013
5383	5383	1.7293255709741902
5384	5384	0.44260801461110905
5385	5385	3.6895134387418063
5386	5386	1.8058024265892285
5387	5387	0.32911383673459527
5388	5388	0.10110251748199293
5389	5389	7.004888345776115
5390	5390	0.34242610323955447
5391	5391	2.6343208442024864
5392	5392	4.481693898618751
5393	5393	4.032426419384706
5394	5394	1.3234364685125415
5395	5395	1.2335424678813347
5396	5396	0.9404469538108825
5397	5397	0.6737923256150911
5398	5398	1.453936738929834
5399	5399	1.591592491593842
5400	5400	3.2701871730993664
5401	5401	3.0002305150761015
5402	5402	0.5031627388685306
5403	5403	0.06294765898530827
5404	5404	1.1381728028372307
5405	5405	0.8037530251795603
5406	5406	1.4736942760571279
5407	5407	1.1663560131101107
5408	5408	0.6681702982248547
5409	5409	1.5041371978302245
5410	5410	0.5923569812603361
5411	5411	1.0514860571397737
5412	5412	0.5843906254496575
5413	5413	1.56868935887505
5414	5414	0.4451936591999613
5415	5415	1.388404169356665
5416	5416	0.032362658947190495
5417	5417	4.531236508351905
5418	5418	2.4999413893327587
5419	5419	2.1401952214456155
5420	5420	2.4611328906716743
5421	5421	4.817798327488631
5422	5422	0.01948465896205854
5423	5423	0.23988652374518615
5424	5424	3.476185054831201
5425	5425	0.09431897504609717
5426	5426	4.112150152799835
5427	5427	1.4317567277308192
5428	5428	3.1133674578206714
5429	5429	7.012854280329655
5430	5430	0.3490271247667871
5431	5431	3.585654010353295
5432	5432	0.68895600504195
5433	5433	1.1341442021426555
5434	5434	0.014571822611598043
5435	5435	1.8800663638277342
5436	5436	2.9442171466261176
5437	5437	0.23415247300222317
5438	5438	1.693969753019272
5439	5439	1.2871998235779727
5440	5440	0.22094766922514483
5441	5441	0.751861708949376
5442	5442	0.5256251020558445
5443	5443	0.24982738623032047
5444	5444	2.090352343466118
5445	5445	2.1400146306285737
5446	5446	1.0358317252799951
5447	5447	0.004637351810030698
5448	5448	0.44766063135323586
5449	5449	1.5285289601652705
5450	5450	0.22564042794875974
5451	5451	5.007627531536127
5452	5452	0.03354056272924198
5453	5453	1.3272938293353282
5454	5454	0.07773681005092074
5455	5455	3.243665186811842
5456	5456	0.9460377730338617
5457	5457	1.2808662395602097
5458	5458	5.016914937983075
5459	5459	0.2707644505022172
5460	5460	1.0329712742204447
5461	5461	0.5629767996385926
5462	5462	1.4464735514644251
5463	5463	3.8633467166396263
5464	5464	1.7174890773170872
5465	5465	2.3567478262378274
5466	5466	6.359187036342207
5467	5467	6.143136098835752
5468	5468	3.099255550723812
5469	5469	1.5178248570266621
5470	5470	5.468983577407712
5471	5471	1.5072063031978151
5472	5472	0.09067567861110054
5473	5473	0.6958386765167103
5474	5474	5.381146373382051
5475	5475	2.4145893400779603
5476	5476	2.0717427254146163
5477	5477	1.5980339359587696
5478	5478	0.26526634031707763
5479	5479	0.23705368910352417
5480	5480	0.8474220129107205
5481	5481	0.07596776117688064
5482	5482	4.72817672556549
5483	5483	5.357152412238083
5484	5484	0.7875667926215054
5485	5485	3.978854493298722
5486	5486	4.397363368926664
5487	5487	1.6199628304238058
5488	5488	4.661980078182925
5489	5489	2.4267351169110585
5490	5490	2.411348416518648
5491	5491	1.9353505438729157
5492	5492	1.6044759941078657
5493	5493	1.6359534123206414
5494	5494	3.6318440703098505
5495	5495	3.1487264128677044
5496	5496	0.11750882684882802
5497	5497	1.4050952149882723
5498	5498	0.5856931012745841
5499	5499	0.3069532463081795
5500	5500	3.768724872281135
5501	5501	0.39166143276409565
5502	5502	2.8770122610477435
5503	5503	0.58718086208035
5504	5504	5.426045369413943
5505	5505	3.253158911266099
5506	5506	3.228659500620743
5507	5507	3.125091878625552
5508	5508	2.67765785261708
5509	5509	2.596172614544129
5510	5510	0.521149921108421
5511	5511	0.2167393106736754
5512	5512	0.23893442143384908
5513	5513	3.581494400809925
5514	5514	0.9062187811669178
5515	5515	0.5926578099441365
5516	5516	0.4028057799757459
5517	5517	1.3212186971730395
5518	5518	2.4597359427648127
5519	5519	0.7277623102361339
5520	5520	1.3327038615104536
5521	5521	1.4902097760415243
5522	5522	0.5270036866493369
5523	5523	3.789850589094961
5524	5524	1.294832373241641
5525	5525	2.209232280529873
5526	5526	0.2644622039538995
5527	5527	0.004297459250246019
5528	5528	3.702790561418322
5529	5529	0.3671651192514542
5530	5530	2.7946177328538018
5531	5531	0.3639677676195305
5532	5532	2.918247293501716
5533	5533	2.31934988799266
5534	5534	1.2253768834518548
5535	5535	2.920565894180728
5536	5536	0.2198145488208846
5537	5537	3.3183227770123107
5538	5538	0.1421208621091512
5539	5539	2.0933022025117882
5540	5540	0.23254839399214286
5541	5541	5.610116691262768
5542	5542	0.14163586347594043
5543	5543	0.31036716775550266
5544	5544	4.067159740334625
5545	5545	0.556679047859197
5546	5546	0.37882128109978674
5547	5547	0.2660345676715039
5548	5548	2.1327336004189674
5549	5549	2.3146766774983205
5550	5550	0.032778477561787644
5551	5551	1.1006213624124785
5552	5552	3.2253538076752397
5553	5553	0.06738677047886411
5554	5554	1.2958304347535257
5555	5555	0.7603647576462506
5556	5556	5.598076436266442
5557	5557	0.07178051331904561
5558	5558	0.7689834767798909
5559	5559	1.4482827587617917
5560	5560	2.3492007444801577
5561	5561	0.06936482270683442
5562	5562	1.5904189604357741
5563	5563	0.07612766007296734
5564	5564	2.891248612040551
5565	5565	6.341950570800233
5566	5566	0.02188824482823855
5567	5567	1.4255436325488968
5568	5568	4.154148491893911
5569	5569	2.015226620652331
5570	5570	1.3512612622114306
5571	5571	4.925521216594164
5572	5572	0.049226849358355695
5573	5573	0.6449024682646274
5574	5574	0.3265050803802008
5575	5575	8.334100635277249
5576	5576	2.1826384864601573
5577	5577	0.7952447403498228
5578	5578	0.7034621786558035
5579	5579	10.248965547388098
5580	5580	8.486798801413316
5581	5581	1.653486912297186
5582	5582	0.41710171812439584
5583	5583	0.2478389767624762
5584	5584	0.3023932053575688
5585	5585	3.3266283916048667
5586	5586	1.88665110147568
5587	5587	2.157960381071007
5588	5588	2.2734351403344366
5589	5589	6.438318138033291
5590	5590	0.7661244269059183
5591	5591	0.3824288344844916
5592	5592	0.5624899601189404
5593	5593	0.034689339960989475
5594	5594	4.360376553303898
5595	5595	2.2482047775801948
5596	5596	2.5936116256034745
5597	5597	4.013337331950096
5598	5598	1.7286551900672775
5599	5599	3.109436765565733
5600	5600	0.45521898482087475
5601	5601	1.6994032161117523
5602	5602	2.988957029953537
5603	5603	0.6139633229132264
5604	5604	0.5366049941716923
5605	5605	1.288586345540646
5606	5606	0.2746469499653283
5607	5607	2.9128058412714837
5608	5608	2.322629204181438
5609	5609	1.1958061135285378
5610	5610	5.507645617394071
5611	5611	2.1314647372631375
5612	5612	0.8638695218569383
5613	5613	0.4032505270714253
5614	5614	7.307438044081295
5615	5615	1.4471484017225313
5616	5616	0.4723108631872476
5617	5617	1.1585748563405214
5618	5618	0.1944647845890701
5619	5619	5.259157878803319
5620	5620	2.109963337127918
5621	5621	3.52588703224
5622	5622	4.19626677749768
5623	5623	0.30160555943426187
5624	5624	2.1980071292712067
5625	5625	0.2659285118577953
5626	5626	0.901809685249816
5627	5627	0.13521833131178665
5628	5628	4.803985462154425
5629	5629	0.4696001407869059
5630	5630	0.8388594455095638
5631	5631	1.529981866444182
5632	5632	4.946587449075125
5633	5633	8.495695717623237
5634	5634	1.3914263488904814
5635	5635	0.6696662735059413
5636	5636	5.333162574314247
5637	5637	4.227015225578677
5638	5638	0.5999797342482273
5639	5639	3.0629105802472676
5640	5640	1.9554150484026582
5641	5641	0.24152480896258177
5642	5642	2.7224740503852956
5643	5643	3.7289294368079373
5644	5644	2.012880175718737
5645	5645	0.9340583765005968
5646	5646	3.660094027004821
5647	5647	9.571197602203876
5648	5648	3.355091383555851
5649	5649	0.345408151410733
5650	5650	2.4477409006412385
5651	5651	2.338771370745278
5652	5652	1.0525434795412376
5653	5653	1.7734441941604462
5654	5654	0.16436475880560172
5655	5655	3.920808207343207
5656	5656	0.2198676869697703
5657	5657	1.4389882646439196
5658	5658	1.8125382749222463
5659	5659	1.0631237499901454
5660	5660	0.7905062160998345
5661	5661	2.1738770536323937
5662	5662	0.8482733712315903
5663	5663	4.0305948217854635
5664	5664	5.955440566138965
5665	5665	3.1902126285385113
5666	5666	0.5755618241050602
5667	5667	6.015105079827249
5668	5668	5.912367013111392
5669	5669	4.236116488607703
5670	5670	4.466464977083214
5671	5671	3.919629819542239
5672	5672	1.195941371326576
5673	5673	6.562876686605391
5674	5674	2.183068202423473
5675	5675	0.3399424087629449
5676	5676	0.3482065450335828
5677	5677	1.374724176509562
5678	5678	0.2504092394142734
5679	5679	2.2045790877340337
5680	5680	1.8691708556108984
5681	5681	1.2679819221665731
5682	5682	7.7046394215637335
5683	5683	1.2477267215473433
5684	5684	2.7601030820297057
5685	5685	0.020091356115224116
5686	5686	1.1409868554283065
5687	5687	1.312871680565287
5688	5688	6.548762170471837
5689	5689	0.27640147584148683
5690	5690	0.09240850576225018
5691	5691	1.3690333737256115
5692	5692	3.061805815906814
5693	5693	0.3958341149760546
5694	5694	1.2089474311989856
5695	5695	1.838795696225515
5696	5696	3.291734303154359
5697	5697	0.191861347842468
5698	5698	0.4256837041939156
5699	5699	12.592881504524952
5700	5700	0.6217542321862858
5701	5701	1.5896511909500821
5702	5702	0.44363954378936443
5703	5703	1.0799283311469363
5704	5704	0.8328927115024556
5705	5705	9.540824657066235
5706	5706	0.998674091722209
5707	5707	0.6821775536122745
5708	5708	0.3439383835488858
5709	5709	9.743365794441754
5710	5710	5.794419434535036
5711	5711	1.7311504502502455
5712	5712	0.09627963911472162
5713	5713	2.879849865798806
5714	5714	0.6893840303342619
5715	5715	2.0906514593961916
5716	5716	3.412843363665995
5717	5717	3.37242141564369
5718	5718	5.122278862399672
5719	5719	1.2054318811769438
5720	5720	1.8597042852429768
5721	5721	1.6502485569094107
5722	5722	0.4642885838768337
5723	5723	0.16715663908347383
5724	5724	5.274954679968286
5725	5725	0.9098539417004795
5726	5726	0.268376541774217
5727	5727	2.3084415064904555
5728	5728	2.2137241747050274
5729	5729	1.5563368054602258
5730	5730	0.9243844812935793
5731	5731	0.5592573281465031
5732	5732	0.21375596380748096
5733	5733	3.3024561167267543
5734	5734	0.7395521954881
5735	5735	0.52310389220544
5736	5736	1.0409660726069483
5737	5737	2.4478664981447187
5738	5738	5.011499014038875
5739	5739	0.742304316182031
5740	5740	2.4313823762731275
5741	5741	1.5316684314976232
5742	5742	1.097356175604132
5743	5743	0.9922480559830366
5744	5744	6.036116323092057
5745	5745	0.5732147790257138
5746	5746	4.039938251834734
5747	5747	1.1945980872942539
5748	5748	5.722958109140273
5749	5749	2.1627781906479857
5750	5750	0.8398705022566554
5751	5751	6.5856873685576724
5752	5752	1.2920672792231107
5753	5753	0.6418801493954867
5754	5754	1.949916048867579
5755	5755	3.2237963290170644
5756	5756	4.623087018662771
5757	5757	2.7586203543288654
5758	5758	1.4684702291391551
5759	5759	5.7299797703854605
5760	5760	1.7652845780061823
5761	5761	5.467243547630334
5762	5762	6.607620711181499
5763	5763	2.4078655382877083
5764	5764	1.372812466501984
5765	5765	1.1731806995485534
5766	5766	2.3298642164714436
5767	5767	0.9235465811002836
5768	5768	1.8261962267711458
5769	5769	0.23005636771806734
5770	5770	0.652941863161956
5771	5771	1.4733980215407243
5772	5772	0.9091273887118428
5773	5773	3.000385882091352
5774	5774	0.9525951693139629
5775	5775	2.8098791338192517
5776	5776	2.1903023604788827
5777	5777	2.7965398599865376
5778	5778	0.38230218224372237
5779	5779	1.0960847909466367
5780	5780	1.3447659676665649
5781	5781	2.4010826044597517
5782	5782	1.0188305432579674
5783	5783	2.1460595984662034
5784	5784	0.843704806062614
5785	5785	0.6368839795859624
5786	5786	3.845013346758369
5787	5787	3.085573341011629
5788	5788	5.32104411935107
5789	5789	0.6633847022180496
5790	5790	3.316821663683224
5791	5791	6.2619306977642895
5792	5792	0.9536123412841658
5793	5793	0.5369034442900336
5794	5794	0.8023839993926405
5795	5795	2.0885671818665625
5796	5796	4.709581310123702
5797	5797	0.46976298499168856
5798	5798	1.0223048185648695
5799	5799	0.2938945174612138
5800	5800	6.156699442835628
5801	5801	2.4516861525148035
5802	5802	3.907698808518743
5803	5803	0.01990395232002028
5804	5804	2.28411776794149
5805	5805	0.17080044193227692
5806	5806	1.3132047635241137
5807	5807	1.3041001350020467
5808	5808	1.0142669485569558
5809	5809	1.2496017736678142
5810	5810	0.06207012826515162
5811	5811	0.8361152921104401
5812	5812	2.6000748486120213
5813	5813	0.5590565634755194
5814	5814	0.18797126619338642
5815	5815	0.7083488027237926
5816	5816	1.2181353495055127
5817	5817	0.6866777779228239
5818	5818	3.057386442521852
5819	5819	0.09422252077314713
5820	5820	0.8002880926185987
5821	5821	2.3373544850169234
5822	5822	2.5952102148924956
5823	5823	0.37682327059478166
5824	5824	1.8158834380756639
5825	5825	4.124937987503598
5826	5826	0.3386888528589671
5827	5827	0.09448212431059987
5828	5828	1.660562362621105
5829	5829	1.8567704212282452
5830	5830	0.5777291676567082
5831	5831	0.035915516780273715
5832	5832	0.822777743320182
5833	5833	0.8399296863170718
5834	5834	5.526689067050887
5835	5835	2.2896301256045515
5836	5836	2.921245668779289
5837	5837	0.22557781415561107
5838	5838	0.7133196130252557
5839	5839	0.9213509264896145
5840	5840	0.2758387742492483
5841	5841	0.9896892267455161
5842	5842	3.033398014720657
5843	5843	2.959092532570035
5844	5844	0.2276632151659931
5845	5845	0.42699235096060695
5846	5846	2.0728363927748146
5847	5847	6.408784122257319
5848	5848	0.1030624505037393
5849	5849	1.6622305056632236
5850	5850	0.8414014698045911
5851	5851	0.44060645222763356
5852	5852	0.0036854131721322826
5853	5853	4.7831541423078034
5854	5854	0.31982429092614795
5855	5855	0.2582849183108442
5856	5856	0.07504497633360595
5857	5857	12.683562385757288
5858	5858	1.367913808729928
5859	5859	0.3223765135102346
5860	5860	0.6258424850557444
5861	5861	1.8707206691433964
5862	5862	2.2211332788605302
5863	5863	6.779908659788933
5864	5864	0.3283630737783808
5865	5865	1.2377191487316705
5866	5866	0.8011559143502516
5867	5867	0.48177168835441175
5868	5868	1.437517817159001
5869	5869	0.047178231674961185
5870	5870	1.380004759268605
5871	5871	2.2651575316951003
5872	5872	0.22703434655935203
5873	5873	1.620682314460393
5874	5874	0.08581017365333898
5875	5875	2.4929856762294063
5876	5876	3.58720043129011
5877	5877	3.9788894576149723
5878	5878	3.9489079370164157
5879	5879	1.016831343676066
5880	5880	0.5866182073442857
5881	5881	4.758035459760371
5882	5882	0.021638422669356668
5883	5883	0.5710887927887071
5884	5884	0.511559688335481
5885	5885	2.4303779706737045
5886	5886	0.9073146304688711
5887	5887	3.5421048239495603
5888	5888	1.2107758479886057
5889	5889	4.514376717138437
5890	5890	3.168144313758221
5891	5891	0.33981820098965176
5892	5892	0.11386047480627352
5893	5893	3.913277128674147
5894	5894	2.3978047522462957
5895	5895	0.019996880247841842
5896	5896	0.396367036925715
5897	5897	1.2668694539768899
5898	5898	0.07767805608638251
5899	5899	3.1672075081720963
5900	5900	3.7074277878111004
5901	5901	0.05893452757780517
5902	5902	3.168789394084109
5903	5903	4.872676063614911
5904	5904	0.3345101846796222
5905	5905	1.2836898470772928
5906	5906	4.989350898480856
5907	5907	1.3532905334452094
5908	5908	0.5126013791568398
5909	5909	0.3860756836982106
5910	5910	0.37045692665645286
5911	5911	2.7068852131235586
5912	5912	3.5693012657513745
5913	5913	1.8234613764576442
5914	5914	0.14678974725661
5915	5915	1.2708596539461667
5916	5916	0.37453624490793364
5917	5917	0.40791524130393086
5918	5918	0.29967441600670314
5919	5919	0.8750489210147653
5920	5920	0.36168023666539284
5921	5921	1.6137936301756708
5922	5922	0.2688143036058188
5923	5923	0.35299611416911225
5924	5924	0.3715730417573032
5925	5925	0.33678363507589937
5926	5926	4.6873393283494105
5927	5927	0.005085011281408191
5928	5928	2.6747819638704984
5929	5929	5.670518511349533
5930	5930	2.4543123399049107
5931	5931	0.25236794124505607
5932	5932	4.123366180529333
5933	5933	0.31057379509983274
5934	5934	0.46327978214969395
5935	5935	0.09397116282376597
5936	5936	6.471444101428027
5937	5937	3.5579800119831506
5938	5938	0.22775883876101338
5939	5939	4.024726523211948
5940	5940	0.2196229752884934
5941	5941	0.8847407760302795
5942	5942	3.891250724585834
5943	5943	3.5096974694100744
5944	5944	0.2669305307730823
5945	5945	1.541061652600553
5946	5946	0.4981809364848743
5947	5947	6.339428190416953
5948	5948	0.052839464470651167
5949	5949	2.5192898426557964
5950	5950	0.6478442212262825
5951	5951	2.407785453587946
5952	5952	0.27991987619081604
5953	5953	3.882504563677958
5954	5954	10.467556889296466
5955	5955	1.399831409426333
5956	5956	2.4940709336223508
5957	5957	2.438544647451402
5958	5958	2.2686873417846463
5959	5959	0.14328264294252704
5960	5960	1.83796999892247
5961	5961	1.0200550043619772
5962	5962	1.7664299032085675
5963	5963	0.23432349626099222
5964	5964	4.394017480628964
5965	5965	6.476164368343287
5966	5966	0.08606204732634869
5967	5967	1.6805801414515513
5968	5968	4.432819954867373
5969	5969	1.1301941220592735
5970	5970	0.3013616563678778
5971	5971	4.161306711806174
5972	5972	2.98639954444819
5973	5973	0.7873451820471047
5974	5974	1.7302088084635021
5975	5975	0.288185880084128
5976	5976	3.295195161300317
5977	5977	4.45499276375601
5978	5978	3.4019749718613075
5979	5979	0.32195584611442724
5980	5980	0.34578615215943537
5981	5981	2.252126614995656
5982	5982	1.44040879747287
5983	5983	6.764628368378574
5984	5984	1.7129218556596355
5985	5985	1.2519906537791716
5986	5986	0.7514514053206313
5987	5987	0.08506532782392848
5988	5988	0.20615524535595423
5989	5989	2.3746833393076323
5990	5990	3.109066466901083
5991	5991	4.075072160671843
5992	5992	0.7548437755777985
5993	5993	0.3942603938331509
5994	5994	2.1104674471073595
5995	5995	5.51027308545138
5996	5996	1.1139587040279204
5997	5997	0.2367103229218515
5998	5998	0.9512284235678637
5999	5999	2.1534648544950543
6000	6000	0.219975550676529
6001	6001	2.54075125530892
6002	6002	1.112954280182356
6003	6003	1.885173011695542
6004	6004	0.2216615600483516
6005	6005	3.6315917846776804
6006	6006	3.8968936722453114
6007	6007	0.5664127429160084
6008	6008	2.396691682070317
6009	6009	1.459903227182655
6010	6010	0.8051712209864083
6011	6011	0.09574184033265958
6012	6012	0.3980763767413416
6013	6013	3.82464627240342
6014	6014	1.6353020787862256
6015	6015	1.1068422173279453
6016	6016	0.21683383370667247
6017	6017	0.4316445117375986
6018	6018	2.4724562024894214
6019	6019	0.8351236281264678
6020	6020	0.30051508484751716
6021	6021	0.47233150778795274
6022	6022	0.15456806462776537
6023	6023	4.562078075124343
6024	6024	1.5023779614400485
6025	6025	2.86910241134366
6026	6026	3.5253353724245895
6027	6027	5.365036974705249
6028	6028	2.411033574618975
6029	6029	2.2283623622162634
6030	6030	3.7216875887256684
6031	6031	0.8565396720581904
6032	6032	2.10340180541136
6033	6033	2.624644219209728
6034	6034	0.817503026572925
6035	6035	1.6035195709725905
6036	6036	5.6010011795828545
6037	6037	8.31707649095677
6038	6038	1.1556107218208214
6039	6039	1.1211513745658181
6040	6040	2.4192253398832038
6041	6041	1.0620150036474985
6042	6042	1.206739172571777
6043	6043	1.3826442190957187
6044	6044	3.110082841770933
6045	6045	3.2500608461759612
6046	6046	1.4411361002342635
6047	6047	1.5673288621334804
6048	6048	2.5251915759644077
6049	6049	0.407495985309418
6050	6050	1.3759607148840551
6051	6051	0.3089798126037814
6052	6052	0.6454404264327556
6053	6053	1.99541729130992
6054	6054	1.8759909447654068
6055	6055	1.2024585151095908
6056	6056	2.2239262852045223
6057	6057	0.9583838594900552
6058	6058	1.010564014750538
6059	6059	1.26583426990904
6060	6060	4.997076052565259
6061	6061	0.4382798748228096
6062	6062	6.447053691324943
6063	6063	1.8235634944896548
6064	6064	2.9516465110192263
6065	6065	0.8750131222886373
6066	6066	2.0266395280466996
6067	6067	3.1169297657311508
6068	6068	0.04542674573410413
6069	6069	4.065693388839294
6070	6070	0.04339921137900063
6071	6071	1.7834094371449547
6072	6072	2.3918678115985026
6073	6073	2.504476579191341
6074	6074	5.060278923311424
6075	6075	0.37777878506302254
6076	6076	1.2564846451529783
6077	6077	0.9655311471977597
6078	6078	0.8891744051147271
6079	6079	1.1418481985524542
6080	6080	3.2177480541744337
6081	6081	4.316335235712891
6082	6082	5.407513275576156
6083	6083	1.1618860153486374
6084	6084	2.091727056851865
6085	6085	0.11762518588919513
6086	6086	0.6703116571633027
6087	6087	3.289492771490232
6088	6088	5.497774817625694
6089	6089	3.3551173709843085
6090	6090	2.6545251856921825
6091	6091	0.4285542583363202
6092	6092	0.4249697100985992
6093	6093	0.4863793961409903
6094	6094	3.754110971510419
6095	6095	3.8117861574010945
6096	6096	3.076382110074417
6097	6097	0.487469358001566
6098	6098	1.234821503698047
6099	6099	1.2540261462023437
6100	6100	2.734865652918247
6101	6101	3.090325324801306
6102	6102	0.6597136296327607
6103	6103	5.92482337200816
6104	6104	1.5397377142866646
6105	6105	1.25035473901335
6106	6106	3.6185808048899406
6107	6107	4.811674919824337
6108	6108	0.037148208338508674
6109	6109	0.04496877250921719
6110	6110	0.19282731713007664
6111	6111	1.1105010808498652
6112	6112	1.8340609649648738
6113	6113	0.4511880559016578
6114	6114	0.16366233031888058
6115	6115	1.2957184653767522
6116	6116	2.3471972972424378
6117	6117	1.031683544975728
6118	6118	0.4874373414339883
6119	6119	3.059174559102908
6120	6120	0.6566339307884885
6121	6121	0.4255179920179894
6122	6122	0.5180539044335274
6123	6123	1.1939719166834686
6124	6124	0.1861074585795413
6125	6125	5.2737970889762495
6126	6126	0.5237637706998395
6127	6127	0.0695983570536705
6128	6128	1.9622068289985999
6129	6129	2.2650953944925423
6130	6130	2.1402039220624625
6131	6131	2.7873591533109288
6132	6132	3.4135925148027746
6133	6133	0.38546879398386974
6134	6134	0.07223095482610918
6135	6135	1.395886884324927
6136	6136	3.2857342868745243
6137	6137	2.6081320546825997
6138	6138	1.1195550978925068
6139	6139	2.0960907385067347
6140	6140	6.328093586460357
6141	6141	0.14797300071186606
6142	6142	2.5628167690525876
6143	6143	0.5410484321050529
6144	6144	4.8488502715628625
6145	6145	0.4300075666211135
6146	6146	0.9117907487918973
6147	6147	1.5617539571179901
6148	6148	3.533396410759602
6149	6149	3.016470294987946
6150	6150	0.25265307246604446
6151	6151	0.1721206463547406
6152	6152	2.076648629827795
6153	6153	0.34879054536656906
6154	6154	4.69183687480691
6155	6155	4.172843597076356
6156	6156	3.0647422242668005
6157	6157	0.8657259300448367
6158	6158	1.7874238678138792
6159	6159	7.070705100081753
6160	6160	0.9219368350236707
6161	6161	1.5398988769564912
6162	6162	4.24903375152422
6163	6163	2.131155639310245
6164	6164	3.204089401166622
6165	6165	0.114863679180839
6166	6166	0.14896939726467376
6167	6167	2.416038188341145
6168	6168	3.462899680423656
6169	6169	0.109016735478406
6170	6170	1.530784479891088
6171	6171	2.0987771471166052
6172	6172	5.782282162255595
6173	6173	4.119464432154767
6174	6174	0.3747013020599169
6175	6175	2.3710001200534627
6176	6176	4.128127685394221
6177	6177	3.5452352647413314
6178	6178	1.6230736950060547
6179	6179	0.7949359925295294
6180	6180	2.4174649101292287
6181	6181	2.3293201852172465
6182	6182	1.5705562428958133
6183	6183	2.0933846726723195
6184	6184	0.07477202693294537
6185	6185	1.3559472187405859
6186	6186	3.579535374920007
6187	6187	0.21336908606549698
6188	6188	2.474514561035527
6189	6189	5.364059662432268
6190	6190	0.6481233583110778
6191	6191	0.3376451020230895
6192	6192	4.95192044987982
6193	6193	0.33794377670917164
6194	6194	2.3893712476194646
6195	6195	1.9931234526007455
6196	6196	0.0932320483246963
6197	6197	0.9683215039006008
6198	6198	6.358777769839569
6199	6199	3.1075202042968106
6200	6200	0.24778346606784826
6201	6201	1.7654931064658452
6202	6202	0.25912479696608653
6203	6203	1.6775598291718299
6204	6204	2.2126847167347745
6205	6205	0.22185919807325657
6206	6206	3.271447138957168
6207	6207	2.729732849404988
6208	6208	2.378002058769612
6209	6209	0.8447985918606934
6210	6210	1.3400694027569724
6211	6211	2.4514345379099236
6212	6212	3.0611329225257524
6213	6213	4.052052284342698
6214	6214	3.2605506161985782
6215	6215	1.064150481050405
6216	6216	1.8890259899638386
6217	6217	0.39578569360740773
6218	6218	4.21612887011559
6219	6219	8.870181779051082
6220	6220	3.1139353288804563
6221	6221	1.0707291065761397
6222	6222	0.6912980252692811
6223	6223	1.8881074745429889
6224	6224	0.8674475275368755
6225	6225	3.495513734656374
6226	6226	2.5664597866081884
6227	6227	2.0144738586835613
6228	6228	0.638155407098399
6229	6229	1.2414883304354962
6230	6230	0.9059281659177507
6231	6231	0.7789150204980411
6232	6232	1.3453003782875201
6233	6233	0.06261848590497332
6234	6234	6.322734601061599
6235	6235	2.0179984355980847
6236	6236	1.5200411327849206
6237	6237	0.15773761809467865
6238	6238	9.531682601964892
6239	6239	0.6064357478155867
6240	6240	2.440175932227792
6241	6241	1.5319399114912606
6242	6242	1.3205619552571017
6243	6243	0.919510385193944
6244	6244	0.4635836439129135
6245	6245	0.06665747779607963
6246	6246	1.4232962527278472
6247	6247	1.2432993544829236
6248	6248	0.43415209256431664
6249	6249	1.1176528269925827
6250	6250	4.03864967702181
6251	6251	9.42177562773079
6252	6252	2.0935047719126025
6253	6253	0.23066232958705815
6254	6254	1.2057804108885275
6255	6255	0.9448361795072273
6256	6256	1.6233425269897837
6257	6257	0.9551892101591695
6258	6258	0.05644149551281204
6259	6259	1.158174427953666
6260	6260	0.7934536129281491
6261	6261	0.7350661310067612
6262	6262	3.293205019238772
6263	6263	0.706213471673325
6264	6264	1.4281724025398945
6265	6265	0.6874975388916144
6266	6266	0.926919422659124
6267	6267	0.20238202614023548
6268	6268	3.0352688790074867
6269	6269	2.5580246146579766
6270	6270	1.5248153160527327
6271	6271	1.093650464743685
6272	6272	4.3971917084831675
6273	6273	2.080255003272077
6274	6274	1.8876897217063364
6275	6275	0.04067994828223645
6276	6276	1.341306307773703
6277	6277	1.8228321195282806
6278	6278	3.264454328122383
6279	6279	2.720331279415528
6280	6280	0.9043959649198364
6281	6281	3.7634348360220686
6282	6282	0.3467929859399676
6283	6283	2.8998861596359977
6284	6284	9.14694783182975
6285	6285	0.7508411556622984
6286	6286	1.8531066160645235
6287	6287	0.061216948001736084
6288	6288	0.5059520480232054
6289	6289	5.186152026745924
6290	6290	0.8188361416490324
6291	6291	0.17998571333565644
6292	6292	0.17307516362094666
6293	6293	1.078947874446305
6294	6294	0.055710203278534196
6295	6295	2.0719863346911973
6296	6296	0.5814412800334614
6297	6297	0.6162071760367526
6298	6298	3.141299015548382
6299	6299	0.5913622617712886
6300	6300	1.058930150981888
6301	6301	1.9944038729105358
6302	6302	1.0311056613912026
6303	6303	1.0890969752143946
6304	6304	1.957253548766403
6305	6305	2.281910278813622
6306	6306	5.703163392082927
6307	6307	3.173448357883657
6308	6308	6.514869432985364
6309	6309	1.986570383208484
6310	6310	0.1647941418488483
6311	6311	0.04807733959761376
6312	6312	1.2284845740351265
6313	6313	0.20242647113366347
6314	6314	6.016364325801753
6315	6315	0.11648831712207486
6316	6316	0.9983415359467824
6317	6317	1.2012324977213493
6318	6318	3.4332941644105683
6319	6319	0.8150772710415766
6320	6320	0.6710198207353377
6321	6321	3.7582998949262625
6322	6322	2.1978225366302717
6323	6323	0.8024941098878386
6324	6324	1.858745229767628
6325	6325	2.7120922373466527
6326	6326	2.1693655490933947
6327	6327	1.0341398291539008
6328	6328	1.0672660790249473
6329	6329	2.114520637678974
6330	6330	4.104798364916382
6331	6331	1.796375466852851
6332	6332	2.2754943447528566
6333	6333	0.30702645230732545
6334	6334	1.7599568595657467
6335	6335	1.2448900612556992
6336	6336	0.45244538303045156
6337	6337	2.4108321268382547
6338	6338	0.4092822986218519
6339	6339	0.9539361184827333
6340	6340	0.8741610636370816
6341	6341	1.8425961180493526
6342	6342	4.251099318188988
6343	6343	0.3600391799926258
6344	6344	2.189307503065709
6345	6345	1.747195712557557
6346	6346	0.7919108664090829
6347	6347	0.09441298154353207
6348	6348	1.230930958659967
6349	6349	0.949630193953611
6350	6350	1.8112095440292897
6351	6351	1.6655549714575948
6352	6352	2.0590531746857557
6353	6353	0.5250458378268904
6354	6354	0.8980152812227211
6355	6355	0.711326353660491
6356	6356	1.4276024711584314
6357	6357	1.1454283883654002
6358	6358	6.703921858832317
6359	6359	0.9824994209045403
6360	6360	1.8368607581720011
6361	6361	12.705106335102501
6362	6362	4.809904145087151
6363	6363	5.935665254647937
6364	6364	4.302008065817029
6365	6365	0.5677680838850512
6366	6366	5.5486536649362295
6367	6367	0.21209293748758962
6368	6368	2.1320151171991943
6369	6369	2.3020962352419585
6370	6370	0.9674658937908638
6371	6371	9.019256877314689
6372	6372	1.1586628833814734
6373	6373	4.222837925611692
6374	6374	3.6643878011207875
6375	6375	0.615533286827499
6376	6376	0.3866668894310894
6377	6377	0.8803953418839242
6378	6378	1.7798135257146166
6379	6379	2.3486026718897137
6380	6380	3.077662674391497
6381	6381	0.14464715333439535
6382	6382	4.042132506412597
6383	6383	0.16277239000603538
6384	6384	1.042957001869595
6385	6385	2.7842042738032196
6386	6386	8.883355196271928
6387	6387	0.5631086581159926
6388	6388	2.0220396136053265
6389	6389	1.3917402807230648
6390	6390	3.3106998560003453
6391	6391	2.395018651867366
6392	6392	0.11565516328403262
6393	6393	1.7690643835795126
6394	6394	2.4423225998062454
6395	6395	0.4665660933620509
6396	6396	2.84505197814151
6397	6397	0.02208969162022386
6398	6398	5.2854753377066785
6399	6399	3.03070809513753
6400	6400	5.03494864266071
6401	6401	0.2606742814382713
6402	6402	4.658569752795206
6403	6403	4.446938359502724
6404	6404	1.4456875745339202
6405	6405	2.3168005814908383
6406	6406	0.6780519830126839
6407	6407	3.759598855284353
6408	6408	1.0726656779406152
6409	6409	1.063073864652913
6410	6410	5.719770638852996
6411	6411	1.7787943856427164
6412	6412	2.068032549808521
6413	6413	1.3919538890445196
6414	6414	0.7756066968484969
6415	6415	3.802060219576103
6416	6416	4.053183525828844
6417	6417	0.2628448001455534
6418	6418	1.465739589662257
6419	6419	0.8152926713255598
6420	6420	2.1393982805721645
6421	6421	0.786953201679516
6422	6422	0.07629391733753157
6423	6423	0.8705721676146133
6424	6424	2.030844112450708
6425	6425	0.13607081567609927
6426	6426	0.5339968523372879
6427	6427	0.8390023488255031
6428	6428	6.053681247018784
6429	6429	2.1656467379156847
6430	6430	0.14628406876756456
6431	6431	3.0348869512036303
6432	6432	5.434532716634772
6433	6433	5.882800335117969
6434	6434	0.3473812035836569
6435	6435	1.183402551009682
6436	6436	3.5199325960692076
6437	6437	1.6769901354609023
6438	6438	0.14151922849193962
6439	6439	1.7966812387193056
6440	6440	3.018546121444102
6441	6441	2.676682089989352
6442	6442	1.135547116338217
6443	6443	0.15035490500869303
6444	6444	0.38914102839504505
6445	6445	3.2086754953152865
6446	6446	0.7383897182487315
6447	6447	0.8406699333140063
6448	6448	0.5783954039860835
6449	6449	0.41841405274318805
6450	6450	1.032454456966321
6451	6451	1.149936797703554
6452	6452	4.026878496153062
6453	6453	1.2915536945028125
6454	6454	0.6034631573254843
6455	6455	4.200659598018461
6456	6456	2.547067284858511
6457	6457	3.2146921180419517
6458	6458	0.5246848166395893
6459	6459	0.20851577986462205
6460	6460	3.517974647357478
6461	6461	1.8428220365100818
6462	6462	3.4942434040932024
6463	6463	3.206659645916621
6464	6464	2.2329746548976193
6465	6465	3.019170214156626
6466	6466	2.087389434089241
6467	6467	7.128019827760004
6468	6468	3.5709654928699686
6469	6469	3.1466354482738987
6470	6470	0.06763200623873836
6471	6471	1.32114618067883
6472	6472	1.3476843006582608
6473	6473	2.1393548527151864
6474	6474	1.707249731736071
6475	6475	1.4651501713904795
6476	6476	1.2838369873933728
6477	6477	0.3639741404035544
6478	6478	0.3053973937062697
6479	6479	5.7391447250032
6480	6480	2.3396139951176225
6481	6481	1.371041197611462
6482	6482	3.590648159642055
6483	6483	2.5228850929317335
6484	6484	0.2736830509513587
6485	6485	0.09497157070475426
6486	6486	0.7717670551140593
6487	6487	0.02189511071945186
6488	6488	1.723185933386783
6489	6489	1.3386700546905992
6490	6490	0.9495192495334276
6491	6491	2.3390400267390756
6492	6492	1.226997902675228
6493	6493	0.9725173318584017
6494	6494	1.9143118100710133
6495	6495	1.7717084504974046
6496	6496	1.7490059926860262
6497	6497	2.055287523719625
6498	6498	3.4798737479799504
6499	6499	6.688222203714597
6500	6500	5.463730258930758
6501	6501	0.356483527447619
6502	6502	2.4019128514014056
6503	6503	0.8629413005216428
6504	6504	0.46246216596023293
6505	6505	8.075149191892109
6506	6506	0.2621724756046547
6507	6507	0.8118696129350855
6508	6508	3.517587364710287
6509	6509	1.6079450214629458
6510	6510	0.367779827632414
6511	6511	1.1625160821416176
6512	6512	2.072891191934483
6513	6513	3.72765911442646
6514	6514	7.4221469565863645
6515	6515	2.2976874044632614
6516	6516	0.09288542578396236
6517	6517	0.4687495790555835
6518	6518	4.183975780946931
6519	6519	2.257609744625839
6520	6520	0.06015645864659295
6521	6521	0.20284682943303134
6522	6522	2.821191237557804
6523	6523	6.134009195609816
6524	6524	0.2719689470559007
6525	6525	2.1760996307447003
6526	6526	5.688014378542285
6527	6527	4.982557941302282
6528	6528	0.0503169376954313
6529	6529	0.33195468859494964
6530	6530	1.3558946947551445
6531	6531	5.318031221896596
6532	6532	1.6596756321240336
6533	6533	0.14393111949533907
6534	6534	3.3882340850837847
6535	6535	0.2774660036443462
6536	6536	0.43303473146312815
6537	6537	2.7275828581866954
6538	6538	1.8866176363904248
6539	6539	1.4306385218722786
6540	6540	0.25455601404362993
6541	6541	1.5700451572897693
6542	6542	1.5955574866163997
6543	6543	0.37777465696189655
6544	6544	0.9214474126584075
6545	6545	1.6516210896154049
6546	6546	3.5955439472135184
6547	6547	0.04036394080354008
6548	6548	1.773960985544229
6549	6549	1.2800983356846032
6550	6550	0.19921134432264034
6551	6551	0.15327139053299046
6552	6552	1.5801434859166665
6553	6553	3.2366534352567005
6554	6554	1.1906426274252402
6555	6555	4.271487657118901
6556	6556	3.392243457284852
6557	6557	3.5897483339205984
6558	6558	0.44673216739797555
6559	6559	0.2310526522883903
6560	6560	3.2596628893685975
6561	6561	0.6372411593291588
6562	6562	0.4923530242478824
6563	6563	0.6504359702854686
6564	6564	1.3037603794859112
6565	6565	1.4938707398130455
6566	6566	0.8113141385534949
6567	6567	0.6978588103477853
6568	6568	3.6633241834828376
6569	6569	9.686506026797499
6570	6570	0.3732643274798492
6571	6571	1.0704712678269748
6572	6572	0.17002008105204616
6573	6573	1.744072985353954
6574	6574	2.009326054946311
6575	6575	1.269074674140602
6576	6576	7.269423685547367
6577	6577	2.62695675851557
6578	6578	2.6533909790064736
6579	6579	3.488547193893904
6580	6580	0.2044383565851435
6581	6581	1.3293952917885767
6582	6582	1.0688591379743821
6583	6583	0.59986219529737
6584	6584	2.4078354310491683
6585	6585	0.40993499070743333
6586	6586	0.628105523549271
6587	6587	6.098891411141954
6588	6588	6.214080211499805
6589	6589	4.1890914369076615
6590	6590	3.5366489431543977
6591	6591	9.429677432854028
6592	6592	3.1667196909578013
6593	6593	3.233691394451246
6594	6594	0.7901141595381023
6595	6595	0.024457376430606987
6596	6596	0.4295761866936794
6597	6597	3.100962865292263
6598	6598	1.7225652691740245
6599	6599	0.7218270440671348
6600	6600	3.8907679185416044
6601	6601	2.20659006074728
6602	6602	1.1206977550751152
6603	6603	2.371833052167366
6604	6604	1.4321757713587049
6605	6605	5.130368731785701
6606	6606	0.5840303558922694
6607	6607	1.718287053302568
6608	6608	0.33680345713961846
6609	6609	0.4090221575298253
6610	6610	1.6625840008601382
6611	6611	1.3193982890528104
6612	6612	3.331319195926729
6613	6613	6.251289143920855
6614	6614	2.143758142927451
6615	6615	0.809454392107185
6616	6616	0.708226240626266
6617	6617	8.045117332470134
6618	6618	4.643432633984348
6619	6619	3.1906943418928124
6620	6620	1.0087586591517832
6621	6621	5.812114541307263
6622	6622	0.8269822584832803
6623	6623	0.32877689995508047
6624	6624	7.940961016897128
6625	6625	2.2017069110392598
6626	6626	3.3784020635432346
6627	6627	1.4500242447126916
6628	6628	1.3597679825603686
6629	6629	0.9455931588521791
6630	6630	4.327864390739349
6631	6631	3.9581860804418323
6632	6632	1.189449840391146
6633	6633	1.1982811983251176
6634	6634	0.6607360162467159
6635	6635	0.13853567392200086
6636	6636	0.016427875184162118
6637	6637	1.4269324188739962
6638	6638	1.5833438423539457
6639	6639	0.5459964710054326
6640	6640	1.7907197254398157
6641	6641	0.403493196213341
6642	6642	2.300040871285006
6643	6643	0.3134699277277345
6644	6644	1.0280178277014298
6645	6645	0.5996603187361141
6646	6646	3.3411071381199755
6647	6647	0.7836150666985984
6648	6648	0.8643699757720773
6649	6649	2.0204741958188235
6650	6650	0.11485709223296299
6651	6651	4.345999416735039
6652	6652	1.1247845357792483
6653	6653	0.17017075093401457
6654	6654	1.0338524160756344
6655	6655	1.738855122061342
6656	6656	1.0690786456778387
6657	6657	0.07439242205075412
6658	6658	0.46023644732454094
6659	6659	1.5025011784012519
6660	6660	3.6461426085741975
6661	6661	3.400280129427043
6662	6662	1.6485023499983646
6663	6663	1.6578963754985634
6664	6664	0.23888763084905085
6665	6665	0.3319746572916485
6666	6666	1.110880187793429
6667	6667	4.325460239764161
6668	6668	3.3609499768526345
6669	6669	1.2115689151430278
6670	6670	5.09273460455142
6671	6671	0.8884421745164293
6672	6672	0.8365729317862046
6673	6673	1.6085388121987683
6674	6674	0.35792565350310424
6675	6675	3.385546425266686
6676	6676	0.19962368879525255
6677	6677	3.367965385865501
6678	6678	2.317148895996386
6679	6679	0.2778319257571184
6680	6680	0.08573824239423881
6681	6681	0.19538254395906157
6682	6682	0.4294144739106683
6683	6683	2.2050915644599467
6684	6684	0.666438958757972
6685	6685	3.147236517602237
6686	6686	1.3551402429667492
6687	6687	1.2945922533250038
6688	6688	1.0653277045612932
6689	6689	2.0221161315732834
6690	6690	1.52572880635974
6691	6691	4.433944302563745
6692	6692	3.652229926111129
6693	6693	2.648988300008127
6694	6694	0.8206666538737121
6695	6695	0.023940741432871504
6696	6696	0.7968269818112086
6697	6697	1.7292690870976588
6698	6698	3.173155350060081
6699	6699	0.673684924790589
6700	6700	0.8506367343973197
6701	6701	0.8490576437570501
6702	6702	0.8261281579609266
6703	6703	0.8640291283477441
6704	6704	1.9265310113643226
6705	6705	3.810825854564233
6706	6706	6.37025713784955
6707	6707	1.2177428263581707
6708	6708	0.5764192700269773
6709	6709	5.038238295109255
6710	6710	3.174922806586174
6711	6711	0.7944773123356921
6712	6712	2.8781153281967953
6713	6713	0.12158394824132343
6714	6714	1.0831833862288576
6715	6715	0.0843643747536979
6716	6716	4.102268328011625
6717	6717	6.30073124586403
6718	6718	5.5140552502189735
6719	6719	1.66494117163
6720	6720	1.8452743009039803
6721	6721	0.18499849738292443
6722	6722	1.6300264006896195
6723	6723	0.31240219174201334
6724	6724	7.418142253197669
6725	6725	1.0967253786888533
6726	6726	0.4395325480652111
6727	6727	1.470477256949321
6728	6728	6.593419553372489
6729	6729	3.804271514702352
6730	6730	2.597471757395354
6731	6731	5.6696517982093555
6732	6732	0.5133083332076632
6733	6733	8.954130135554063
6734	6734	0.06305211275930649
6735	6735	2.463198330382924
6736	6736	1.2722706521187006
6737	6737	0.25959754149946573
6738	6738	1.9512211789501341
6739	6739	0.27044130586629883
6740	6740	9.426540621624191
6741	6741	0.6798127978407527
6742	6742	0.8793083149443189
6743	6743	0.3921262757582811
6744	6744	2.373975130262574
6745	6745	2.96062649025232
6746	6746	0.8489692978341766
6747	6747	2.0437795332308926
6748	6748	0.7574737604229189
6749	6749	1.3420618276737188
6750	6750	1.1997820953464329
6751	6751	1.577105206425089
6752	6752	1.3395358891612739
6753	6753	0.26008428933163596
6754	6754	0.9014338973367492
6755	6755	1.047552397886307
6756	6756	3.1225108535014545
6757	6757	0.4255609456601976
6758	6758	3.2793971961709376
6759	6759	1.0427447395039373
6760	6760	2.6300782228672857
6761	6761	2.661676904915605
6762	6762	0.9535007112344277
6763	6763	0.5584907564825212
6764	6764	2.2833866175190884
6765	6765	1.4757416940564616
6766	6766	3.0157069962462124
6767	6767	0.3493718035231161
6768	6768	1.2645559633351162
6769	6769	1.3842145016570504
6770	6770	0.43343154255747957
6771	6771	0.05730638604949703
6772	6772	1.2174213616750105
6773	6773	1.3519621191319722
6774	6774	4.857609298430477
6775	6775	1.6748440172525028
6776	6776	0.8733481484627009
6777	6777	0.642082881317329
6778	6778	1.845721131782427
6779	6779	0.5723339415085564
6780	6780	1.6472511076397025
6781	6781	5.15231717187999
6782	6782	1.903380350897422
6783	6783	0.6777005944806983
6784	6784	1.1235147693435108
6785	6785	0.704162976616594
6786	6786	1.5251396295083597
6787	6787	0.28995636934143787
6788	6788	3.0416699479959517
6789	6789	1.7941550896102574
6790	6790	0.04077888771233441
6791	6791	3.0436675003959115
6792	6792	4.031214961785634
6793	6793	7.483835107854481
6794	6794	1.081965295397982
6795	6795	0.8273728830408534
6796	6796	20.167828625707692
6797	6797	5.9322884967624825
6798	6798	0.9074683096750905
6799	6799	0.5777840706394386
6800	6800	0.6841146651623019
6801	6801	3.96265507542915
6802	6802	0.5368843142583528
6803	6803	0.2678715139895119
6804	6804	0.11718828760675909
6805	6805	0.37190886102000364
6806	6806	0.8141591310979968
6807	6807	3.2565454947077783
6808	6808	1.9400686669053193
6809	6809	0.007147892678218442
6810	6810	4.57018421303649
6811	6811	2.2542743765782816
6812	6812	0.17740065912693515
6813	6813	0.37408055992757383
6814	6814	0.4055171359632349
6815	6815	0.09138472757922154
6816	6816	0.14736729247709374
6817	6817	0.18431247577909923
6818	6818	0.09942936411509762
6819	6819	0.3195647515547053
6820	6820	2.1841966704238036
6821	6821	2.6972369191162477
6822	6822	0.7385563445498848
6823	6823	0.259541730955872
6824	6824	0.07441689485388084
6825	6825	1.0941716762670202
6826	6826	0.9340652113903463
6827	6827	0.5821841623807583
6828	6828	0.903660212589161
6829	6829	1.1563240224900144
6830	6830	3.808950557885351
6831	6831	1.3140184271491457
6832	6832	5.228302442824873
6833	6833	0.44481764864203965
6834	6834	1.8526349780441818
6835	6835	2.049906145264125
6836	6836	0.40058552047958773
6837	6837	1.0539770584130395
6838	6838	2.606971638049087
6839	6839	0.19044514424322406
6840	6840	1.0291377763755094
6841	6841	0.8172838446283688
6842	6842	1.7356989163196674
6843	6843	0.35317297914874973
6844	6844	0.405243329323209
6845	6845	4.817435067355405
6846	6846	2.886719290980876
6847	6847	0.5913637426239644
6848	6848	0.6692067713397218
6849	6849	2.6532019885310585
6850	6850	4.398498935258231
6851	6851	1.1067451410324873
6852	6852	1.3193280745016573
6853	6853	1.3100097265168456
6854	6854	0.6057891000797164
6855	6855	4.7757019708113315
6856	6856	1.3459869683525383
6857	6857	2.5930828019482326
6858	6858	1.244802556730006
6859	6859	7.678457806542558
6860	6860	2.945370713880812
6861	6861	3.3006948174736532
6862	6862	2.469431421372176
6863	6863	1.041300955441088
6864	6864	1.260707902674799
6865	6865	1.7621163170030218
6866	6866	0.6908116285972569
6867	6867	4.017459517957946
6868	6868	0.26312963266683803
6869	6869	1.2867628649501026
6870	6870	0.7372743592422737
6871	6871	1.4410798219045096
6872	6872	1.714667769565833
6873	6873	2.439768416433464
6874	6874	1.9100019495261609
6875	6875	1.6754775577752952
6876	6876	0.12266239029576889
6877	6877	0.7359579025829674
6878	6878	1.5610800341829214
6879	6879	3.4683443851781677
6880	6880	2.5791335849488655
6881	6881	0.19832716323661573
6882	6882	3.3931666325033247
6883	6883	2.41398051164858
6884	6884	0.03761263195860154
6885	6885	0.29730098397754223
6886	6886	2.669870218033503
6887	6887	0.7540102791074489
6888	6888	0.8377127242075634
6889	6889	2.1831374448721115
6890	6890	1.7551924481780186
6891	6891	5.107197755471893
6892	6892	0.3925792775659919
6893	6893	1.4887567405872377
6894	6894	6.431680275941957
6895	6895	3.9962017832547962
6896	6896	1.117569082421356
6897	6897	0.7178909403906747
6898	6898	1.1720307187568275
6899	6899	1.7601957653431057
6900	6900	0.5361353134163919
6901	6901	0.12068658491709816
6902	6902	5.2157414926700145
6903	6903	0.2206740168099371
6904	6904	0.04430057951856458
6905	6905	2.3491409467111994
6906	6906	1.939625975934812
6907	6907	0.07888653242278491
6908	6908	0.7533621550105382
6909	6909	1.7581866333762803
6910	6910	1.3176271087154732
6911	6911	2.7964293693999567
6912	6912	0.465272703878251
6913	6913	0.4275484866692435
6914	6914	2.6754898374452005
6915	6915	1.4144644077963229
6916	6916	0.11225471653354732
6917	6917	1.7543144972423412
6918	6918	0.7854700504958259
6919	6919	1.7856507340651933
6920	6920	2.1935713907991237
6921	6921	2.0888404964371237
6922	6922	2.1931260106929344
6923	6923	3.655026636331042
6924	6924	0.05342706924341835
6925	6925	1.9848451812005596
6926	6926	0.44036545016514084
6927	6927	4.8944522317782475
6928	6928	0.3995302542979279
6929	6929	4.328801032443018
6930	6930	1.475223666211208
6931	6931	0.5571879398386479
6932	6932	1.1419792443172052
6933	6933	1.548396809043899
6934	6934	5.506371536520253
6935	6935	5.451309109531793
6936	6936	1.9495532028281857
6937	6937	0.6274102954376193
6938	6938	2.119793177677207
6939	6939	0.5359977254141886
6940	6940	1.8020115819554252
6941	6941	0.5599033528497113
6942	6942	0.005363994820849459
6943	6943	3.00639956031886
6944	6944	1.2717643531260787
6945	6945	2.065706028493537
6946	6946	0.0935391926251854
6947	6947	8.312384331252177
6948	6948	1.4138746683179289
6949	6949	3.4282103499505214
6950	6950	1.2646436910151857
6951	6951	1.770257138733017
6952	6952	0.2366069869747641
6953	6953	2.7554194713505766
6954	6954	0.8904991919832245
6955	6955	0.39996510655617434
6956	6956	2.6686540989204492
6957	6957	4.0484200084263255
6958	6958	2.7635634269552933
6959	6959	0.10224299848828693
6960	6960	0.622269911985803
6961	6961	1.6482162166707364
6962	6962	5.824944008761343
6963	6963	1.8573828595327575
6964	6964	0.48610639698807384
6965	6965	0.6717287625855483
6966	6966	0.7482318050493001
6967	6967	0.9199857646716489
6968	6968	0.36808667887279983
6969	6969	0.22705094988749255
6970	6970	0.983406616132165
6971	6971	3.2586665242702697
6972	6972	1.4345130057574575
6973	6973	0.1923400492921408
6974	6974	0.7373311482493652
6975	6975	6.0278066839546875
6976	6976	4.067250734665229
6977	6977	3.1467333657254595
6978	6978	0.8198963381918154
6979	6979	0.08873995874701116
6980	6980	1.9128545433906456
6981	6981	0.1567203989329185
6982	6982	3.970583355837363
6983	6983	2.5222324836134726
6984	6984	9.671281309642396
6985	6985	3.2927692004403024
6986	6986	2.0670701569151926
6987	6987	5.266406846214406
6988	6988	1.4672574358132187
6989	6989	0.1141810715485026
6990	6990	0.6058484417281887
6991	6991	3.032533963756539
6992	6992	1.4543176803265445
6993	6993	1.1721803900107972
6994	6994	0.1344300073902642
6995	6995	0.43270961045606077
6996	6996	2.81096770700249
6997	6997	1.0717814666976895
6998	6998	1.079879253652793
6999	6999	0.6998728427512614
7000	7000	0.6933833610224647
7001	7001	3.3821637631587484
7002	7002	1.2993511729176288
7003	7003	4.663214027981634
7004	7004	1.2167299901093032
7005	7005	1.0423904006631557
7006	7006	0.5769386553830892
7007	7007	6.982227578073196
7008	7008	2.4785867287588776
7009	7009	1.9726958757789872
7010	7010	2.359794634951932
7011	7011	3.716488898292625
7012	7012	3.047358015044704
7013	7013	8.800517115242412
7014	7014	1.2950864877755188
7015	7015	1.1481152549807072
7016	7016	1.9085872984609642
7017	7017	0.7923788392273549
7018	7018	13.995856992879434
7019	7019	0.2361097098200327
7020	7020	4.010217594209751
7021	7021	1.8703602902164502
7022	7022	3.9887273744954332
7023	7023	0.7214783366704525
7024	7024	1.0060176564057284
7025	7025	4.169860116484927
7026	7026	0.723776406108827
7027	7027	0.38204038028927206
7028	7028	0.2889721812927671
7029	7029	0.2188483218231924
7030	7030	2.1855901556015316
7031	7031	1.1693214323606778
7032	7032	2.373568422700536
7033	7033	1.7804971844990165
7034	7034	0.30156386794670303
7035	7035	4.098802191223599
7036	7036	3.8389311592610054
7037	7037	1.2247935635100504
7038	7038	1.0718827935498372
7039	7039	1.8611661427334816
7040	7040	0.9430955031358991
7041	7041	2.928846637507996
7042	7042	0.5983187026716099
7043	7043	1.7134263108929373
7044	7044	3.6712683562534676
7045	7045	1.6931531165450617
7046	7046	3.3585418987670272
7047	7047	2.2082089258493283
7048	7048	1.1958165965350867
7049	7049	0.3499566531100432
7050	7050	1.0711013492994361
7051	7051	1.7326808573039574
7052	7052	1.08802413173818
7053	7053	1.0293117311855264
7054	7054	0.766616646785543
7055	7055	0.5729381461249886
7056	7056	0.5164632551667212
7057	7057	2.924478397205498
7058	7058	1.8080458402422515
7059	7059	1.3388232417473556
7060	7060	4.636548574813564
7061	7061	0.06541586464378667
7062	7062	1.0623938009462504
7063	7063	1.320449382956171
7064	7064	10.150273522697562
7065	7065	0.24187189243282473
7066	7066	1.2791167944917086
7067	7067	3.44569245364953
7068	7068	5.030812733958813
7069	7069	2.107851145718415
7070	7070	0.7464049239914108
7071	7071	1.9353485578161422
7072	7072	0.969890426153002
7073	7073	1.9315783822772647
7074	7074	2.277086743663866
7075	7075	0.5604364876609554
7076	7076	0.7215764096234928
7077	7077	1.2929221178511803
7078	7078	4.574809084183784
7079	7079	2.157821529856231
7080	7080	0.8078440348285838
7081	7081	0.33466702853993396
7082	7082	0.21618763087337559
7083	7083	0.8665397305891522
7084	7084	0.5736051490387816
7085	7085	0.33971217721533997
7086	7086	1.364546824334949
7087	7087	0.32770933964226084
7088	7088	0.48147665776499166
7089	7089	1.6515560497817225
7090	7090	0.6855094337939449
7091	7091	5.534442418920187
7092	7092	2.1220329867284953
7093	7093	0.7952497027451931
7094	7094	2.3106982040810906
7095	7095	0.5336808599629315
7096	7096	2.0954009463376813
7097	7097	0.9966170106362492
7098	7098	2.9601430214739395
7099	7099	2.5872871706996543
7100	7100	1.662296357696904
7101	7101	1.931581060462815
7102	7102	0.035565936266580105
7103	7103	2.083995855286904
7104	7104	1.4367835172191463
7105	7105	0.6764356266755491
7106	7106	4.631158728034259
7107	7107	0.9914215196758664
7108	7108	0.1181267134160505
7109	7109	0.3437826103339943
7110	7110	3.41233357228647
7111	7111	2.3155559524376734
7112	7112	0.47663241498685005
7113	7113	0.015116145345400159
7114	7114	4.039750003256036
7115	7115	0.7405436596238765
7116	7116	0.036002679296502985
7117	7117	8.066323273072788
7118	7118	1.78345736361721
7119	7119	0.9968514268020751
7120	7120	0.26648690875450765
7121	7121	0.42852267075616945
7122	7122	0.037618760151444
7123	7123	0.5422981295411764
7124	7124	0.4462060489953954
7125	7125	1.8562552743624716
7126	7126	4.8648132103530815
7127	7127	0.3679635785021843
