0	0	0.0168852639708054
1	1	1.6532569506533322e-05
2	2	0.0003526948093325938
3	3	0.0036977846366852535
4	4	0.00040229251655485635
5	5	0.00019287997409337532
6	6	0.0006006833468399335
7	7	0.0025294830821723283
8	8	0.00040229251664909477
9	9	0.007588449245355028
10	10	0.007219221867861389
11	11	0.0335225394035814
12	12	0.01688526397015691
13	13	0.004833021051794704
14	14	0.0006227267727364032
15	15	0.004430728535673353
16	16	0.01167750468441416
17	17	4.9597707820027355e-05
18	18	0.006706712223832067
19	19	0.006706712223092837
20	20	2.7554282724382267e-05
21	21	0.016615232008035885
22	22	0.00030309710164591624
23	23	0.03352253940349216
24	24	0.0001102171285351623
25	25	0.0004353576550885436
26	26	0.001184834124058376
27	27	3.8575995157424764e-05
28	28	0.0014989529375233333
29	29	0.01167750468472441
30	30	0.001267496969832371
31	31	0.005576986664525498
32	32	0.03352253940353878
33	33	8.266284648168102e-05
34	34	0.0005731290646193158
35	35	3.30651384041528e-05
36	36	0.00031411881445489275
37	37	0.006706712223320048
38	38	0.003378154965785237
39	39	0.0013170946773354635
40	40	0.0012123884061498243
41	41	0.00721922186768827
42	42	0.013782651824380909
43	43	0.003378154965475402
44	44	0.01616334178411495
45	45	0.0027829824764358368
46	46	0.0018626694592417496
47	47	1.653256986884465e-05
48	48	0.0161633417842396
49	49	0.0014769095118054543
50	50	0.0013170946769916875
51	51	0.004777912487729188
52	52	0.01445497630424905
53	53	0.0008376501709073385
54	54	0.016885263971005912
55	55	0.0010139975754581462
56	56	0.00286564532154353
57	57	0.017023035380592924
58	58	0.0011572798419064087
59	59	0.0006006833469864311
60	60	0.0005565964957550142
61	61	0.01088945222127421
62	62	2.755428257688928e-05
63	63	0.02714647856303652
64	64	8.266284625927337e-05
65	65	0.00022043425627520593
66	66	0.007219221867133117
67	67	4.408685125601691e-05
68	68	0.0020335060076688157
69	69	0.003135677284629863
70	70	7.164113376263564e-05
71	71	0.0002920753888886943
72	72	0.00024247768133945635
73	73	8.817370317095889e-05
74	74	0.0017414306192647367
75	75	0.004777912488060966
76	76	0.00206657114602297
77	77	0.001317094677243017
78	78	0.000754987325409432
79	79	0.0013281163902594238
80	80	1.102171290899697e-05
81	81	0.0008156067457590423
82	82	0.00013777141043276296
83	83	0.017023035380370047
84	84	0.001719387193332461
85	85	6.613027674511863e-05
86	86	4.959770752959019e-05
87	87	0.010702083104515014
88	88	0.0026562327791562986
89	89	0.0012289209745285077
90	90	0.0006172159161522395
91	91	0.0018626694596506712
92	92	0.001096660421748911
93	93	0.0008872478790143081
94	94	0.004507880525612932
95	95	0.00028105367670734735
96	96	0.00011021712777496629
97	97	0.0018406260340373525
98	98	9.919541573285945e-05
99	99	0.0005565964955637866
100	100	0.0011903449805691078
101	101	0.00019287997424743356
102	102	0.0045078805248710534
103	103	0.027146478563723667
104	104	0.0001763474051212109
105	105	0.00019839083032506587
106	106	0.0064311694046258385
107	107	0.0019894191564032407
108	108	0.002683787060758993
109	109	2.7554282920955893e-05
110	110	0.003697784636514482
111	111	0.02714647856285744
112	112	0.033522539403519985
113	113	0.0007164113307161098
114	114	0.003796980050998613
115	115	0.0018351151771800627
116	116	1.1021713260120969e-05
117	117	0.010889452221304208
118	118	0.0044307285358902385
119	119	1.653256969418912e-05
120	120	0.00039127080415047704
121	121	0.0002865645330156962
122	122	0.01957456188751255
123	123	0.03352253940335304
124	124	0.013782651824845399
125	125	0.027146478562807552
126	126	0.0004298467990017576
127	127	0.0010856387082765538
128	128	0.0006117050598053993
129	129	0.014454976303628641
130	130	0.0014769095119807757
131	131	6.061942053469439e-05
132	132	0.014454976303567159
133	133	0.00019287997359576837
134	134	0.0072192218678871056
135	135	0.00014879312294627017
136	136	0.0006282376281708699
137	137	0.0016808111989804818
138	138	0.001702854624134414
139	139	0.00019839083030101455
140	140	0.00018736911752161085
141	141	0.01688526397100318
142	142	0.0056376060846882745
143	143	0.013782651824397897
144	144	0.0013170946774942742
145	145	0.00035820566597390407
146	146	9.919541596535883e-05
147	147	3.857599487364829e-05
148	148	0.005681692935677235
149	149	0.00014328226666650352
150	150	0.00022043425631840073
151	151	0.016163341783668548
152	152	0.0008927587355041659
153	153	0.0012454535434927973
154	154	0.00783092692606787
155	155	0.005576986664626642
156	156	0.000490466219134936
157	157	0.0036977846357790574
158	158	0.004326022264588816
159	159	0.0006613027666842163
160	160	0.0335225394033101
161	161	0.003642676072637771
162	162	0.007588449245278381
163	163	0.0002920753893009355
164	164	0.0026562327791140937
165	165	0.003642676072114723
166	166	0.0012123884057231467
167	167	0.0006998787613950308
168	168	0.0004959770753999876
169	169	3.3065138452188465e-05
170	170	0.0004574010804142417
171	171	0.027146478563435803
172	172	0.00013777141055694838
173	173	0.0002479885377159401
174	174	0.007219221867327777
175	175	3.30651383583992e-05
176	176	0.01378265182507712
177	177	0.0005676182080037623
178	178	0.00010470627208938014
179	179	0.00233660310908209
180	180	2.204342563623918e-05
181	181	8.26628465448377e-05
182	182	0.00035269480901750324
183	183	0.014454976303706266
184	184	0.00010470627204465815
185	185	9.919541556632163e-05
186	186	0.03352253940263399
187	187	0.002683787061042713
188	188	0.01957456188746535
189	189	0.00014879312252485822
190	190	0.0001983908301772997
191	191	0.0001598148355949927
192	192	0.0017138763366649871
193	193	0.0002479885375273811
194	194	0.033522539402660395
195	195	0.002066571145820088
196	196	0.01702303538018568
197	197	0.00043535765482925455
198	198	0.010889452221650456
199	199	8.266284635866404e-05
200	200	0.00014879312300932368
201	201	2.204342646930462e-05
202	202	0.01378265182507793
203	203	0.00022043425555680893
204	204	0.001256475256507328
205	205	1.653257000778365e-05
206	206	0.0008321393146120981
207	207	0.016615232007219025
208	208	0.0005290422140582516
209	209	0.002617656784800313
210	210	0.0012123884059270942
211	211	0.001719387193423162
212	212	0.00105808442705475
213	213	0.001702854623729609
214	214	3.85759952993741e-05
215	215	0.0033781549659912323
216	216	5.510857212599353e-06
217	217	0.001835115177109948
218	218	0.0018571586026279903
219	219	0.003317535545646032
220	220	0.0014769095124765
221	221	0.016163341784239282
222	222	0.0075884492454046494
223	223	0.0020169734380233164
224	224	4.9597708269601225e-05
225	225	0.0004629119369773698
226	226	0.0056816929352987225
227	227	5.510856393508071e-05
228	228	0.010889452221497184
229	229	1.6532569622557012e-05
230	230	0.001443844373475364
231	231	0.00034718395316631935
232	232	0.0019949300129338565
233	233	0.010702083104424725
234	234	0.0003692273784513449
235	235	0.03352253940355269
236	236	1.653256969726074e-05
237	237	0.033522539403043894
238	238	0.016885263970916043
239	239	0.00011572798481003391
240	240	1.6532569523554345e-05
241	241	0.010806789375201312
242	242	0.0002149233997829759
243	243	0.002992395018432379
244	244	0.016615232007999848
245	245	0.00042984679908049443
246	246	5.51085716968504e-06
247	247	0.0020335060074787386
248	248	0.014454976303640912
249	249	0.027146478563413352
250	250	0.0006833461922821833
251	251	0.0071696241605902706
252	252	0.0006172159155876101
253	253	0.016163341783958098
254	254	4.959770773986189e-05
255	255	2.204342639560669e-05
256	256	0.01688526397089338
257	257	0.00011572798495493167
258	258	0.017023035379971064
259	259	0.005681692935142633
260	260	0.00017083654809935364
261	261	1.6532569809811223e-05
262	262	9.368455869464271e-05
263	263	0.004326022264805094
264	264	0.004507880525153831
265	265	0.0033781549659172108
266	266	0.016163341783708297
267	267	0.010806789375920655
268	268	2.7554282696309776e-05
269	269	0.009098423895641465
270	270	0.00047393364959988745
271	271	0.03352253940293613
272	272	0.0018736911722277143
273	273	0.004777912488098506
274	274	0.0015154855065120806
275	275	0.016885263970762062
276	276	0.005681692935768787
277	277	0.0003912708043896102
278	278	0.00015430397899555945
279	279	0.0008707153099358195
280	280	0.00721922186765087
281	281	0.0019012454544271732
282	282	0.00028105367667269484
283	283	0.001295051251717239
284	284	0.02714647856340099
285	285	7.715199016433893e-05
286	286	0.0006668136236108179
287	287	0.0009148021603743297
288	288	0.011677504684800178
289	289	0.0026562327792743587
290	290	8.266284676131385e-05
291	291	0.0002259451118925819
292	292	0.007588449245938263
293	293	4.408685178382933e-05
294	294	0.0001598148358872637
295	295	5.510856418862966e-06
296	296	0.00019287997385166854
297	297	0.007219221867610711
298	298	4.408685146000233e-05
299	299	0.007830926926505251
300	300	0.0006282376281883995
301	301	0.0024247768105305403
302	302	0.014454976304215212
303	303	0.0008211176021376067
304	304	2.755428289637062e-05
305	305	0.000187369117871471
306	306	0.002347624821030335
307	307	0.010702083104095678
308	308	6.0619420668666524e-05
309	309	0.027146478563208995
310	310	0.0005290422134401633
311	311	0.0018406260339615646
312	312	0.007588449245764527
313	313	0.0012674969694200222
314	314	3.306513889584533e-05
315	315	0.0012123884060833547
316	316	0.01378265182421185
317	317	0.00013777141062599636
318	318	0.00014328226611689482
319	319	2.755428232423681e-05
320	320	0.0048330210521726905
321	321	0.0011793232673353873
322	322	1.1021713665410439e-05
323	323	0.027146478562955836
324	324	0.000198390830281889
325	325	0.0009699107250231906
326	326	0.001890223741163834
327	327	0.0007549873260252835
328	328	0.03352253940278243
329	329	0.0006006833467355953
330	330	0.0006337484850530832
331	331	0.0008927587348229278
332	332	0.00022594511199249654
333	333	0.019574561887540313
334	334	0.0026562327790774685
335	335	0.003185274991826943
336	336	0.0027829824757864005
337	337	0.009098423895812974
338	338	0.010889452221230392
339	339	0.0006502810546493948
340	340	0.013782651824825357
341	341	0.00024798853768384367
342	342	2.20434263841064e-05
343	343	4.959770789345919e-05
344	344	0.0004794445061326246
345	345	0.0042764245565215615
346	346	0.013782651824423274
347	347	0.00011572798508039076
348	348	0.017023035379744988
349	349	8.266284664247212e-05
350	350	0.010889452221061103
351	351	0.0009148021607956491
352	352	7.715198951633264e-05
353	353	0.0018736911722239903
354	354	2.2043426376282333e-05
355	355	0.0003582056652749538
356	356	0.002226385981136905
357	357	0.005637606084765144
358	358	6.0619421045113797e-05
359	359	0.007588449245751517
360	360	0.01702303538051123
361	361	0.016163341783606254
362	362	0.001702854624511287
363	363	0.0028656453219081013
364	364	0.014454976304121604
365	365	6.613027694135659e-05
366	366	0.0026066350712638945
367	367	0.0025845916464535866
368	368	3.8575994867131645e-05
369	369	1.653256973413739e-05
370	370	0.01070208310412583
371	371	0.0008156067453215823
372	372	6.061942123081851e-05
373	373	0.004623608509598283
374	374	0.01445497630429944
375	375	5.5108567647519945e-06
376	376	0.027146478563332747
377	377	0.0004408685112315547
378	378	0.0046236085088119504
379	379	0.02714647856299153
380	380	0.0004022925170882866
381	381	0.005576986664442276
382	382	0.0005841507778852158
383	383	0.0030089275877979798
384	384	0.00038024909095680213
385	385	0.010702083104552874
386	386	0.0008486718841120455
387	387	3.306513865417845e-05
388	388	2.204342642022764e-05
389	389	0.0018571586029713931
390	390	0.0004959770749605773
391	391	0.0004022925163903279
392	392	1.1021712951626467e-05
393	393	0.0001598148352686033
394	394	0.0025845916462864365
395	395	0.009098423895211486
396	396	7.164113400948548e-05
397	397	0.010889452221466157
398	398	0.0026562327791873046
399	399	0.019574561887784
400	400	0.03352253940323634
401	401	0.003008927588140833
402	402	0.0001047062723172116
403	403	0.0011683015543514353
404	404	0.0005125096441523755
405	405	0.005576986664556825
406	406	6.613027764263794e-05
407	407	0.0006282376290030844
408	408	0.00029758624549657583
409	409	0.0003471839526237871
410	410	0.0014769095125257974
411	411	3.85759951390081e-05
412	412	0.0006778353361162021
413	413	0.00450788052486925
414	414	0.0002204342555175844
415	415	0.00022043425556597708
416	416	0.00014328226618293775
417	417	0.0006668136234170627
418	418	8.817370271909758e-05
419	419	0.0003526948094452377
420	420	0.0001322605541852165
421	421	0.0006282376290974473
422	422	0.004182739998331459
423	423	0.00047944450569616006
424	424	0.0020335060068888073
425	425	0.00018185826137300955
426	426	0.0018957345976780508
427	427	2.204342643689941e-05
428	428	0.001642235203446094
429	429	0.033522539403279206
430	430	6.613027696393958e-05
431	431	0.0014273118043257647
432	432	2.204342585997027e-05
433	433	0.0002259451122916379
434	434	0.011677504684402063
435	435	0.0016422352034666146
436	436	0.001245453544269281
437	437	9.91954155798214e-05
438	438	0.017023035380205536
439	439	0.0001267496973580834
440	440	2.7554282576349917e-05
441	441	0.014454976303393525
442	442	0.017023035380604314
443	443	0.0002534993944081224
444	444	5.510856478171626e-05
445	445	1.10217127883528e-05
446	446	0.0004959770748603723
447	447	0.0018626694595662084
448	448	0.033522539403011004
449	449	0.027146478563030665
450	450	2.204342619339368e-05
451	451	0.0003196296705394246
452	452	0.001013997575353258
453	453	4.959770760597336e-05
454	454	0.002066571146080851
455	455	0.0027444064809616976
456	456	0.0008156067457919198
457	457	0.0002590102511104869
458	458	0.001774495757637534
459	459	0.004833021052138691
460	460	0.03352253940356385
461	461	0.006706712223800674
462	462	0.0018626694593929184
463	463	4.9597707883456015e-05
464	464	0.0007053896177089952
465	465	0.027146478563039984
466	466	0.0002424776810951083
467	467	0.0005400639260516917
468	468	0.00048495536264943194
469	469	0.00010470627223309281
470	470	0.002683787061488234
471	471	0.00029207538927824737
472	472	0.0026837870611586103
473	473	0.0004078033729132261
474	474	0.017023035380596054
475	475	0.0004298467986126625
476	476	4.9597708366690724e-05
477	477	0.027146478563334863
478	478	0.011677504684490381
479	479	0.00870715309210894
480	480	0.027146478563370546
481	481	2.2043426379318353e-05
482	482	0.006431169403982641
483	483	5.510856970500503e-06
484	484	0.0003416730964412143
485	485	0.0013170946772476176
486	486	0.0001928799736948929
487	487	0.010702083103955881
488	488	0.002606635071532774
489	489	0.0002259451128008023
490	490	0.004430728535777113
491	491	0.0012619861127641035
492	492	0.0010966604213767362
493	493	0.0005069987885134189
494	494	0.0011903449796403108
495	495	0.00024247768172042653
496	496	0.0007549873259728825
497	497	0.0026837870605199016
498	498	0.027146478562784224
499	499	0.00012674969758662765
500	500	0.0042764245570080725
501	501	0.00047393364938437516
502	502	0.0028656453221643794
503	503	0.0006613027671660619
504	504	0.00013226055398225656
505	505	3.857599490418406e-05
506	506	0.0008211176024102731
507	507	0.002336603108908992
508	508	0.0009092913045837702
509	509	9.919541530193122e-05
510	510	0.0016532569170685922
511	511	5.510856456426726e-05
512	512	0.005576986663892039
513	513	0.01616334178350239
514	514	0.004017414306260246
515	515	0.004430728535537501
516	516	0.001587126640460528
517	517	0.00015981483582753458
518	518	0.0005125096444903673
519	519	0.004017414306294082
520	520	0.0011793232674253442
521	521	0.011677504684960836
522	522	0.0033230464022368685
523	523	0.0003637165218341995
524	524	0.004507880525458585
525	525	0.0003582056652119584
526	526	7.715199001948e-05
527	527	0.000341673096655064
528	528	0.007219221867082126
529	529	0.027146478562932532
530	530	0.0011793232669753447
531	531	0.0006833461924395562
532	532	0.01080678937539072
533	533	0.0021602557046183153
534	534	0.006706712223264457
535	535	0.011677504685212227
536	536	0.00024247768152273536
537	537	0.002782982476010036
538	538	0.03352253940340901
539	539	0.0006172159153699174
540	540	2.7554282298751467e-05
541	541	0.0008431610280866094
542	542	6.613027741389717e-05
543	543	0.0038631103280679095
544	544	0.00034718395246992914
545	545	0.00039127080358660886
546	546	0.001245453543788086
547	547	0.0004353576552501525
548	548	0.0012234101181058837
549	549	0.01070208310403048
550	550	0.004507880524638014
551	551	0.004276424556758798
552	552	0.010806789375389158
553	553	3.8575994717707464e-05
554	554	0.027146478563723694
555	555	0.01957456188744376
556	556	0.007588449245444498
557	557	0.007588449245597006
558	558	5.510857056288366e-06
559	559	0.000920313017037359
560	560	0.007588449245297771
561	561	0.00037473823435613286
562	562	0.0020665711459371345
563	563	9.91954158810544e-05
564	564	0.0016532569164720886
565	565	0.00020941254303318737
566	566	0.009098423895401239
567	567	0.00013226055409496095
568	568	0.0008486718841630623
569	569	0.00020390168643497796
570	570	0.01661523200785759
571	571	0.00261765678438561
572	572	0.00024798853774152566
573	573	0.0023476248215053594
574	574	0.00029758624507424114
575	575	8.817370229011849e-05
576	576	0.0008927587353264088
577	577	0.004777912488364527
578	578	0.0003196296708409319
579	579	0.0005565964954239697
580	580	0.004833021052208796
581	581	5.510856861379329e-06
582	582	0.027146478563223997
583	583	5.510856439740493e-05
584	584	0.01688526397009671
585	585	0.007830926926537364
586	586	0.0020335060072721937
587	587	2.204342575310896e-05
588	588	0.001890223740796488
589	589	0.006431169403868744
590	590	0.0005125096441964298
591	591	0.0020169734377951027
592	592	0.00044086851134048343
593	593	0.00035820566613908124
594	594	0.0004353576550078574
595	595	0.017023035380438804
596	596	0.00011572798506755114
597	597	0.004017414306829288
598	598	0.01070208310391326
599	599	0.00278298247571784
600	600	0.00557698666440482
601	601	0.016163341783468833
602	602	0.002066571145609056
603	603	2.2043425763867808e-05
604	604	0.0004518902242529056
605	605	0.00012674969713790917
606	606	0.00028656453258123546
607	607	0.0019398214490314988
608	608	0.016615232007352945
609	609	1.1021713188107146e-05
610	610	0.008707153092107858
611	611	0.0002975862449989119
612	612	0.016885263971020446
613	613	0.0027444064815746053
614	614	0.013782651824906875
615	615	0.0005621073515388091
616	616	0.002016973437692783
617	617	0.0005565964958429231
618	618	0.0043260222638962734
619	619	0.0002700319637953319
620	620	0.0001873691177120629
621	621	0.00014328226688964385
622	622	0.009098423895824262
623	623	0.0004078033726913215
624	624	0.03352253940339878
625	625	3.857599538260802e-05
626	626	6.06194211374555e-05
627	627	0.011677504684307127
628	628	0.011677504685201987
629	629	0.013782651824254798
630	630	0.011677504684506955
631	631	0.004017414306774095
632	632	0.0006227267719696442
633	633	0.0004298467986362303
634	634	0.017023035380313956
635	635	0.0006282376287920068
636	636	0.001895734597371753
637	637	0.0017414306191414642
638	638	0.0017193871931537523
639	639	0.0005896616339555863
640	640	0.00010470627149868115
641	641	0.00020390168718214743
642	642	0.00313567728514996
643	643	0.00019287997402459594
644	644	0.0007935633199794335
645	645	0.001890223741506816
646	646	0.010889452221405818
647	647	0.00012674969726156007
648	648	0.007830926926210095
649	649	0.002066571145243802
650	650	0.0013391381020802983
651	651	0.00025901025055460533
652	652	0.0008927587351822989
653	653	0.002033506007029768
654	654	0.01688526397085132
655	655	6.061942031657091e-05
656	656	0.00014328226613167673
657	657	0.0005455747824683058
658	658	0.010889452221753767
659	659	0.0038631103282989743
660	660	0.008707153091704218
661	661	0.007830926926434991
662	662	0.03352253940314036
663	663	0.00027554281998999554
664	664	5.510856929143952e-06
665	665	0.017023035380356027
666	666	6.061942066396807e-05
667	667	1.1021712991402423e-05
668	668	0.005637606084348681
669	669	0.0024247768110657623
670	670	0.004777912488599642
671	671	0.01616334178407971
672	672	0.0003912708036013343
673	673	8.817370276434823e-05
674	674	0.010889452221411898
675	675	0.017023035380041622
676	676	0.027146478563134468
677	677	0.0009533781552922704
678	678	0.017023035379857183
679	679	0.004507880525203532
680	680	0.004326022264506931
681	681	0.0018957345980106155
682	682	2.2043426500848086e-05
683	683	0.00027554281977872796
684	684	0.019574561887251787
685	685	0.0026562327792817274
686	686	0.00013777141034639794
687	687	0.005681692935281883
688	688	0.0003030971018149197
689	689	0.017023035380640435
690	690	0.0013281163900095482
691	691	0.0018902237417327736
692	692	0.003411220103873269
693	693	8.266284647103327e-05
694	694	0.00012123884060569872
695	695	0.001135236416039236
696	696	0.01702303537980663
697	697	0.00013226055386031572
698	698	0.027146478563005106
699	699	0.027146478562962772
700	700	0.0012950512510468016
701	701	0.004777912487824784
702	702	0.01616334178342274
703	703	0.0006668136232266212
704	704	2.755428206592433e-05
705	705	0.0002094125433553738
706	706	0.007588449245997041
707	707	0.00010470627138901176
708	708	0.00019839083056179285
709	709	0.0030089275879487533
710	710	4.4086851573429954e-05
711	711	0.03352253940339614
712	712	0.0012399426873927453
713	713	0.004182739998597199
714	714	0.00044637936767499267
715	715	0.01702303538057655
716	716	0.007588449245342498
717	717	0.0016808111982115194
718	718	0.010889452221546978
719	719	5.51085643592934e-05
720	720	0.0002645211067272118
721	721	0.007830926926575997
722	722	0.00043535765522478316
723	723	0.009098423895558214
724	724	7.715198991070643e-05
725	725	0.005637606084033176
726	726	0.004507880525031482
727	727	0.0006613027671127234
728	728	0.004436239391812495
729	729	4.95977080360503e-05
730	730	0.0017138763366770728
731	731	9.368455931719128e-05
732	732	0.0021602557041319774
733	733	3.8575995629660086e-05
734	734	1.6532569686382005e-05
735	735	0.007219221867406388
736	736	0.01378265182440247
737	737	0.00012674969728612796
738	738	0.013782651824680104
739	739	0.00021492339924757085
740	740	0.001190344980224514
741	741	2.2043426365796695e-05
742	742	0.0024247768106132805
743	743	0.0005125096441239495
744	744	0.00040229251671651317
745	745	0.0015154855074039997
746	746	0.003863110327495777
747	747	0.0003582056658450085
748	748	0.00121238840521854
749	749	0.0014438443744147554
750	750	0.010889452221232648
751	751	0.002617656783876195
752	752	0.0004684227936508668
753	753	0.004436239391873028
754	754	0.001355670671898346
755	755	0.007588449245247259
756	756	0.01616334178396804
757	757	0.00027554282026453353
758	758	0.027146478562990708
759	759	0.0006943679053075094
760	760	0.0019894191557833243
761	761	2.2043425667328597e-05
762	762	0.007830926926192971
763	763	0.0014658877992464617
764	764	6.061942106306986e-05
765	765	0.00041882508599644906
766	766	0.0013281163898050412
767	767	0.0003582056658480642
768	768	0.004623608509641531
769	769	0.005576986663825445
770	770	0.0017414306186633811
771	771	2.2043425904043325e-05
772	772	0.0023366031083148476
773	773	0.0004904662191163457
774	774	0.002733384768665803
775	775	0.00022043425631950938
776	776	0.0005290422133753282
777	777	1.1021713418351015e-05
778	778	5.5108564810913956e-05
779	779	0.004436239392331861
780	780	0.010806789375237411
781	781	0.0018571586027613367
782	782	0.00909842389596534
783	783	0.013782651824997008
784	784	0.013782651824422492
785	785	0.0006613027667147133
786	786	0.014454976303613297
787	787	0.0002645211070051695
788	788	0.0005621073520374605
789	789	0.013782651824804702
790	790	0.005637606084586271
791	791	0.003796980051496276
792	792	0.0003306513837692138
793	793	0.03352253940320402
794	794	1.1021712912764807e-05
795	795	0.0008927587353973726
796	796	0.0019894191558656417
797	797	0.003697784635794051
798	798	0.002336603109119675
799	799	0.0071696241596535615
800	800	0.002534993938220106
801	801	0.006431169404261491
802	802	0.0020169734384771834
803	803	0.010889452221705316
804	804	0.002016973437704387
805	805	0.0072192218678200585
806	806	0.009098423895822914
807	807	0.016885263970785172
808	808	0.00035820566592103127
809	809	0.00018736911758818965
810	810	0.00014328226701162763
811	811	0.006706712223183377
812	812	0.02714647856305225
813	813	0.0075884492450332165
814	814	5.51085736976547e-06
815	815	0.013782651824472669
816	816	0.002154744848339194
817	817	0.000628237628522819
818	818	0.0047779124885787
819	819	0.000336162240124134
820	820	0.0037969800507708347
821	821	0.0044307285357380755
822	822	0.01661523200736716
823	823	0.0034112201042711325
824	824	0.01616334178331683
825	825	2.2043425990138372e-05
826	826	0.0008211176019327054
827	827	0.0027829824763085363
828	828	5.5108563981312526e-05
829	829	0.03352253940312103
830	830	7.715199027610696e-05
831	831	5.510856471730186e-05
832	832	0.000435357655165674
833	833	0.0001102171281065112
834	834	0.001030530145029276
835	835	0.001890223740833012
836	836	0.019574561887355294
837	837	0.011677504684247886
838	838	0.03352253940274776
839	839	0.0002810536763011187
840	840	0.00011021712838511789
841	841	0.000380249091134952
842	842	0.002782982475909961
843	843	0.00017083654896531513
844	844	0.013782651824261348
845	845	0.004833021051860061
846	846	0.001085638708451065
847	847	0.0012123884061162689
848	848	0.010889452221564695
849	849	0.005681692936044104
850	850	0.0005565964952849111
851	851	0.00020390168650950128
852	852	0.002656232778724202
853	853	0.011677504684593583
854	854	8.817370286707781e-05
855	855	0.005681692935805024
856	856	2.2043425935585947e-05
857	857	0.0012289209749640063
858	858	0.027146478563206636
859	859	0.019574561886987068
860	860	1.6532570086806318e-05
861	861	2.7554281964734124e-05
862	862	0.00014328226642387092
863	863	0.007169624160031787
864	864	0.004777912488369069
865	865	1.6532569632978265e-05
866	866	0.0008927587355735181
867	867	0.00017083654877000782
868	868	0.03352253940336339
869	869	0.013782651824956199
870	870	6.0619420597412953e-05
871	871	1.1021713253579916e-05
872	872	2.7554282379933287e-05
873	873	4.9597708341697065e-05
874	874	0.0007935633199308009
875	875	0.027146478563093716
876	876	0.0005676182080374655
877	877	0.016615232007277953
878	878	0.0004684227933528511
879	879	0.016615232007852115
880	880	0.0067067122235829005
881	881	0.0335225394026417
882	882	4.408685166485389e-05
883	883	0.0025349939380767423
884	884	0.033522539402990596
885	885	0.01445497630388261
886	886	0.0001708365484466567
887	887	3.306513921885782e-05
888	888	0.002617656784819288
889	889	0.0013060729640084377
890	890	0.0002534993939377559
891	891	0.004777912488472871
892	892	6.613027676891587e-05
893	893	0.0003141188149222033
894	894	0.007830926926573946
895	895	0.00024247768197659662
896	896	0.00025349939474950285
897	897	0.01378265182459175
898	898	0.016163341784012568
899	899	3.3065138758069436e-05
900	900	0.003323046401899729
901	901	0.00035269480942535066
902	902	0.01957456188783684
903	903	0.017023035380126776
904	904	0.0006282376287055454
905	905	0.00017083654876163623
906	906	0.013782651824603849
907	907	0.00012123884082911745
908	908	1.1021713127925892e-05
909	909	0.0015154855068155986
910	910	0.0001873691176901097
911	911	0.019574561887552015
912	912	0.007830926926099315
913	913	0.0018571586026309512
914	914	0.00036922737859362473
915	915	0.0020335060076601616
916	916	0.0008707153095947845
917	917	0.01080678937509476
918	918	0.0036426760721869496
919	919	1.1021712851449202e-05
920	920	0.007830926926231774
921	921	0.010889452221361735
922	922	0.0003802490916261982
923	923	0.0003857599474956678
924	924	0.0006613027674440742
925	925	0.00011021712832712674
926	926	0.0026066350713896563
927	927	0.02714647856363713
928	928	0.017023035379835294
929	929	0.0044307285360317755
930	930	1.6532569994932977e-05
931	931	0.001190344980538665
932	932	7.164113398316755e-05
933	933	0.01957456188704878
934	934	0.004623608509277865
935	935	0.008707153091725563
936	936	0.00048495536222224533
937	937	0.0006888570486217748
938	938	0.001890223741648624
939	939	3.857599526994963e-05
940	940	0.00048495536230018694
941	941	0.0006282376283601943
942	942	1.10217132478107e-05
943	943	0.01702303538026923
944	944	0.0030089275883356686
945	945	0.00909842389593953
946	946	0.0009148021602950246
947	947	0.00029758624581424875
948	948	0.0006282376287753088
949	949	0.00023696682543141134
950	950	0.0043260222644662056
951	951	0.005681692935570898
952	952	0.017023035380503107
953	953	0.000986443293408321
954	954	0.0002369668252314392
955	955	6.0619420747018975e-05
956	956	0.0007053896176840243
957	957	0.01378265182428218
958	958	0.00011572798501458659
959	959	0.016615232007826948
960	960	7.164113368201958e-05
961	961	0.0012950512512528213
962	962	0.007169624159851069
963	963	0.01616334178430696
964	964	0.03352253940287988
965	965	0.010806789376003751
966	966	0.010806789375235762
967	967	0.0031852749922630097
968	968	1.6532569342134477e-05
969	969	0.0019122671664133504
970	970	0.006431169404700386
971	971	0.016615232007614826
972	972	8.266284610059246e-05
973	973	4.408685198281038e-05
974	974	0.02714647856302693
975	975	0.027146478562867667
976	976	0.0015871266402254086
977	977	0.016615232007996073
978	978	0.03352253940292951
979	979	0.00013226055335661347
980	980	1.6532569440144012e-05
981	981	0.00016532569242056044
982	982	0.019574561887210937
983	983	0.00018736911805538193
984	984	0.00024798853756034285
985	985	0.01378265182484113
986	986	0.00023145596863290176
987	987	0.00012674969740208075
988	988	0.00643116940375896
989	989	0.00024247768196782306
990	990	1.6532569575807058e-05
991	991	0.00011021712831966208
992	992	0.0005621073518977688
993	993	0.014454976303927565
994	994	0.033522539403595675
995	995	0.0044307285358744465
996	996	0.01688526397081276
997	997	0.0006337484850646327
998	998	0.00034718395288663726
999	999	0.016615232007160405
1000	1000	0.01080678937538037
1001	1001	0.0006282376290848672
1002	1002	0.027146478563046007
1003	1003	0.0006998787613345476
1004	1004	0.010889452220981633
1005	1005	1.1021713135780012e-05
1006	1006	0.00047393364968886516
1007	1007	0.000429846798746978
1008	1008	0.0006006833471480834
1009	1009	0.0015099746504947486
1010	1010	0.0006998787613838974
1011	1011	0.0001543039797264424
1012	1012	0.0005676182080544153
1013	1013	0.0002314559683986877
1014	1014	0.00038024909095494815
1015	1015	3.3065138443222146e-05
1016	1016	0.00030309710150891635
1017	1017	0.0014989529373569798
1018	1018	0.0019122671669071919
1019	1019	0.00013226055403726183
1020	1020	0.0011352364157768222
1021	1021	0.0025294830817453972
1022	1022	0.011677504685180118
1023	1023	0.016163341783492876
1024	1024	0.00012123884103714586
1025	1025	0.0002645211071380233
1026	1026	0.00758844924589446
1027	1027	0.0003967816603101197
1028	1028	0.016163341783930828
1029	1029	0.003411220104436071
1030	1030	0.00062823762848453
1031	1031	0.0016422352034511332
1032	1032	0.00036922737799490525
1033	1033	0.0017138763368436032
1034	1034	0.03352253940267462
1035	1035	0.033522539403347436
1036	1036	0.00030309710134892275
1037	1037	0.013782651824294804
1038	1038	0.027146478563411795
1039	1039	0.0033781549658337706
1040	1040	0.0020665711458765375
1041	1041	0.002744406481763672
1042	1042	0.0016808111984247909
1043	1043	0.0009148021608925425
1044	1044	0.007169624160589394
1045	1045	0.03352253940279269
1046	1046	9.919541590788963e-05
1047	1047	0.00014879312288973575
1048	1048	1.1021713302820368e-05
1049	1049	0.001890223741665098
1050	1050	0.007219221867946642
1051	1051	0.010889452221124255
1052	1052	0.010889452221654617
1053	1053	0.00027554281962133406
1054	1054	0.010702083104158154
1055	1055	0.010889452220976885
1056	1056	0.0020169734382510973
1057	1057	0.0033230464022831097
1058	1058	0.004436239392430708
1059	1059	0.027146478562829496
1060	1060	0.004430728535654134
1061	1061	0.011677504685179441
1062	1062	0.019574561887464165
1063	1063	0.001989419156629242
1064	1064	0.0006006833463276857
1065	1065	0.006706712223507118
1066	1066	8.817370249800811e-05
1067	1067	0.019574561887338953
1068	1068	1.6532569437842552e-05
1069	1069	4.9597708359982514e-05
1070	1070	0.0031797641360935213
1071	1071	3.306513896887807e-05
1072	1072	0.0006888570493393642
1073	1073	0.016615232007389756
1074	1074	0.03352253940295866
1075	1075	0.007588449245592125
1076	1076	0.0013170946773054908
1077	1077	0.0005951724900942068
1078	1078	0.0028656453222286123
1079	1079	0.007830926926702913
1080	1080	0.00039678166078224703
1081	1081	0.00022043425636395734
1082	1082	0.00783092692613062
1083	1083	0.00034718395337902334
1084	1084	0.002584591645670569
1085	1085	6.061942117931405e-05
1086	1086	0.0013170946771905057
1087	1087	0.00015981483613413183
1088	1088	2.204342585831956e-05
1089	1089	0.0021602557046604665
1090	1090	0.0009148021606536828
1091	1091	0.016163341783381812
1092	1092	0.004017414306598475
1093	1093	0.002424776810852029
1094	1094	0.0009368455863747006
1095	1095	0.000363716521832848
1096	1096	0.00017083654870904093
1097	1097	0.0027444064813548553
1098	1098	0.003179764135686803
1099	1099	0.005681692935597246
1100	1100	0.004507880525347698
1101	1101	0.0003361622403813299
1102	1102	0.0004849553627489862
1103	1103	0.0006282376285094016
1104	1104	3.306513839090005e-05
1105	1105	0.002617656784003099
1106	1106	0.0014548660871464363
1107	1107	0.0011848341239949827
1108	1108	1.1021713703247541e-05
1109	1109	0.0003030971016845908
1110	1110	0.005637606084121634
1111	1111	0.007588449245665052
1112	1112	0.0012123884052153337
1113	1113	0.000490466219176473
1114	1114	0.017023035380461474
1115	1115	0.00164774606063738
1116	1116	0.000666813623534942
1117	1117	0.001212388405246077
1118	1118	1.6532569889216547e-05
1119	1119	0.0011793232676543882
1120	1120	0.003411220104191446
1121	1121	0.0026562327792580306
1122	1122	0.014454976303400811
1123	1123	0.007219221867554063
1124	1124	0.0001212388413585036
1125	1125	0.0018902237410779496
1126	1126	0.000997465006791351
1127	1127	0.016615232007307034
1128	1128	7.1641133384294e-05
1129	1129	0.002529483082134905
1130	1130	0.0012950512514067652
1131	1131	5.510856471615209e-05
1132	1132	0.0003251405275300811
1133	1133	0.007588449245265493
1134	1134	0.0036426760725711232
1135	1135	0.03352253940309453
1136	1136	0.0019398214483806397
1137	1137	0.0002534993943457363
1138	1138	0.0018406260335911842
1139	1139	1.1021712819729485e-05
1140	1140	0.007830926926204698
1141	1141	1.6532570140282178e-05
1142	1142	0.0002479885374314383
1143	1143	0.0015816157831180014
1144	1144	0.0012123884051841553
1145	1145	0.001857158602706735
1146	1146	0.0037969800514947973
1147	1147	6.061942064822119e-05
1148	1148	0.007169624160480641
1149	1149	0.014454976304132896
1150	1150	0.00012674969716518542
1151	1151	8.266284605197436e-05
1152	1152	0.019574561887586366
1153	1153	7.164113342017302e-05
1154	1154	0.00443072853553648
1155	1155	0.016163341783365825
1156	1156	0.0006613027671839671
1157	1157	2.2043426227252456e-05
1158	1158	0.004833021051973558
1159	1159	0.0006613027667664716
1160	1160	0.0006502810539066111
1161	1161	0.010889452221020463
1162	1162	0.0012950512514052386
1163	1163	0.014454976303683241
1164	1164	0.03352253940308299
1165	1165	0.0013556706715591644
1166	1166	0.004276424557360946
1167	1167	0.0016477460602881526
1168	1168	0.00024247768182801639
1169	1169	0.0026562327794973557
1170	1170	6.613027738949713e-05
1171	1171	0.000154303979005994
1172	1172	0.016885263970683212
1173	1173	0.008707153092223757
1174	1174	0.004182739998034223
1175	1175	0.0008927587354186704
1176	1176	7.164113344728938e-05
1177	1177	0.0003912708037807548
1178	1178	0.000633748484991773
1179	1179	0.002534993938806189
1180	1180	0.0018902237412196307
1181	1181	1.6532569291234823e-05
1182	1182	0.0007274330437206883
1183	1183	0.019574561887434692
1184	1184	0.013782651825055564
1185	1185	0.001835115177259173
1186	1186	0.007169624160442151
1187	1187	0.013782651824424261
1188	1188	0.000986443294019108
1189	1189	0.0047779124883713725
1190	1190	7.16411334782171e-05
1191	1191	2.2043425863713596e-05
1192	1192	0.006431169404257514
1193	1193	0.017023035380619382
1194	1194	0.0011793232669003782
1195	1195	0.0005621073517981115
1196	1196	0.0006006833468359831
1197	1197	0.007588449245037011
1198	1198	0.0008156067456295517
1199	1199	0.0007219221869346533
1200	1200	0.0041827399984410134
1201	1201	0.0018626694594746545
1202	1202	0.0002534993947741726
1203	1203	0.019574561886941247
1204	1204	0.0002645211072344569
1205	1205	0.002066571145913008
1206	1206	0.0020665711460150977
1207	1207	0.00046842279313631647
1208	1208	0.03352253940309308
1209	1209	0.0028656453220976593
1210	1210	0.000567618207889025
1211	1211	0.00215474484822546
1212	1212	0.0009919541506527717
1213	1213	0.004276424556861891
1214	1214	0.002683787060587601
1215	1215	0.0002975862449815815
1216	1216	6.0619420337143635e-05
1217	1217	0.010889452221610437
1218	1218	0.019574561887610652
1219	1219	0.001642235203444955
1220	1220	0.00023696682520972178
1221	1221	0.0007164113310797714
1222	1222	3.857599501740427e-05
1223	1223	0.005637606084528464
1224	1224	0.007588449245356244
1225	1225	0.003008927587405438
1226	1226	0.00019839083059076558
1227	1227	0.002782982475860549
1228	1228	0.0006282376283142904
1229	1229	2.755428292379134e-05
1230	1230	0.00011021712833565899
1231	1231	0.01702303538003485
1232	1232	3.306513840542839e-05
1233	1233	0.0001983908304126278
1234	1234	0.006431169404323325
1235	1235	6.061942107462906e-05
1236	1236	0.00029207538932415666
1237	1237	0.019574561886936362
1238	1238	0.0002149233994025467
1239	1239	0.03352253940294648
1240	1240	5.510857120649235e-06
1241	1241	0.0015761049269386353
1242	1242	0.0009478672993757111
1243	1243	0.0008376501715526378
1244	1244	0.00036371652238693263
1245	1245	6.613027754006694e-05
1246	1246	0.00870715309185389
1247	1247	0.027146478563517852
1248	1248	0.00024247768186583916
1249	1249	0.0017414306190593253
1250	1250	0.0008707153099269744
1251	1251	0.006431169404633348
1252	1252	0.0016808111986105878
1253	1253	0.0036977846358635285
1254	1254	0.008707153092511589
1255	1255	0.001702854624213833
1256	1256	5.510856470780952e-05
1257	1257	0.016885263970066414
1258	1258	0.01688526397071323
1259	1259	0.0011848341235565186
1260	1260	0.007830926926821037
1261	1261	0.033522539403074515
1262	1262	0.01445497630353383
1263	1263	0.0002590102503919198
1264	1264	0.003185274991961185
1265	1265	0.0005014879313801975
1266	1266	0.027146478563054913
1267	1267	0.000187369117857368
1268	1268	0.016885263970871565
1269	1269	0.03352253940343323
1270	1270	0.001653256916467676
1271	1271	0.016615232008022656
1272	1272	2.2043426459211622e-05
1273	1273	0.033522539402759365
1274	1274	0.033522539402667875
1275	1275	0.01957456188698713
1276	1276	0.00019839083000747863
1277	1277	0.005681692935193423
1278	1278	0.006431169403861918
1279	1279	0.0006613027667869818
1280	1280	0.002865645322121142
1281	1281	0.00012674969721477528
1282	1282	0.01957456188778586
1283	1283	0.00013777140993325446
1284	1284	0.009098423895215247
1285	1285	5.510856537077629e-06
1286	1286	1.1021712935320763e-05
1287	1287	0.002782982476336719
1288	1288	0.0006172159158409816
1289	1289	0.0020665711457893204
1290	1290	0.014454976303558558
1291	1291	0.03352253940311305
1292	1292	0.002336603108286319
1293	1293	0.009098423895450982
1294	1294	0.00029758624527397606
1295	1295	0.01688526397100372
1296	1296	1.6532569318149475e-05
1297	1297	4.4086851864370674e-05
1298	1298	0.0020169734381199587
1299	1299	0.004276424557232151
1300	1300	0.016163341783920163
1301	1301	0.00017083654826551546
1302	1302	2.755428275950466e-05
1303	1303	2.2043425969835138e-05
1304	1304	0.0335225394029945
1305	1305	0.002529483082447376
1306	1306	3.306513849070086e-05
1307	1307	3.857599534529995e-05
1308	1308	0.00036371652189737036
1309	1309	0.0018902237414734763
1310	1310	0.0008927587352865834
1311	1311	0.0014769095122982288
1312	1312	0.0006778353365299504
1313	1313	0.0006668136234438245
1314	1314	0.0009148021602577398
1315	1315	0.0006833461928492625
1316	1316	0.0017744957567642826
1317	1317	0.01445497630394607
1318	1318	0.0037969800513074337
1319	1319	0.0002479885376927982
1320	1320	0.002160255704007199
1321	1321	0.003317535545152687
1322	1322	0.004833021052023153
1323	1323	0.0005235313577683682
1324	1324	0.0008982695912961271
1325	1325	1.1021712848712547e-05
1326	1326	0.0006282376285990078
1327	1327	0.0006337484850150326
1328	1328	1.653256964739234e-05
1329	1329	0.0023366031083001384
1330	1330	0.0005125096443748269
1331	1331	0.0001432822661042638
1332	1332	0.004507880525051905
1333	1333	0.010702083104704614
1334	1334	6.0619420677444936e-05
1335	1335	0.0026066350711525434
1336	1336	0.0025349939387679715
1337	1337	1.6532569193166087e-05
1338	1338	0.0056376060842350684
1339	1339	0.002992395018944443
1340	1340	0.0031852749923769403
1341	1341	0.0002204342562397419
1342	1342	0.0037969800513459875
1343	1343	0.01688526397063522
1344	1344	0.0003582056657987488
1345	1345	0.009098423895714865
1346	1346	0.00011572798481571907
1347	1347	0.016885263970616946
1348	1348	0.0026066350716626215
1349	1349	1.102171299854131e-05
1350	1350	0.0013556706719921622
1351	1351	0.0006117050597441243
1352	1352	0.013782651824598275
1353	1353	0.0031356772850904793
1354	1354	0.003796980051044128
1355	1355	0.0018902237414707246
1356	1356	0.016615232007785936
1357	1357	0.013782651824225627
1358	1358	0.010702083104233274
1359	1359	0.00042984679832370164
1360	1360	0.003378154966089971
1361	1361	0.0006668136231735513
1362	1362	0.0002479885379029907
1363	1363	0.0013281163902657336
1364	1364	0.002336603108913396
1365	1365	0.0006833461926191739
1366	1366	1.6532569846737817e-05
1367	1367	0.002617656784859675
1368	1368	0.0021602557043258076
1369	1369	1.1021713483524965e-05
1370	1370	0.000187369118043775
1371	1371	0.007830926926249596
1372	1372	0.002160255703810946
1373	1373	0.0024247768106732373
1374	1374	0.00036371652197104824
1375	1375	0.0015265072200070715
1376	1376	0.004833021051504134
1377	1377	0.013782651824406716
1378	1378	0.00047944450601652473
1379	1379	0.01661523200723395
1380	1380	1.653257013771343e-05
1381	1381	0.002617656784810187
1382	1382	0.017023035379803382
1383	1383	0.0026837870609759274
1384	1384	0.0023366031089413577
1385	1385	0.02714647856283357
1386	1386	0.00012674969753291245
1387	1387	0.007830926927042306
1388	1388	0.0011903449805831397
1389	1389	4.408685192277369e-05
1390	1390	7.71519896124869e-05
1391	1391	1.6532570036042624e-05
1392	1392	9.919541539922914e-05
1393	1393	0.02714647856306994
1394	1394	0.033522539402946736
1395	1395	0.00022594511222645327
1396	1396	2.7554282473364866e-05
1397	1397	1.6532570020377464e-05
1398	1398	0.0011848341240444761
1399	1399	0.001895734598050137
1400	1400	0.005637606084011214
1401	1401	0.00011572798462503323
1402	1402	0.016615232007154937
1403	1403	0.011677504684665486
1404	1404	0.003411220103831691
1405	1405	8.817370283449343e-05
1406	1406	0.01616334178350364
1407	1407	0.0011848341240161247
1408	1408	0.033522539403452845
1409	1409	0.003317535545646309
1410	1410	0.0006447701980200432
1411	1411	0.0002755428198266416
1412	1412	0.027146478563133132
1413	1413	0.0075884492454603636
1414	1414	4.959770823432315e-05
1415	1415	0.0012123884052576168
1416	1416	0.0027333847684696084
1417	1417	0.027146478563194725
1418	1418	1.1021713683157561e-05
1419	1419	0.014454976303334033
1420	1420	0.0071696241596934124
1421	1421	3.857599564162246e-05
1422	1422	6.613027726418162e-05
1423	1423	6.0619421007766264e-05
1424	1424	0.0015540615021063947
1425	1425	0.0002259451118943128
1426	1426	0.010889452221117178
1427	1427	0.00020390168662743363
1428	1428	0.0003526948096318996
1429	1429	1.1021713029035893e-05
1430	1430	0.00014879312271116592
1431	1431	0.0003471839533674952
1432	1432	0.006431169403809264
1433	1433	0.0014658877991476213
1434	1434	0.01957456188743786
1435	1435	0.0008376501714533126
1436	1436	0.0003416730961789948
1437	1437	0.0012234101180336864
1438	1438	0.0002700319632242636
1439	1439	7.71519898155868e-05
1440	1440	0.010889452221775467
1441	1441	0.0033781549661009696
1442	1442	0.027146478563119608
1443	1443	0.014454976303365692
1444	1444	0.0025349939387098452
1445	1445	0.0027444064817067327
1446	1446	0.011677504684625575
1447	1447	0.00019839083006344309
1448	1448	0.002617656784551624
1449	1449	0.014454976303917717
1450	1450	0.0005951724904207909
1451	1451	0.0020169734381812712
1452	1452	0.0026176567840788655
1453	1453	0.0033175355450757735
1454	1454	0.003411220104555858
1455	1455	5.510856390114982e-05
1456	1456	0.011677504684697384
1457	1457	0.0001818582612596563
1458	1458	0.00022594511243575322
1459	1459	0.0009203130169535881
1460	1460	0.0004794445056922927
1461	1461	0.00019287997356755068
1462	1462	0.0005565964957516969
1463	1463	0.027146478562903448
1464	1464	0.0004353576551698449
1465	1465	0.00015430397979801288
1466	1466	0.01616334178381229
1467	1467	0.0025074396569851184
1468	1468	0.03352253940282195
1469	1469	0.033522539402925405
1470	1470	0.00025901025028127005
1471	1471	0.0005786399214004329
1472	1472	0.0009368455861222714
1473	1473	0.00010470627139294907
1474	1474	8.266284638409993e-05
1475	1475	0.002347624821473752
1476	1476	0.0016532569164448721
1477	1477	4.408685127122817e-05
1478	1478	0.016885263970811065
1479	1479	0.007830926926258874
1480	1480	2.7554282139519525e-05
1481	1481	0.0033175355460007563
1482	1482	0.014454976303555325
1483	1483	0.0001653256917428234
1484	1484	0.005681692935208982
1485	1485	0.001724898049784751
1486	1486	0.005637606084434678
1487	1487	0.0006723244797361357
1488	1488	0.00028656453244647455
1489	1489	0.03352253940281156
1490	1490	0.016615232007893048
1491	1491	0.016885263970871558
1492	1492	0.004623608509245298
1493	1493	0.0027444064816794585
1494	1494	3.306513917839426e-05
1495	1495	0.002033506007391528
1496	1496	0.003796980050980699
1497	1497	1.6532570090656052e-05
1498	1498	0.01688526397023948
1499	1499	0.02714647856311663
1500	1500	0.005637606084018611
1501	1501	7.164113334691955e-05
1502	1502	9.919541508936665e-05
1503	1503	0.0019949300129364516
1504	1504	1.10217129900244e-05
1505	1505	8.817370241044304e-05
1506	1506	0.0008211176017835829
1507	1507	0.007830926926333609
1508	1508	0.016885263970622
1509	1509	0.003378154966033949
1510	1510	0.00031411881434592766
1511	1511	0.003642676072148573
1512	1512	0.004777912487743749
1513	1513	0.0002534993939648154
1514	1514	0.002033506006853813
1515	1515	0.0003582056656786329
1516	1516	0.007169624160515289
1517	1517	0.003179764135695178
1518	1518	0.008707153091712362
1519	1519	0.004623608509743545
1520	1520	1.653256963426219e-05
1521	1521	0.004623608509606008
1522	1522	0.0008211176017504207
1523	1523	0.01688526397016902
1524	1524	0.01688526397038482
1525	1525	0.0006778353359605399
1526	1526	0.0002920753889652144
1527	1527	0.00011021712842590896
1528	1528	0.0007164113309180123
1529	1529	0.003411220103896757
1530	1530	0.003642676072371294
1531	1531	0.002154744847573435
1532	1532	4.959770838713052e-05
1533	1533	0.007169624159603597
1534	1534	0.001096660421965326
1535	1535	0.004623608509036415
1536	1536	1.1021712780774853e-05
1537	1537	0.0055769866642498035
1538	1538	0.0025294830817513022
1539	1539	1.102171371259288e-05
1540	1540	0.03352253940361431
1541	1541	0.0004629119369751164
1542	1542	0.0017414306191724438
1543	1543	0.0013005621079151734
1544	1544	0.0020169734381010793
1545	1545	0.0009974650065272795
1546	1546	0.00043535765484691095
1547	1547	0.003642676072536352
1548	1548	0.0044307285358328825
1549	1549	0.0004794445063760897
1550	1550	0.007588449245417071
1551	1551	6.061942112617584e-05
1552	1552	0.0023200705394914208
1553	1553	0.004436239391711106
1554	1554	0.002534993938643375
1555	1555	0.011677504684796149
1556	1556	0.0005290422131901872
1557	1557	5.5108571198750045e-06
1558	1558	0.003642676071905335
1559	1559	0.00011021712860756426
1560	1560	0.00016532569232003425
1561	1561	0.005681692935803254
1562	1562	0.03352253940304784
1563	1563	0.010702083104414376
1564	1564	0.00026452110731215735
1565	1565	0.0003747382352941338
1566	1566	0.002992395018298839
1567	1567	0.017023035380099135
1568	1568	0.004276424556798777
1569	1569	0.00024247768166950595
1570	1570	0.0007053896182536414
1571	1571	0.027146478562823904
1572	1572	0.0018571586031458814
1573	1573	2.7554282500892543e-05
1574	1574	0.0031356772851738133
1575	1575	0.002656232778682914
1576	1576	0.02714647856332607
1577	1577	0.00017634740465372173
1578	1578	0.002656232779095121
1579	1579	0.016885263970778355
1580	1580	0.0029923950183041994
1581	1581	0.00020941254348326164
1582	1582	0.007830926926198778
1583	1583	0.007588449245995512
1584	1584	0.0010305301445477674
1585	1585	0.0002700319637167175
1586	1586	2.2043426412449427e-05
1587	1587	0.001267496970004831
1588	1588	6.613027684793111e-05
1589	1589	0.0002645211073366657
1590	1590	0.0013005621081221322
1591	1591	0.003411220104284793
1592	1592	0.00011021712843453657
1593	1593	0.0017028546244403787
1594	1594	0.0020169734381004227
1595	1595	0.004326022264242781
1596	1596	0.019574561887791667
1597	1597	6.061942066595262e-05
1598	1598	0.0026837870605973158
1599	1599	0.000540063926302148
1600	1600	0.00036371652207749743
1601	1601	8.817370258798979e-05
1602	1602	0.009098423895962706
1603	1603	0.0004739336495079931
1604	1604	0.016885263970799258
1605	1605	0.0006006833466989758
1606	1606	0.0005014879319298488
1607	1607	0.001355670671317565
1608	1608	0.002016973438597574
1609	1609	0.033522539402972416
1610	1610	4.408685111393299e-05
1611	1611	0.03352253940284408
1612	1612	0.0033175355456432423
1613	1613	0.007830926926835928
1614	1614	1.6532569165855658e-05
1615	1615	0.027146478563326158
1616	1616	0.00035820566530000124
1617	1617	0.00017083654857987586
1618	1618	0.01688526397031162
1619	1619	0.010806789375369686
1620	1620	2.2043426062264454e-05
1621	1621	0.003642676072174451
1622	1622	0.001680811198093453
1623	1623	6.061942096750246e-05
1624	1624	0.016615232007725602
1625	1625	0.00016532569172107576
1626	1626	0.006706712223620533
1627	1627	0.000115727984445519
1628	1628	0.0017028546242882027
1629	1629	1.6532569676806982e-05
1630	1630	0.0044362393925877035
1631	1631	5.5108564033245485e-05
1632	1632	0.0045078805253965844
1633	1633	7.715198973311605e-05
1634	1634	0.00024247768127825988
1635	1635	0.0006613027669330085
1636	1636	0.011677504684596001
1637	1637	0.0020335060074627284
1638	1638	0.004833021051515335
1639	1639	4.408685158079663e-05
1640	1640	0.001526507219826488
1641	1641	0.02714647856310514
1642	1642	0.007830926926138185
1643	1643	0.00039678165998285224
1644	1644	4.959770824942899e-05
1645	1645	0.0161633417836933
1646	1646	0.0015816157839751287
1647	1647	3.857599547631531e-05
1648	1648	0.002347624821199403
1649	1649	0.0002865645325956279
1650	1650	0.0003196296708118121
1651	1651	0.002534993938210132
1652	1652	0.0012564752565589446
1653	1653	0.003411220104070055
1654	1654	0.0335225394033125
1655	1655	0.0004959770750201626
1656	1656	0.00034167309637721493
1657	1657	0.00020941254283966826
1658	1658	0.0026066350718062436
1659	1659	0.0003802490909747556
1660	1660	8.266284652453805e-05
1661	1661	0.033522539403022446
1662	1662	0.019574561887321026
1663	1663	0.002347624821009809
1664	1664	0.0004629119374536624
1665	1665	0.0003141188140961731
1666	1666	0.003185274991993533
1667	1667	0.0012950512513702672
1668	1668	0.008707153092433945
1669	1669	4.408685187296142e-05
1670	1670	0.0009699107241933809
1671	1671	0.0013170946769289927
1672	1672	9.919541586438986e-05
1673	1673	0.002656232778597802
1674	1674	0.0008211176019785621
1675	1675	0.0008100958898922368
1676	1676	0.004326022264247462
1677	1677	0.013782651824998783
1678	1678	0.0033781549659687724
1679	1679	0.03352253940308395
1680	1680	0.02714647856371021
1681	1681	0.01378265182449197
1682	1682	0.005637606084299575
1683	1683	1.1021713201854184e-05
1684	1684	0.00019287997415069866
1685	1685	0.016615232007641062
1686	1686	7.715198971376994e-05
1687	1687	0.0005125096442313835
1688	1688	0.033522539402730686
1689	1689	0.001311583820489566
1690	1690	0.0005400639263087171
1691	1691	0.0005400639259693517
1692	1692	0.03352253940327095
1693	1693	0.01957456188768298
1694	1694	8.817370243221528e-05
1695	1695	0.010806789375796547
1696	1696	0.00025349939399259486
1697	1697	0.00011021712822497571
1698	1698	0.03352253940320942
1699	1699	0.033522539403570736
1700	1700	0.001835115177464973
1701	1701	0.01702303538036274
1702	1702	0.0006282376281549745
1703	1703	0.00022594511248642633
1704	1704	0.0021602557038910056
1705	1705	0.005576986664593443
1706	1706	0.0008872478784791393
1707	1707	0.006431169403945579
1708	1708	4.408685124713754e-05
1709	1709	2.2043425755688363e-05
1710	1710	0.00015981483552222556
1711	1711	0.017023035379717954
1712	1712	0.006431169403937405
1713	1713	1.1021713594813041e-05
1714	1714	0.010889452221200208
1715	1715	0.0011793232671842224
1716	1716	0.027146478563141712
1717	1717	1.6532569796443213e-05
1718	1718	0.007169624160387066
1719	1719	0.000501487931781079
1720	1720	0.0001322605537351096
1721	1721	0.0018957345973453672
1722	1722	0.033522539403194
1723	1723	0.007588449245253478
1724	1724	1.1021713733091116e-05
1725	1725	8.817370239353518e-05
1726	1726	0.00019287997433461258
1727	1727	0.002160255704487993
1728	1728	0.0014548660870079054
1729	1729	0.0005896616339913543
1730	1730	9.919541500972655e-05
1731	1731	0.00011021712829996084
1732	1732	0.002336603108717629
1733	1733	1.102171329548113e-05
1734	1734	0.00041331422954108153
1735	1735	0.01080678937600661
1736	1736	0.001989419156537066
1737	1737	7.164113307884993e-05
1738	1738	0.002683787061451577
1739	1739	0.00023696682561313438
1740	1740	0.002154744847772936
1741	1741	0.0005014879321104466
1742	1742	0.016885263970839347
1743	1743	0.0009203130170994453
1744	1744	4.959770748939887e-05
1745	1745	0.001713876337070879
1746	1746	0.0006337484848221116
1747	1747	0.007830926926256336
1748	1748	0.00028105367644328644
1749	1749	2.755428209839176e-05
1750	1750	0.0013281163901315864
1751	1751	0.0004904662193892441
1752	1752	0.0011793232676491246
1753	1753	0.0026837870610460224
1754	1754	0.0015540615017165772
1755	1755	0.0006998787618415701
1756	1756	5.510856521638215e-06
1757	1757	0.010806789375793364
1758	1758	0.0001763474052728891
1759	1759	0.0008652044536890782
1760	1760	0.0007164113308080576
1761	1761	0.0002204342560944592
1762	1762	0.00034718395318876304
1763	1763	0.027146478563762736
1764	1764	0.001355670671988965
1765	1765	0.009098423895135469
1766	1766	0.0007770307508648585
1767	1767	0.008707153092201561
1768	1768	0.0005400639259414953
1769	1769	0.0005125096448185412
1770	1770	8.266284657183939e-05
1771	1771	1.653256995802732e-05
1772	1772	8.266284615562689e-05
1773	1773	0.004430728536005406
1774	1774	0.0014658877993318287
1775	1775	0.004436239391661036
1776	1776	9.368455941179767e-05
1777	1777	0.01957456188766936
1778	1778	0.005637606084179257
1779	1779	0.004777912488550517
1780	1780	0.00026452110695783764
1781	1781	0.0001763474047334277
1782	1782	0.00019287997376915076
1783	1783	0.0007219221873825309
1784	1784	0.004623608509601903
1785	1785	0.0003637165219272125
1786	1786	0.00011021712810696082
1787	1787	0.002424776811241365
1788	1788	0.0003471839529886133
1789	1789	0.0010580844269477603
1790	1790	0.0016532569165142986
1791	1791	0.0014273118047741567
1792	1792	0.016885263970750942
1793	1793	0.011677504684799245
1794	1794	0.00013226055415905134
1795	1795	0.004276424556999607
1796	1796	0.007588449245176403
1797	1797	9.919541542399611e-05
1798	1798	0.0002094125434900444
1799	1799	0.0014989529377798815
1800	1800	0.00011021712849514109
1801	1801	0.027146478563077673
1802	1802	0.0008211176020862449
1803	1803	0.0031852749924740505
1804	1804	8.817370266922158e-05
1805	1805	3.8575994856779316e-05
1806	1806	0.0005455747826527668
1807	1807	0.0010856387083683678
1808	1808	0.010702083103905916
1809	1809	0.0033175355455862363
1810	1810	0.0017744957575430364
1811	1811	0.0008927587356089062
1812	1812	3.306513848474089e-05
1813	1813	0.0001873691173836161
1814	1814	0.0005896616338002674
1815	1815	0.01661523200793273
1816	1816	0.0019122671668349701
1817	1817	0.0005841507772148302
1818	1818	8.817370256465454e-05
1819	1819	0.0017414306184083009
1820	1820	0.0012289209747117587
1821	1821	0.0011352364161955866
1822	1822	0.019574561887418105
1823	1823	0.019574561887702062
1824	1824	0.004430728535278245
1825	1825	0.002584591646071964
1826	1826	0.00012123884056455956
1827	1827	0.016615232007264544
1828	1828	0.016885263970155714
1829	1829	0.01616334178355637
1830	1830	0.004623608508833069
1831	1831	0.003378154965758494
1832	1832	0.016163341784016474
1833	1833	0.00157610492722511
1834	1834	0.00028656453285028674
1835	1835	0.0002204342554834048
1836	1836	0.03352253940299763
1837	1837	0.0004463793680112672
1838	1838	0.00013777141017574568
1839	1839	0.0008927587348946642
1840	1840	0.000699878761573472
1841	1841	0.00870715309258854
1842	1842	0.00020941254336619673
1843	1843	0.0013556706718298422
1844	1844	0.010702083104363472
1845	1845	0.0025074396564288234
1846	1846	0.00017634740498251826
1847	1847	0.017023035379700215
1848	1848	0.0011793232674874622
1849	1849	0.0004188250854281754
1850	1850	9.368455904934723e-05
1851	1851	0.0023476248209165114
1852	1852	0.0001543039792029467
1853	1853	0.0015154855064879046
1854	1854	5.510856451868132e-05
1855	1855	0.00015430397897243372
1856	1856	0.008707153092561997
1857	1857	0.0019894191559411394
1858	1858	0.00035820566534524906
1859	1859	0.003323046402012436
1860	1860	2.7554282597573886e-05
1861	1861	0.0013281163894372507
1862	1862	0.0026837870612775945
1863	1863	0.0012123884054433371
1864	1864	0.00023145596880947626
1865	1865	0.004507880524821585
1866	1866	0.0003637165215959066
1867	1867	0.027146478563486676
1868	1868	3.85759956534048e-05
1869	1869	0.0003361622400277826
1870	1870	3.857599530852938e-05
1871	1871	2.7554282069754555e-05
1872	1872	3.8575995381258174e-05
1873	1873	0.0005841507776686034
1874	1874	0.010889452221137616
1875	1875	0.00013226055400449463
1876	1876	0.004833021051911715
1877	1877	0.00014879312334599475
1878	1878	0.007830926926928381
1879	1879	0.016163341784258625
1880	1880	0.00014879312304470188
1881	1881	0.003185274992156918
1882	1882	0.01616334178367614
1883	1883	0.033522539403463024
1884	1884	1.653256967481528e-05
1885	1885	0.004623608508829696
1886	1886	0.01088945222159727
1887	1887	8.26628458979944e-05
1888	1888	0.0006613027670921735
1889	1889	7.164113320215605e-05
1890	1890	0.03352253940355534
1891	1891	0.01088945222134023
1892	1892	0.0023200705396293816
1893	1893	0.0019398214485356758
1894	1894	0.027146478563383623
1895	1895	0.01616334178342523
1896	1896	0.00033065138379189226
1897	1897	0.0026562327792011993
1898	1898	0.0015265072196770884
1899	1899	0.004326022264355595
1900	1900	0.003135677285123822
1901	1901	0.00010470627222655652
1902	1902	0.019574561887892753
1903	1903	0.0011848341233351813
1904	1904	9.919541526957624e-05
1905	1905	0.00010470627204023559
1906	1906	0.01702303537990936
1907	1907	0.027146478563441236
1908	1908	0.002016973437684774
1909	1909	0.001857158603437604
1910	1910	0.0064311694037483035
1911	1911	0.01957456188765162
1912	1912	0.016885263970812442
1913	1913	0.016885263970693086
1914	1914	0.027146478563067674
1915	1915	0.0008156067454062253
1916	1916	6.613027757367287e-05
1917	1917	0.03352253940319338
1918	1918	0.0001322605536197188
1919	1919	0.016163341783589583
1920	1920	6.613027744274298e-05
1921	1921	0.019574561887764665
1922	1922	0.0023366031086342
1923	1923	0.0002755428196682829
1924	1924	0.0001432822664736102
1925	1925	0.0007053896179098662
1926	1926	0.001901245454284171
1927	1927	0.0018957345979948477
1928	1928	8.266284620312235e-05
1929	1929	0.006706712223353683
1930	1930	0.0006006833462307051
1931	1931	0.0002645211070807248
1932	1932	0.0008376501708720483
1933	1933	0.0005786399207560585
1934	1934	0.027146478563063636
1935	1935	3.857599516344926e-05
1936	1936	0.0006282376285037586
1937	1937	0.03352253940356063
1938	1938	0.014454976303716772
1939	1939	0.027146478563076077
1940	1940	0.002424776810555526
1941	1941	0.01378265182490867
1942	1942	0.0017193871929201807
1943	1943	0.00040780337363448635
1944	1944	0.007169624160140086
1945	1945	0.016885263970528745
1946	1946	0.00783092692691558
1947	1947	0.01661523200766944
1948	1948	0.011677504685142472
1949	1949	3.306513853434227e-05
1950	1950	7.715198991199796e-05
1951	1951	0.00443623939182928
1952	1952	0.0004353576555203391
1953	1953	0.0004904662192243941
1954	1954	0.0002590102504299679
1955	1955	0.0004849553622774062
1956	1956	3.306513895058886e-05
1957	1957	0.00023145596839941566
1958	1958	0.0003692273784829321
1959	1959	4.408685183060317e-05
1960	1960	0.01445497630403578
1961	1961	0.001190344980589438
1962	1962	0.0012564752572360493
1963	1963	8.817370286575732e-05
1964	1964	0.0003637165220395989
1965	1965	0.0006998787616815124
1966	1966	0.001454866086208616
1967	1967	0.001355670672051752
1968	1968	0.008707153092400622
1969	1969	0.03352253940267014
1970	1970	0.002226385981231434
1971	1971	0.00018185826151319648
1972	1972	0.004017414306939888
1973	1973	0.0023366031088337563
1974	1974	0.002424776810780918
1975	1975	0.000892758735163889
1976	1976	0.013782651824938583
1977	1977	0.013782651824567069
1978	1978	3.306513838001074e-05
1979	1979	0.027146478563374942
1980	1980	0.000330651384123908
1981	1981	1.6532569313936834e-05
1982	1982	0.00018185826173204445
1983	1983	0.0009148021612295169
1984	1984	0.0014769095126736483
1985	1985	0.0001598148356007254
1986	1986	0.0003692273789100746
1987	1987	2.755428216345322e-05
1988	1988	0.000694367904937766
1989	1989	0.02714647856294905
1990	1990	0.0018736911723178948
1991	1991	0.014454976303669051
1992	1992	0.00783092692671657
1993	1993	4.408685172564669e-05
1994	1994	0.0009533781552149937
1995	1995	6.061942080162589e-05
1996	1996	0.0004959770757868794
1997	1997	0.0017193871929119474
1998	1998	0.00029207538885291437
1999	1999	0.0009974650068488877
2000	2000	0.016163341783876475
2001	2001	0.0009974650063845744
2002	2002	0.00010470627220268237
2003	2003	0.00450788052504841
2004	2004	2.755428274930004e-05
2005	2005	0.00033616223973069215
2006	2006	0.0003141188147539815
2007	2007	0.011677504684607086
2008	2008	0.027146478563253605
2009	2009	0.007219221867615637
2010	2010	0.00011021712786285842
2011	2011	0.0023476248209104112
2012	2012	7.164113328282358e-05
2013	2013	4.9597708107649325e-05
2014	2014	0.007219221867875569
2015	2015	0.001912267167098844
2016	2016	0.0030089275876537783
2017	2017	0.0017414306185418854
2018	2018	0.0006833461925972392
2019	2019	0.004623608509162979
2020	2020	9.368455895550515e-05
2021	2021	0.0018902237410408742
2022	2022	0.019574561887237295
2023	2023	0.0002590102503984053
2024	2024	0.0007660090379855403
2025	2025	0.002656232778896221
2026	2026	0.016615232007476353
2027	2027	0.0011903449805821845
2028	2028	0.004777912488414308
2029	2029	0.005637606084634169
2030	2030	0.001245453543512125
2031	2031	0.0025294830825253363
2032	2032	0.027146478563762302
2033	2033	0.0018406260336906407
2034	2034	0.0003196296710672313
2035	2035	0.0018736911716916453
2036	2036	3.857599518584725e-05
2037	2037	0.0001157279844472123
2038	2038	4.9597708211262644e-05
2039	2039	0.003185274992317722
2040	2040	0.00198941915582426
2041	2041	0.03352253940304459
2042	2042	0.016885263970048227
2043	2043	0.027146478563624534
2044	2044	0.0064311694046637275
2045	2045	0.010702083103812002
2046	2046	0.027146478563507687
2047	2047	5.510856463609682e-05
2048	2048	0.00024247768139924904
2049	2049	0.016885263970412085
2050	2050	0.00014328226633052933
2051	2051	0.016885263970470073
2052	2052	0.002617656784171885
2053	2053	0.0005345530700873641
2054	2054	0.00015430397898166128
2055	2055	0.0029923950189747394
2056	2056	0.00909842389593893
2057	2057	0.001989419156224096
2058	2058	0.0056816929358032365
2059	2059	5.5108564064958704e-05
2060	2060	0.00011021712787248671
2061	2061	0.016615232007244025
2062	2062	0.0005290422139958191
2063	2063	0.001939821449222537
2064	2064	5.510856624180774e-06
2065	2065	0.0036426760718623542
2066	2066	0.0012399426872930063
2067	2067	0.00643116940464788
2068	2068	0.00030309710175295844
2069	2069	0.0002424776811253296
2070	2070	0.003378154966007639
2071	2071	0.001135236415739275
2072	2072	0.010889452221043304
2073	2073	0.007219221867228337
2074	2074	0.0034112201044838317
2075	2075	0.00010470627169969502
2076	2076	0.003185274991764199
2077	2077	2.7554282815792877e-05
2078	2078	0.0015761049268726481
2079	2079	0.010806789375181257
2080	2080	0.0031852749921987672
2081	2081	0.004430728535320843
2082	2082	0.0043260222640939235
2083	2083	0.01661523200800871
2084	2084	0.003378154965319975
2085	2085	0.000297586245506569
2086	2086	0.01957456188742023
2087	2087	0.00020390168715015195
2088	2088	0.0005676182083197606
2089	2089	0.0010139975761607276
2090	2090	0.0003471839527806824
2091	2091	0.0018351151774247392
2092	2092	8.817370234381009e-05
2093	2093	0.0005896616342284516
2094	2094	0.0005841507778208428
2095	2095	0.002083103715084745
2096	2096	0.007588449245246303
2097	2097	4.959770764326472e-05
2098	2098	0.007588449245608719
2099	2099	0.0020665711459905253
2100	2100	0.010806789375934291
2101	2101	2.204342626064063e-05
2102	2102	0.00121238840581692
2103	2103	1.1021713189640776e-05
2104	2104	0.016885263970411044
2105	2105	0.0006613027667457785
2106	2106	4.4086852027360785e-05
2107	2107	0.0009092913039806386
2108	2108	0.0003030971017106505
2109	2109	0.002016973438068919
2110	2110	0.00019839083002112665
2111	2111	0.00017083654807994675
2112	2112	5.5108564223440947e-05
2113	2113	2.2043426288435932e-05
2114	2114	0.01688526397082587
2115	2115	0.00011572798430903037
2116	2116	0.001862669459592891
2117	2117	0.027146478563669935
2118	2118	1.1021713460698357e-05
2119	2119	0.00012123884063413397
2120	2120	0.03352253940262854
2121	2121	0.01661523200744573
2122	2122	0.001184834123279669
2123	2123	0.004182739998504809
2124	2124	0.00023696682534847557
2125	2125	0.017023035380408186
2126	2126	0.00011572798500751179
2127	2127	0.00477791248814355
2128	2128	0.002336603108767333
2129	2129	0.016615232007210507
2130	2130	0.004436239392356728
2131	2131	0.03352253940358716
2132	2132	0.013782651824110455
2133	2133	0.004017414306402646
2134	2134	2.755428270834997e-05
2135	2135	6.613027715886802e-05
2136	2136	0.00014879312319975244
2137	2137	0.005576986664197539
2138	2138	0.00013226055402502205
2139	2139	0.0008156067455421151
2140	2140	0.0001212388407917257
2141	2141	0.006431169403832906
2142	2142	0.008707153092073844
2143	2143	0.004436239392217385
2144	2144	0.027146478563150254
2145	2145	0.00012123884067541751
2146	2146	0.014454976303770985
2147	2147	0.00012123884060620797
2148	2148	0.0010856387087337673
2149	2149	4.95977081519969e-05
2150	2150	5.510857009259316e-06
2151	2151	0.00038575994712735767
2152	2152	0.0005125096441322882
2153	2153	0.0042764245567304465
2154	2154	6.0619420445089914e-05
2155	2155	0.00019287997433789798
2156	2156	0.0019398214483470134
2157	2157	0.00716962415986596
2158	2158	0.0023476248216873215
2159	2159	1.6532569326119574e-05
2160	2160	0.001642235203642779
2161	2161	0.0003637165220178642
2162	2162	0.002320070539768868
2163	2163	0.000495977075651885
2164	2164	0.00030860795821628184
2165	2165	0.00019287997399411913
2166	2166	0.0006006833465867513
2167	2167	0.004833021052267302
2168	2168	0.0037969800515518432
2169	2169	0.00029758624536489547
2170	2170	0.006706712223934301
2171	2171	0.0005786399209560338
2172	2172	0.00019839083004025875
2173	2173	6.06194208802622e-05
2174	2174	0.00029758624506435197
2175	2175	0.017023035380318567
2176	2176	0.0016532569166733445
2177	2177	0.00012123884069560765
2178	2178	0.00164223520372767
2179	2179	0.0008927587350891415
2180	2180	9.919541535263346e-05
2181	2181	0.0006282376287769391
2182	2182	0.0024247768106546016
2183	2183	0.00018736911811232065
2184	2184	1.6532569225281674e-05
2185	2185	0.03352253940275669
2186	2186	0.014454976303955947
2187	2187	0.001680811198589503
2188	2188	0.011677504684869717
2189	2189	0.0009203130169303156
2190	2190	1.1021712804948926e-05
2191	2191	6.613027716339601e-05
2192	2192	0.017023035380028334
2193	2193	0.001311583820816231
2194	2194	0.00033065138348746114
2195	2195	0.000462911936756579
2196	2196	0.0018571586027622447
2197	2197	0.017023035380176042
2198	2198	0.003185274992299053
2199	2199	0.033522539402929034
2200	2200	0.007830926926827122
2201	2201	4.959770772129283e-05
2202	2202	0.027146478563065103
2203	2203	0.0015099746507105315
2204	2204	7.715198984770598e-05
2205	2205	0.027146478562847673
2206	2206	0.008707153092480945
2207	2207	0.00038575994789868164
2208	2208	0.0067067122234993025
2209	2209	0.002016973438509591
2210	2210	0.0003802490910636747
2211	2211	0.00057312906500853
2212	2212	0.003411220103626331
2213	2213	0.00022594511269326647
2214	2214	1.653256982561224e-05
2215	2215	0.008707153091829215
2216	2216	0.00024247768146005896
2217	2217	0.01616334178412928
2218	2218	0.000247988537561678
2219	2219	0.0012950512511864917
2220	2220	0.0006557919107570532
2221	2221	0.0168852639709026
2222	2222	0.010889452221689728
2223	2223	0.0009864432932985316
2224	2224	1.6532570081755362e-05
2225	2225	0.00018185826130595086
2226	2226	0.0018902237414398465
2227	2227	4.408685143305144e-05
2228	2228	0.0002920753889648616
2229	2229	0.0006998787612229524
2230	2230	0.013782651824999373
2231	2231	0.000661302767148815
2232	2232	0.00047393364955666134
2233	2233	0.01167750468483062
2234	2234	0.000892758735035206
2235	2235	0.000495977075271178
2236	2236	0.027146478563521727
2237	2237	0.027146478563664558
2238	2238	0.005576986663926407
2239	2239	0.003179764135692725
2240	2240	0.0008321393148688198
2241	2241	0.0004794445061124458
2242	2242	0.002683787060887945
2243	2243	0.004623608509425518
2244	2244	0.0013060729647254234
2245	2245	4.408685176547648e-05
2246	2246	0.0008376501709635696
2247	2247	0.033522539402757415
2248	2248	0.016163341784077512
2249	2249	0.017023035379897446
2250	2250	0.010889452221769609
2251	2251	0.0006006833464934337
2252	2252	0.002424776811149058
2253	2253	0.01616334178425083
2254	2254	0.000435357655422958
2255	2255	0.0006888570491357836
2256	2256	0.0005621073515468663
2257	2257	0.01080678937571402
2258	2258	0.0015540615012165583
2259	2259	0.00023696682563164044
2260	2260	0.001724898049941824
2261	2261	0.00020390168716789728
2262	2262	0.004017414306220978
2263	2263	4.408685202343638e-05
2264	2264	0.01445497630384363
2265	2265	0.0003582056656952855
2266	2266	0.01702303537990622
2267	2267	0.01445497630351688
2268	2268	0.00029207538940117264
2269	2269	0.0034112201039196576
2270	2270	0.00011572798473806728
2271	2271	3.306513898524555e-05
2272	2272	0.0014438443736426146
2273	2273	0.016615232007055912
2274	2274	9.368455935658634e-05
2275	2275	0.001339138102487717
2276	2276	0.0006943679052520664
2277	2277	0.00011021712858055135
2278	2278	3.857599534487939e-05
2279	2279	0.0013170946767626227
2280	2280	0.006706712223663803
2281	2281	0.0003030971014352649
2282	2282	0.0001157279848310834
2283	2283	0.0003857599478972734
2284	2284	5.5108564181175615e-06
2285	2285	7.715198975690418e-05
2286	2286	0.0006117050597110115
2287	2287	0.0006888570486215086
2288	2288	0.0067067122234784745
2289	2289	0.01957456188746759
2290	2290	1.653256934769316e-05
2291	2291	0.010806789376056586
2292	2292	0.0009533781553238042
2293	2293	0.01167750468454836
2294	2294	0.0025349939380732026
2295	2295	0.0018957345978534408
2296	2296	0.0013281163899244853
2297	2297	0.0018571586033768925
2298	2298	0.01088945222144464
2299	2299	0.000589661634259205
2300	2300	6.0619420760933985e-05
2301	2301	0.002226385980441688
2302	2302	0.0026176567839074133
2303	2303	0.006706712223923202
2304	2304	0.00046291193693653767
2305	2305	0.0012564752564189526
2306	2306	0.00012123884135990272
2307	2307	0.0005069987881298323
2308	2308	5.510856424496173e-05
2309	2309	0.007588449245902693
2310	2310	0.0009754215812659661
2311	2311	0.00036371652230871026
2312	2312	0.027146478563637486
2313	2313	0.0023200705392953137
2314	2314	0.01688526397030051
2315	2315	0.006706712223919178
2316	2316	0.0018626694598229845
2317	2317	0.0012564752565836404
2318	2318	0.0019012454537722548
2319	2319	9.368455860213275e-05
2320	2320	0.0007660090384956248
2321	2321	0.0012674969690613558
2322	2322	0.009098423895528512
2323	2323	0.0036977846365565674
2324	2324	0.004436239392086939
2325	2325	0.0036977846361482517
2326	2326	0.0025349939380889456
2327	2327	0.016163341784006167
2328	2328	4.9597708052031645e-05
2329	2329	5.5108564688244545e-06
2330	2330	0.009098423895722173
2331	2331	0.0004022925165077382
2332	2332	0.01616334178362704
2333	2333	1.653256921842688e-05
2334	2334	0.01070208310400797
2335	2335	0.002617656784134461
2336	2336	0.010889452221588554
2337	2337	0.000600683346422372
2338	2338	6.0619420797627934e-05
2339	2339	0.0001598148360838998
2340	2340	0.01167750468510469
2341	2341	0.033522539402676105
2342	2342	6.0619420267436984e-05
2343	2343	0.004436239392443026
2344	2344	0.01080678937548965
2345	2345	0.0015265072194854015
2346	2346	0.0011903449799124258
2347	2347	2.7554282350431597e-05
2348	2348	0.004507880524903976
2349	2349	0.0335225394035312
2350	2350	0.0005510856394322749
2351	2351	0.0003361622402151322
2352	2352	0.004623608509166804
2353	2353	6.06194211150755e-05
2354	2354	0.0009974650062523013
2355	2355	0.0011848341234470211
2356	2356	0.001587126640110185
2357	2357	0.005637606084281433
2358	2358	8.266284635572081e-05
2359	2359	0.0003306513835267947
2360	2360	0.0016422352036902785
2361	2361	0.0006227267721344191
2362	2362	0.004833021051665179
2363	2363	0.03352253940305776
2364	2364	9.368455953239231e-05
2365	2365	0.019574561887716734
2366	2366	0.01957456188785465
2367	2367	0.016163341784162136
2368	2368	0.013782651824198898
2369	2369	0.0008266284582125505
2370	2370	0.0004574010809067293
2371	2371	0.0014548660862621946
2372	2372	0.0006778353358455422
2373	2373	0.01088945222180651
2374	2374	0.00025349939412508095
2375	2375	0.019574561887592913
2376	2376	0.0006833461929923358
2377	2377	0.0335225394034996
2378	2378	0.0026066350714268292
2379	2379	8.26628460321718e-05
2380	2380	0.0004022925165777692
2381	2381	0.00019839083031451064
2382	2382	0.0018406260334821122
2383	2383	0.03352253940328127
2384	2384	0.0008927587347802828
2385	2385	0.03352253940289793
2386	2386	0.027146478563309814
2387	2387	0.0004904662193631814
2388	2388	0.027146478563533742
2389	2389	0.000391270804236783
2390	2390	0.0009919541498815817
2391	2391	0.0072192218672049455
2392	2392	1.1021713305598683e-05
2393	2393	1.1021712958602714e-05
2394	2394	0.004777912488012324
2395	2395	0.0008652044529524503
2396	2396	0.019574561887235782
2397	2397	0.00019287997424570857
2398	2398	0.00027554281956905654
2399	2399	0.0018351151773478324
2400	2400	0.000991954150654773
2401	2401	0.010889452220898365
2402	2402	0.007588449245920097
2403	2403	0.016615232007692188
2404	2404	4.95977078334887e-05
2405	2405	0.0008486718837691487
2406	2406	0.004430728535396777
2407	2407	0.0025845916460426636
2408	2408	0.019574561887507065
2409	2409	2.7554282463050153e-05
2410	2410	0.0008927587356065373
2411	2411	8.266284640669154e-05
2412	2412	0.003863110327974516
2413	2413	0.00030309710206433366
2414	2414	0.0017414306190179838
2415	2415	1.1021713454029469e-05
2416	2416	0.003135677284712928
2417	2417	0.00012123884099605887
2418	2418	0.017023035379790063
2419	2419	0.0031356772850486
2420	2420	0.0015099746507858574
2421	2421	8.266284604022453e-05
2422	2422	0.011677504684494027
2423	2423	4.959770835948987e-05
2424	2424	0.017023035380355947
2425	2425	0.0023476248214491812
2426	2426	0.003863110328025817
2427	2427	0.0064311694041893205
2428	2428	0.0008872478789622403
2429	2429	0.00025901025058871634
2430	2430	0.00055108563927725
2431	2431	0.0001763474044423136
2432	2432	0.0007164113308299834
2433	2433	0.003179764135829518
2434	2434	0.016885263970837564
2435	2435	0.0006613027671460823
2436	2436	0.0002149233999332751
2437	2437	0.01957456188751495
2438	2438	0.0001487931232007166
2439	2439	0.0006061942028057257
2440	2440	0.010702083104401443
2441	2441	0.0019122671673004643
2442	2442	0.0008100958895295239
2443	2443	6.061942072583224e-05
2444	2444	7.164113314259646e-05
2445	2445	0.0048330210517172146
2446	2446	0.007169624160048232
2447	2447	0.0013391381029898696
2448	2448	3.857599539079791e-05
2449	2449	0.010702083103928823
2450	2450	9.368455925821409e-05
2451	2451	0.00034718395319430483
2452	2452	6.0619420979421574e-05
2453	2453	0.0008486718840997133
2454	2454	0.007830926926799415
2455	2455	0.004777912488094658
2456	2456	0.0006117050597693959
2457	2457	1.6532569208177785e-05
2458	2458	0.0015154855068079114
2459	2459	3.306513851226825e-05
2460	2460	0.00222638598098486
2461	2461	1.653256967816001e-05
2462	2462	0.0005841507773090753
2463	2463	0.0024247768104335553
2464	2464	0.0335225394036153
2465	2465	0.01957456188720584
2466	2466	0.007588449245932523
2467	2467	8.266284642507155e-05
2468	2468	0.0003582056657064872
2469	2469	0.004436239392238474
2470	2470	9.36845592146076e-05
2471	2471	0.00028656453260134964
2472	2472	4.4086852013621504e-05
2473	2473	0.004777912488064354
2474	2474	0.027146478563300134
2475	2475	0.0017193871928830034
2476	2476	0.00483302105178401
2477	2477	0.0020169734376912847
2478	2478	0.0003802490912499676
2479	2479	0.008707153092472652
2480	2480	0.0004353576553134092
2481	2481	0.004507880525616613
2482	2482	0.0002259451121777431
2483	2483	0.019574561887459162
2484	2484	0.014454976303390737
2485	2485	0.0013170946767148502
2486	2486	7.715199014716242e-05
2487	2487	0.0005510856389982254
2488	2488	0.01088945222146549
2489	2489	3.857599505071844e-05
2490	2490	0.03352253940263788
2491	2491	0.007588449245787543
2492	2492	0.00046291193667576385
2493	2493	5.510857370807451e-06
2494	2494	0.005637606084780579
2495	2495	0.0009974650061778205
2496	2496	0.00019839083063270585
2497	2497	6.06194204813427e-05
2498	2498	0.0005841507774830648
2499	2499	0.00016532569237644157
2500	2500	0.00721922186792935
2501	2501	0.00012123884081803933
2502	2502	0.027146478563580323
2503	2503	0.0144549763033538
2504	2504	0.000898269591103072
2505	2505	6.613027677605512e-05
2506	2506	0.0026562327793845943
2507	2507	0.00012123884076501423
2508	2508	0.01661523200754295
2509	2509	0.004623608509330496
2510	2510	0.0037969800509411703
2511	2511	0.013782651824656949
2512	2512	1.1021712802692132e-05
2513	2513	0.00011572798451710537
2514	2514	0.00040229251628817297
2515	2515	0.0018406260336544258
2516	2516	0.010806789375557714
2517	2517	6.613027756034163e-05
2518	2518	0.0009092913045636868
2519	2519	0.033522539402723386
2520	2520	1.653256927608574e-05
2521	2521	0.016163341783438482
2522	2522	4.4086852046370014e-05
2523	2523	7.715198956444033e-05
2524	2524	0.005681692935716559
2525	2525	0.0067067122239536855
2526	2526	0.0017193871929908045
2527	2527	0.005681692935701092
2528	2528	0.0008156067457465861
2529	2529	0.0195745618873728
2530	2530	0.019574561887082544
2531	2531	0.0002259451123496136
2532	2532	0.000303097102256908
2533	2533	4.4086851230625285e-05
2534	2534	0.00043535765506410933
2535	2535	0.00012674969728367901
2536	2536	0.00031411881439781384
2537	2537	0.0002424776812177497
2538	2538	0.0008982695915083016
2539	2539	7.164113325472636e-05
2540	2540	0.0006337484853660268
2541	2541	0.01070208310390469
2542	2542	0.016885263970023354
2543	2543	0.0047779124876773955
2544	2544	0.004833021052301555
2545	2545	0.00023145596892913976
2546	2546	0.03352253940326419
2547	2547	5.510856441777102e-05
2548	2548	0.0003637165217781357
2549	2549	0.004182739998311764
2550	2550	0.017023035380672312
2551	2551	0.01445497630363855
2552	2552	0.0003582056659403924
2553	2553	0.01661523200785885
2554	2554	4.959770780225077e-05
2555	2555	0.002606635071698033
2556	2556	0.010889452221422858
2557	2557	3.306513837252535e-05
2558	2558	0.00020941254346202798
2559	2559	1.1021713566541633e-05
2560	2560	0.010806789375804125
2561	2561	0.0012950512513935143
2562	2562	0.0003030971020040459
2563	2563	0.010806789375771925
2564	2564	0.000192879973826302
2565	2565	0.027146478563622522
2566	2566	0.0002424776812010123
2567	2567	0.007219221867869724
2568	2568	0.002529483082229101
2569	2569	0.010889452221751845
2570	2570	0.008707153092588186
2571	2571	0.010702083104428535
2572	2572	0.016885263970128354
2573	2573	0.0003582056660561953
2574	2574	0.019574561886961345
2575	2575	0.019574561887584652
2576	2576	0.004436239392276542
2577	2577	0.0037969800509988073
2578	2578	0.03352253940339586
2579	2579	0.002424776810650569
2580	2580	0.00022043425605672556
2581	2581	0.027146478563050424
2582	2582	6.0619420315335735e-05
2583	2583	0.00013777141034314032
2584	2584	0.0020335060075584227
2585	2585	1.6532569609138103e-05
2586	2586	0.00030860795866092486
2587	2587	0.004623608509037238
2588	2588	0.0008652044534572942
2589	2589	1.6532570141461773e-05
2590	2590	0.0021602557037964866
2591	2591	0.00783092692690277
2592	2592	0.0271464785636519
2593	2593	0.0006833461922718957
2594	2594	0.016163341783336862
2595	2595	0.0005510856396358242
2596	2596	0.033522539403208255
2597	2597	0.0033175355456164625
2598	2598	9.919541508773337e-05
2599	2599	0.004017414306685043
2600	2600	0.0006337484852803586
2601	2601	0.00028105367640696513
2602	2602	0.0003967816599182314
2603	2603	0.0006061942031601124
2604	2604	0.0016477460605801104
2605	2605	1.6532569424566022e-05
2606	2606	0.0004022925163262477
2607	2607	0.011677504684404587
2608	2608	0.000578639920913955
2609	2609	0.033522539403531816
2610	2610	0.004017414306266565
2611	2611	0.010806789375168603
2612	2612	1.1021713325842754e-05
2613	2613	0.016615232007851522
2614	2614	0.01378265182448922
2615	2615	0.0003692273786535795
2616	2616	0.0006006833462836564
2617	2617	0.0020665711459120664
2618	2618	0.00034718395253310815
2619	2619	0.00024247768125658834
2620	2620	0.0011793232670575175
2621	2621	0.0005731290645652595
2622	2622	0.0017193871929744094
2623	2623	0.0009148021610936508
2624	2624	1.1021713117143891e-05
2625	2625	0.007169624159977237
2626	2626	5.510857079837092e-06
2627	2627	0.011677504685008243
2628	2628	0.0008376501713687796
2629	2629	0.0026066350712613206
2630	2630	0.016163341784304047
2631	2631	0.010889452221856449
2632	2632	0.0002700319630189767
2633	2633	0.01616334178397374
2634	2634	0.00020941254306423352
2635	2635	0.0002590102507611045
2636	2636	0.00022043425600409494
2637	2637	0.019574561887280795
2638	2638	5.510856477899333e-05
2639	2639	0.0024247768103274757
2640	2640	0.0006943679056576733
2641	2641	0.007219221867408773
2642	2642	3.8575994957917835e-05
2643	2643	0.0004629119367154161
2644	2644	0.0011352364165804478
2645	2645	2.75542821552004e-05
2646	2646	2.204342627687728e-05
2647	2647	3.306513873459808e-05
2648	2648	3.857599483487896e-05
2649	2649	0.0005621073516174131
2650	2650	0.0012234101185889456
2651	2651	0.0031797641354998213
2652	2652	0.005576986663957536
2653	2653	0.00025349939434516315
2654	2654	0.0024247768107783806
2655	2655	0.004507880525041206
2656	2656	0.00034718395266027834
2657	2657	0.010806789376024514
2658	2658	6.613027708570303e-05
2659	2659	0.01616334178374473
2660	2660	0.00477791248802426
2661	2661	7.164113380436757e-05
2662	2662	0.0001267496976132152
2663	2663	6.613027690138818e-05
2664	2664	0.0013060729646470323
2665	2665	0.00483302105204043
2666	2666	0.000666813623576383
2667	2667	0.0018957345977074485
2668	2668	0.0017193871931643096
2669	2669	0.014454976303517407
2670	2670	0.01702303537970159
2671	2671	0.0056816929354808155
2672	2672	0.004430728535826506
2673	2673	0.005576986664504562
2674	2674	0.01957456188777069
2675	2675	1.6532569869519646e-05
2676	2676	0.0036426760726424056
2677	2677	0.005681692935619182
2678	2678	0.0038631103281813375
2679	2679	0.0014273118045466323
2680	2680	0.002016973438520697
2681	2681	0.0030089275878823893
2682	2682	0.0001708365480559433
2683	2683	0.033522539402965464
2684	2684	0.03352253940289239
2685	2685	0.0170230353800694
2686	2686	0.0005786399210476309
2687	2687	0.00011572798444937025
2688	2688	0.0004408685119264192
2689	2689	3.3065139092965704e-05
2690	2690	0.013782651824146033
2691	2691	0.003642676072310272
2692	2692	0.019574561887325072
2693	2693	0.00015981483614548766
2694	2694	0.00033065138333061725
2695	2695	0.007830926926856932
2696	2696	0.0006778353358622755
2697	2697	5.5108565966624e-06
2698	2698	0.0013281163893168562
2699	2699	0.00011572798468337641
2700	2700	0.0018902237416679789
2701	2701	0.0013115838207137013
2702	2702	0.0025349939381623327
2703	2703	0.03352253940303631
2704	2704	0.0004629119365823422
2705	2705	9.91954157880667e-05
2706	2706	0.00035269480972066765
2707	2707	9.919541586878064e-05
2708	2708	0.00031962967124886816
2709	2709	0.00022043425611004377
2710	2710	0.027146478563180653
2711	2711	0.0168852639702605
2712	2712	0.0018571586027587488
2713	2713	0.004623608509252531
2714	2714	4.408685127855967e-05
2715	2715	0.0020335060071177886
2716	2716	0.01661523200794928
2717	2717	2.7554282234131368e-05
2718	2718	0.01688526397088184
2719	2719	0.0031797641354680472
2720	2720	0.03352253940327831
2721	2721	0.000259010250651823
2722	2722	0.0012619861126821213
2723	2723	0.0008431610277875035
2724	2724	0.0335225394028049
2725	2725	0.001890223741710061
2726	2726	0.0027444064816461826
2727	2727	9.36845588757495e-05
2728	2728	0.00015430397910836784
2729	2729	0.00870715309168228
2730	2730	0.010889452221698149
2731	2731	0.00048495536292995965
2732	2732	0.000777030751107762
2733	2733	0.010889452221572574
2734	2734	0.0004629119367611722
2735	2735	0.00021492339960698566
2736	2736	6.613027679294632e-05
2737	2737	0.0001212388411041626
2738	2738	0.033522539402686534
2739	2739	1.102171330666918e-05
2740	2740	0.0025845916458130513
2741	2741	9.3684558896872e-05
2742	2742	0.0008211176019126225
2743	2743	3.85759951128424e-05
2744	2744	0.0004794445063457569
2745	2745	0.0017193871937323173
2746	2746	0.016615232007998873
2747	2747	0.003378154965501661
2748	2748	0.000633748484906247
2749	2749	0.0008156067458509826
2750	2750	0.016615232007979912
2751	2751	0.004623608509399748
2752	2752	0.014454976303450091
2753	2753	3.857599532670622e-05
2754	2754	0.0001873691178490896
2755	2755	4.95977083601494e-05
2756	2756	0.0005455747830921562
2757	2757	0.0026176567845581458
2758	2758	0.019574561887662847
2759	2759	0.001256475256375569
2760	2760	0.001719387193598714
2761	2761	0.0018571586028636226
2762	2762	0.00038024909158454896
2763	2763	7.715199035319173e-05
2764	2764	0.027146478563219136
2765	2765	0.0005731290648487729
2766	2766	0.014454976304216181
2767	2767	0.010702083104427643
2768	2768	0.00022594511193120188
2769	2769	9.919541558261707e-05
2770	2770	0.004430728536143878
2771	2771	2.204342565936329e-05
2772	2772	0.0006668136238356544
2773	2773	9.919541561487241e-05
2774	2774	0.0006006833464220072
2775	2775	0.0025294830818848404
2776	2776	0.0018957345978839824
2777	2777	0.01661523200799492
2778	2778	0.01688526397003339
2779	2779	0.0010139975760372168
2780	2780	0.003378154965998521
2781	2781	0.010806789375224361
2782	2782	0.0036426760719581
2783	2783	0.009098423895453211
2784	2784	0.016163341783730516
2785	2785	0.010889452221078578
2786	2786	0.0044307285353949845
2787	2787	0.001212388405628321
2788	2788	0.0007384547563323292
2789	2789	0.0004849553629064686
2790	2790	0.027146478563711465
2791	2791	0.010806789376054652
2792	2792	0.0003416730966894648
2793	2793	0.004623608508768815
2794	2794	0.033522539403125086
2795	2795	0.0001102171283531705
2796	2796	0.0025349939383471935
2797	2797	0.0017414306184853588
2798	2798	0.019574561887678886
2799	2799	0.027146478563143502
2800	2800	0.003323046402011636
2801	2801	0.0006117050590335914
2802	2802	0.004833021052025826
2803	2803	0.0023476248210303704
2804	2804	0.007830926926372064
2805	2805	0.013782651825016656
2806	2806	0.0002259451122231693
2807	2807	0.0002094125428779979
2808	2808	0.0026176567846820913
2809	2809	0.0014989529374099925
2810	2810	7.164113365221808e-05
2811	2811	0.011677504685208952
2812	2812	4.9597708370136725e-05
2813	2813	0.00150997465048737
2814	2814	0.006431169404068603
2815	2815	0.007219221867521141
2816	2816	0.000126749697607241
2817	2817	0.027146478562989518
2818	2818	0.027146478563459746
2819	2819	0.00014328226648226182
2820	2820	3.3065139280950776e-05
2821	2821	2.204342609626803e-05
2822	2822	0.00131709467741654
2823	2823	0.0025074396570990516
2824	2824	0.0006833461924854275
2825	2825	0.005681692935754552
2826	2826	0.000650281054038493
2827	2827	0.002226385981110003
2828	2828	5.510856437944252e-05
2829	2829	0.0009699107250597489
2830	2830	0.00040229251652794303
2831	2831	0.002320070539863875
2832	2832	0.0026066350720574958
2833	2833	0.010889452220946812
2834	2834	5.510856467104897e-05
2835	2835	0.0008376501710434944
2836	2836	0.0002975862449840805
2837	2837	0.00026452110672651536
2838	2838	0.007169624159704717
2839	2839	0.005576986663896173
2840	2840	0.010806789375373414
2841	2841	1.6532569186304907e-05
2842	2842	0.01702303538006876
2843	2843	6.613027675385661e-05
2844	2844	0.033522539402704436
2845	2845	0.00121238840571152
2846	2846	6.613027677634755e-05
2847	2847	0.0006006833463931773
2848	2848	0.0033781549662767253
2849	2849	0.01957456188761194
2850	2850	0.016615232007912584
2851	2851	0.001135236416055798
2852	2852	0.016885263970195585
2853	2853	0.0021602557042855438
2854	2854	0.02714647856290194
2855	2855	0.00117932326743354
2856	2856	0.0011793232669114035
2857	2857	0.00023696682489779918
2858	2858	8.8173702243363e-05
2859	2859	0.0014438443743404951
2860	2860	0.00568169293582876
2861	2861	0.0023366031088273335
2862	2862	0.00019839083088512755
2863	2863	1.102171375732006e-05
2864	2864	0.0006006833463460924
2865	2865	0.00017083654851803674
2866	2866	0.00015981483600180615
2867	2867	0.004182739998691048
2868	2868	0.017023035380613147
2869	2869	0.0016532569162226347
2870	2870	6.061942052180537e-05
2871	2871	0.03352253940275021
2872	2872	0.02714647856328874
2873	2873	0.0005400639260225386
2874	2874	0.0004133142293758301
2875	2875	1.6532569354590733e-05
2876	2876	0.010806789375459943
2877	2877	0.0023476248215577207
2878	2878	0.009098423895546564
2879	2879	0.0003802490908647517
2880	2880	0.0011903449800802358
2881	2881	0.0005731290646133431
2882	2882	0.010889452221162853
2883	2883	2.7554282754003358e-05
2884	2884	0.013782651824368036
2885	2885	0.010702083104016298
2886	2886	3.857599528420694e-05
2887	2887	0.0027829824762482394
2888	2888	0.007588449245457789
2889	2889	0.008707153091931898
2890	2890	0.011677504685119886
2891	2891	0.0036426760720487637
2892	2892	0.00012674969708288095
2893	2893	0.004507880525417418
2894	2894	0.0006282376287756076
2895	2895	0.007219221867663957
2896	2896	0.010806789375850582
2897	2897	0.007219221867218387
2898	2898	0.002992395018939907
2899	2899	0.00432602226405928
2900	2900	0.00034718395286212746
2901	2901	0.00019287997443303477
2902	2902	0.01088945222143399
2903	2903	0.004276424556791445
2904	2904	0.0013391381022287553
2905	2905	0.00017083654846087917
2906	2906	0.0031797641362383494
2907	2907	0.0004959770750652165
2908	2908	0.0007164113303585235
2909	2909	0.0005290422141320065
2910	2910	0.0004959770752993159
2911	2911	0.003317535545506154
2912	2912	0.0023476248218194133
2913	2913	0.0016422352041524238
2914	2914	0.03352253940337773
2915	2915	0.027146478563268277
2916	2916	0.002160255704589597
2917	2917	0.0001432822665192315
2918	2918	0.0019012454539507006
2919	2919	0.0006117050593065113
2920	2920	0.00029207538883633524
2921	2921	0.004507880524676145
2922	2922	0.019574561887721838
2923	2923	0.00042984679871832206
2924	2924	0.007169624159665746
2925	2925	0.007169624160526029
2926	2926	4.408685171803045e-05
2927	2927	0.0002755428200109739
2928	2928	0.0044362393917660725
2929	2929	9.919541502604527e-05
2930	2930	0.002744406480867386
2931	2931	0.010889452221630647
2932	2932	0.00022043425571027276
2933	2933	0.016885263970709077
2934	2934	0.0025845916459980357
2935	2935	0.0034112201042415828
2936	2936	0.0005841507771274545
2937	2937	0.0007164113304997465
2938	2938	0.004777912488541713
2939	2939	0.0008376501717594287
2940	2940	0.01688526397057488
2941	2941	0.00027554282003628203
2942	2942	0.010702083103876056
2943	2943	0.004436239392065946
2944	2944	0.016615232007357886
2945	2945	0.02714647856280656
2946	2946	0.0013391381025109996
2947	2947	0.0009533781552689461
2948	2948	0.0006613027671294768
2949	2949	0.016615232007129537
2950	2950	0.010702083104225634
2951	2951	0.011677504685007507
2952	2952	0.03352253940335279
2953	2953	0.004430728535952176
2954	2954	0.0036426760718734686
2955	2955	0.0018351151772523168
2956	2956	0.0017248980501283558
2957	2957	0.00042984679867353085
2958	2958	1.653257008695347e-05
2959	2959	0.00012674969692451872
2960	2960	0.001008486719468762
2961	2961	0.0014548660870242554
2962	2962	0.00483302105204388
2963	2963	0.007169624160546055
2964	2964	0.004326022264483506
2965	2965	5.5108563905603095e-05
2966	2966	0.03352253940262829
2967	2967	0.011677504684757362
2968	2968	0.00013777141067067086
2969	2969	2.204342574298376e-05
2970	2970	0.003697784636147226
2971	2971	7.715198973844632e-05
2972	2972	0.01957456188758138
2973	2973	0.0033230464016656158
2974	2974	0.016885263970970302
2975	2975	0.0006117050591819425
2976	2976	1.6532569619743165e-05
2977	2977	0.0008156067456592019
2978	2978	0.004436239392331205
2979	2979	0.0015154855069720527
2980	2980	0.0003802490909444787
2981	2981	0.0005014879312806925
2982	2982	0.011677504685201784
2983	2983	0.00015430397974657768
2984	2984	0.00012674969746977082
2985	2985	0.0271464785635421
2986	2986	0.017023035380078117
2987	2987	0.016615232007088466
2988	2988	0.011677504684260617
2989	2989	0.027146478563201206
2990	2990	0.017023035380518414
2991	2991	0.0015761049274818169
2992	2992	0.0033175355453746096
2993	2993	0.0023366031089443783
2994	2994	0.017023035380080653
2995	2995	0.004326022264635552
2996	2996	0.0036426760726048254
2997	2997	0.014454976304165498
2998	2998	0.02714647856368843
2999	2999	1.6532569796192688e-05
3000	3000	0.007830926926294994
3001	3001	0.002347624821762531
3002	3002	0.000214923399841482
3003	3003	0.002347624821745318
3004	3004	2.2043426535324475e-05
3005	3005	0.001212388405482256
3006	3006	0.016163341783718737
3007	3007	0.004777912488452943
3008	3008	0.00033616224027701685
3009	3009	0.0008927587348717304
3010	3010	0.016615232007194978
3011	3011	0.01702303537990819
3012	3012	0.0026562327785849705
3013	3013	0.0003637165221280035
3014	3014	0.0031797641360988326
3015	3015	0.007219221867898763
3016	3016	0.019574561887417775
3017	3017	0.0018351151770274934
3018	3018	0.0002700319639130995
3019	3019	0.03352253940298521
3020	3020	0.0005345530704232828
3021	3021	0.0055769866639628065
3022	3022	5.5108571750621055e-06
3023	3023	0.0007053896180763998
3024	3024	0.00077703075154965
3025	3025	0.016163341784286092
3026	3026	6.613027680071175e-05
3027	3027	5.510856472559783e-05
3028	3028	0.00011572798487591906
3029	3029	0.01445497630428505
3030	3030	0.0026066350720563053
3031	3031	0.0003141188147660284
3032	3032	0.0017028546239324495
3033	3033	0.0018571586027089015
3034	3034	0.016885263970088556
3035	3035	0.009098423896063263
3036	3036	0.009098423895302523
3037	3037	0.00189573459798521
3038	3038	0.00019287997433249367
3039	3039	0.016163341784146048
3040	3040	0.00011021712832106081
3041	3041	2.7554282096018153e-05
3042	3042	0.0006668136232455698
3043	3043	0.0008486718843519939
3044	3044	0.00046291193703944505
3045	3045	8.81737022675971e-05
3046	3046	0.000595172490479652
3047	3047	0.002154744848113995
3048	3048	0.0033781549659318674
3049	3049	0.0009864432939611742
3050	3050	0.006431169404092758
3051	3051	0.0006502810540629282
3052	3052	4.408685128158146e-05
3053	3053	0.019574561887669293
3054	3054	0.016615232007479695
3055	3055	4.408685136545991e-05
3056	3056	0.00042433594216800195
3057	3057	0.027146478563587408
3058	3058	6.61302769909653e-05
3059	3059	0.03352253940271784
3060	3060	0.008707153092135028
3061	3061	0.0005510856387431337
3062	3062	0.000176347404471659
3063	3063	0.01661523200722207
3064	3064	0.0034112201039340918
3065	3065	4.4086851879497076e-05
3066	3066	0.010806789375134362
3067	3067	0.0335225394033731
3068	3068	0.00019839083015830888
3069	3069	0.0002369668248232439
3070	3070	0.010889452221757436
3071	3071	0.0002645211071323932
3072	3072	0.0009974650066195483
3073	3073	0.004276424557170678
3074	3074	0.0005621073515552704
3075	3075	0.001713876337380637
3076	3076	0.0033175355456896345
3077	3077	0.001576104927272081
3078	3078	4.9597707859957085e-05
3079	3079	0.027146478562770776
3080	3080	0.013782651824245892
3081	3081	6.061942100765503e-05
3082	3082	0.010702083103865747
3083	3083	0.019574561887435046
3084	3084	7.715199030033232e-05
3085	3085	0.010806789375913213
3086	3086	0.00046291193657608436
3087	3087	0.002424776810453158
3088	3088	0.00027554282024680997
3089	3089	0.0018736911720554801
3090	3090	0.0004353576551272427
3091	3091	0.011677504684873885
3092	3092	0.033522539403159586
3093	3093	0.0002424776814589985
3094	3094	0.0009754215807202527
3095	3095	0.0023476248212460616
3096	3096	0.004276424556403523
3097	3097	0.005681692936078973
3098	3098	0.01616334178347748
3099	3099	1.102171331646472e-05
3100	3100	7.164113305808767e-05
3101	3101	0.01688526397076108
3102	3102	2.7554282522006204e-05
3103	3103	0.0006006833464760315
3104	3104	7.164113373856261e-05
3105	3105	0.0002534993939069991
3106	3106	0.027146478563605563
3107	3107	0.0005731290651667729
3108	3108	0.007219221867178353
3109	3109	0.0013170946765339534
3110	3110	1.1021712992565216e-05
3111	3111	0.000319629670687448
3112	3112	0.0018351151769299711
3113	3113	0.0055769866646028015
3114	3114	0.0031356772849882144
3115	3115	0.0012289209744774706
3116	3116	0.009098423895407182
3117	3117	0.0002755428202820594
3118	3118	0.0016808111989438101
3119	3119	0.010806789375196107
3120	3120	0.005576986664550355
3121	3121	0.006706712223745907
3122	3122	0.0003857599476472529
3123	3123	2.204342588090158e-05
3124	3124	0.00026452110668879027
3125	3125	0.0008872478792604532
3126	3126	0.01688526397029926
3127	3127	0.000810095888976901
3128	3128	0.00029207538935037056
3129	3129	0.00044086851115914243
3130	3130	0.0005400639261923617
3131	3131	0.0026066350717287535
3132	3132	0.0001543039791354098
3133	3133	0.007588449245249047
3134	3134	0.004430728535979179
3135	3135	0.002160255704273119
3136	3136	0.0001377714106451323
3137	3137	0.001317094676700977
3138	3138	0.0036977846360755945
3139	3139	0.007169624159927879
3140	3140	0.00029207538928393477
3141	3141	0.033522539403185204
3142	3142	0.0027829824755069583
3143	3143	0.0020169734380897234
3144	3144	0.0009974650064676707
3145	3145	9.368455924799323e-05
3146	3146	0.0012564752566090404
3147	3147	0.0002479885378786146
3148	3148	0.005681692935346656
3149	3149	0.0015761049275901833
3150	3150	3.306513839299377e-05
3151	3151	0.017023035379938333
3152	3152	0.03352253940290694
3153	3153	0.016163341783623816
3154	3154	0.016885263970058396
3155	3155	0.00011021712830878197
3156	3156	0.01702303537995954
3157	3157	0.000837650171135806
3158	3158	0.00038024909075073585
3159	3159	0.00016532569187132493
3160	3160	0.004430728536081561
3161	3161	3.857599523600654e-05
3162	3162	0.033522539402778086
3163	3163	0.006431169404668599
3164	3164	0.0003747382343435656
3165	3165	7.715199010864692e-05
3166	3166	0.0021547448480420898
3167	3167	0.016615232007317498
3168	3168	0.007588449245461482
3169	3169	0.00015981483588553807
3170	3170	0.00013777141007568288
3171	3171	0.008707153092385437
3172	3172	0.001476909512725876
3173	3173	0.007169624160540511
3174	3174	0.03352253940350065
3175	3175	0.000363716521824832
3176	3176	0.0014273118048239877
3177	3177	0.001190344979695381
3178	3178	0.0003582056658187781
3179	3179	0.003378154965586855
3180	3180	0.002656232778778753
3181	3181	0.007219221867438416
3182	3182	0.016885263970918486
3183	3183	0.0003967816602028673
3184	3184	0.00017634740464320014
3185	3185	0.017023035379770134
3186	3186	2.755428194842295e-05
3187	3187	0.003179764136145629
3188	3188	0.004623608509635807
3189	3189	0.017023035380475834
3190	3190	0.007169624160411129
3191	3191	0.0006613027665681276
3192	3192	0.0013170946767967317
3193	3193	0.016615232007463693
3194	3194	0.001994930012580373
3195	3195	0.027146478562886246
3196	3196	0.0012234101182406808
3197	3197	0.0024247768108183
3198	3198	0.016885263970663197
3199	3199	0.00017634740457411435
3200	3200	0.011677504684748355
3201	3201	0.016615232007318702
3202	3202	0.001774495757214647
3203	3203	3.85759954834882e-05
3204	3204	0.000259010250393601
3205	3205	0.017023035380587373
3206	3206	0.001895734597851241
3207	3207	8.817370241194917e-05
3208	3208	8.266284638296083e-05
3209	3209	0.00013226055407310707
3210	3210	0.017023035380491092
3211	3211	0.0009864432938310299
3212	3212	0.0015761049269145423
3213	3213	6.613027696093776e-05
3214	3214	0.007219221867711098
3215	3215	0.0006613027667926573
3216	3216	5.51085645124414e-05
3217	3217	0.00024798853840294336
3218	3218	0.004777912488137088
3219	3219	0.0038631103277498
3220	3220	0.01088945222107311
3221	3221	0.002617656784270526
3222	3222	0.00027003196310356565
3223	3223	0.03352253940286831
3224	3224	0.0001377714106252888
3225	3225	6.613027749256946e-05
3226	3226	0.006706712223601007
3227	3227	0.001509974650340006
3228	3228	9.368455879610861e-05
3229	3229	0.004436239392088798
3230	3230	0.000600683346298262
3231	3231	0.0006613027671243693
3232	3232	0.03352253940266413
3233	3233	0.019574561887212877
3234	3234	1.6532569648526863e-05
3235	3235	0.00042984679857157687
3236	3236	0.0003361622402344541
3237	3237	8.817370298672092e-05
3238	3238	0.000126749697781106
3239	3239	0.0042764245565136815
3240	3240	0.0009864432936414291
3241	3241	0.003697784636175864
3242	3242	0.002016973438483184
3243	3243	0.0014658877994297157
3244	3244	0.0006613027673309063
3245	3245	0.0011903449801664015
3246	3246	0.0004629119374553529
3247	3247	0.0005731290648632714
3248	3248	7.715198997141018e-05
3249	3249	0.002226385981033558
3250	3250	0.0026562327792804853
3251	3251	0.0003416730964755315
3252	3252	0.0036426760719434938
3253	3253	9.368455915335297e-05
3254	3254	0.00017083654862426521
3255	3255	0.005576986664045189
3256	3256	0.0018957345973234817
3257	3257	0.0014769095126518032
3258	3258	0.016615232007204956
3259	3259	0.0015540615012453265
3260	3260	0.003411220103883268
3261	3261	0.0195745618879129
3262	3262	0.0016808111986609104
3263	3263	0.001576104926895725
3264	3264	0.004833021052026829
3265	3265	0.004833021051942834
3266	3266	0.00015981483574806912
3267	3267	0.016163341784074213
3268	3268	1.6532569688973316e-05
3269	3269	0.03352253940293327
3270	3270	0.016885263970939392
3271	3271	0.027146478563567215
3272	3272	0.0023476248214872675
3273	3273	0.005576986664303664
3274	3274	0.0006998787613373144
3275	3275	0.011677504684568317
3276	3276	0.01688526397088544
3277	3277	0.00029207538929176856
3278	3278	0.010889452220884572
3279	3279	0.0006943679054003994
3280	3280	0.01957456188767891
3281	3281	0.003863110327389568
3282	3282	9.919541553948665e-05
3283	3283	0.00010470627213278702
3284	3284	5.510857141354214e-06
3285	3285	0.0019949300129252744
3286	3286	0.004507880525590277
3287	3287	9.368455881994491e-05
3288	3288	0.005576986664181942
3289	3289	0.0018957345971941345
3290	3290	0.0029923950191220747
3291	3291	0.0001377714101186532
3292	3292	0.0013170946773627906
3293	3293	0.01167750468473501
3294	3294	0.0023366031090341884
3295	3295	7.164113399491598e-05
3296	3296	0.00022043425609250886
3297	3297	0.016163341784187348
3298	3298	6.061942053095473e-05
3299	3299	0.0008927587356921665
3300	3300	0.004326022264286631
3301	3301	0.004507880525276666
3302	3302	0.00031411881448648786
3303	3303	0.017023035380527837
3304	3304	0.010702083103948452
3305	3305	0.0006613027671779019
3306	3306	0.0033230464014186727
3307	3307	0.001317094676814831
3308	3308	0.002320070539773411
3309	3309	0.0008927587353000952
3310	3310	2.204342606156998e-05
3311	3311	0.0013170946766308408
3312	3312	0.000529042213969702
3313	3313	0.0047779124881509654
3314	3314	0.01688526397070076
3315	3315	5.510856453540028e-05
3316	3316	6.061942104307175e-05
3317	3317	0.003796980051010337
3318	3318	0.007588449245584813
3319	3319	4.408685114720386e-05
3320	3320	0.010889452221249585
3321	3321	0.0005014879321034529
3322	3322	0.0007053896182237048
3323	3323	0.000413314229704133
3324	3324	0.000501487931746087
3325	3325	1.1021713271005348e-05
3326	3326	0.00022594511191548645
3327	3327	0.0002479885383932844
3328	3328	0.00047393365007565965
3329	3329	2.755428221923343e-05
3330	3330	0.0016422352039111676
3331	3331	0.002584591646335713
3332	3332	0.01661523200731815
3333	3333	0.004436239392361911
3334	3334	0.03352253940334532
3335	3335	4.4086851712627134e-05
3336	3336	7.71519895494134e-05
3337	3337	0.0002534993939860177
3338	3338	0.0335225394026577
3339	3339	0.011677504684358448
3340	3340	1.6532569310056373e-05
3341	3341	0.00045189022390278226
3342	3342	0.0033230464016529527
3343	3343	3.857599519637572e-05
3344	3344	0.00014328226644849624
3345	3345	0.004182739997951415
3346	3346	0.02714647856323797
3347	3347	0.014454976303488014
3348	3348	0.00024247768198621048
3349	3349	0.0011903449799870241
3350	3350	0.00019839083046251712
3351	3351	0.00048495536303426635
3352	3352	0.00025349939403463366
3353	3353	0.0166152320072667
3354	3354	0.00017083654851933363
3355	3355	0.01661523200802297
3356	3356	0.03352253940263041
3357	3357	0.00018185826123673745
3358	3358	0.0004243359418187372
3359	3359	0.0015540615018305056
3360	3360	0.0021547448483134678
3361	3361	0.016885263970382678
3362	3362	0.0014438443736963652
3363	3363	0.0038631103273967637
3364	3364	0.004833021051696226
3365	3365	0.0026562327791830732
3366	3366	0.01957456188737867
3367	3367	0.002424776810854506
3368	3368	0.027146478563188445
3369	3369	6.061942070678869e-05
3370	3370	0.013782651824188977
3371	3371	0.00056761820866874
3372	3372	0.01088945222148418
3373	3373	0.003135677285016097
3374	3374	0.014454976304252376
3375	3375	0.004623608509411866
3376	3376	0.00026452110704851305
3377	3377	0.0005125096441798631
3378	3378	0.00013226055375385094
3379	3379	0.00042433594255919787
3380	3380	0.03352253940330518
3381	3381	0.03352253940274902
3382	3382	0.001994930012404671
3383	3383	5.510856418470872e-05
3384	3384	0.001724898049645212
3385	3385	6.613027709279609e-05
3386	3386	0.00721922186801846
3387	3387	0.01445497630365059
3388	3388	0.004777912488481578
3389	3389	0.004430728535757526
3390	3390	0.00014879312293995732
3391	3391	0.0005510856387741669
3392	3392	0.001515485507080735
3393	3393	0.016615232007073922
3394	3394	0.0005069987876567014
3395	3395	0.027146478563675563
3396	3396	0.000126749697552071
3397	3397	0.0015761049273781984
3398	3398	8.817370297825046e-05
3399	3399	0.004326022264443254
3400	3400	0.004623608508897555
3401	3401	0.01661523200716217
3402	3402	0.01167750468439096
3403	3403	0.0003471839523926536
3404	3404	0.0016422352038276684
3405	3405	0.013782651824335837
3406	3406	0.02714647856357376
3407	3407	0.0017193871937686502
3408	3408	0.004326022264707199
3409	3409	0.01661523200765306
3410	3410	0.00014879312262095558
3411	3411	0.00012123884147421693
3412	3412	0.00019839083016258516
3413	3413	0.0023476248212657065
3414	3414	0.0030089275880168208
3415	3415	0.0018902237411517373
3416	3416	0.0161633417838734
3417	3417	0.016885263970966714
3418	3418	5.510856706794044e-06
3419	3419	0.006706712223129703
3420	3420	0.000143282266684672
3421	3421	0.017023035380395183
3422	3422	0.0015540615011691902
3423	3423	0.0012234101182900259
3424	3424	0.013782651824308871
3425	3425	0.000347183953196612
3426	3426	0.0033781549657681087
3427	3427	0.0029923950182997434
3428	3428	0.002617656784308837
3429	3429	0.006431169404583937
3430	3430	0.007219221868004245
3431	3431	0.0007219221875394538
3432	3432	0.001245453544216901
3433	3433	0.013782651824260734
3434	3434	0.016885263970998852
3435	3435	0.0025349939383016557
3436	3436	0.0017744957576402089
3437	3437	0.0023200705390791316
3438	3438	5.510857382807427e-06
3439	3439	0.0006833461925561481
3440	3440	0.019574561887609865
3441	3441	0.000435357654895414
3442	3442	0.0019894191562661832
3443	3443	1.1021713640589555e-05
3444	3444	3.857599518798148e-05
3445	3445	0.00016532569241087955
3446	3446	2.7554282687246157e-05
3447	3447	0.0001487931228403507
3448	3448	0.002320070539391326
3449	3449	0.003179764135498322
3450	3450	0.010889452220932504
3451	3451	0.006431169403985517
3452	3452	7.164113328398509e-05
3453	3453	0.019574561887378245
3454	3454	0.0001102171279305319
3455	3455	0.010889452221577372
3456	3456	0.0087071530919435
3457	3457	0.019574561887242926
3458	3458	6.061942053675072e-05
3459	3459	0.00015430397939347333
3460	3460	0.007169624159601888
3461	3461	0.016163341783993104
3462	3462	0.0006778353365249548
3463	3463	0.00020390168673837492
3464	3464	0.00021492339929170251
3465	3465	0.00038024909157024334
3466	3466	0.011677504684709128
3467	3467	0.000694367904977927
3468	3468	1.653257002350831e-05
3469	3469	0.0013170946772153647
3470	3470	0.000341673096106381
3471	3471	0.007169624159921884
3472	3472	0.003796980051046108
3473	3473	0.0003196296706590758
3474	3474	0.0044362393919058895
3475	3475	0.00011021712820023463
3476	3476	0.0335225394032874
3477	3477	0.007830926926256001
3478	3478	5.510856411426016e-05
3479	3479	0.008707153091643247
3480	3480	0.00299239501901905
3481	3481	9.91954153667124e-05
3482	3482	5.510856663487424e-06
3483	3483	0.00036922737864668266
3484	3484	0.001245453544207644
3485	3485	0.017023035380644265
3486	3486	2.2043426194765917e-05
3487	3487	0.005681692935544728
3488	3488	0.00020390168703916106
3489	3489	0.0031852749919632135
3490	3490	0.0037969800508995026
3491	3491	0.0008982695912202284
3492	3492	0.027146478563130648
3493	3493	0.00023696682476209667
3494	3494	0.00028656453241292966
3495	3495	0.00014328226667706972
3496	3496	0.001179323267276415
3497	3497	0.008707153092191985
3498	3498	0.0005125096441215066
3499	3499	0.00021492339955722013
3500	3500	3.857599559939731e-05
3501	3501	0.007588449245214977
3502	3502	0.0005510856388841749
3503	3503	0.00017634740455898506
3504	3504	0.01616334178370098
3505	3505	0.00033065138377848783
3506	3506	5.510856443034885e-05
3507	3507	0.002507439656929731
3508	3508	0.0005455747825007682
3509	3509	0.016163341783476497
3510	3510	0.00024247768134222383
3511	3511	0.0019122671664404639
3512	3512	0.002336603108363436
3513	3513	0.010806789375912795
3514	3514	0.00024247768187537388
3515	3515	8.817370316128896e-05
3516	3516	2.2043425687279814e-05
3517	3517	0.01702303538052428
3518	3518	8.81737024068208e-05
3519	3519	0.0029923950187330647
3520	3520	0.0002479885375620822
3521	3521	0.0271464785628554
3522	3522	0.0013170946769939485
3523	3523	0.02714647856324133
3524	3524	5.510856984509393e-06
3525	3525	0.00033616223990476504
3526	3526	0.007219221867260784
3527	3527	0.00047944450613083764
3528	3528	1.6532569699003108e-05
3529	3529	0.00015430397912303556
3530	3530	0.0013060729645198801
3531	3531	0.006706712223966866
3532	3532	0.004507880525151987
3533	3533	0.0042764245570698235
3534	3534	0.0005014879318004944
3535	3535	0.0008100958895763901
3536	3536	0.014454976303914914
3537	3537	0.0009699107246624334
3538	3538	2.7554282130499248e-05
3539	3539	0.03352253940324577
3540	3540	0.010889452221748653
3541	3541	0.016163341783684025
3542	3542	0.03352253940309034
3543	3543	0.00015981483570251884
3544	3544	0.0016532569170465636
3545	3545	0.010889452221564861
3546	3546	0.003411220103800431
3547	3547	1.1021713434638598e-05
3548	3548	2.755428216989589e-05
3549	3549	0.0029923950190441522
3550	3550	0.004436239392574413
3551	3551	1.1021713445131518e-05
3552	3552	0.0027333847681524103
3553	3553	0.03352253940275624
3554	3554	0.000159814836059898
3555	3555	0.0001708365482969767
3556	3556	0.007219221868066409
3557	3557	0.0011683015546923618
3558	3558	4.959770842466948e-05
3559	3559	0.0031852749927062693
3560	3560	0.0025294830823113655
3561	3561	0.0004959770753587378
3562	3562	0.019574561887415267
3563	3563	0.0021547448478770777
3564	3564	0.0005731290643285394
3565	3565	0.004436239391912593
3566	3566	0.03352253940316624
3567	3567	1.102171360017582e-05
3568	3568	0.0008486718837859977
3569	3569	0.00046291193679557914
3570	3570	0.005681692935704431
3571	3571	0.004276424557175477
3572	3572	0.004430728536178133
3573	3573	0.001096660421241627
3574	3574	0.033522539403331525
3575	3575	0.0009919541504077342
3576	3576	0.033522539403003315
3577	3577	0.0011683015543364364
3578	3578	0.0013060729639906082
3579	3579	0.00015430397944447336
3580	3580	0.00021492339999858477
3581	3581	0.00016532569169390142
3582	3582	7.164113316792284e-05
3583	3583	0.0004794445056933818
3584	3584	0.0056376060844461045
3585	3585	0.0018902237414842673
3586	3586	0.0014769095122298967
3587	3587	0.0001928799738915983
3588	3588	0.0017028546238122009
3589	3589	0.016885263970770698
3590	3590	4.4086851699411665e-05
3591	3591	0.027146478563607242
3592	3592	0.00011021712819812154
3593	3593	0.001184834123597312
3594	3594	0.0008156067458179014
3595	3595	0.0056376060844912125
3596	3596	0.002617656784394633
3597	3597	0.0033781549660781337
3598	3598	0.004436239391956507
3599	3599	0.004017414306856846
3600	3600	0.005681692935553242
3601	3601	0.0006337484849186154
3602	3602	1.1021712977026083e-05
3603	3603	0.00021492339945946125
3604	3604	0.02714647856315526
3605	3605	0.0009919541498970685
3606	3606	0.010889452221558012
3607	3607	0.011677504684852385
3608	3608	0.00037473823512506585
3609	3609	0.00025901025032701064
3610	3610	0.0004353576549763033
3611	3611	0.0020169734380415198
3612	3612	0.004833021052025694
3613	3613	0.016885263971019082
3614	3614	0.002226385980577645
3615	3615	0.00012674969767442737
3616	3616	0.010889452220890581
3617	3617	0.0003747382348681752
3618	3618	0.0018957345979603137
3619	3619	9.919541557215236e-05
3620	3620	0.0006006833463719357
3621	3621	0.0001873691173089164
3622	3622	0.00047944450600641265
3623	3623	0.002782982475848306
3624	3624	0.000495977075673249
3625	3625	0.002656232779194138
3626	3626	0.0004298467987315421
3627	3627	0.004182739998467189
3628	3628	0.0026837870606271435
3629	3629	0.00039127080388809876
3630	3630	0.0001267496971559669
3631	3631	0.00014879312276163146
3632	3632	0.004833021052248482
3633	3633	0.003697784635932931
3634	3634	0.003796980051297138
3635	3635	0.003008927587966385
3636	3636	3.3065138697973065e-05
3637	3637	0.0004408685115026846
3638	3638	0.00045740108081874386
3639	3639	0.008707153092132576
3640	3640	0.005576986664211466
3641	3641	7.715199004088985e-05
3642	3642	0.019574561887903387
3643	3643	0.00010470627159771147
3644	3644	0.002782982475989971
3645	3645	0.0007274330438462923
3646	3646	0.019574561887499755
3647	3647	0.027146478563273516
3648	3648	0.0036977846361251477
3649	3649	0.019574561887168135
3650	3650	0.027146478563057984
3651	3651	0.016615232007881894
3652	3652	0.00011021712817292211
3653	3653	0.016615232007674275
3654	3654	0.007830926926296437
3655	3655	0.013782651824635582
3656	3656	0.007830926926777388
3657	3657	0.010806789375701346
3658	3658	0.01661523200746413
3659	3659	0.00015430397950153143
3660	3660	1.1021713146975407e-05
3661	3661	0.002424776811188796
3662	3662	8.817370272059684e-05
3663	3663	9.919541558569592e-05
3664	3664	0.0009974650068223575
3665	3665	0.01957456188705849
3666	3666	4.408685127253457e-05
3667	3667	0.0005125096440401994
3668	3668	0.002424776810534421
3669	3669	9.368455902308792e-05
3670	3670	0.016885263970683566
3671	3671	0.007219221867463732
3672	3672	0.00011572798474878269
3673	3673	0.0019398214491696646
3674	3674	0.0010139975756915717
3675	3675	0.019574561887433697
3676	3676	0.01445497630388344
3677	3677	0.005576986664474147
3678	3678	0.027146478562950428
3679	3679	0.00019839083032697154
3680	3680	0.010702083104122281
3681	3681	0.0006282376287251242
3682	3682	0.0137826518248761
3683	3683	0.004430728536158632
3684	3684	0.005576986664505602
3685	3685	0.0012950512516686908
3686	3686	0.00036371652171067817
3687	3687	3.306513850980576e-05
3688	3688	0.002033506007306375
3689	3689	0.033522539402822724
3690	3690	4.959770799147968e-05
3691	3691	0.0018406260339643358
3692	3692	0.03352253940302221
3693	3693	0.00014328226657751365
3694	3694	0.00028656453305911606
3695	3695	0.007219221867250392
3696	3696	0.010889452221447826
3697	3697	1.1021713755898664e-05
3698	3698	0.003135677284906703
3699	3699	0.002160255704193581
3700	3700	0.0038631103282785353
3701	3701	0.016615232007776336
3702	3702	0.03352253940301723
3703	3703	0.001190344980163787
3704	3704	0.019574561887443262
3705	3705	0.003317535545315218
3706	3706	2.755428222324466e-05
3707	3707	0.0012674969691886617
3708	3708	0.01616334178353089
3709	3709	0.016615232007133638
3710	3710	0.00011021712802554502
3711	3711	0.03352253940345015
3712	3712	0.017023035380557237
3713	3713	0.010702083104624152
3714	3714	0.002507439657092354
3715	3715	0.010806789375391427
3716	3716	0.0025845916462043043
3717	3717	0.006431169404153872
3718	3718	0.00015981483621782395
3719	3719	0.0006668136229168521
3720	3720	0.0029923950191077875
3721	3721	0.0015871266402278975
3722	3722	0.00014328226685678006
3723	3723	0.0021602557043774503
3724	3724	0.0018902237410485083
3725	3725	0.0271464785630393
3726	3726	0.0004022925166512895
3727	3727	0.001245453543915774
3728	3728	0.00035820566586985627
3729	3729	0.0025349939385201892
3730	3730	0.0004353576553465211
3731	3731	0.000435357655195633
3732	3732	0.00012674969749377387
3733	3733	0.016163341783540713
3734	3734	0.00043535765468546316
3735	3735	0.0006998787613395302
3736	3736	0.00011021712871988301
3737	3737	0.0015540615011602817
3738	3738	0.010806789375134579
3739	3739	0.00012674969708555118
3740	3740	0.0009699107248800168
3741	3741	0.0030089275881427452
3742	3742	0.007219221867117722
3743	3743	0.0013170946771115378
3744	3744	0.019574561887180316
3745	3745	0.0003802490915471029
3746	3746	6.613027756238412e-05
3747	3747	8.817370248539608e-05
3748	3748	0.00042433594200725423
3749	3749	0.0012674969694964008
3750	3750	0.009098423895424528
3751	3751	0.003411220103899866
3752	3752	0.004623608508986065
3753	3753	0.00017634740524857673
3754	3754	0.0036426760720906872
3755	3755	0.000727433043446491
3756	3756	2.204342645370955e-05
3757	3757	0.0017248980498520772
3758	3758	0.0002865645328074258
3759	3759	9.368455919352271e-05
3760	3760	0.001989419156652689
3761	3761	0.0008707153095820083
3762	3762	0.001576104927013005
3763	3763	0.0046236085090733394
3764	3764	0.00019287997440116614
3765	3765	0.00044637936753202847
3766	3766	0.013782651824331676
3767	3767	4.408685189660813e-05
3768	3768	0.0015099746504022508
3769	3769	0.01957456188774874
3770	3770	0.019574561887747324
3771	3771	9.919541543653785e-05
3772	3772	6.0619421112178145e-05
3773	3773	3.857599505378075e-05
3774	3774	0.03352253940300249
3775	3775	1.6532569423306884e-05
3776	3776	1.1021713698781265e-05
3777	3777	0.00783092692655474
3778	3778	0.0004794445064785383
3779	3779	0.0036977846360159426
3780	3780	0.033522539402711826
3781	3781	0.0008321393147108283
3782	3782	0.011677504684644579
3783	3783	0.0025349939390264032
3784	3784	0.00027554282003859956
3785	3785	0.0014273118043737387
3786	3786	0.0005676182080051611
3787	3787	0.002424776810574938
3788	3788	0.0025349939389429144
3789	3789	0.0025349939384992077
3790	3790	1.6532569756486362e-05
3791	3791	0.0018351151777505617
3792	3792	0.019574561887730914
3793	3793	0.03352253940276158
3794	3794	0.00039127080350091656
3795	3795	2.2043426281454396e-05
3796	3796	0.00030309710187473624
3797	3797	0.00011572798457773964
3798	3798	0.0015540615011936485
3799	3799	0.0006557919105935354
3800	3800	0.001190344979905914
3801	3801	0.016885263970056408
3802	3802	0.011677504684982866
3803	3803	7.164113310841825e-05
3804	3804	0.00401741430683763
3805	3805	0.0003196296711989657
3806	3806	0.004507880525485292
3807	3807	0.004326022264816416
3808	3808	0.01702303537995811
3809	3809	0.004436239391988739
3810	3810	3.3065138378983364e-05
3811	3811	0.00017083654821862775
3812	3812	0.0043260222646866395
3813	3813	0.0004739336498006673
3814	3814	0.00017083654866531224
3815	3815	0.004833021051474419
3816	3816	0.00015430397918631884
3817	3817	0.01688526397055556
3818	3818	0.017023035380069496
3819	3819	3.306513903031397e-05
3820	3820	0.0027444064817486674
3821	3821	0.0004959770751578951
3822	3822	0.00022594511199391752
3823	3823	0.0001653256925380641
3824	3824	6.613027708914264e-05
3825	3825	0.002992395018552275
3826	3826	0.001515485506970345
3827	3827	0.0013170946767869722
3828	3828	0.0005731290648236057
3829	3829	0.0020169734378999707
3830	3830	0.0008431610278011385
3831	3831	1.1021713151516727e-05
3832	3832	3.3065139113627996e-05
3833	3833	0.00016532569209290983
3834	3834	0.000435357655124842
3835	3835	0.00034718395308552124
3836	3836	0.0026066350717979516
3837	3837	0.00041331422993616854
3838	3838	0.002424776810651166
3839	3839	0.019574561887222394
3840	3840	0.00014328226653462453
3841	3841	7.715199008738535e-05
3842	3842	0.0005510856388884611
3843	3843	0.01080678937586849
3844	3844	0.0027444064807715784
3845	3845	0.007830926926962658
3846	3846	8.817370244738757e-05
3847	3847	0.0003416730966716361
3848	3848	0.0005014879312904591
3849	3849	0.0001763474049904768
3850	3850	0.0003141188145811155
3851	3851	0.017023035380655766
3852	3852	0.001554061502085405
3853	3853	0.014454976303394523
3854	3854	0.004777912488476674
3855	3855	0.0020335060076636705
3856	3856	0.0018736911723953495
3857	3857	0.0005069987878735591
3858	3858	0.0044307285359546445
3859	3859	0.0012123884052309415
3860	3860	3.857599487875076e-05
3861	3861	0.01445497630388749
3862	3862	0.001366692384544663
3863	3863	0.00017083654839750032
3864	3864	3.3065138598236874e-05
3865	3865	0.0026837870609849193
3866	3866	0.016615232007081395
3867	3867	7.715199010833731e-05
3868	3868	0.016163341783660464
3869	3869	6.613027742375288e-05
3870	3870	0.007169624160334614
3871	3871	0.001862669459513892
3872	3872	0.0019894191563891556
3873	3873	4.959770830354462e-05
3874	3874	0.0027444064817126203
3875	3875	0.0008266284583055132
3876	3876	0.0071696241598820975
3877	3877	0.02714647856336366
3878	3878	0.00041331422964659484
3879	3879	0.0006943679057377572
3880	3880	0.004017414307040125
3881	3881	0.016615232007383914
3882	3882	6.0619420324176835e-05
3883	3883	0.006706712223085114
3884	3884	0.0020335060071256673
3885	3885	0.0018736911723553162
3886	3886	0.0006668136231841094
3887	3887	0.007169624159997339
3888	3888	0.0005621073514919963
3889	3889	0.0001102171285192473
3890	3890	0.007830926926597757
3891	3891	0.014454976304115795
3892	3892	0.009098423895320635
3893	3893	0.016615232007844743
3894	3894	0.01616334178409793
3895	3895	0.004623608509759538
3896	3896	0.00022594511201528896
3897	3897	0.016615232007561424
3898	3898	0.03352253940361248
3899	3899	0.005576986663914907
3900	3900	0.0009092913044736791
3901	3901	0.0018351151777150757
3902	3902	0.010806789375726569
3903	3903	2.2043425924193937e-05
3904	3904	0.010702083104059198
3905	3905	0.005576986664644567
3906	3906	0.004507880525330611
3907	3907	0.0005841507778914606
3908	3908	0.019574561887574518
3909	3909	0.0005621073522822694
3910	3910	0.03352253940317632
3911	3911	0.013782651824331443
3912	3912	0.006431169404145679
3913	3913	0.00341122010382382
3914	3914	0.0036977846358256096
3915	3915	0.00028656453308545154
3916	3916	0.00011572798490152003
3917	3917	0.014454976303842005
3918	3918	9.919541558396443e-05
3919	3919	0.00017083654894056147
3920	3920	0.001857158603249837
3921	3921	0.0023200705395352824
3922	3922	0.010702083104034036
3923	3923	0.017023035380512686
3924	3924	0.0013115838204777657
3925	3925	0.00011021712836852781
3926	3926	0.004430728535876895
3927	3927	0.016163341783409606
3928	3928	0.010889452221272371
3929	3929	0.0007164113306668659
3930	3930	0.00022043425575547982
3931	3931	0.033522539403310014
3932	3932	0.002606635071439313
3933	3933	0.0005621073519945987
3934	3934	0.0013666923845812781
3935	3935	0.002083103714844921
3936	3936	0.004623608509609758
3937	3937	0.00047393365001543666
3938	3938	0.00018736911766676652
3939	3939	5.5108564208323096e-05
3940	3940	0.027146478563022478
3941	3941	0.002865645322133573
3942	3942	0.027146478563515895
3943	3943	0.000892758735318616
3944	3944	0.0007660090380197616
3945	3945	0.013782651824609669
3946	3946	0.0003141188143166697
3947	3947	9.919541535059971e-05
3948	3948	0.005576986663813107
3949	3949	0.00721922186806995
3950	3950	0.005637606084001787
3951	3951	0.00017083654812830395
3952	3952	6.0619420951992234e-05
3953	3953	0.0004959770753841917
3954	3954	0.00023696682524132807
3955	3955	0.0004849553622261637
3956	3956	0.011677504684241374
3957	3957	0.01688526397002553
3958	3958	4.959770805328614e-05
3959	3959	2.2043425720245117e-05
3960	3960	0.013782651824850407
3961	3961	0.017023035380606073
3962	3962	0.033522539402677465
3963	3963	0.0004794445066126473
3964	3964	0.005637606084490693
3965	3965	0.007830926926207713
3966	3966	0.0004629119366861302
3967	3967	0.000892758735228201
3968	3968	0.0001322605536862997
3969	3969	0.00018736911727700018
3970	3970	0.0017028546236251727
3971	3971	0.0016808111985311819
3972	3972	0.0003361622402384196
3973	3973	0.0010305301444308076
3974	3974	0.008707153092094544
3975	3975	0.002617656783904788
3976	3976	3.306513861308818e-05
3977	3977	0.0003361622401383358
3978	3978	2.2043425660157253e-05
3979	3979	0.0006117050598882505
3980	3980	0.01378265182466693
3981	3981	0.013782651825061209
3982	3982	0.0006172159159196752
3983	3983	0.0004353576552999148
3984	3984	6.061942119511349e-05
3985	3985	0.0017138763370828768
3986	3986	0.0005014879317096765
3987	3987	0.00041331422904771517
3988	3988	0.02714647856290515
3989	3989	0.01661523200803256
3990	3990	0.0026176567845224317
3991	3991	0.0004574010809705189
3992	3992	0.002656232779207153
3993	3993	0.007219221867493546
3994	3994	0.0003692273786447728
3995	3995	0.00043535765501993633
3996	3996	0.02714647856357297
3997	3997	0.0006998787616372312
3998	3998	0.00783092692648652
3999	3999	0.007830926926683744
4000	4000	0.007830926926983619
4001	4001	0.016615232007878136
4002	4002	0.016885263970910357
4003	4003	3.30651383690306e-05
4004	4004	0.0008211176016956851
4005	4005	0.019574561887482477
4006	4006	0.00015981483559794136
4007	4007	6.61302774929524e-05
4008	4008	0.0001047062719378668
4009	4009	0.033522539402946944
4010	4010	4.408685144867348e-05
4011	4011	0.001190344979751714
4012	4012	0.0034112201040648583
4013	4013	0.001212388405354069
4014	4014	0.007219221867254982
4015	4015	0.0013666923849214032
4016	4016	0.0019122671668942298
4017	4017	0.004833021051597318
4018	4018	0.0006172159154285526
4019	4019	1.1021713293488365e-05
4020	4020	0.009098423895833917
4021	4021	0.005681692935871673
4022	4022	0.0010856387088701638
4023	4023	0.008707153092218646
4024	4024	0.0026176567842458613
4025	4025	5.510856401900278e-05
4026	4026	0.008707153091631512
4027	4027	0.00317976413574027
4028	4028	0.0012564752569850241
4029	4029	0.016885263970778375
4030	4030	0.00011021712824990545
4031	4031	0.002865645321808491
4032	4032	0.004276424556960493
4033	4033	0.004777912487975681
4034	4034	0.0018626694593939636
4035	4035	0.0009368455860396647
4036	4036	4.959770748383593e-05
4037	4037	0.011677504684697675
4038	4038	5.51085699212915e-06
4039	4039	0.00044086851163190066
4040	4040	6.613027728031262e-05
4041	4041	0.007830926926392508
4042	4042	0.0001487931228325834
4043	4043	0.000837650171262233
4044	4044	0.004436239392589885
4045	4045	0.002154744847784284
4046	4046	0.01957456188703014
4047	4047	0.002226385980665933
4048	4048	0.003411220103995913
4049	4049	0.007219221867661508
4050	4050	0.00012674969724535285
4051	4051	0.00026452110748526487
4052	4052	0.0008927587348400134
4053	4053	0.011677504684356615
4054	4054	0.00014879312288544792
4055	4055	0.01957456188731115
4056	4056	0.00015430397972033985
4057	4057	0.0027829824764586163
4058	4058	0.0027444064815929595
4059	4059	0.0044307285360489276
4060	4060	0.008707153092418622
4061	4061	1.1021712837402782e-05
4062	4062	0.0003141188149650903
4063	4063	0.027146478563682623
4064	4064	9.919541497113856e-05
4065	4065	0.01957456188754659
4066	4066	0.01661523200728469
4067	4067	0.027146478563280684
4068	4068	3.857599521025062e-05
4069	4069	0.0018626694596900278
4070	4070	0.001895734597584633
4071	4071	0.0004243359424600764
4072	4072	7.715198967395616e-05
4073	4073	0.0008211176018277397
4074	4074	0.0036426760726407997
4075	4075	0.0090984238957572
4076	4076	0.010889452221461857
4077	4077	0.027146478563506833
4078	4078	0.016885263970299196
4079	4079	0.002606635071648414
4080	4080	0.007588449245306639
4081	4081	0.001642235203939702
4082	4082	0.033522539403215645
4083	4083	7.164113304028284e-05
4084	4084	0.0019012454542303523
4085	4085	0.00117932326685543
4086	4086	0.013782651825076054
4087	4087	0.007830926926047338
4088	4088	1.6532569214440553e-05
4089	4089	0.013782651824489713
4090	4090	0.027146478562985018
4091	4091	0.0020169734380568495
4092	4092	4.408685114107102e-05
4093	4093	0.001647746059967534
4094	4094	0.010889452220961757
4095	4095	2.75542828028208e-05
4096	4096	0.016163341783890353
4097	4097	0.002782982476417829
4098	4098	0.005637606084173387
4099	4099	0.0033175355451273833
4100	4100	0.00048495536236885847
4101	4101	0.00477791248764518
4102	4102	0.004276424556824945
4103	4103	0.016163341783698708
4104	4104	0.001245453544289477
4105	4105	0.0001157279844154905
4106	4106	0.002534993938115704
4107	4107	0.010889452221251294
4108	4108	6.061942110938447e-05
4109	4109	6.613027678523849e-05
4110	4110	0.0013666923842525448
4111	4111	0.0023476248209462706
4112	4112	2.204342565795084e-05
4113	4113	0.0023200705391888303
4114	4114	0.017023035380250382
4115	4115	0.0027444064815408476
4116	4116	0.0013391381021788866
4117	4117	0.0012950512514897092
4118	4118	0.010806789375217342
4119	4119	0.0002700319635548305
4120	4120	0.00012123884069482991
4121	4121	6.61302775390094e-05
4122	4122	4.408685185645153e-05
4123	4123	0.016885263970664702
4124	4124	0.01080678937571579
4125	4125	0.00034718395300468183
4126	4126	0.007219221867125057
4127	4127	0.007588449245019157
4128	4128	0.027146478562819376
4129	4129	0.01167750468436336
4130	4130	0.001724898049388856
4131	4131	0.01702303537987698
4132	4132	0.011677504684973835
4133	4133	0.0019894191567096345
4134	4134	0.00047393364992002557
4135	4135	0.0003582056656897601
4136	4136	0.00040229251677100614
4137	4137	4.40868517186919e-05
4138	4138	0.027146478563426203
4139	4139	0.00039678165992288426
4140	4140	0.017023035380530207
4141	4141	0.00016532569193187195
4142	4142	0.011677504684691952
4143	4143	0.0024247768109000277
4144	4144	0.014454976303472488
4145	4145	0.016885263970239674
4146	4146	0.01661523200709106
4147	4147	0.0006117050596377962
4148	4148	0.00168081119815222
4149	4149	0.0020665711454472815
4150	4150	5.510856711144306e-06
4151	4151	0.000738454756146191
4152	4152	0.0018571586025154646
4153	4153	0.014454976303830774
4154	4154	0.00013226055348359198
4155	4155	0.0033175355458329877
4156	4156	0.017023035380438777
4157	4157	0.0005621073515980992
4158	4158	0.0017193871929257903
4159	4159	0.0002590102510828103
4160	4160	0.017023035380470397
4161	4161	0.00563760608451253
4162	4162	0.00087071530932478
4163	4163	0.00017634740442797465
4164	4164	0.03352253940319849
4165	4165	5.5108564322767655e-05
4166	4166	0.001498952937714797
4167	4167	0.00010470627235394643
4168	4168	0.00036371652183888085
4169	4169	9.368455941439041e-05
4170	4170	0.0021602557040948226
4171	4171	0.0008486718844447302
4172	4172	0.0021547448474488065
4173	4173	0.0026837870607068002
4174	4174	0.0003582056657716459
4175	4175	0.0019398214485544026
4176	4176	0.003317535545522713
4177	4177	0.01616334178429539
4178	4178	0.014454976303990076
4179	4179	0.00012674969743574897
4180	4180	0.0001873691172825247
4181	4181	0.0027333847682547148
4182	4182	0.016615232007620728
4183	4183	0.00011021712853360147
4184	4184	0.0004959770754299289
4185	4185	0.016163341784239078
4186	4186	0.0043260222638942
4187	4187	0.016885263970489287
4188	4188	2.204342567548521e-05
4189	4189	0.010806789375743793
4190	4190	0.01616334178342629
4191	4191	0.0031852749919811796
4192	4192	0.003411220104078204
4193	4193	0.0012454535436601342
4194	4194	0.0016477460598190896
4195	4195	0.001989419155877
4196	4196	0.013782651824167488
4197	4197	9.919541535349665e-05
4198	4198	0.016163341784118983
4199	4199	0.00019287997428120784
4200	4200	0.016163341783863413
4201	4201	0.0020169734379636563
4202	4202	0.00012674969732639956
4203	4203	8.817370306435181e-05
4204	4204	0.0015540615014901183
4205	4205	0.0030089275880434176
4206	4206	0.0013666923846675806
4207	4207	0.005681692935983805
4208	4208	0.002033506006919609
4209	4209	0.00012674969704917451
4210	4210	0.013782651824989445
4211	4211	2.7554282496301163e-05
4212	4212	0.0019122671671047906
4213	4213	0.001013997575899782
4214	4214	0.004833021051664653
4215	4215	0.00042984679899460085
4216	4216	0.0006668136231787646
4217	4217	0.0018736911716656917
4218	4218	2.755428225653614e-05
4219	4219	0.01957456188714068
4220	4220	0.000661302767108378
4221	4221	0.0005731290644561082
4222	4222	0.0007549873250528869
4223	4223	0.01616334178379634
4224	4224	0.010702083104676246
4225	4225	0.0025349939388227163
4226	4226	0.01688526397090711
4227	4227	0.0027444064815324606
4228	4228	1.1021713611952982e-05
4229	4229	0.004017414306582738
4230	4230	0.0011903449796877297
4231	4231	0.0015871266396065057
4232	4232	0.00023696682528579667
4233	4233	0.01702303538038691
4234	4234	7.164113314865118e-05
4235	4235	3.857599488200109e-05
4236	4236	8.266284603292071e-05
4237	4237	0.0002755428201038448
4238	4238	0.0006282376289686658
4239	4239	8.817370263276032e-05
4240	4240	0.00029207538859261754
4241	4241	0.027146478563652356
4242	4242	0.001311583820428506
4243	4243	0.01702303538033978
4244	4244	0.016885263970228704
4245	4245	0.00011572798485903609
4246	4246	0.00011021712846348793
4247	4247	3.306513924055677e-05
4248	4248	0.003863110327640404
4249	4249	6.613027670282521e-05
4250	4250	6.0619420636402585e-05
4251	4251	0.01616334178390741
4252	4252	0.033522539403171556
4253	4253	0.0022263859806352267
4254	4254	0.003185274991791675
4255	4255	6.613027670427117e-05
4256	4256	1.1021713512504177e-05
4257	4257	0.0006337484850328744
4258	4258	2.2043426229441328e-05
4259	4259	0.00012674969691906844
4260	4260	2.7554282923637806e-05
4261	4261	0.0006888570487949314
4262	4262	0.003863110327775904
4263	4263	0.000270031963233515
4264	4264	0.017023035380131724
4265	4265	0.010806789375187954
4266	4266	0.011677504684440738
4267	4267	0.03352253940273008
4268	4268	0.00023696682560928964
4269	4269	0.00014328226679460892
4270	4270	0.00037473823532160075
4271	4271	0.0008927587352657632
4272	4272	0.0001322605538726143
4273	4273	0.0021602557042785567
4274	4274	0.005681692935938397
4275	4275	5.510856467553041e-06
4276	4276	0.00026452110753339233
4277	4277	0.0043260222640442115
4278	4278	0.001085638708438629
4279	4279	6.61302772433949e-05
4280	4280	0.00716962416052922
4281	4281	0.0019012454545276343
4282	4282	0.0017414306191851153
4283	4283	0.0006668136232455428
4284	4284	0.0020335060074732785
4285	4285	0.008707153092303565
4286	4286	0.01445497630357496
4287	4287	0.01070208310375656
4288	4288	0.004623608509024975
4289	4289	0.005576986664327294
4290	4290	0.0036977846359128146
4291	4291	0.0006888570488320036
4292	4292	0.0018902237410389185
4293	4293	0.010702083103976818
4294	4294	0.002226385980687009
4295	4295	0.00012123884055180201
4296	4296	0.0008982695916480513
4297	4297	0.007588449245275451
4298	4298	0.0003030971014451272
4299	4299	0.019574561887056693
4300	4300	0.001901245454147613
4301	4301	0.01088945222128362
4302	4302	3.3065138994477314e-05
4303	4303	0.016885263970027337
4304	4304	0.002507439656759968
4305	4305	0.0037969800509827715
4306	4306	0.03352253940359203
4307	4307	0.027146478563261075
4308	4308	0.009098423896015527
4309	4309	1.1021713202909113e-05
4310	4310	0.03352253940272425
4311	4311	0.0009974650069026695
4312	4312	1.653256922229509e-05
4313	4313	0.01661523200779677
4314	4314	1.102171286737596e-05
4315	4315	0.007169624160318213
4316	4316	0.007169624160103486
4317	4317	0.0144549763037288
4318	4318	0.0019398214485774102
4319	4319	4.959770755027062e-05
4320	4320	0.000997465006771842
4321	4321	0.00015981483563771594
4322	4322	0.00018185826141747268
4323	4323	0.0013170946768824685
4324	4324	2.7554282661128455e-05
4325	4325	0.008707153092261664
4326	4326	1.1021713419960708e-05
4327	4327	0.03352253940272424
4328	4328	0.003796980051585503
4329	4329	0.001857158603359242
4330	4330	0.00038024909115308815
4331	4331	0.033522539402965
4332	4332	0.011677504684533734
4333	4333	0.00017083654819123793
4334	4334	0.0015540615013182534
4335	4335	0.004182739998639683
4336	4336	0.010806789375901833
4337	4337	0.0006943679057409732
4338	4338	0.004507880525393507
4339	4339	0.014454976304191663
4340	4340	0.016615232007088417
4341	4341	0.00020941254330097885
4342	4342	4.4086851379376346e-05
4343	4343	6.0619420364776107e-05
4344	4344	0.016615232007064232
4345	4345	0.0007384547563731391
4346	4346	0.00019287997396582194
4347	4347	0.00023145596885992595
4348	4348	0.0027444064812575187
4349	4349	0.017023035380222873
4350	4350	0.0002369668253562273
4351	4351	4.408685163358902e-05
4352	4352	0.0027444064813654605
4353	4353	1.653256971355558e-05
4354	4354	0.0038631103276185468
4355	4355	0.0015761049273855924
4356	4356	0.0001763474048552116
4357	4357	0.0005951724905004751
4358	4358	2.2043425586924808e-05
4359	4359	0.002083103715121433
4360	4360	0.01445497630335281
4361	4361	0.0012123884053565565
4362	4362	8.266284676652783e-05
4363	4363	0.0004629119365371927
4364	4364	0.0027333847688763386
4365	4365	0.003796980051578513
4366	4366	1.1021713076594864e-05
4367	4367	2.7554282325200752e-05
4368	4368	0.0003526948093679365
4369	4369	0.006706712223111268
4370	4370	4.959770835269526e-05
4371	4371	0.01378265182487462
4372	4372	0.0003967816601888433
4373	4373	0.0005786399214720883
4374	4374	0.0008376501712755193
4375	4375	0.004507880525285966
4376	4376	0.005681692935913685
4377	4377	1.1021713677507494e-05
4378	4378	0.0005896616337359893
4379	4379	0.027146478563223407
4380	4380	0.002066571145857958
4381	4381	0.011677504685023222
4382	4382	0.004276424556445853
4383	4383	0.00033616224000023977
4384	4384	0.01702303537989761
4385	4385	0.0003030971021311384
4386	4386	0.0009148021611084722
4387	4387	0.016885263970465702
4388	4388	0.007588449245252999
4389	4389	0.0008211176022161118
4390	4390	0.005637606084252574
4391	4391	0.001857158602554981
4392	4392	0.007830926926134409
4393	4393	0.0017744957575935034
4394	4394	0.0006613027673044768
4395	4395	0.007588449245714034
4396	4396	0.0006998787613302403
4397	4397	0.0006337484846343746
4398	4398	0.033522539403178654
4399	4399	0.004430728536099549
4400	4400	0.004623608509391108
4401	4401	0.0078309269260533
4402	4402	0.0019398214484871743
4403	4403	0.00011572798459224297
4404	4404	0.0013060729639063542
4405	4405	7.71519898331169e-05
4406	4406	0.01080678937521001
4407	4407	0.0004518902247034152
4408	4408	5.5108564754717506e-06
4409	4409	0.0007549873255771708
4410	4410	0.0022263859812182876
4411	4411	1.10217131500918e-05
4412	4412	0.0019894191557986466
4413	4413	0.0003526948093616122
4414	4414	0.0011903449799183009
4415	4415	5.510857250686763e-06
4416	4416	0.0011683015548139865
4417	4417	0.0006943679050626892
4418	4418	0.0028656453220333687
4419	4419	0.0016808111983923565
4420	4420	0.0007549873252100728
4421	4421	2.75542822513051e-05
4422	4422	0.0006006833469469057
4423	4423	0.00034718395271718524
4424	4424	0.0017414306188472074
4425	4425	0.0003692273783826518
4426	4426	0.007830926926401027
4427	4427	0.0013115838201751833
4428	4428	0.00024247768165906088
4429	4429	0.0010856387082964626
4430	4430	5.5108564812576255e-05
4431	4431	0.0005565964954272442
4432	4432	0.0011352364158179141
4433	4433	5.51085689094977e-06
4434	4434	0.033522539403034096
4435	4435	0.0001047062720331502
4436	4436	0.0005455747827275353
4437	4437	0.027146478563096352
4438	4438	0.007169624160411912
4439	4439	0.0018626694592722979
4440	4440	0.00027554281971914834
4441	4441	0.003185274992676492
4442	4442	0.0006337484846249709
4443	4443	0.00022043425593712616
4444	4444	0.0001598148361231222
4445	4445	0.004507880524893716
4446	4446	0.016615232007190055
4447	4447	0.0025294830822366605
4448	4448	0.0006778353364991731
4449	4449	0.007830926926718914
4450	4450	0.003317535545989093
4451	4451	6.613027748825639e-05
4452	4452	0.004777912488490613
4453	4453	8.817370296603283e-05
4454	4454	0.00027554281968452754
4455	4455	5.510856431188228e-06
4456	4456	0.027146478563423237
4457	4457	0.000837650171393789
4458	4458	0.00034718395298325745
4459	4459	0.0033175355459529425
4460	4460	0.0018406260337649038
4461	4461	0.0018351151769059224
4462	4462	0.0013060729644231632
4463	4463	0.0012234101182160035
4464	4464	0.016885263970912206
4465	4465	0.0018626694597968744
4466	4466	0.0004353576552292334
4467	4467	0.0005841507775911247
4468	4468	2.7554282763251044e-05
4469	4469	0.00034167309631637894
4470	4470	7.164113309597276e-05
4471	4471	0.0018406260335473738
4472	4472	0.0002755428202144357
4473	4473	1.653256979204464e-05
4474	4474	0.00022043425572382732
4475	4475	0.006706712223841214
4476	4476	0.0006557919105326412
4477	4477	0.019574561887403107
4478	4478	0.005637606084691952
4479	4479	0.004777912488567793
4480	4480	0.004623608509168565
4481	4481	1.653256987789751e-05
4482	4482	0.00030309710173917443
4483	4483	0.000259010251081619
4484	4484	0.0034112201044233493
4485	4485	0.0006282376284909426
4486	4486	0.0006668136233902996
4487	4487	0.01688526397033695
4488	4488	0.01957456188729364
4489	4489	0.010702083104556746
4490	4490	0.00462360850911082
4491	4491	0.0002094125433560496
4492	4492	0.0012564752564314763
4493	4493	0.0004959770749903065
4494	4494	0.0018736911716919098
4495	4495	0.019574561887688833
4496	4496	0.006431169404661806
4497	4497	0.0011848341241688987
4498	4498	0.00010470627232578896
4499	4499	0.01167750468475009
4500	4500	0.0016477460599775165
4501	4501	9.368455863827254e-05
4502	4502	0.0005400639266672596
4503	4503	0.017023035380308575
4504	4504	8.817370257388591e-05
4505	4505	0.00039678166068594277
4506	4506	0.016885263970099717
4507	4507	0.01688526397045334
4508	4508	0.0011572798415016529
4509	4509	0.0003471839532028085
4510	4510	5.510856398514114e-05
4511	4511	0.013782651824181952
4512	4512	0.01688526397098747
4513	4513	0.003697784636587708
4514	4514	0.03352253940279014
4515	4515	0.0012674969697207396
4516	4516	0.0005565964958715349
4517	4517	0.0004629119371340143
4518	4518	0.0023476248211983753
4519	4519	0.0016477460604815465
4520	4520	0.0005841507776078467
4521	4521	0.010889452221844429
4522	4522	8.817370310417893e-05
4523	4523	0.0011793232670820246
4524	4524	0.0011848341238703847
4525	4525	0.011677504684860474
4526	4526	2.7554282805425438e-05
4527	4527	0.00031411881469883005
4528	4528	0.0195745618872763
4529	4529	0.0028656453219827903
4530	4530	0.0002259451126685859
4531	4531	0.009098423895905263
4532	4532	0.033522539402741885
4533	4533	0.0335225394028626
4534	4534	9.919541514646919e-05
4535	4535	0.0006227267722314475
4536	4536	0.00045740108098264455
4537	4537	0.0016422352037856012
4538	4538	0.0013060729642852369
4539	4539	0.0004629119373245117
4540	4540	0.0017414306185637295
4541	4541	8.266284585076759e-05
4542	4542	2.204342581950763e-05
4543	4543	0.014454976303925499
4544	4544	0.0036977846364067576
4545	4545	3.8575995548109326e-05
4546	4546	0.033522539402916066
4547	4547	0.0006888570491130777
4548	4548	0.0067067122234357075
4549	4549	0.0007660090387573863
4550	4550	0.0015871266403260271
4551	4551	0.002529483082603863
4552	4552	0.0012399426879726421
4553	4553	0.0040174143066469496
4554	4554	0.013782651824918907
4555	4555	0.0008431610281427547
4556	4556	8.266284673721135e-05
4557	4557	0.00783092692671222
4558	4558	0.00036922737869547273
4559	4559	0.0010139975756869595
4560	4560	0.011677504685121153
4561	4561	0.0036426760720150737
4562	4562	0.014454976303439516
4563	4563	0.0002534993948050195
4564	4564	0.0009092913044948681
4565	4565	0.0047779124876883615
4566	4566	0.00432602226455602
4567	4567	0.016163341783593733
4568	4568	0.00234762482134412
4569	4569	0.016163341783935307
4570	4570	0.00017634740527131885
4571	4571	0.0013556706719251145
4572	4572	3.8575995600630966e-05
4573	4573	0.014454976303672816
4574	4574	0.00033065138371620004
4575	4575	0.03352253940335943
4576	4576	0.010806789375622676
4577	4577	0.0009533781554040903
4578	4578	0.0003196296705099411
4579	4579	0.00012674969753663967
4580	4580	0.00011572798442952004
4581	4581	0.0017414306184705835
4582	4582	1.1021713593473264e-05
4583	4583	0.0004408685110844491
4584	4584	0.03352253940319807
4585	4585	0.006431169403767033
4586	4586	0.0021602557038072896
4587	4587	0.0009148021603464681
4588	4588	0.007169624159775128
4589	4589	0.017023035380419993
4590	4590	0.005681692935822078
4591	4591	0.0067067122235934746
4592	4592	0.0013060729644994056
4593	4593	0.013782651824248036
4594	4594	0.0018957345972693861
4595	4595	0.027146478563077777
4596	4596	0.0026176567847173257
4597	4597	0.001339138102115207
4598	4598	1.1021713565789046e-05
4599	4599	0.0006778353356500359
4600	4600	2.7554281957272333e-05
4601	4601	2.7554282035865888e-05
4602	4602	0.00014328226666540035
4603	4603	0.007219221867882205
4604	4604	0.013782651824365886
4605	4605	8.26628466313449e-05
4606	4606	0.003323046402049777
4607	4607	0.0023476248213038587
4608	4608	0.0041827399980160955
4609	4609	0.0031852749925649015
4610	4610	0.000920313017208736
4611	4611	0.017023035380196845
4612	4612	0.007830926926117275
4613	4613	0.004017414307056084
4614	4614	0.0007549873254372827
4615	4615	0.017023035380497653
4616	4616	0.03352253940307677
4617	4617	4.408685114309061e-05
4618	4618	0.0016532569162573758
4619	4619	6.061942027889964e-05
4620	4620	0.016615232007909733
4621	4621	0.0006006833467789499
4622	4622	0.027146478563399985
4623	4623	0.009098423895177381
4624	4624	0.0011793232671842516
4625	4625	0.0010856387090965268
4626	4626	0.004623608508909486
4627	4627	0.00013777141014316606
4628	4628	0.003008927587622049
4629	4629	0.0003802490908680992
4630	4630	2.755428257998808e-05
4631	4631	0.0027829824763466473
4632	4632	0.010806789375131977
4633	4633	0.0008982695916969382
4634	4634	0.027146478563468725
4635	4635	0.0026837870608997553
4636	4636	0.001212388405748459
4637	4637	0.00012674969749163962
4638	4638	0.0001653256920158499
4639	4639	0.0011793232672772157
4640	4640	0.0009699107248927749
4641	4641	8.266284607677329e-05
4642	4642	0.03352253940265817
4643	4643	0.0007274330437385094
4644	4644	4.959770785764683e-05
4645	4645	0.0020169734380017447
4646	4646	5.510856887500907e-06
4647	4647	0.010702083104474618
4648	4648	0.004430728535561921
4649	4649	2.7554282438422446e-05
4650	4650	0.00013226055354897208
4651	4651	0.006431169404688323
4652	4652	0.0003416730967612744
4653	4653	0.011677504684783952
4654	4654	0.01070208310433652
4655	4655	0.017023035380070176
4656	4656	0.0055769866644288756
4657	4657	0.00870715309196349
4658	4658	0.0015154855073777063
4659	4659	0.000628237628606503
4660	4660	0.033522539402815583
4661	4661	0.0072192218671589216
4662	4662	0.004623608509521967
4663	4663	0.01445497630353773
4664	4664	0.014454976304139066
4665	4665	5.510856396871704e-05
4666	4666	0.000292075389111505
4667	4667	0.027146478563070946
4668	4668	5.510856406764541e-05
4669	4669	0.0037969800515800364
4670	4670	0.019574561886925274
4671	4671	0.00020941254337836397
4672	4672	0.014454976303694488
4673	4673	0.0006833461924624215
4674	4674	0.003179764136302387
4675	4675	0.004833021052266205
4676	4676	0.02714647856348668
4677	4677	0.0018957345979194267
4678	4678	0.01957456188705187
4679	4679	0.004326022264113414
4680	4680	0.0005069987883947045
4681	4681	0.0021547448481516666
4682	4682	1.1021713341432546e-05
4683	4683	0.0020831037151968494
4684	4684	0.00019839083013694825
4685	4685	0.0005841507774506819
4686	4686	0.00022043425578062442
4687	4687	0.002507439656486662
4688	4688	0.03352253940357712
4689	4689	0.0018957345977478328
4690	4690	0.0012454535436312727
4691	4691	0.0044362393916487705
4692	4692	0.0002094125434434322
4693	4693	0.011677504684355957
4694	4694	0.00034167309611897977
4695	4695	0.0006943679049471485
4696	4696	4.408685136883822e-05
4697	4697	0.0038631103274001156
4698	4698	0.00012123884119798501
4699	4699	0.010702083104504207
4700	4700	0.005576986664545597
4701	4701	0.0015265072194171943
4702	4702	9.368455951681739e-05
4703	4703	0.013782651824151589
4704	4704	9.919541545674508e-05
4705	4705	0.0001267496970351251
4706	4706	0.0022263859810395994
4707	4707	0.0003361622405264565
4708	4708	0.005576986663910324
4709	4709	0.00039127080439524517
4710	4710	0.0036426760725280167
4711	4711	0.0013666923842342738
4712	4712	5.510857363276695e-06
4713	4713	4.408685203102572e-05
4714	4714	0.016885263970881408
4715	4715	1.6532569815346685e-05
4716	4716	0.000688857049151776
4717	4717	0.016885263970263978
4718	4718	0.00045189022403982173
4719	4719	0.00017634740453168981
4720	4720	0.00022043425630780656
4721	4721	0.010806789375682484
4722	4722	0.010889452221399545
4723	4723	0.0002865645323866593
4724	4724	0.00021492339987648634
4725	4725	0.0012234101189306664
4726	4726	0.013782651824543917
4727	4727	0.00018736911779009674
4728	4728	0.0005676182087287372
4729	4729	0.000358205665496309
4730	4730	0.003185274991734928
4731	4731	1.1021713369701508e-05
4732	4732	0.01702303537999987
4733	4733	0.027146478562978197
4734	4734	0.0026176567846131816
4735	4735	0.003863110328277584
4736	4736	0.010889452221730283
4737	4737	0.02714647856287629
4738	4738	0.0004022925172147181
4739	4739	0.008707153091607224
4740	4740	0.0013170946766234322
4741	4741	0.0005125096447602946
4742	4742	0.00033065138422105715
4743	4743	0.001719387193611156
4744	4744	0.0012454535437968533
4745	4745	0.0003526948089155423
4746	4746	5.510856455522864e-05
4747	4747	0.0005290422136598668
4748	4748	0.00011572798455940448
4749	4749	0.0001102171283471958
4750	4750	0.009098423895709208
4751	4751	0.0015761049276725905
4752	4752	0.010702083104002034
4753	4753	0.03352253940348745
4754	4754	0.01616334178383874
4755	4755	0.0040174143065657255
4756	4756	0.0005565964953416481
4757	4757	0.027146478562916097
4758	4758	0.00021492339922267166
4759	4759	0.005681692935489013
4760	4760	0.007830926926896988
4761	4761	0.01957456188750848
4762	4762	0.007830926927029953
4763	4763	0.0017414306185111344
4764	4764	0.0006613027664544616
4765	4765	5.510856483650014e-05
4766	4766	0.0013281163896095946
4767	4767	0.0018902237411713059
4768	4768	0.01702303537994398
4769	4769	0.002529483082306818
4770	4770	0.0025845916463743137
4771	4771	0.0008927587352436856
4772	4772	0.004777912487645481
4773	4773	6.0619420857858176e-05
4774	4774	0.0006943679049060141
4775	4775	0.014454976303648321
4776	4776	0.0023366031082353795
4777	4777	0.016885263970602016
4778	4778	0.01688526397047812
4779	4779	1.1021713612518407e-05
4780	4780	0.0010966604213953819
4781	4781	0.0023476248216022784
4782	4782	1.6532569525860876e-05
4783	4783	0.0019949300126957145
4784	4784	0.0026176567848175255
4785	4785	0.0020665711453493056
4786	4786	0.0005786399211034535
4787	4787	0.016163341783694052
4788	4788	0.016885263970824755
4789	4789	0.0017028546241009226
4790	4790	0.02714647856345723
4791	4791	0.00014328226623616276
4792	4792	4.9597708223648834e-05
4793	4793	0.0025845916458332257
4794	4794	0.0020169734380557683
4795	4795	0.0008376501716588472
4796	4796	0.0047779124876590785
4797	4797	0.00011021712800999509
4798	4798	0.01070208310428722
4799	4799	0.011677504684514013
4800	4800	5.510856479665996e-05
4801	4801	0.009098423895546366
4802	4802	4.959770821798558e-05
4803	4803	0.0004298467983998002
4804	4804	0.004430728535698273
4805	4805	0.0006613027670101082
4806	4806	0.0017744957574012572
4807	4807	1.102171290435351e-05
4808	4808	0.004430728535261324
4809	4809	0.00033616224050931346
4810	4810	0.0007935633199401642
4811	4811	0.03352253940302541
4812	4812	0.0018406260338072926
4813	4813	0.014454976303320535
4814	4814	1.6532569222602793e-05
4815	4815	0.01702303537995692
4816	4816	0.004436239391650519
4817	4817	0.0031356772849467254
4818	4818	0.0019012454544449502
4819	4819	0.00012674969755443238
4820	4820	0.002744406481651992
4821	4821	5.510856406313009e-05
4822	4822	7.715199012625077e-05
4823	4823	0.0013170946766659015
4824	4824	3.857599550774766e-05
4825	4825	0.0016808111981197228
4826	4826	0.0006943679048652027
4827	4827	0.0005235313573247229
4828	4828	0.01088945222129919
4829	4829	0.001184834123813573
4830	4830	0.017023035380543425
4831	4831	0.0005014879321396777
4832	4832	0.01616334178422111
4833	4833	0.00022594511238623386
4834	4834	0.027146478563167747
4835	4835	0.01688526397040602
4836	4836	0.000270031963944699
4837	4837	0.005576986664057443
4838	4838	0.0012399426876170763
4839	4839	0.0003416730966364132
4840	4840	0.017023035379766384
4841	4841	0.0003196296713591262
4842	4842	0.03352253940314052
4843	4843	4.959770802850478e-05
4844	4844	3.3065139077932354e-05
4845	4845	0.016615232007392528
4846	4846	0.004623608508826445
4847	4847	9.368455892360955e-05
4848	4848	4.959770846792951e-05
4849	4849	0.00021492339958583865
4850	4850	0.0020335060078081647
4851	4851	0.0016477460601067213
4852	4852	0.0014273118046377845
4853	4853	0.00018736911790803498
4854	4854	0.02714647856360916
4855	4855	0.0006778353363668219
4856	4856	0.002347624821302153
4857	4857	0.0005565964960062786
4858	4858	0.011677504684818728
4859	4859	0.03352253940324086
4860	4860	0.007588449245438486
4861	4861	0.002733384768586123
4862	4862	0.0004794445062776542
4863	4863	0.010889452221807379
4864	4864	0.0016477460604166904
4865	4865	0.005576986663853222
4866	4866	0.03352253940317172
4867	4867	0.02714647856309627
4868	4868	0.00016532569226508973
4869	4869	0.0056816929357579
4870	4870	0.0027444064816285023
4871	4871	3.306513853757164e-05
4872	4872	4.4086851736288017e-05
4873	4873	0.00119034498008625
4874	4874	0.00020390168711382294
4875	4875	0.0028656453219020324
4876	4876	2.204342598231922e-05
4877	4877	0.0013556706715781238
4878	4878	1.1021713058114324e-05
4879	4879	0.00014328226628057913
4880	4880	0.004182739998564244
4881	4881	5.5108565375266845e-06
4882	4882	0.0002755428198028454
4883	4883	0.019574561887247596
4884	4884	0.03352253940281075
4885	4885	0.0029923950187923545
4886	4886	8.266284670657745e-05
4887	4887	0.0006943679053977708
4888	4888	0.010889452221759556
4889	4889	0.017023035380504148
4890	4890	0.0012950512518419427
4891	4891	0.0012619861126636682
4892	4892	0.00014879312336461823
4893	4893	0.010806789375235493
4894	4894	0.003185274992481458
4895	4895	0.033522539402626804
4896	4896	0.0003747382343292784
4897	4897	0.007169624159604806
4898	4898	0.011677504685188031
4899	4899	0.027146478563199808
4900	4900	0.0013060729645895575
4901	4901	0.00030309710204532065
4902	4902	0.011677504684675799
4903	4903	0.02714647856292152
4904	4904	0.00017083654836717375
4905	4905	0.02714647856346083
4906	4906	0.0013391381030303296
4907	4907	0.00031411881418432126
4908	4908	0.0018351151770720755
4909	4909	0.03352253940358694
4910	4910	0.0004133142293407955
4911	4911	0.0006337484849684872
4912	4912	0.0005731290647661286
4913	4913	0.004507880524674588
4914	4914	6.613027760103246e-05
4915	4915	0.0019398214487477733
4916	4916	0.0004078033726963232
4917	4917	0.01688526397048878
4918	4918	0.0003967816608201459
4919	4919	0.00015430397903233052
4920	4920	0.00021492339953115613
4921	4921	0.000457401080704229
4922	4922	0.0001267496977032517
4923	4923	0.00047393364970213444
4924	4924	1.6532569445263357e-05
4925	4925	9.368455956036222e-05
4926	4926	0.016163341783503152
4927	4927	3.306513911127162e-05
4928	4928	8.266284588162824e-05
4929	4929	1.6532569558123375e-05
4930	4930	0.01088945222098059
4931	4931	0.0025349939389604633
4932	4932	0.0024247768109250762
4933	4933	9.919541570637899e-05
4934	4934	0.0031852749923744744
4935	4935	1.653257006770699e-05
4936	4936	0.0025845916463096163
4937	4937	4.959770756775687e-05
4938	4938	0.014454976304137033
4939	4939	0.007830926926834044
4940	4940	0.00017083654813323645
4941	4941	0.0013115838204875439
4942	4942	0.0005235313571308951
4943	4943	0.011677504684678292
4944	4944	0.00040780337331175736
4945	4945	0.00011021712851710487
4946	4946	0.0017248980499428713
4947	4947	0.0005621073516212852
4948	4948	0.027146478563210827
4949	4949	0.016615232007185537
4950	4950	0.007830926926472291
4951	4951	0.02714647856306977
4952	4952	0.0005290422134240216
4953	4953	0.002584591646267727
4954	4954	1.1021713527011278e-05
4955	4955	0.0001267496977006338
4956	4956	2.2043426342927954e-05
4957	4957	0.0335225394026853
4958	4958	0.00033065138340112986
4959	4959	0.02714647856300411
4960	4960	0.005576986663770621
4961	4961	1.1021712946787229e-05
4962	4962	0.00011572798429642935
4963	4963	0.007588449245030183
4964	4964	0.00014328226658159217
4965	4965	0.03352253940291609
4966	4966	0.0006668136234235334
4967	4967	8.81737025781311e-05
4968	4968	0.019574561887098905
4969	4969	0.0031797641358033125
4970	4970	0.00022594511192113823
4971	4971	0.003135677285117436
4972	4972	0.00042984679849802335
4973	4973	0.007169624159989734
4974	4974	0.014454976303562985
4975	4975	0.0038631103276984447
4976	4976	0.013782651825009208
4977	4977	0.000303097101879127
4978	4978	1.6532569502353113e-05
4979	4979	0.0006613027672554029
4980	4980	0.008707153092039182
4981	4981	0.0006723244798283855
4982	4982	0.0023476248217293347
4983	4983	0.006706712223399155
4984	4984	0.0017028546243033841
4985	4985	0.0015816157831491588
4986	4986	0.0040174143065209314
4987	4987	0.016885263970143886
4988	4988	0.0023476248218513886
4989	4989	0.0004959770756110108
4990	4990	0.0013060729645410474
4991	4991	0.00042984679877646886
4992	4992	0.009098423895138529
4993	4993	2.204342605895632e-05
4994	4994	0.005576986664013004
4995	4995	0.0008431610274245273
4996	4996	0.0005786399207150624
4997	4997	0.004833021051749502
4998	4998	6.613027730610338e-05
4999	4999	0.0011848341242011741
5000	5000	0.0012454535436502723
5001	5001	0.019574561887376017
5002	5002	0.00017634740502959185
5003	5003	0.005576986664500104
5004	5004	0.0003967816604399614
5005	5005	0.005576986664203417
5006	5006	6.0619420484328336e-05
5007	5007	0.0009203130170503788
5008	5008	0.016163341784094003
5009	5009	0.00012674969772345
5010	5010	8.266284647630935e-05
5011	5011	0.005637606084296022
5012	5012	0.0006943679053660727
5013	5013	0.03352253940319641
5014	5014	0.016163341784025183
5015	5015	0.016615232007162896
5016	5016	0.010889452221030941
5017	5017	0.027146478562838642
5018	5018	0.00014328226701144478
5019	5019	0.003863110327351332
5020	5020	3.857599488688734e-05
5021	5021	6.0619420316576523e-05
5022	5022	0.01378265182431569
5023	5023	0.00103053014511494
5024	5024	0.01957456188717596
5025	5025	0.011677504684541233
5026	5026	0.010702083103893586
5027	5027	6.613027718402188e-05
5028	5028	0.013782651824241293
5029	5029	1.1021713126426739e-05
5030	5030	0.008707153092160844
5031	5031	0.007588449245057757
5032	5032	0.0004739336499537037
5033	5033	0.0024247768110010164
5034	5034	0.011677504685124478
5035	5035	0.00034167309650346794
5036	5036	0.00201697343834615
5037	5037	0.01080678937543598
5038	5038	0.004017414306838311
5039	5039	0.0033175355458268324
5040	5040	0.011677504684540246
5041	5041	0.0002094125429966701
5042	5042	0.00022594511270688646
5043	5043	0.0015816157834664735
5044	5044	0.010702083103816575
5045	5045	6.613027763117898e-05
5046	5046	0.004507880524956808
5047	5047	0.0009919541496808933
5048	5048	0.0008982695912711388
5049	5049	0.010702083103959863
5050	5050	0.002534993938506212
5051	5051	0.00011021712852735021
5052	5052	8.817370242711644e-05
5053	5053	0.014454976304121328
5054	5054	0.0006943679056869626
5055	5055	0.014454976304006443
5056	5056	0.013782651824565883
5057	5057	5.510856858581545e-06
5058	5058	0.010702083104224774
5059	5059	3.857599517143856e-05
5060	5060	0.0044362393920813065
5061	5061	2.755428205139201e-05
5062	5062	0.0005841507779887904
5063	5063	0.033522539402692814
5064	5064	3.857599544730215e-05
5065	5065	0.0012564752565844702
5066	5066	0.019574561887143026
5067	5067	1.1021712878334768e-05
5068	5068	0.0012234101183669012
5069	5069	0.000628237628392698
5070	5070	6.061942045142669e-05
5071	5071	0.00017083654832461987
5072	5072	0.00462360850956692
5073	5073	0.0001928799742222578
5074	5074	0.0009754215810144497
5075	5075	0.003135677284797844
5076	5076	0.0006117050596079104
5077	5077	0.0008927587353680906
5078	5078	0.0018351151777204824
5079	5079	0.0005455747824620619
5080	5080	0.0064311694045695875
5081	5081	0.006431169404540353
5082	5082	0.004430728536111406
5083	5083	2.755428255604685e-05
5084	5084	0.0023200705391034234
5085	5085	0.0008431610277097821
5086	5086	0.019574561887762965
5087	5087	0.0017248980495781889
5088	5088	8.817370235391984e-05
5089	5089	0.0011793232672408578
5090	5090	0.02714647856303622
5091	5091	8.817370223703507e-05
5092	5092	0.000865204453378683
5093	5093	0.0008266284581640443
5094	5094	0.002733384768045303
5095	5095	0.00017634740438688635
5096	5096	1.6532569993314243e-05
5097	5097	0.010702083103868158
5098	5098	0.001328116389428197
5099	5099	7.164113316119262e-05
5100	5100	0.0011572798414137596
5101	5101	0.014454976304253749
5102	5102	0.033522539403111576
5103	5103	0.00870715309212872
5104	5104	7.715199010954368e-05
5105	5105	0.0019894191559121596
5106	5106	1.1021713212610371e-05
5107	5107	0.0001267496978807711
5108	5108	0.004276424557055649
5109	5109	0.007219221867945573
5110	5110	0.0020831037143375563
5111	5111	0.014454976303547173
5112	5112	8.817370227328104e-05
5113	5113	0.004017414307086907
5114	5114	2.204342559839216e-05
5115	5115	0.003411220104226753
5116	5116	0.001840626034253742
5117	5117	0.0019398214485079443
5118	5118	0.0107020831037195
5119	5119	4.959770765518881e-05
5120	5120	0.002424776810726457
5121	5121	0.00030309710186784413
5122	5122	0.0006888570491632486
5123	5123	0.0075884492458473405
5124	5124	0.016615232008031857
5125	5125	0.016163341783748272
5126	5126	0.00144384437408548
5127	5127	6.061942124141037e-05
5128	5128	0.0005510856390489059
5129	5129	0.0020335060072038686
5130	5130	0.0007384547561868022
5131	5131	0.0005731290645056995
5132	5132	0.0009092913041573809
5133	5133	0.00022594511232687447
5134	5134	0.0045078805252342065
5135	5135	0.00047393364991972926
5136	5136	0.016615232007365636
5137	5137	0.0016532569169840521
5138	5138	0.016885263970214316
5139	5139	0.004017414306700643
5140	5140	0.016885263971011855
5141	5141	0.010702083104226299
5142	5142	0.019574561887376867
5143	5143	0.013782651824319364
5144	5144	0.0005125096443040391
5145	5145	0.0011352364164100015
5146	5146	0.0005510856395009742
5147	5147	0.0009699107250838925
5148	5148	0.0335225394032543
5149	5149	0.0006998787613408673
5150	5150	0.02714647856299729
5151	5151	0.007588449245701303
5152	5152	0.010806789375853599
5153	5153	0.0008652044529694339
5154	5154	0.014454976304226909
5155	5155	0.00443072853620145
5156	5156	0.016163341783876142
5157	5157	0.008707153092550353
5158	5158	0.014454976304232325
5159	5159	0.0008927587356121712
5160	5160	2.204342613888014e-05
5161	5161	0.007830926926331397
5162	5162	0.00909842389525018
5163	5163	0.0012619861126445904
5164	5164	0.019574561887764387
5165	5165	0.0006943679051149102
5166	5166	0.001311583821099296
5167	5167	0.0025294830822618283
5168	5168	0.0008927587352126939
5169	5169	0.0004959770752416307
5170	5170	0.010806789375325546
5171	5171	0.005681692935788167
5172	5172	0.01088945222182176
5173	5173	0.00034718395304151326
5174	5174	0.0009974650061271913
5175	5175	0.0006282376285624356
5176	5176	0.027146478563075574
5177	5177	2.7554282830434692e-05
5178	5178	0.0036426760722196657
5179	5179	1.10217136116351e-05
5180	5180	0.004507880525437894
5181	5181	0.0008927587356686629
5182	5182	0.007588449245969497
5183	5183	0.00047393364990613596
5184	5184	0.00036371652199571877
5185	5185	0.027146478563330568
5186	5186	0.0016532569161316726
5187	5187	0.0036977846361643044
5188	5188	0.027146478563345507
5189	5189	0.0004739336499760304
5190	5190	0.006706712223338108
5191	5191	9.919541529632264e-05
5192	5192	0.00012674969753588108
5193	5193	0.027146478563629638
5194	5194	0.01702303538068697
5195	5195	5.510856869418736e-06
5196	5196	4.9597707487695584e-05
5197	5197	0.00025349939445790554
5198	5198	0.001135236416207816
5199	5199	0.004507880525586172
5200	5200	0.017023035380037056
5201	5201	0.004436239391673833
5202	5202	0.02714647856337065
5203	5203	2.2043425942248342e-05
5204	5204	0.001306072964433834
5205	5205	4.4086851768609195e-05
5206	5206	0.0009148021607536347
5207	5207	0.01661523200755886
5208	5208	0.002033506007471876
5209	5209	0.01616334178390213
5210	5210	0.010702083104090663
5211	5211	0.00783092692696766
5212	5212	0.001212388405740074
5213	5213	0.00012674969706443127
5214	5214	0.0019894191562244822
5215	5215	0.016615232007821088
5216	5216	0.00014879312318774975
5217	5217	0.009098423895945009
5218	5218	0.00021492339975816838
5219	5219	0.00019287997414962394
5220	5220	0.001317094677370836
5221	5221	0.0011793232671662528
5222	5222	0.004623608508944189
5223	5223	4.959770801973844e-05
5224	5224	0.00011572798508274004
5225	5225	0.0001432822666413192
5226	5226	0.0012289209750807565
5227	5227	0.0013170946770437906
5228	5228	0.0018571586030789948
5229	5229	0.0018902237412875993
5230	5230	0.00029207538873768916
5231	5231	1.653257004382154e-05
5232	5232	0.033522539402627574
5233	5233	0.002016973438424387
5234	5234	0.0011848341241964037
5235	5235	9.368455910535277e-05
5236	5236	0.0003471839529697437
5237	5237	0.002683787060533288
5238	5238	0.003796980051042637
5239	5239	0.003317535545998691
5240	5240	0.0005786399207886009
5241	5241	0.027146478562964833
5242	5242	7.164113394046512e-05
5243	5243	0.0107020831042001
5244	5244	9.368455876722426e-05
5245	5245	0.0018571586027574154
5246	5246	0.002347624821878477
5247	5247	7.715198960902188e-05
5248	5248	0.0009203130170046715
5249	5249	0.005576986663740765
5250	5250	0.01080678937515536
5251	5251	0.010702083104062995
5252	5252	0.017023035380378988
5253	5253	0.010806789375236697
5254	5254	0.014454976304171429
5255	5255	0.017023035380440796
5256	5256	0.000699878761854686
5257	5257	9.919541570003283e-05
5258	5258	0.008707153092273462
5259	5259	0.0012123884059871356
5260	5260	0.017023035380216513
5261	5261	0.001058084427303882
5262	5262	0.0033175355450862257
5263	5263	0.014454976303918622
5264	5264	1.1021713015762779e-05
5265	5265	0.009098423895969075
5266	5266	0.007830926926564149
5267	5267	0.008707153092275861
5268	5268	0.01167750468478992
5269	5269	0.001179323267452129
5270	5270	0.0006613027665409353
5271	5271	2.7554282203748594e-05
5272	5272	0.0006613027671802087
5273	5273	0.03352253940327171
5274	5274	0.0024247768108598042
5275	5275	0.0048330210521377445
5276	5276	2.755428288816811e-05
5277	5277	0.005637606084377968
5278	5278	0.0004408685114967105
5279	5279	0.0056376060849521415
5280	5280	0.01616334178407913
5281	5281	0.0029923950183788606
5282	5282	0.000683346192743693
5283	5283	0.0015761049267084858
5284	5284	0.0001708365485517694
5285	5285	0.010806789375880208
5286	5286	0.004430728535678747
5287	5287	6.613027740545328e-05
5288	5288	0.0170230353799144
5289	5289	0.010702083104514122
5290	5290	0.03352253940281492
5291	5291	0.005637606084351792
5292	5292	0.00025901025036303044
5293	5293	1.1021713749005823e-05
5294	5294	1.1021712894038833e-05
5295	5295	0.013782651824461915
5296	5296	0.0004629119367061562
5297	5297	0.01688526397053499
5298	5298	0.0012123884057589733
5299	5299	0.01702303538018876
5300	5300	0.00022594511209073642
5301	5301	0.016163341783747086
5302	5302	0.010806789375299556
5303	5303	0.0010966604211029049
5304	5304	1.6532569805077576e-05
5305	5305	0.008707153091777923
5306	5306	0.0003196296714261369
5307	5307	0.0010580844270362648
5308	5308	0.0018902237413630318
5309	5309	0.0005841507775592637
5310	5310	0.0006998787617640231
5311	5311	0.006706712223716551
5312	5312	0.033522539402968204
5313	5313	0.013782651824271677
5314	5314	0.005576986663787433
5315	5315	0.01957456188699288
5316	5316	0.0008100958892192136
5317	5317	0.0024247768107053995
5318	5318	0.00432602226397761
5319	5319	0.0002094125435339235
5320	5320	0.007169624159989687
5321	5321	0.0004078033734190182
5322	5322	0.00022043425644793806
5323	5323	0.014454976303544838
5324	5324	0.008707153092451925
5325	5325	0.0006006833470584126
5326	5326	0.01661523200747765
5327	5327	0.013782651824836544
5328	5328	0.0004959770757868912
5329	5329	0.00047944450567819787
5330	5330	0.00028105367599386507
5331	5331	0.0004518902239233264
5332	5332	0.009098423895788292
5333	5333	0.016885263970400518
5334	5334	0.00443623939194369
5335	5335	0.0007274330438575471
5336	5336	0.01702303538062863
5337	5337	0.01957456188735618
5338	5338	0.0008707153097471554
5339	5339	0.0014438443734911515
5340	5340	0.00037473823462917997
5341	5341	0.0009754215814241727
5342	5342	0.0002534993944159442
5343	5343	0.0004849553623926166
5344	5344	0.010806789375608208
5345	5345	0.004276424556876517
5346	5346	2.2043426081097903e-05
5347	5347	3.306513919638511e-05
5348	5348	0.0008321393152203242
5349	5349	9.368455893699735e-05
5350	5350	0.0026066350716802892
5351	5351	0.008707153091820703
5352	5352	0.014454976303903244
5353	5353	0.0001432822668583414
5354	5354	0.0020169734385458308
5355	5355	0.002320070539483147
5356	5356	0.03352253940309391
5357	5357	8.817370231374551e-05
5358	5358	0.00020390168713894995
5359	5359	0.0006282376288807168
5360	5360	0.0018626694596530296
5361	5361	0.001030530144967535
5362	5362	8.266284604275379e-05
5363	5363	0.01688526397027576
5364	5364	0.016615232007726095
5365	5365	6.613027750652518e-05
5366	5366	2.7554282926337504e-05
5367	5367	0.027146478563035207
5368	5368	0.004017414306731893
5369	5369	5.510857099836515e-06
5370	5370	0.0008982695916694597
5371	5371	0.0018902237412608302
5372	5372	0.0006943679056327945
5373	5373	0.00025901025075388467
5374	5374	0.003185274992673801
5375	5375	0.0022263859812622034
5376	5376	0.010889452221185819
5377	5377	0.00031962967114201044
5378	5378	0.014454976304010794
5379	5379	0.00039127080382429785
5380	5380	0.00198941915630644
5381	5381	0.016615232007732426
5382	5382	0.00014328226670605595
5383	5383	0.004182739998425656
5384	5384	9.368455882910335e-05
5385	5385	0.010889452220968578
5386	5386	0.00019839083059762549
5387	5387	0.0006833461923894733
5388	5388	4.408685171727308e-05
5389	5389	1.6532570074497205e-05
5390	5390	3.857599478662499e-05
5391	5391	1.1021712879774492e-05
5392	5392	0.003796980050736602
5393	5393	5.510856519340118e-06
5394	5394	0.010702083104589517
5395	5395	7.164113359679986e-05
5396	5396	0.027146478563443575
5397	5397	0.0016532569166326882
5398	5398	0.002424776811072667
5399	5399	0.0025349939381118613
5400	5400	1.10217128218741e-05
5401	5401	0.008707153091859115
5402	5402	0.0011793232675409609
5403	5403	0.0018351151774888864
5404	5404	9.919541543083126e-05
5405	5405	8.817370246658409e-05
5406	5406	0.010702083104602647
5407	5407	0.00013226055402228618
5408	5408	0.0006006833470826477
5409	5409	4.408685168379949e-05
5410	5410	0.0013170946770135568
5411	5411	0.004436239391788875
5412	5412	0.00044086851156399003
5413	5413	1.6532569236901817e-05
5414	5414	0.011677504684942726
5415	5415	0.00023145596912870747
5416	5416	0.004326022264629384
5417	5417	2.2043426328807034e-05
5418	5418	0.0008486718840900448
5419	5419	0.004326022264479725
5420	5420	0.007588449245426443
5421	5421	0.0012123884057848784
5422	5422	0.0005125096444726019
5423	5423	0.016615232007468048
5424	5424	0.019574561887856404
5425	5425	0.00023696682534384242
5426	5426	0.03352253940279852
5427	5427	0.016615232007367253
5428	5428	0.002744406480838486
5429	5429	0.014454976303865242
5430	5430	0.0011793232676497374
5431	5431	1.1021712978628233e-05
5432	5432	0.00035820566548763424
5433	5433	0.003697784636013445
5434	5434	0.0038631103273721137
5435	5435	0.00018736911764464668
5436	5436	0.0006006833469292517
5437	5437	0.002865645321399703
5438	5438	0.0026066350718492366
5439	5439	0.0006282376282199987
5440	5440	0.007588449245166904
5441	5441	0.0023476248218393526
5442	5442	0.002584591645712682
5443	5443	0.004436239392419512
5444	5444	1.6532569356786134e-05
5445	5445	0.00036371652173833394
5446	5446	2.204342557347116e-05
5447	5447	0.0008927587352872947
5448	5448	0.0018957345979628967
5449	5449	0.0017028546244585896
5450	5450	0.0018626694591375153
5451	5451	0.017023035380108416
5452	5452	0.00011021712837802387
5453	5453	0.00043535765461051243
5454	5454	0.001454866086265207
5455	5455	0.0008982695913414199
5456	5456	0.00011572798492898894
5457	5457	0.016163341783324552
5458	5458	0.0036426760723605837
5459	5459	0.0005290422135961172
5460	5460	0.0005786399210471547
5461	5461	0.003642676072789465
5462	5462	0.0004408685113658405
5463	5463	0.0004794445057238414
5464	5464	0.0018902237409775802
5465	5465	0.007169624160509501
5466	5466	0.008707153091892994
5467	5467	0.00037473823510069293
5468	5468	6.061942040677747e-05
5469	5469	0.0006998787619568533
5470	5470	0.0031356772851442363
5471	5471	0.002033506007016133
5472	5472	0.0017414306187472034
5473	5473	0.0006006833469275071
5474	5474	0.03352253940299732
5475	5475	0.00364267607211988
5476	5476	0.0012674969696395459
5477	5477	1.1021713089801744e-05
5478	5478	3.857599541901136e-05
5479	5479	0.004436239392264782
5480	5480	0.00118483412376642
5481	5481	0.0031852749920468332
5482	5482	0.0006006833467911791
5483	5483	0.0011572798420791393
5484	5484	0.000578639921032288
5485	5485	0.017023035380152318
5486	5486	0.0056376060841644825
5487	5487	3.857599514591065e-05
5488	5488	0.010806789375910286
5489	5489	0.01661523200778972
5490	5490	0.0001267496970762667
5491	5491	0.0006778353365483116
5492	5492	0.0027829824763165563
5493	5493	6.613027711381058e-05
5494	5494	0.002336603108149362
5495	5495	0.014454976303491416
5496	5496	0.00012123884062871416
5497	5497	0.0005014879312460562
5498	5498	0.0012123884056367848
5499	5499	1.6532569668441285e-05
5500	5500	0.0025349939383528964
5501	5501	0.00023696682532829049
5502	5502	0.0005345530703051883
5503	5503	2.2043425956864845e-05
5504	5504	0.019574561887829686
5505	5505	9.368455936257412e-05
5506	5506	0.002617656784687731
5507	5507	1.1021713359357426e-05
5508	5508	0.0019122671666404415
5509	5509	6.6130277500182e-05
5510	5510	0.002992395018367326
5511	5511	0.03352253940273551
5512	5512	0.00014328226640830037
5513	5513	0.0027444064807761485
5514	5514	0.00042433594221740254
5515	5515	0.01167750468488714
5516	5516	0.0015154855072472071
5517	5517	0.01616334178394548
5518	5518	0.010806789375921048
5519	5519	0.0013391381028823018
5520	5520	0.0015540615013003036
5521	5521	0.0037969800514512063
5522	5522	7.715198994396236e-05
5523	5523	3.306513836127317e-05
5524	5524	0.0019122671669174567
5525	5525	2.7554282918702345e-05
5526	5526	2.2043425666924372e-05
5527	5527	0.00021492339940449386
5528	5528	0.001653256917072457
5529	5529	0.027146478563142035
5530	5530	0.016615232007304005
5531	5531	0.000247988537902509
5532	5532	0.000473933650137257
5533	5533	0.0018957345976717088
5534	5534	0.004507880525044734
5535	5535	0.027146478563361814
5536	5536	0.0002975862454689109
5537	5537	0.033522539403391435
5538	5538	0.016885263970756202
5539	5539	0.0018626694591480054
5540	5540	0.033522539403106705
5541	5541	0.008707153092193979
5542	5542	0.017023035380675813
5543	5543	0.002683787060664451
5544	5544	0.008707153092174695
5545	5545	0.005576986664453833
5546	5546	2.204342601918821e-05
5547	5547	0.027146478563190714
5548	5548	0.002347624821863283
5549	5549	0.002016973437764707
5550	5550	0.0006006833462534157
5551	5551	0.016163341783321218
5552	5552	5.510856455064372e-06
5553	5553	0.01070208310467049
5554	5554	0.0008927587354402938
5555	5555	0.00011572798419234836
5556	5556	0.0007274330433531182
5557	5557	5.510856723280721e-06
5558	5558	0.0006723244798207641
5559	5559	0.0007053896176336117
5560	5560	0.017023035380470033
5561	5561	0.03352253940268089
5562	5562	0.016615232007091703
5563	5563	0.00022594511197994462
5564	5564	0.0014989529374768345
5565	5565	2.2043426330404453e-05
5566	5566	3.857599544146444e-05
5567	5567	0.004623608509290385
5568	5568	0.007219221867149506
5569	5569	0.027146478563040834
5570	5570	0.0007164113306195231
5571	5571	0.02714647856295249
5572	5572	0.0006117050597541702
5573	5573	0.0018736911725156416
5574	5574	0.0006061942027101422
5575	5575	0.0009203130173517634
5576	5576	0.0018902237412294217
5577	5577	0.0005565964956724858
5578	5578	4.959770795980284e-05
5579	5579	0.005681692935621825
5580	5580	0.0014438443740961801
5581	5581	0.00477791248832221
5582	5582	3.306513855238359e-05
5583	5583	0.0012123884058557613
5584	5584	4.9597708105431366e-05
5585	5585	0.00027554282022627144
5586	5586	0.033522539403206104
5587	5587	0.01616334178384703
5588	5588	1.6532569333936966e-05
5589	5589	0.009098423895967135
5590	5590	6.061942112165941e-05
5591	5591	0.0036977846357861464
5592	5592	0.0002700319630747573
5593	5593	0.014454976304219259
5594	5594	0.00036371652172292917
5595	5595	0.00017634740525673037
5596	5596	0.0026066350713189294
5597	5597	2.2043426110732516e-05
5598	5598	0.008707153091863115
5599	5599	1.1021713712366212e-05
5600	5600	0.02714647856375779
5601	5601	5.5108570327242445e-06
5602	5602	0.00020390168725676385
5603	5603	0.0029923950188125315
5604	5604	0.02714647856315172
5605	5605	0.01378265182417394
5606	5606	0.002617656783936085
5607	5607	0.0006613027673219013
5608	5608	0.010889452221780414
5609	5609	0.0025349939388032497
5610	5610	0.0025294830822899356
5611	5611	0.0002810536762524616
5612	5612	0.01445497630371863
5613	5613	0.0006998787612021147
5614	5614	0.014454976304005218
5615	5615	0.03352253940327841
5616	5616	0.00010470627156689111
5617	5617	3.306513887484501e-05
5618	5618	1.6532569487539432e-05
5619	5619	0.00018185826090250085
5620	5620	0.0168852639709942
5621	5621	0.004623608508810812
5622	5622	0.00010470627206268622
5623	5623	0.027146478563314067
5624	5624	0.0002590102503324985
5625	5625	0.001168301554453768
5626	5626	0.002782982476302737
5627	5627	0.0019949300122912017
5628	5628	0.00017083654842638702
5629	5629	0.0013115838208527643
5630	5630	0.016163341784234588
5631	5631	0.00443072853553702
5632	5632	4.40868517529568e-05
5633	5633	0.0004133142293153826
5634	5634	0.001774495756640735
5635	5635	0.00016532569230508055
5636	5636	0.017023035380674074
5637	5637	0.016885263970878264
5638	5638	0.00020390168731500662
5639	5639	0.016885263970878632
5640	5640	0.004430728535720672
5641	5641	0.0016422352036459832
5642	5642	7.164113360319578e-05
5643	5643	0.01957456188790808
5644	5644	0.0087071530917301
5645	5645	0.0075884492451724905
5646	5646	0.00031962967120307623
5647	5647	0.0018406260339672504
5648	5648	4.408685141934951e-05
5649	5649	8.817370264290676e-05
5650	5650	0.010702083104471934
5651	5651	0.004430728535732886
5652	5652	0.0031852749917687397
5653	5653	0.003378154966047002
5654	5654	0.000495977075707631
5655	5655	0.0033230464020596886
5656	5656	0.0005455747829645483
5657	5657	6.061942043919454e-05
5658	5658	0.0018351151774730415
5659	5659	0.0026837870612970364
5660	5660	0.0002810536759039354
5661	5661	0.014454976303778483
5662	5662	0.00011572798425439661
5663	5663	0.00039678166016138614
5664	5664	0.0016532569165040964
5665	5665	0.003642676072058242
5666	5666	0.013782651824663114
5667	5667	0.001184834123719845
5668	5668	0.0004739336501094983
5669	5669	0.0003637165218779241
5670	5670	0.0004353576546874158
5671	5671	0.009098423895348132
5672	5672	0.0012123884055692097
5673	5673	0.01957456188779612
5674	5674	0.010702083104517209
5675	5675	0.027146478563423837
5676	5676	0.0007384547561735107
5677	5677	0.0001983908301805838
5678	5678	2.2043425782307184e-05
5679	5679	0.0003361622398166247
5680	5680	0.0036977846366480914
5681	5681	0.0003967816608430743
5682	5682	0.0009919541504596425
5683	5683	0.0014438443736579229
5684	5684	0.0019949300128538445
5685	5685	0.0005510856390231782
5686	5686	0.0016532569167637752
5687	5687	2.2043426546424106e-05
5688	5688	0.02714647856328524
5689	5689	0.013782651824859708
5690	5690	8.266284587125378e-05
5691	5691	0.0004629119369839593
5692	5692	0.003179764136252995
5693	5693	0.00909842389605142
5694	5694	0.0012619861130334544
5695	5695	0.010889452221235548
5696	5696	0.010806789375524027
5697	5697	0.00557698666459027
5698	5698	0.005637606084121623
5699	5699	0.016885263970211273
5700	5700	0.002507439656630439
5701	5701	0.03352253940349899
5702	5702	0.001443844373803264
5703	5703	0.004017414306835402
5704	5704	0.0003912708036979172
5705	5705	9.919541512339528e-05
5706	5706	0.008707153092236386
5707	5707	0.010889452221153067
5708	5708	0.027146478562834343
5709	5709	0.0006282376283622836
5710	5710	0.0005786399213909824
5711	5711	0.03352253940303164
5712	5712	0.0008100958896568223
5713	5713	0.0031797641354055477
5714	5714	7.164113303369795e-05
5715	5715	0.0008156067460248071
5716	5716	4.959770786952432e-05
5717	5717	0.03352253940265892
5718	5718	0.0015265072192920527
5719	5719	0.017023035379703396
5720	5720	1.6532569184759722e-05
5721	5721	0.016163341784144813
5722	5722	0.03352253940310943
5723	5723	2.2043426273714754e-05
5724	5724	0.007169624160365328
5725	5725	0.002733384768569765
5726	5726	0.005681692935743267
5727	5727	0.0017414306190865552
5728	5728	0.0018957345980812014
5729	5729	0.0008376501715814812
5730	5730	0.0026176567845188478
5731	5731	0.002347624821099119
5732	5732	0.0013556706716484378
5733	5733	1.1021712805903988e-05
5734	5734	2.204342618539576e-05
5735	5735	0.010806789375557657
5736	5736	0.0023366031084987343
5737	5737	0.00151548550714322
5738	5738	0.016885263970414472
5739	5739	0.0002534993940911524
5740	5740	0.003642676072020813
5741	5741	6.613027741655771e-05
5742	5742	0.00037473823519350026
5743	5743	0.0002259451123662861
5744	5744	0.00123994268735679
5745	5745	0.027146478563691224
5746	5746	0.01378265182439038
5747	5747	0.00010470627154749574
5748	5748	8.266284641159255e-05
5749	5749	0.0011903449802909605
5750	5750	0.00019287997413733028
5751	5751	0.0005786399212989073
5752	5752	0.014454976303726493
5753	5753	9.91954154043334e-05
5754	5754	0.011677504684364843
5755	5755	0.0003196296706994862
5756	5756	0.003411220103626495
5757	5757	0.003642676072367558
5758	5758	0.0013005621081470168
5759	5759	0.027146478563399308
5760	5760	0.0006337484846282456
5761	5761	0.0055769866640785915
5762	5762	0.002534993938283609
5763	5763	0.0026066350711606767
5764	5764	0.004182739998406423
5765	5765	0.0005621073521392858
5766	5766	0.002507439657075111
5767	5767	0.000479444506447006
5768	5768	0.0003361622396725237
5769	5769	0.02714647856291387
5770	5770	0.001223410118257037
5771	5771	2.7554282852852686e-05
5772	5772	0.0013391381030590007
5773	5773	0.000352694809295747
5774	5774	0.013782651824393262
5775	5775	0.02714647856349204
5776	5776	0.0008211176026623513
5777	5777	0.0013005621074368044
5778	5778	0.010702083104556663
5779	5779	0.009098423895107895
5780	5780	0.0017193871931657008
5781	5781	4.4086851137563855e-05
5782	5782	0.0016477460603909668
5783	5783	0.001085638709158007
5784	5784	6.061942026124539e-05
5785	5785	0.0006613027674025933
5786	5786	0.006431169404075341
5787	5787	0.00039678166050724083
5788	5788	1.6532569292074324e-05
5789	5789	0.001030530144981889
5790	5790	0.00024247768110240638
5791	5791	0.000413314229268142
5792	5792	2.204342573211611e-05
5793	5793	0.03352253940287475
5794	5794	0.033522539403076375
5795	5795	0.011677504685098141
5796	5796	0.00019839083009724697
5797	5797	0.00030309710227965475
5798	5798	1.1021712872262719e-05
5799	5799	0.0271464785628262
5800	5800	5.510856462717208e-05
5801	5801	6.061942026640533e-05
5802	5802	0.009098423895810346
5803	5803	0.00014328226652414865
5804	5804	0.007219221867912734
5805	5805	0.011677504684777452
5806	5806	0.0002975862450700254
5807	5807	0.00010470627155468078
5808	5808	0.0018351151770825
5809	5809	0.003378154965611826
5810	5810	0.0031852749921855435
5811	5811	0.0010084867190375574
5812	5812	4.4086851912115e-05
5813	5813	0.0003306513836021963
5814	5814	0.004507880524637769
5815	5815	0.03352253940280701
5816	5816	0.016885263970109768
5817	5817	0.002656232778757476
5818	5818	0.0006833461920765085
5819	5819	0.00023145596901530938
5820	5820	0.0006943679047846872
5821	5821	0.00318527499271152
5822	5822	8.266284631633558e-05
5823	5823	0.008707153091840437
5824	5824	0.0022263859803923064
5825	5825	0.0025349939386012507
5826	5826	0.009098423895174415
5827	5827	0.0004794445059523989
5828	5828	4.408685146729448e-05
5829	5829	0.00043535765546745515
5830	5830	0.0006778353362007231
5831	5831	0.0067067122235715025
5832	5832	0.0010139975753898117
5833	5833	0.00025901025086055304
5834	5834	5.510856387851362e-05
5835	5835	0.0007770307509881942
5836	5836	0.03352253940272956
5837	5837	0.0017414306189731795
5838	5838	0.0006613027667107304
5839	5839	0.027146478563333024
5840	5840	0.004182739997897865
5841	5841	0.004623608509704006
5842	5842	0.007219221867332408
5843	5843	0.0006668136228942895
5844	5844	0.00036922737824672796
5845	5845	5.510856885139374e-06
5846	5846	0.016163341784296587
5847	5847	0.0271464785628967
5848	5848	1.6532569181169668e-05
5849	5849	0.0001322605536259374
5850	5850	0.002347624821293746
5851	5851	0.016885263970939188
5852	5852	0.016615232008036575
5853	5853	0.01957456188744073
5854	5854	1.6532569770369805e-05
5855	5855	0.00260663507176989
5856	5856	0.03352253940319681
5857	5857	0.014454976304230994
5858	5858	0.03352253940293749
5859	5859	0.019574561887091665
5860	5860	0.0012950512510250649
5861	5861	0.0020169734384059344
5862	5862	0.01688526397090205
5863	5863	0.00018736911761588462
5864	5864	0.0007549873258877789
5865	5865	4.9597707641086475e-05
5866	5866	0.000562107352238136
5867	5867	3.3065138975851114e-05
5868	5868	6.061942059307103e-05
5869	5869	8.817370245136082e-05
5870	5870	0.01957456188696454
5871	5871	7.16411333161577e-05
5872	5872	0.0011352364161308678
5873	5873	7.715198988621336e-05
5874	5874	0.0003471839533244416
5875	5875	0.033522539403477616
5876	5876	0.00015430397891520115
5877	5877	0.001295051251705756
5878	5878	0.000661302766919018
5879	5879	0.004777912488108345
5880	5880	0.010702083103941171
5881	5881	0.02714647856341086
5882	5882	0.0009148021611640863
5883	5883	0.0020169734381736662
5884	5884	0.02714647856290888
5885	5885	0.0004739336496461415
5886	5886	0.013782651824775118
5887	5887	6.613027718041609e-05
5888	5888	0.0003471839531399332
5889	5889	2.2043425755563223e-05
5890	5890	0.016615232007310562
5891	5891	0.002992395019033204
5892	5892	0.01616334178430242
5893	5893	0.0012454535442767895
5894	5894	0.00018185826142990002
5895	5895	0.010702083104249013
5896	5896	0.0001928799737012132
5897	5897	5.510856485066007e-05
5898	5898	0.0012289209746369058
5899	5899	0.0012619861132034393
5900	5900	5.510856770599508e-06
5901	5901	6.613027720723154e-05
5902	5902	0.0031797641362838946
5903	5903	1.1021713143713822e-05
5904	5904	0.0005565964955574895
5905	5905	0.00012674969710233436
5906	5906	0.019574561887343994
5907	5907	0.0006833461921098089
5908	5908	0.03352253940311682
5909	5909	0.007219221867499325
5910	5910	0.004623608509400803
5911	5911	0.02714647856322315
5912	5912	0.03352253940362224
5913	5913	0.0025845916463419845
5914	5914	0.0008872478788401518
5915	5915	7.715198944847189e-05
5916	5916	7.164113342557715e-05
5917	5917	0.0003582056660669806
5918	5918	2.75542820157114e-05
5919	5919	0.0008156067457192111
5920	5920	0.01957456188701092
5921	5921	0.0009754215810747846
5922	5922	0.0012564752568378686
5923	5923	0.0195745618873496
5924	5924	0.01688526397086419
5925	5925	0.0034112201042439854
5926	5926	0.00035820566567005706
5927	5927	0.0025349939388371566
5928	5928	0.007219221867737603
5929	5929	0.000716411330629086
5930	5930	0.02714647856332081
5931	5931	0.0006502810540252533
5932	5932	0.00022043425552801212
5933	5933	0.0006833461923695393
5934	5934	0.0013391381030427457
5935	5935	0.016163341783484216
5936	5936	0.027146478563447637
5937	5937	0.00018736911789200082
5938	5938	0.010889452221189304
5939	5939	0.019574561887707936
5940	5940	0.016163341784310305
5941	5941	0.01661523200713904
5942	5942	0.017023035380376045
5943	5943	0.003642676072755862
5944	5944	0.005637606084406841
5945	5945	0.0002149233997167315
5946	5946	0.0018406260341146095
5947	5947	0.004623608509356363
5948	5948	0.00015981483558462746
5949	5949	0.0019012454540939922
5950	5950	0.005576986663987789
5951	5951	0.0006282376290965323
5952	5952	0.00014328226627084907
5953	5953	0.017023035380027106
5954	5954	0.01688526397044508
5955	5955	0.007219221867991945
5956	5956	2.2043426265880377e-05
5957	5957	0.00042433594233731774
5958	5958	0.00047393364994740384
5959	5959	0.004507880525338865
5960	5960	4.9597707711074415e-05
5961	5961	0.006706712223256327
5962	5962	0.006706712223832071
5963	5963	0.016885263970681567
5964	5964	0.033522539402690475
5965	5965	0.002347624820991121
5966	5966	0.0004408685110862344
5967	5967	1.1021712893858542e-05
5968	5968	0.0038631103281819637
5969	5969	0.0031852749918483557
5970	5970	0.014454976303584374
5971	5971	0.013782651824296246
5972	5972	0.00027554282022836514
5973	5973	0.0002755428194995836
5974	5974	7.715199039684935e-05
5975	5975	0.0023476248214172072
5976	5976	0.0006778353356736627
5977	5977	0.0003141188141371452
5978	5978	0.00432602226474587
5979	5979	2.2043425636019596e-05
5980	5980	8.266284610210051e-05
5981	5981	0.0004794445057398024
5982	5982	0.0022263859805907453
5983	5983	0.0006117050594273985
5984	5984	0.027146478563670726
5985	5985	0.0008486718845324732
5986	5986	0.01616334178366632
5987	5987	0.0008156067459703525
5988	5988	0.014454976303762418
5989	5989	0.00250743965621961
5990	5990	0.0003471839524130351
5991	5991	0.007219221867688429
5992	5992	0.0009974650066948176
5993	5993	0.01661523200782831
5994	5994	4.4086851132242096e-05
5995	5995	0.0030089275882706655
5996	5996	0.0013170946771893389
5997	5997	2.2043425805596205e-05
5998	5998	0.0036977846360191453
5999	5999	0.01378265182450104
6000	6000	0.004326022264280398
6001	6001	0.0008100958897737134
6002	6002	0.004507880524813259
6003	6003	0.0001983908299942601
6004	6004	0.017023035380375612
6005	6005	0.0015099746510034147
6006	6006	0.0002149233998775492
6007	6007	0.005576986664234572
6008	6008	0.0037969800514864828
6009	6009	0.00022043425591395906
6010	6010	0.0013281163892874066
6011	6011	0.017023035380082707
6012	6012	0.010702083104303064
6013	6013	2.2043425948334755e-05
6014	6014	0.00058415077775122
6015	6015	0.016163341783507756
6016	6016	0.00042984679916516347
6017	6017	0.0033230464024052477
6018	6018	0.0007274330435381176
6019	6019	0.014454976303481897
6020	6020	4.959770817717443e-05
6021	6021	0.000898269591902352
6022	6022	0.007219221867458912
6023	6023	0.0037969800510435528
6024	6024	0.0018736911724280526
6025	6025	0.0009533781552748814
6026	6026	0.0014548660862593124
6027	6027	0.010702083103847147
6028	6028	0.0009148021604666644
6029	6029	0.00015430397955995843
6030	6030	0.0013281163894476007
6031	6031	0.001476909512625732
6032	6032	0.010806789375092158
6033	6033	0.006431169404396728
6034	6034	0.01080678937519396
6035	6035	0.004326022263908958
6036	6036	0.01957456188770611
6037	6037	0.00023145596847069542
6038	6038	2.755428289238508e-05
6039	6039	0.005637606084270953
6040	6040	0.02714647856358157
6041	6041	7.715198999339654e-05
6042	6042	0.0018957345980596977
6043	6043	7.16411337880534e-05
6044	6044	0.00017083654813399309
6045	6045	0.002016973438214305
6046	6046	0.013782651824671038
6047	6047	0.0003471839526153728
6048	6048	0.001680811198308398
6049	6049	0.017023035379942885
6050	6050	9.368455875022948e-05
6051	6051	0.00010470627140026963
6052	6052	3.8575995310578424e-05
6053	6053	0.004276424556882214
6054	6054	0.004182739997918142
6055	6055	0.010889452221472001
6056	6056	0.0006888570484668982
6057	6057	0.00432602226474067
6058	6058	0.00020941254330357834
6059	6059	0.01688526397090047
6060	6060	0.0005345530702800767
6061	6061	0.0003361622405209705
6062	6062	2.7554282813949652e-05
6063	6063	0.0003526948089341105
6064	6064	0.0014989529378259783
6065	6065	0.016885263970376634
6066	6066	0.007588449245798926
6067	6067	8.817370306434926e-05
6068	6068	0.0006943679053575488
6069	6069	0.02714647856296036
6070	6070	0.00031962967066745146
6071	6071	0.0166152320074595
6072	6072	8.817370244715582e-05
6073	6073	0.009098423895672052
6074	6074	0.00013226055413360948
6075	6075	0.00020390168644291302
6076	6076	0.0007053896177158655
6077	6077	0.007169624160158066
6078	6078	0.027146478563160544
6079	6079	0.01616334178350914
6080	6080	0.003697784636315579
6081	6081	0.016163341783561484
6082	6082	0.00023696682528868748
6083	6083	0.001179323266868329
6084	6084	2.7554282157626647e-05
6085	6085	0.00014328226637769313
6086	6086	0.0025349939382245616
6087	6087	0.004430728535495917
6088	6088	0.010889452220994328
6089	6089	0.0002865645330202941
6090	6090	0.016885263970194464
6091	6091	0.004777912487906578
6092	6092	1.6532569931523034e-05
6093	6093	0.004430728536163153
6094	6094	0.0004629119373157296
6095	6095	0.00034718395257986957
6096	6096	0.0006006833462928207
6097	6097	0.0001322605542299327
6098	6098	0.005681692935662876
6099	6099	0.027146478563300998
6100	6100	0.004833021051777243
6101	6101	0.004623608509462604
6102	6102	0.0002645211067297477
6103	6103	4.408685173538017e-05
6104	6104	2.7554282489695116e-05
6105	6105	0.007830926926117579
6106	6106	0.0013060729640418719
6107	6107	0.0001763474047180287
6108	6108	2.2043425677629375e-05
6109	6109	0.0005014879315118859
6110	6110	0.0004298467983986261
6111	6111	0.016163341783863912
6112	6112	0.01445497630400149
6113	6113	1.653256984173564e-05
6114	6114	0.003378154965543167
6115	6115	0.019574561887840757
6116	6116	0.00012674969706759253
6117	6117	0.0004959770753383618
6118	6118	4.408685124777242e-05
6119	6119	8.26628458221585e-05
6120	6120	0.0020169734383092422
6121	6121	0.004182739998030778
6122	6122	0.0006943679048891746
6123	6123	0.027146478563387155
6124	6124	0.010806789375408495
6125	6125	0.01445497630381106
6126	6126	0.006431169404158929
6127	6127	0.00019287997434884417
6128	6128	0.0004739336494857459
6129	6129	0.003642676072432927
6130	6130	0.0005510856390405256
6131	6131	0.000628237628591381
6132	6132	0.011677504685101309
6133	6133	0.002160255703873172
6134	6134	0.007830926926129071
6135	6135	0.016615232007499793
6136	6136	0.002683787060541199
6137	6137	0.011677504684729974
6138	6138	0.00022043425619148522
6139	6139	0.010702083103745515
6140	6140	0.0002314559683985553
6141	6141	0.0012289209743546344
6142	6142	4.408685136925729e-05
6143	6143	0.0001487931228011202
6144	6144	0.011677504684882357
6145	6145	0.0008266284587488488
6146	6146	0.00015981483528335527
6147	6147	0.0002590102507363519
6148	6148	0.0017138763371624998
6149	6149	0.004777912487713626
6150	6150	2.7554281962185846e-05
6151	6151	0.004623608509193665
6152	6152	2.7554282827079804e-05
6153	6153	9.919541582051606e-05
6154	6154	0.03352253940320281
6155	6155	0.0008927587356483695
6156	6156	0.0015099746501644911
6157	6157	0.00016532569228549555
6158	6158	1.653256934520135e-05
6159	6159	0.00021492339935177518
6160	6160	0.03352253940336991
6161	6161	0.033522539403257647
6162	6162	0.019574561887050437
6163	6163	0.0017138763371486092
6164	6164	0.0015099746503929993
6165	6165	0.0027444064812375043
6166	6166	0.0013391381021969511
6167	6167	0.019574561887140587
6168	6168	0.007169624160086324
6169	6169	0.0003416730962597798
6170	6170	1.1021712972534564e-05
6171	6171	0.009098423895716029
6172	6172	0.00029207538901189283
6173	6173	0.0023476248218830317
6174	6174	0.019574561887836156
6175	6175	0.000617215915646023
6176	6176	0.0007219221876885791
6177	6177	7.71519900292883e-05
6178	6178	8.266284625067971e-05
6179	6179	0.0012454535439382088
6180	6180	0.0011793232673967566
6181	6181	0.001576104927062431
6182	6182	0.002016973438095289
6183	6183	0.001719387193439748
6184	6184	0.0025349939380876468
6185	6185	0.00041882508610868334
6186	6186	0.014454976303747402
6187	6187	0.033522539403059375
6188	6188	0.00029207538879656795
6189	6189	0.0015265072195446
6190	6190	0.0002094125433553038
6191	6191	5.510856402119011e-05
6192	6192	0.0020169734380855154
6193	6193	0.004436239392584413
6194	6194	0.01616334178430023
6195	6195	0.0044362393918145225
6196	6196	0.01702303538032923
6197	6197	0.01378265182496375
6198	6198	0.007588449245752585
6199	6199	0.0006888570492938256
6200	6200	0.00026452110709593584
6201	6201	0.03352253940318979
6202	6202	0.013782651824375998
6203	6203	0.001212388405470187
6204	6204	0.0014273118047814933
6205	6205	1.1021712899091773e-05
6206	6206	0.0002645211073549735
6207	6207	0.0005400639262878581
6208	6208	0.0015816157832860918
6209	6209	0.010806789375665767
6210	6210	0.03352253940331214
6211	6211	0.004833021052084899
6212	6212	0.0004243359424565561
6213	6213	0.00013226055406667195
6214	6214	0.0009203130173660785
6215	6215	0.010702083104142796
6216	6216	2.7554282530196976e-05
6217	6217	0.004017414306401155
6218	6218	0.00039678166018977147
6219	6219	0.00025901025072816805
6220	6220	0.014454976303461367
6221	6221	0.0005290422132627881
6222	6222	0.0161633417842745
6223	6223	0.0001267496976408138
6224	6224	0.00019287997366826683
6225	6225	8.266284648977694e-05
6226	6226	2.755428266445866e-05
6227	6227	0.033522539403117294
6228	6228	1.1021713044178974e-05
6229	6229	0.001427311804294467
6230	6230	0.019574561887014914
6231	6231	0.006706712223463119
6232	6232	0.0012674969694904227
6233	6233	0.0015099746507591413
6234	6234	0.004436239392409055
6235	6235	0.0017138763371355753
6236	6236	0.007588449245431879
6237	6237	0.0011903449796913513
6238	6238	4.408685155093233e-05
6239	6239	0.016885263970021443
6240	6240	0.016885263970232094
6241	6241	0.0009754215810396185
6242	6242	0.0008431610275780353
6243	6243	0.0008927587347993971
6244	6244	0.016885263970701038
6245	6245	0.001300562107859391
6246	6246	0.0023200705397139133
6247	6247	0.0195745618871123
6248	6248	0.0003747382350374172
6249	6249	0.027146478562912003
6250	6250	0.0003802490909857451
6251	6251	0.0008707153094610333
6252	6252	0.005681692936038879
6253	6253	0.0001487931228432816
6254	6254	8.2662846008947e-05
6255	6255	0.02714647856341707
6256	6256	0.0029923950182905975
6257	6257	0.0012289209746246949
6258	6258	0.001212388406030676
6259	6259	1.6532570079527574e-05
6260	6260	0.000259010250760725
6261	6261	0.0027444064809690224
6262	6262	0.006706712223646081
6263	6263	0.00019287997432007722
6264	6264	6.613027686924314e-05
6265	6265	0.0018957345975986147
6266	6266	0.0008376501713733897
6267	6267	0.005681692935161314
6268	6268	0.0017028546240639257
6269	6269	0.00042433594199318844
6270	6270	0.004833021052406206
6271	6271	0.002424776810667709
6272	6272	0.0004629119365199786
6273	6273	0.00232007053912312
6274	6274	0.0014548660865191974
6275	6275	0.00033065138347115414
6276	6276	1.1021713754925242e-05
6277	6277	0.0020335060075119316
6278	6278	0.0012289209745593643
6279	6279	0.010889452220892652
6280	6280	0.008707153092013194
6281	6281	0.0108894522215995
6282	6282	0.0020335060077409264
6283	6283	0.010806789375958387
6284	6284	0.003008927588256384
6285	6285	0.0015816157836960562
6286	6286	0.03352253940337106
6287	6287	0.00030309710226636633
6288	6288	0.0021547448480092363
6289	6289	6.061942111971494e-05
6290	6290	3.8575995433457324e-05
6291	6291	0.0075884492453771836
6292	6292	0.0018957345976215627
6293	6293	0.0038631103281319876
6294	6294	0.016615232007929498
6295	6295	0.0002700319639412112
6296	6296	0.00011021712823660186
6297	6297	0.0008321393153424885
6298	6298	0.006431169403798337
6299	6299	0.010806789375995779
6300	6300	2.204342555974009e-05
6301	6301	0.005576986663844588
6302	6302	0.0020335060070402894
6303	6303	0.0011793232669994732
6304	6304	0.0024247768113070927
6305	6305	0.011677504685143147
6306	6306	0.013782651824887528
6307	6307	3.3065139054493895e-05
6308	6308	0.00024247768202657693
6309	6309	0.0020831037150366256
6310	6310	0.0020665711455691285
6311	6311	0.0011572798417717742
6312	6312	0.0008211176025424087
6313	6313	0.00021492340008163557
6314	6314	0.00043535765488488903
6315	6315	0.00014328226611685953
6316	6316	0.0003196296708381712
6317	6317	0.0005290422132849703
6318	6318	0.0027333847689215763
6319	6319	0.0027444064808962547
6320	6320	0.001587126639976259
6321	6321	0.00035269480932793553
6322	6322	0.011677504684342574
6323	6323	0.03352253940271393
6324	6324	0.004507880525539537
6325	6325	0.0001157279841902705
6326	6326	0.0018736911724830981
6327	6327	0.0005841507772600235
6328	6328	0.014454976303608699
6329	6329	0.004017414306802294
6330	6330	0.033522539403179785
6331	6331	0.03352253940351809
6332	6332	6.0619420725527615e-05
6333	6333	0.0011793232674982314
6334	6334	0.00033065138358615644
6335	6335	0.033522539403075154
6336	6336	0.00016532569224394564
6337	6337	0.0003912708041483012
6338	6338	0.027146478563248318
6339	6339	0.010889452221007305
6340	6340	0.0009754215812557762
6341	6341	0.0004959770749052709
6342	6342	0.00028656453310296634
6343	6343	0.0020335060075431875
6344	6344	0.011677504685089473
6345	6345	5.510857152565313e-06
6346	6346	0.0014548660869492525
6347	6347	0.004777912488326259
6348	6348	0.014454976304110388
6349	6349	0.00034718395314811657
6350	6350	8.817370266252984e-05
6351	6351	9.919541590495788e-05
6352	6352	5.510857357369025e-06
6353	6353	0.0002149233998757657
6354	6354	5.5108564663142255e-05
6355	6355	0.0020831037146887724
6356	6356	0.00017083654843962602
6357	6357	0.0005621073519920622
6358	6358	0.0012123884057692262
6359	6359	3.857599534427249e-05
6360	6360	0.001443844373456364
6361	6361	0.017023035379828924
6362	6362	0.017023035380586374
6363	6363	0.0055769866646514545
6364	6364	0.0006888570487829628
6365	6365	0.0007549873251633458
6366	6366	0.0008982695919232992
6367	6367	0.00022594511264863534
6368	6368	0.0003030971018808764
6369	6369	0.0002920753894985777
6370	6370	0.007830926926683806
6371	6371	0.0012123884053017316
6372	6372	0.00012123884080690882
6373	6373	0.005681692935263218
6374	6374	0.01957456188708608
6375	6375	0.0023476248214639728
6376	6376	0.0005455747832072927
6377	6377	0.014454976304168391
6378	6378	0.001355670672163515
6379	6379	7.715198959346637e-05
6380	6380	0.011677504684689696
6381	6381	0.0001047062720237963
6382	6382	0.0015540615018079201
6383	6383	0.001994930012133786
6384	6384	0.027146478563721637
6385	6385	0.004326022264291641
6386	6386	0.00643116940387158
6387	6387	9.368455870926092e-05
6388	6388	0.033522539403513595
6389	6389	1.653256929947799e-05
6390	6390	0.033522539403447786
6391	6391	1.102171310009325e-05
6392	6392	0.0004353576550623413
6393	6393	0.02714647856314481
6394	6394	0.0067067122239164835
6395	6395	0.033522539402920874
6396	6396	0.0015099746503138716
6397	6397	1.1021712961421595e-05
6398	6398	0.027146478563392352
6399	6399	0.00028105367666364934
6400	6400	4.9597708267983243e-05
6401	6401	0.0040174143065837865
6402	6402	0.0004959770758290156
6403	6403	0.0005676182080907961
6404	6404	1.102171368952105e-05
6405	6405	0.005681692935555972
6406	6406	0.00022594511205204922
6407	6407	0.0017744957573421413
6408	6408	0.0005841507773823365
6409	6409	0.01616334178350147
6410	6410	0.004430728535872365
6411	6411	5.510857156710548e-06
6412	6412	0.0012123884053646498
6413	6413	0.002656232778904324
6414	6414	0.008707153091890674
6415	6415	0.002320070539810703
6416	6416	0.0002645211073438882
6417	6417	0.00013226055421341614
6418	6418	0.01702303538058546
6419	6419	0.01080678937572647
6420	6420	0.0016422352040437098
6421	6421	0.010806789375813988
6422	6422	0.0005290422136804464
6423	6423	6.061942078377758e-05
6424	6424	0.00018185826099265868
6425	6425	0.014454976303507491
6426	6426	7.164113352098671e-05
6427	6427	0.00012123884095614395
6428	6428	0.0006888570484723911
6429	6429	0.01661523200729472
6430	6430	0.01957456188747426
6431	6431	0.0008321393154396017
6432	6432	0.0004353576553220422
6433	6433	7.715198950654008e-05
6434	6434	0.002347624821700622
6435	6435	0.0007053896175558734
6436	6436	0.007219221867490531
6437	6437	0.00031411881474257696
6438	6438	1.1021713163907584e-05
6439	6439	0.00016532569240809667
6440	6440	0.0009092913042992785
6441	6441	0.002534993938437657
6442	6442	0.014454976304273226
6443	6443	0.0038631103280770407
6444	6444	7.164113377543814e-05
6445	6445	0.017023035380086288
6446	6446	6.613027671237146e-05
6447	6447	0.0004794445058564555
6448	6448	0.0012950512513725905
6449	6449	0.0003526948091475032
6450	6450	0.0018626694595201597
6451	6451	0.0004629119367466336
6452	6452	0.0027829824758987434
6453	6453	0.0004574010808121577
6454	6454	0.014454976303730287
6455	6455	0.00027554282023369676
6456	6456	0.0006668136232508413
6457	6457	5.510856629288823e-06
6458	6458	0.0006723244796615577
6459	6459	0.0009203130170575875
6460	6460	1.6532569798543903e-05
6461	6461	8.817370237036801e-05
6462	6462	0.0010305301444575787
6463	6463	0.00020390168679609906
6464	6464	0.0005345530698035492
6465	6465	0.00017634740532258575
6466	6466	0.0013060729645406413
6467	6467	0.019574561887024146
6468	6468	0.00031962967073699864
6469	6469	0.0005676182088249257
6470	6470	0.002865645321408283
6471	6471	0.00013226055387517005
6472	6472	8.817370312537511e-05
6473	6473	0.0006998787613751076
6474	6474	1.1021713585011669e-05
6475	6475	0.0014438443742340577
6476	6476	0.01702303538033209
6477	6477	0.0005455747828581347
6478	6478	0.004777912488308113
6479	6479	0.0004298467987386271
6480	6480	0.004017414306354428
6481	6481	0.0021547448478146563
6482	6482	0.0004408685112996682
6483	6483	6.613027753424021e-05
6484	6484	0.004017414306263904
6485	6485	0.03352253940352587
6486	6486	0.0005014879317374682
6487	6487	0.004017414306611644
6488	6488	0.0008211176017913139
6489	6489	0.001157279841838014
6490	6490	0.0014438443738434047
6491	6491	0.0018736911724283071
6492	6492	0.0037969800514608813
6493	6493	0.03352253940329947
6494	6494	0.007830926926476743
6495	6495	5.510856649960926e-06
6496	6496	6.061942120030622e-05
6497	6497	0.016615232007403915
6498	6498	0.010889452221536228
6499	6499	0.01702303538017354
6500	6500	0.0009148021609323366
6501	6501	1.6532569201579625e-05
6502	6502	0.0335225394029019
6503	6503	0.0011903449805390491
6504	6504	0.005637606084649128
6505	6505	0.00011021712807142963
6506	6506	0.007588449245098432
6507	6507	0.00012674969737663588
6508	6508	0.00031962967070096215
6509	6509	0.0019894191560853704
6510	6510	0.0031797641354177645
6511	6511	5.5108564574926504e-05
6512	6512	0.019574561887360092
6513	6513	0.000170836548269599
6514	6514	0.0005069987878778963
6515	6515	0.004276424557276935
6516	6516	0.027146478563652567
6517	6517	0.016885263970183625
6518	6518	0.0036977846365364546
6519	6519	7.715199006525812e-05
6520	6520	7.164113401672007e-05
6521	6521	0.0009974650068317115
6522	6522	0.017023035380375758
6523	6523	0.00044086851157663497
6524	6524	0.010806789375162109
6525	6525	0.001184834123784773
6526	6526	5.510856454725196e-05
6527	6527	0.014454976304182783
6528	6528	0.0027444064813314482
6529	6529	0.01957456188786406
6530	6530	0.004276424556977227
6531	6531	0.0011848341239531338
6532	6532	0.0005565964956454609
6533	6533	0.00022043425600342775
6534	6534	0.027146478563409994
6535	6535	0.00012674969773866099
6536	6536	4.408685154241981e-05
6537	6537	0.0335225394027003
6538	6538	0.0006833461926246562
6539	6539	0.00012674969740160234
6540	6540	0.0004904662186264753
6541	6541	0.0025294830821941915
6542	6542	0.006431169404516011
6543	6543	0.007219221868061376
6544	6544	0.0005731290648608952
6545	6545	0.0019894191566329294
6546	6546	0.0007053896177839591
6547	6547	0.00014879312247627146
6548	6548	0.0012619861126451563
6549	6549	3.857599532363931e-05
6550	6550	0.004326022264248338
6551	6551	0.010806789375280372
6552	6552	0.0018571586028766792
6553	6553	0.0021602557041112604
6554	6554	0.0004739336492893117
6555	6555	0.0014989529382567937
6556	6556	1.6532569542128798e-05
6557	6557	0.0009919541500842172
6558	6558	0.002865645321481218
6559	6559	0.03352253940314906
6560	6560	0.01957456188707045
6561	6561	0.0025074396570601096
6562	6562	6.061942103213174e-05
6563	6563	0.02714647856375904
6564	6564	0.010806789375661333
6565	6565	0.00031962967099069116
6566	6566	0.00043535765472275
6567	6567	0.033522539402857744
6568	6568	0.027146478563124157
6569	6569	0.0005069987880808583
6570	6570	0.010702083104119383
6571	6571	1.102171339199573e-05
6572	6572	0.007219221867393331
6573	6573	6.613027691566594e-05
6574	6574	0.016615232007512123
6575	6575	0.016885263970110715
6576	6576	0.001184834124164683
6577	6577	0.005576986664304154
6578	6578	0.019574561887122678
6579	6579	1.653256953820633e-05
6580	6580	0.00012674969763636448
6581	6581	0.00012123884148296632
6582	6582	0.000705389617848366
6583	6583	0.0011683015542141766
6584	6584	5.510857318232885e-06
6585	6585	0.000991954150321803
6586	6586	0.00012674969779324444
6587	6587	0.016885263970146273
6588	6588	0.0033175355454178896
6589	6589	0.0028656453219590176
6590	6590	0.004623608508952154
6591	6591	2.2043426435760996e-05
6592	6592	0.00563760608489314
6593	6593	0.019574561887852168
6594	6594	0.000589661633722456
6595	6595	3.3065138359534356e-05
6596	6596	0.011677504684997762
6597	6597	0.00019839083022627085
6598	6598	0.003796980050706466
6599	6599	0.010702083104519576
6600	6600	0.019574561887336462
6601	6601	0.0017028546237964155
6602	6602	0.0015761049269948583
6603	6603	0.0024247768108171396
6604	6604	0.00909842389516783
6605	6605	0.03352253940352562
6606	6606	0.027146478562871244
6607	6607	0.0004629119367456686
6608	6608	1.653256949564606e-05
6609	6609	0.0013281163902550113
6610	6610	0.013782651824771319
6611	6611	0.0018957345978183183
6612	6612	0.02714647856288157
6613	6613	0.0042764245572421145
6614	6614	0.0002314559689290722
6615	6615	0.005576986664302939
6616	6616	0.013782651824784881
6617	6617	0.016615232007464755
6618	6618	0.00721922186758815
6619	6619	0.0023366031084388226
6620	6620	0.014454976303440083
6621	6621	2.7554282346883897e-05
6622	6622	0.0007164113311752477
6623	6623	0.0018406260340576176
6624	6624	0.0006061942030163563
6625	6625	0.0020169734378750583
6626	6626	0.010702083104367061
6627	6627	0.00040229251639285654
6628	6628	0.0013391381021602134
6629	6629	0.002336603109074221
6630	6630	0.005637606084459784
6631	6631	0.001774495757205084
6632	6632	0.00013226055400196077
6633	6633	0.0002645211069864021
6634	6634	0.002606635071990134
6635	6635	0.0018406260339852536
6636	6636	0.004326022264003062
6637	6637	0.006706712223656025
6638	6638	0.008707153092381615
6639	6639	0.010806789375623455
6640	6640	0.0013060729641843865
6641	6641	0.016615232007975024
6642	6642	0.00040780337285393657
6643	6643	0.0004133142294040398
6644	6644	0.01702303538052212
6645	6645	0.00019839083030535898
6646	6646	0.0018902237414337632
6647	6647	0.0033781549654227586
6648	6648	0.0023366031082425213
6649	6649	0.0038631103277159276
6650	6650	0.0335225394034447
6651	6651	0.00029207538951475415
6652	6652	0.033522539403440986
6653	6653	0.00048495536276981806
6654	6654	9.368455942495371e-05
6655	6655	0.013782651824255837
6656	6656	0.00048495536255145367
6657	6657	0.0055769866639994205
6658	6658	0.01688526397052995
6659	6659	0.0006227267720622218
6660	6660	0.002683787060627318
6661	6661	0.00199493001231691
6662	6662	0.0008652044534052866
6663	6663	0.016885263970132215
6664	6664	0.0005565964952510673
6665	6665	3.3065138517254784e-05
6666	6666	1.653256934391902e-05
6667	6667	0.033522539403042784
6668	6668	0.0011903449800613234
6669	6669	0.003179764135619754
6670	6670	5.510856409775261e-05
6671	6671	0.0002369668246761711
6672	6672	0.0006006833462296161
6673	6673	0.0056376060841309755
6674	6674	0.000815606745844543
6675	6675	0.0011848341237846254
6676	6676	0.002656232778735988
6677	6677	0.000661302766965495
6678	6678	0.01688526397100429
6679	6679	0.00044637936756309357
6680	6680	0.010889452221104375
6681	6681	0.007169624160289173
6682	6682	0.002744406481479876
6683	6683	0.0071696241604332295
6684	6684	0.00019839082993655302
6685	6685	0.0006833461925392618
6686	6686	0.01702303538028289
6687	6687	0.01167750468492971
6688	6688	0.0022263859810875077
6689	6689	0.0026562327795141877
6690	6690	0.011677504684982009
6691	6691	0.01957456188766407
6692	6692	5.510857059118923e-06
6693	6693	0.0005069987885903054
6694	6694	0.004436239392059339
6695	6695	0.003378154966159854
6696	6696	0.00011572798431862697
6697	6697	0.0018571586028393809
6698	6698	0.0016808111989601768
6699	6699	0.0012399426876898284
6700	6700	0.016615232007240046
6701	6701	0.019574561887739265
6702	6702	0.03352253940295843
6703	6703	0.00044086851146987646
6704	6704	0.004276424556735607
6705	6705	0.0038631103277407737
6706	6706	5.510856793774342e-06
6707	6707	0.011677504684326082
6708	6708	0.008707153091772469
6709	6709	0.000341673096230246
6710	6710	0.00035820566593745427
6711	6711	0.007830926927007263
6712	6712	0.0005400639263456715
6713	6713	0.01616334178415923
6714	6714	0.013782651824961805
6715	6715	0.0006006833470217491
6716	6716	0.00038024909167245927
6717	6717	0.016163341784059263
6718	6718	0.002033506007464992
6719	6719	0.010889452221306347
6720	6720	0.027146478563435498
6721	6721	0.0002755428194140659
6722	6722	0.010889452221198057
6723	6723	0.001576104927012119
6724	6724	0.00011572798490891414
6725	6725	0.00019839083036526621
6726	6726	0.00033616223987850154
6727	6727	0.0008982695917607976
6728	6728	0.0027333847681096242
6729	6729	0.00012123884071539305
6730	6730	0.00018736911730028223
6731	6731	0.002347624821709685
6732	6732	0.00047944450644640325
6733	6733	0.010702083104200996
6734	6734	0.0013556706718661497
6735	6735	0.000661302767320038
6736	6736	0.0006447701982252736
6737	6737	5.510856592642002e-06
6738	6738	0.006706712224056915
6739	6739	7.715198987822394e-05
6740	6740	0.0019894191566453712
6741	6741	0.0009478672989209506
6742	6742	0.0017248980496839524
6743	6743	0.00021492339974349915
6744	6744	0.002424776811159614
6745	6745	0.0018736911723418535
6746	6746	0.0001212388413866667
6747	6747	0.0007549873257798102
6748	6748	0.0006502810545249583
6749	6749	3.3065139256527583e-05
6750	6750	6.06194209511362e-05
6751	6751	0.016885263970522982
6752	6752	0.011677504684265554
6753	6753	0.003008927587606821
6754	6754	0.03352253940316302
6755	6755	0.00012674969772152254
6756	6756	0.013782651824802783
6757	6757	0.03352253940323015
6758	6758	0.002083103715054643
6759	6759	0.0027444064811301913
6760	6760	0.0008927587355357404
6761	6761	0.019574561886963177
6762	6762	5.510856820255657e-06
6763	6763	0.000479444506338214
6764	6764	0.00034167309684444877
6765	6765	0.0001212388407970967
6766	6766	0.0010856387083160324
6767	6767	0.033522539403466244
6768	6768	0.0003692273787589246
6769	6769	4.408685185830899e-05
6770	6770	0.014454976303769719
6771	6771	0.0003251405278172821
6772	6772	0.01167750468460553
6773	6773	0.003863110327644336
6774	6774	0.0018902237417610533
6775	6775	0.0011903449801083375
6776	6776	0.027146478563325173
6777	6777	0.002154744847478927
6778	6778	0.014454976304115952
6779	6779	0.0018957345972078503
6780	6780	0.01445497630346304
6781	6781	0.03352253940278108
6782	6782	0.0029923950186467162
6783	6783	0.010889452221559452
6784	6784	3.8575995174075094e-05
6785	6785	0.0008486718838477404
6786	6786	0.0002645211075138714
6787	6787	0.00040229251630303017
6788	6788	0.005637606084120181
6789	6789	0.011677504684478607
6790	6790	0.002347624821024744
6791	6791	3.8575994750241525e-05
6792	6792	5.510856459931674e-05
6793	6793	0.0003196296711130302
6794	6794	0.00450788052510841
6795	6795	0.001179323267821979
6796	6796	0.00042984679861763855
6797	6797	0.027146478563658975
6798	6798	0.00042433594181938135
6799	6799	0.010806789375623963
6800	6800	0.03352253940320493
6801	6801	0.013782651824926396
6802	6802	2.7554282194210542e-05
6803	6803	0.013782651824115477
6804	6804	0.00035269480931675686
6805	6805	0.0005455747825996687
6806	6806	0.001366692384151608
6807	6807	0.002154744848096381
6808	6808	0.0023476248214323054
6809	6809	0.003317535545095713
6810	6810	9.919541578538692e-05
6811	6811	0.0020169734383376327
6812	6812	0.027146478563526307
6813	6813	0.00022594511197112103
6814	6814	0.00017634740518342719
6815	6815	0.001157279841291614
6816	6816	0.0017028546238274467
6817	6817	0.017023035380093577
6818	6818	6.613027687361303e-05
6819	6819	0.01661523200777068
6820	6820	0.0027333847680943014
6821	6821	0.0005014879316852193
6822	6822	0.0004794445060159885
6823	6823	0.0009092913044364761
6824	6824	0.004623608509748504
6825	6825	0.005681692935568741
6826	6826	0.002584591646344569
6827	6827	3.306513838337675e-05
6828	6828	0.03352253940346238
6829	6829	0.0012454535434872935
6830	6830	0.0006998787614748406
6831	6831	0.00029758624526823863
6832	6832	0.000341673096947414
6833	6833	0.0008156067458463017
6834	6834	0.0015154855068373945
6835	6835	0.0008927587352149121
6836	6836	0.0003912708044491696
6837	6837	0.006706712223521374
6838	6838	0.0018626694595141925
6839	6839	7.715198984712902e-05
6840	6840	7.715198977027372e-05
6841	6841	0.00012123884150613494
6842	6842	0.01702303538068165
6843	6843	1.1021713671401693e-05
6844	6844	0.0031797641363155746
6845	6845	0.009098423895931752
6846	6846	0.016163341783564305
6847	6847	0.0005345530697493119
6848	6848	0.005637606084301831
6849	6849	0.01661523200764808
6850	6850	0.00014328226655588227
6851	6851	0.011677504684416529
6852	6852	0.007169624159605679
6853	6853	0.0005841507775112538
6854	6854	0.004276424557024465
6855	6855	0.004507880524917188
6856	6856	0.0006006833462070357
6857	6857	0.016163341783747856
6858	6858	0.0001212388410064566
6859	6859	0.00017083654824342223
6860	6860	0.00035820566549620345
6861	6861	0.0004574010807515325
6862	6862	0.0005676182079455799
6863	6863	0.005576986664381748
6864	6864	0.0008982695912709231
6865	6865	0.009098423895845718
6866	6866	0.002733384768253739
6867	6867	1.653256948349274e-05
6868	6868	0.00758844924568905
6869	6869	0.0006778353365714658
6870	6870	0.006706712223416792
6871	6871	0.016615232007152453
6872	6872	0.004326022264576888
6873	6873	0.027146478563477877
6874	6874	0.001300562108345616
6875	6875	0.0003857599471324706
6876	6876	0.0335225394027094
6877	6877	0.027146478563727497
6878	6878	0.006431169404443468
6879	6879	0.002347624821060351
6880	6880	0.01957456188692815
6881	6881	0.033522539403214084
6882	6882	0.01445497630397066
6883	6883	0.0013170946768307986
6884	6884	5.5108564101243806e-05
6885	6885	2.7554282537408265e-05
6886	6886	0.0020169734384368966
6887	6887	0.0002810536759858655
6888	6888	1.6532570025710824e-05
6889	6889	0.0025349939389080027
6890	6890	0.0017248980499983582
6891	6891	0.0029923950186512187
6892	6892	0.03352253940349355
6893	6893	0.016163341784260918
6894	6894	0.003378154965602209
6895	6895	0.002507439656174396
6896	6896	0.016885263970036476
6897	6897	0.0006337484854836401
6898	6898	0.0006061942032313062
6899	6899	0.03352253940282696
6900	6900	0.0009533781552254656
6901	6901	0.0019122671672471751
6902	6902	0.0031797641362083877
6903	6903	0.01688526397043789
6904	6904	1.1021713539320476e-05
6905	6905	0.0011793232673337612
6906	6906	2.2043426056754844e-05
6907	6907	0.00025901025075728543
6908	6908	0.0001983908307465369
6909	6909	0.016885263970559467
6910	6910	0.0007164113310017754
6911	6911	1.1021713115460896e-05
6912	6912	0.004430728535574316
6913	6913	0.0012289209752653007
6914	6914	0.0075884492453703635
6915	6915	0.00035820566595289597
6916	6916	0.00040229251639163345
6917	6917	0.01080678937579946
6918	6918	0.000270031963066403
6919	6919	0.0144549763039549
6920	6920	0.0013170946768045757
6921	6921	0.00022594511278405103
6922	6922	0.0067067122233245655
6923	6923	0.011677504684884713
6924	6924	0.0011793232672020167
6925	6925	0.02714647856320374
6926	6926	0.0004959770752251319
6927	6927	0.001239942687268822
6928	6928	0.0003967816606445013
6929	6929	0.003317535545330416
6930	6930	0.0008376501714197463
6931	6931	0.010702083103992737
6932	6932	0.010889452221696502
6933	6933	0.011677504684271587
6934	6934	0.0001983908308115612
6935	6935	0.0005731290647514605
6936	6936	0.0013666923848257668
6937	6937	0.0004188250855304077
6938	6938	5.510857127598898e-06
6939	6939	1.6532569753375718e-05
6940	6940	0.0004298467984046544
6941	6941	0.000898269591403353
6942	6942	0.019574561887624194
6943	6943	0.0006943679055293416
6944	6944	0.0016808111981919409
6945	6945	0.0008266284581037917
6946	6946	0.0013005621077484422
6947	6947	0.0006282376282368105
6948	6948	0.014454976304072631
6949	6949	0.0008486718840819116
6950	6950	0.0003637165225435551
6951	6951	0.00870715309251255
6952	6952	0.001741430619015309
6953	6953	0.0008707153093212652
6954	6954	0.0013666923846832083
6955	6955	0.00043535765548165646
6956	6956	0.027146478563036893
6957	6957	0.03352253940302885
6958	6958	0.004436239391868816
6959	6959	0.001554061501744118
6960	6960	3.3065138375883956e-05
6961	6961	0.0001598148361234048
6962	6962	0.003642676072478024
6963	6963	0.0003361622404969947
6964	6964	0.006706712223887614
6965	6965	0.0015871266395869124
6966	6966	3.857599483132104e-05
6967	6967	0.017023035380520853
6968	6968	0.000666813623720638
6969	6969	0.0335225394029675
6970	6970	0.003135677284340044
6971	6971	0.00025349939385058086
6972	6972	2.2043426291824796e-05
6973	6973	0.001427311804744622
6974	6974	0.008707153092294488
6975	6975	4.40868520657798e-05
6976	6976	0.0002590102503926407
6977	6977	0.00024798853776367185
6978	6978	0.0001983908299370935
6979	6979	0.0018902237409671478
6980	6980	0.03352253940354566
6981	6981	0.0008211176023131837
6982	6982	0.0005621073516782433
6983	6983	0.005681692935164927
6984	6984	0.016615232007363426
6985	6985	0.0004188250856667055
6986	6986	0.016885263970081197
6987	6987	0.005681692935566991
6988	6988	6.613027665543839e-05
6989	6989	0.00019287997424495743
6990	6990	0.016163341783737222
6991	6991	0.0002259451120728464
6992	6992	0.01080678937510342
6993	6993	0.0005014879316088563
6994	6994	0.00033065138375657356
6995	6995	0.0003582056655050017
6996	6996	0.001212388405769755
6997	6997	0.001085638709088087
6998	6998	8.26628461729189e-05
6999	6999	1.6532569861245398e-05
7000	7000	0.010702083104317577
7001	7001	0.0019122671672147503
7002	7002	0.004326022264449611
7003	7003	0.03352253940359543
7004	7004	0.006706712223258511
7005	7005	0.00012674969726306375
7006	7006	0.01661523200705673
7007	7007	0.0013556706718654285
7008	7008	0.00022043425612799884
7009	7009	0.02714647856339247
7010	7010	0.027146478563592973
7011	7011	0.00015981483538461355
7012	7012	0.00038024909141677897
7013	7013	0.0012123884061215687
7014	7014	0.001719387193202892
7015	7015	0.006431169404403843
7016	7016	0.004623608508772954
7017	7017	0.014454976303751008
7018	7018	0.03352253940360221
7019	7019	0.009098423895455716
7020	7020	0.0011848341240471316
7021	7021	0.0006337484849343232
7022	7022	0.005637606084013546
7023	7023	0.027146478563303694
7024	7024	1.1021713066361767e-05
7025	7025	0.003378154965457668
7026	7026	0.03352253940294426
7027	7027	9.368455910817208e-05
7028	7028	0.00022043425629070433
7029	7029	0.010702083104091072
7030	7030	0.01070208310417062
7031	7031	0.001901245454267341
7032	7032	0.0044362393920078765
7033	7033	7.715198979161096e-05
7034	7034	0.00017634740492581189
7035	7035	0.0005290422140721082
7036	7036	0.0005400639268074663
7037	7037	0.0014658877991622985
7038	7038	1.653256930240675e-05
7039	7039	0.004326022264567138
7040	7040	0.010702083103723711
7041	7041	0.0019949300130926986
7042	7042	0.0012234101179840581
7043	7043	0.019574561887436923
7044	7044	0.0003416730960480972
7045	7045	0.0008321393149305312
7046	7046	7.71519903183697e-05
7047	7047	0.0027444064813082606
7048	7048	2.204342642448493e-05
7049	7049	0.027146478562870526
7050	7050	0.00022594511249079003
7051	7051	0.0008982695918399666
7052	7052	0.00046291193738125344
7053	7053	0.004276424557020397
7054	7054	0.027146478563253557
7055	7055	0.014454976303955388
7056	7056	0.017023035380220385
7057	7057	0.0017028546238065326
7058	7058	0.0002534993942142406
7059	7059	0.011677504685018658
7060	7060	0.014454976303696397
7061	7061	0.0001267496971851512
7062	7062	0.016885263970462923
7063	7063	0.001498952937347343
7064	7064	0.010702083103888193
7065	7065	0.010806789375344784
7066	7066	8.266284612268811e-05
7067	7067	0.03352253940336388
7068	7068	0.0023200705396989874
7069	7069	2.204342567072298e-05
7070	7070	0.013782651824478355
7071	7071	0.0011572798413079536
7072	7072	0.0010139975756884216
7073	7073	0.027146478563092307
7074	7074	0.0011848341239001695
7075	7075	2.7554282908956188e-05
7076	7076	0.0037969800515792137
7077	7077	0.0023476248215243307
7078	7078	0.027146478563265457
7079	7079	0.0026176567845366525
7080	7080	0.00018736911718053746
7081	7081	2.20434257728212e-05
7082	7082	0.010889452221284965
7083	7083	0.004017414306915065
7084	7084	0.01070208310454356
7085	7085	0.0012399426878495583
7086	7086	0.00013226055368803676
7087	7087	0.011677504684982135
7088	7088	0.02714647856363759
7089	7089	1.1021713699562367e-05
7090	7090	6.613027677075613e-05
7091	7091	0.01688526397002523
7092	7092	0.004623608509015336
7093	7093	0.0038631103278265375
7094	7094	0.027146478563046954
7095	7095	0.010806789375896169
7096	7096	0.003317535545842579
7097	7097	0.004326022264830228
7098	7098	0.001135236416609569
7099	7099	5.510856444770053e-05
7100	7100	0.010702083104674411
7101	7101	0.014454976303390718
7102	7102	0.004777912487926206
7103	7103	7.715199041558579e-05
7104	7104	0.0015540615019437383
7105	7105	0.0003416730961317838
7106	7106	0.008707153092348492
7107	7107	0.0005786399211377761
7108	7108	0.004182739997916339
7109	7109	0.0001928799744084561
7110	7110	7.715198983284865e-05
7111	7111	0.027146478563030572
7112	7112	0.02714647856320776
7113	7113	0.033522539402839426
7114	7114	0.0007164113303715314
7115	7115	0.00029758624537662117
7116	7116	8.81737028033828e-05
7117	7117	0.017023035380399936
7118	7118	0.00033616224000172676
7119	7119	0.0017193871929984499
7120	7120	0.0003526948093674345
7121	7121	0.017023035379726437
7122	7122	0.01688526397061439
7123	7123	0.017023035379978863
7124	7124	0.0003416730969735478
7125	7125	4.4086851586615784e-05
7126	7126	0.0009974650068090578
7127	7127	0.0006668136230102417
