0	0	1.322718458596029
1	1	0.0053664983950749414
2	2	0.20495454511369912
3	3	0.6430460666706227
4	4	0.7821041698048001
5	5	0.05855742974096905
6	6	0.0034079098338352155
7	7	0.3907416498557386
8	8	0.08160845018803668
9	9	1.1504699176853468
10	10	4.031710855771591e-09
11	11	0.9523197430310705
12	12	0.2349621936585861
13	13	0.6645389771355968
14	14	0.9446961719477047
15	15	0.016651262321703178
16	16	0.22909979447117673
17	17	0.0069477111541210645
18	18	0.24102216713473978
19	19	0.1830753046040629
20	20	0.22819730716153952
21	21	0.09457927622017027
22	22	0.012937061357616613
23	23	1.408105953652419
24	24	0.055965213392313425
25	25	0.9351889525325516
26	26	0.08763143161089833
27	27	0.12932784974414044
28	28	0.6950854455279522
29	29	0.015341173999637966
30	30	0.3096212432626394
31	31	0.2532071056146237
32	32	0.030422562981267
33	33	0.25474485603082014
34	34	0.8359692452708025
35	35	2.342306646293792e-05
36	36	0.18018884412777875
37	37	0.22409245355306076
38	38	0.9628235412634717
39	39	1.6008318504937844
40	40	0.13494542064648357
41	41	1.3678331073784453
42	42	1.1754337185384318
43	43	0.14050623412629396
44	44	0.49358025271827993
45	45	0.006692200923610798
46	46	0.7341373024559245
47	47	0.34307238878182816
48	48	0.25116881710466715
49	49	2.0076620748867042
50	50	0.042867067401532934
51	51	0.019705998228241546
52	52	0.0009370650751305313
53	53	1.9033466307768114
54	54	0.47183957225006956
55	55	0.21805851717723973
56	56	0.13667648510833214
57	57	0.2872849040974018
58	58	0.18226241969749235
59	59	0.3396409051920391
60	60	1.5913428944682104
61	61	0.2163887059780088
62	62	1.215830754855457
63	63	0.07162648728600465
64	64	0.007816631595029506
65	65	0.33842426883023136
66	66	0.5313275990050543
67	67	1.5269444316187597
68	68	0.005673319676248964
69	69	2.3425537452854055
70	70	0.003568968022243978
71	71	0.6579937161066066
72	72	0.9731621139968429
73	73	0.0038062517051395514
74	74	0.0022402478036801423
75	75	3.111599416156856
76	76	0.4785951651006023
77	77	3.714801598536521e-06
78	78	0.0385888999036425
79	79	2.5136230981508216
80	80	1.456293652791902
81	81	0.020073349371370362
82	82	1.24554997630041
83	83	4.4940006923552795
84	84	0.10247553792540295
85	85	0.1466945296419581
86	86	0.032909177205084295
87	87	0.007859759710011929
88	88	0.09393424518397862
89	89	0.07933483585990206
90	90	0.1954380877546192
91	91	1.206102442202621
92	92	0.004846907895658727
93	93	0.2340062046717538
94	94	0.06382424426776256
95	95	2.7963586828417313
96	96	1.4276095651849128
97	97	0.7410595302571675
98	98	0.001546730567700901
99	99	0.0006334879723551316
100	100	0.005129931721682344
101	101	0.021403035285456076
102	102	0.0025791118203204134
103	103	0.049057283730495414
104	104	0.8946064744819897
105	105	2.116043830503053
106	106	0.27456717427830335
107	107	0.1779844267561437
108	108	0.09206626394079363
109	109	0.9334961962618358
110	110	0.26102275388874296
111	111	0.8984974302049784
112	112	0.31586359851165124
113	113	1.301569364640178
114	114	0.3523424188562955
115	115	0.046385232232408376
116	116	0.08700601393889751
117	117	0.1097970579637441
118	118	0.10032923937571747
119	119	0.2866300412911924
120	120	0.08544241929785443
121	121	1.9138458076609486
122	122	0.755876478231219
123	123	0.03169610972112552
124	124	0.21363605668322305
125	125	1.078367388245514
126	126	1.1492153230211017
127	127	0.4253435112953054
128	128	9.092400790781848e-06
129	129	0.0488161992921483
130	130	0.03760311727062982
131	131	0.34724945229722964
132	132	0.4237376511681364
133	133	0.3312096531222399
134	134	0.48654531109395416
135	135	0.09823841911587793
136	136	0.02171651799775607
137	137	0.0018710389000598873
138	138	0.17337736838651088
139	139	0.12654459225656683
140	140	0.16207268402033617
141	141	0.34827951931569195
142	142	0.27484533039518283
143	143	0.587641295469324
144	144	0.11297532103561075
145	145	0.05299125262158472
146	146	0.7441412987936428
147	147	0.2889336743498276
148	148	0.05616159441344768
149	149	0.424673353744322
150	150	0.15824058890752574
151	151	0.039008393218051565
152	152	0.07121211147078714
153	153	0.2139407583546808
154	154	0.2195022921302644
155	155	0.12624326529844032
156	156	0.849582908456317
157	157	0.012251648765484244
158	158	0.023478082295159866
159	159	0.3987084964534778
160	160	0.02900857914084663
161	161	0.13260160529649698
162	162	0.0017473461244858694
163	163	2.3984014820338198
164	164	0.19558395190807396
165	165	0.037224823841423574
166	166	0.35707603157962087
167	167	0.7472593799920496
168	168	0.7770830400528522
169	169	0.8351485330057303
170	170	0.02826851515641332
171	171	0.07833428001935329
172	172	1.3442175016489954
173	173	0.026719719458827663
174	174	0.26490490089914365
175	175	0.02321783574890351
176	176	0.3464935949101794
177	177	0.019062759270473878
178	178	0.6375644543274258
179	179	0.2141323853343725
180	180	0.22411262892401435
181	181	3.061474976711054
182	182	0.029548019801024044
183	183	0.08733616509005487
184	184	0.018346892470214475
185	185	0.04511745161346804
186	186	0.05511162394786052
187	187	0.06260235735112285
188	188	0.0006385440926397186
189	189	0.32731060487214514
190	190	0.02520839277118733
191	191	0.4032773367949656
192	192	0.00015828804290559344
193	193	0.4795561734589575
194	194	1.515274643210561
195	195	0.007189890072396943
196	196	0.19572064147852714
197	197	1.4450505735358392
198	198	0.3431965169347441
199	199	0.04220530845661296
200	200	0.004382726961774661
201	201	1.0450484754394316
202	202	0.06772058355055352
203	203	0.31406476678340867
204	204	1.3827715318963285
205	205	0.05350110551507311
206	206	0.42869701004847516
207	207	2.3555378858647416
208	208	0.38914769709512553
209	209	1.9824860016286066
210	210	0.11610959845786337
211	211	2.189480652329113
212	212	0.08202995318441478
213	213	0.2339970089004616
214	214	1.915808618443948
215	215	0.01450814253327597
216	216	2.216357568836512
217	217	0.15932286515164643
218	218	0.09613301758144546
219	219	0.02986394970138859
220	220	0.5066934361294104
221	221	0.007933461481740681
222	222	0.06913796613636858
223	223	1.256175883103962
224	224	0.08960655911308767
225	225	0.08958514172852973
226	226	0.0002934431526719369
227	227	1.8719510042451917
228	228	0.48497732144751293
229	229	0.254386827284533
230	230	0.42913765494550393
231	231	0.01876205838490644
232	232	0.07355919338051416
233	233	0.3688777461148422
234	234	0.07399411041121874
235	235	1.2489822097159553
236	236	0.000142107302999798
237	237	1.5233807121287393
238	238	0.008269640227862425
239	239	0.07764827090074009
240	240	0.10681920318725889
241	241	0.008970518168478873
242	242	0.5672754348611218
243	243	0.06571876541005052
244	244	1.0471033002007268
245	245	0.09222919262060132
246	246	0.15764994395693627
247	247	0.032122160403714094
248	248	0.055008831783781395
249	249	0.9078341633399557
250	250	0.00769740720174911
251	251	0.09506208982813816
252	252	0.25370801985840585
253	253	1.065456309716951
254	254	0.15105414764113426
255	255	0.015095789944192315
256	256	0.008350575595094518
257	257	0.8623543040928802
258	258	0.3383994117893799
259	259	0.006492017535531918
260	260	0.024330051594685674
261	261	0.5157476022533934
262	262	0.035854984223409665
263	263	1.9031902619833572
264	264	0.17333275821601965
265	265	0.0028405010127890624
266	266	0.4071053447448686
267	267	0.15088340732925914
268	268	0.027235526723905588
269	269	1.118470792452983
270	270	0.26068593312356986
271	271	0.5262702139359932
272	272	0.798237979867729
273	273	8.170202655275358e-05
274	274	0.038214822792403215
275	275	0.3212733032770526
276	276	0.027522061857250184
277	277	0.4113895840485368
278	278	0.027477485966794734
279	279	1.2832511787290204
280	280	0.011595453341038191
281	281	0.5482046425644344
282	282	0.24244907049865372
283	283	0.3888357798102669
284	284	1.0077758443611433
285	285	0.07744469241771795
286	286	2.2855138957139762
287	287	0.06331760886913743
288	288	0.2087286313537171
289	289	0.055650659912179774
290	290	0.17802187211532136
291	291	0.06399718474409112
292	292	0.22618372540949228
293	293	0.00014250371331491954
294	294	0.015990618050958173
295	295	0.028294889449832668
296	296	0.42167468515704765
297	297	0.8826788989587555
298	298	1.0708748723276296
299	299	2.1652439559610874
300	300	0.004011287154503681
301	301	0.05446869034053621
302	302	0.00026238772682147464
303	303	0.004617538542343635
304	304	1.5132539139724976
305	305	0.7633268639289532
306	306	0.12917301730730327
307	307	0.004398392935730552
308	308	0.04969419464253118
309	309	0.27845466464620894
310	310	0.11260289716976876
311	311	0.446299388843826
312	312	0.06112923258905109
313	313	1.4540197370265522
314	314	0.2880006993127785
315	315	0.07766884186819084
316	316	1.122906280398675
317	317	0.010155396244332154
318	318	0.5089498464267321
319	319	1.597134870419488
320	320	0.42492699224861286
321	321	0.4669190575209081
322	322	0.1383191739779429
323	323	0.5480567018869923
324	324	0.01251304676341809
325	325	0.20114893255878907
326	326	0.4942714570717127
327	327	0.38072195864373226
328	328	0.00289755330370777
329	329	0.10038878038072044
330	330	0.20479214053996125
331	331	0.6860104989666947
332	332	0.12359166888976597
333	333	0.07133418398710148
334	334	0.4358791820261001
335	335	1.116556046553731
336	336	0.0025036117967039144
337	337	0.01912361350420723
338	338	1.4989377929053842
339	339	0.2527724638022086
340	340	0.28829483612239876
341	341	0.7605739507802075
342	342	0.20089775099528082
343	343	0.00025988026380919556
344	344	0.40126716433958526
345	345	0.03158735097226069
346	346	0.6744450394957897
347	347	0.4270837996726437
348	348	0.04997491534242625
349	349	0.037917391312255355
350	350	0.01678032344345042
351	351	0.03550918335122512
352	352	0.0004597113901299199
353	353	0.5367764452321798
354	354	0.27122356928229246
355	355	0.2983137792325539
356	356	1.9979445244508618
357	357	0.3066671036572861
358	358	0.6077857031990521
359	359	0.29770724940105886
360	360	0.07715627103730906
361	361	0.08178575165788986
362	362	0.1642290374310407
363	363	1.3062254437958971
364	364	0.022472677759922448
365	365	0.01490479104778349
366	366	0.013282298811961591
367	367	0.9630977502507301
368	368	3.142423136532704
369	369	0.00716806965223138
370	370	4.700802044216049
371	371	0.6372240581600249
372	372	1.6364419662188663
373	373	2.8613640289854843
374	374	0.30364001854275713
375	375	0.130094152395807
376	376	0.14111942240803843
377	377	0.17931213640356106
378	378	0.9197556237761466
379	379	0.37313773346319096
380	380	0.9544026287915013
381	381	0.008842746086528243
382	382	0.09061704069044109
383	383	0.01980394876659558
384	384	0.18219753453582105
385	385	0.030620326427680727
386	386	0.18276759215718327
387	387	0.014360660839141597
388	388	0.19316200227355285
389	389	0.09039019567554926
390	390	0.26539393397488176
391	391	0.08014256348743341
392	392	0.11361275406308645
393	393	0.28494398730347836
394	394	1.3729455404379374
395	395	0.6163803437529313
396	396	0.2241573254442872
397	397	0.4523234278721015
398	398	0.07684472376021051
399	399	0.16221239655130051
400	400	1.3745168282540416
401	401	0.0027978309551451607
402	402	0.2209220238466644
403	403	2.336490600515753
404	404	0.8584608351536697
405	405	0.20844910583090043
406	406	0.1740640247751909
407	407	0.7760741583278332
408	408	0.35338340487370973
409	409	0.24144072984725112
410	410	0.8179443625128706
411	411	0.3363949782342506
412	412	0.002371947484164608
413	413	0.09506077588702243
414	414	0.36837011703458233
415	415	0.12960422899275403
416	416	0.41172437151558106
417	417	0.029475417665733552
418	418	0.675980058979445
419	419	0.05587602181838347
420	420	0.1474551759115972
421	421	0.13260009889255994
422	422	0.12593098004628842
423	423	0.5868791664333218
424	424	0.0014844154385566623
425	425	4.164538934866919
426	426	1.4448452805433483
427	427	0.8077119316068683
428	428	0.7198216703039118
429	429	0.7714098446688593
430	430	1.640934394905359
431	431	0.10925294109928253
432	432	0.029555730974726087
433	433	0.14417584154287602
434	434	0.02611977555026161
435	435	0.4275834218496822
436	436	0.002897802380968368
437	437	3.244510826840255
438	438	3.046876797741361
439	439	0.219260858568947
440	440	0.6069457243009518
441	441	0.25017522184998253
442	442	2.582933652071108
443	443	0.007643750352414847
444	444	0.08920632636560857
445	445	0.1628977141882754
446	446	0.08802906600720622
447	447	0.29592843768262617
448	448	0.24167893587061132
449	449	0.13467700763400023
450	450	1.22730757450223
451	451	0.37548787816725254
452	452	0.27571638441133406
453	453	0.0010775125698200693
454	454	0.04827171751472085
455	455	0.024500738743535273
456	456	0.11197443844542526
457	457	3.9250948854346785
458	458	1.1655498606133292
459	459	0.0009978339992732033
460	460	0.342192914148204
461	461	0.038719699681301685
462	462	0.7039689573505077
463	463	0.5476318857985158
464	464	0.01011531179564472
465	465	0.049102441337566256
466	466	0.09704507853147167
467	467	0.2701546393648238
468	468	0.036123109903495404
469	469	1.7988527495091549
470	470	0.5109176305174524
471	471	0.12836886615851723
472	472	2.497429217292412
473	473	0.006369579270229247
474	474	0.11558723584840636
475	475	0.3445372517304354
476	476	0.3189989241635452
477	477	0.37525438086504953
478	478	0.37283626999480607
479	479	0.01156780364098521
480	480	0.06501461680470644
481	481	0.6036931443429396
482	482	0.24932308546970924
483	483	0.16192332059342837
484	484	0.10928993563565378
485	485	0.0023959017017422942
486	486	0.14346581417437101
487	487	0.7057595034657931
488	488	0.3542047776440366
489	489	0.012511431093632737
490	490	0.06894199250267635
491	491	0.08224247673886782
492	492	1.5147230791743835
493	493	1.0562434698906085
494	494	2.141443125999413
495	495	0.35137524390779507
496	496	0.21856346581902808
497	497	0.23609602692315704
498	498	0.01882323042590009
499	499	0.14117272032455527
500	500	2.717866807823481
501	501	1.1115057049230055
502	502	0.23088390778825765
503	503	0.07406673103253512
504	504	0.2453998856287009
505	505	0.7515996203989288
506	506	0.10688490159823759
507	507	0.06343802300908488
508	508	0.028051825808090184
509	509	1.0494686888779758
510	510	0.20601218499428228
511	511	0.5168114465790621
512	512	0.5762395949204724
513	513	4.5804618268183236e-05
514	514	1.3234591362857058
515	515	0.494296080151426
516	516	0.6301203790127428
517	517	0.23079093324457908
518	518	0.22182259348769737
519	519	0.45999205555964556
520	520	0.09151632322388441
521	521	0.02244948821801249
522	522	0.42069259759090866
523	523	0.00013597822753879556
524	524	0.31316111206602976
525	525	1.040150391762089
526	526	0.714371501626183
527	527	0.005436182359781485
528	528	1.0362327652499084
529	529	0.035510277498126595
530	530	0.9509665774976035
531	531	0.3486601381466524
532	532	0.3125779347926928
533	533	0.004550450947274291
534	534	0.04318348572100635
535	535	0.3761761803618509
536	536	0.23611808469810996
537	537	0.11765078951277853
538	538	0.2072279265026027
539	539	0.015886087478824064
540	540	1.1536024579495392
541	541	0.26856127557697673
542	542	0.0025716875524331314
543	543	0.21633441711148446
544	544	2.917732120090798
545	545	0.0897697316939488
546	546	0.055588649500472445
547	547	0.3682950626498234
548	548	0.07823632260372301
549	549	0.47209600004201085
550	550	0.0282395064527377
551	551	0.35923336681954987
552	552	0.0036891821187531883
553	553	0.27252569844713287
554	554	0.601209082283534
555	555	1.272233624674011
556	556	0.5452784434844274
557	557	0.011946619455173403
558	558	0.014880419874861906
559	559	0.07360899467288852
560	560	0.42371569393992015
561	561	0.9569653392076224
562	562	0.2655323418297946
563	563	2.2510238769991773
564	564	1.4705343625428235
565	565	0.02874838426657312
566	566	0.3624126359868908
567	567	0.7907431472005866
568	568	0.4771074677071752
569	569	0.11431242072154166
570	570	0.20838177762233207
571	571	0.2109066338279319
572	572	0.29452998267684777
573	573	0.011339798144131986
574	574	0.012869839080344734
575	575	0.9812064178175226
576	576	0.3129776412661331
577	577	0.07101560521414396
578	578	0.10657535252381795
579	579	0.8510232092774234
580	580	0.2827601019476057
581	581	0.7030811130109781
582	582	1.7144015773245638
583	583	0.5836002961214843
584	584	0.23692999850230828
585	585	0.3358960779562408
586	586	0.3247368981798098
587	587	0.46784720317311923
588	588	0.02373149338060404
589	589	0.8809803825069559
590	590	1.3634766554259288
591	591	1.18930383583006
592	592	0.05458938323846208
593	593	0.04900624001007637
594	594	0.3377097946974607
595	595	0.3439343119551011
596	596	0.11798315587196756
597	597	0.00015037066746477397
598	598	0.038429522997174864
599	599	0.0033241087879138857
600	600	0.02532866847012745
601	601	0.2908773400888623
602	602	0.3363812443203314
603	603	1.4056738227448735
604	604	0.0056764050024567655
605	605	0.4355823538120234
606	606	0.07514648665725707
607	607	0.025984108873200552
608	608	0.0003687578811107784
609	609	0.17283719124340324
610	610	0.0007940834619325727
611	611	2.423755724188023
612	612	0.15437439696705996
613	613	0.004856387697788666
614	614	0.032529789416178775
615	615	0.9248998551235491
616	616	0.46627141221426593
617	617	0.3036584521766681
618	618	0.6068649401605524
619	619	0.0018208179294874128
620	620	0.2598933185845413
621	621	1.5071231146761606
622	622	0.4256645790979149
623	623	0.003954879711936033
624	624	0.0020507843446314787
625	625	0.3231833577444781
626	626	0.4733162931068164
627	627	3.1996125414882286
628	628	1.6043198969658932
629	629	0.000180637792291604
630	630	0.2981592792122513
631	631	0.5170905073975888
632	632	0.0002606687135160183
633	633	0.8167988900254228
634	634	0.011949702665752744
635	635	0.0744898960452493
636	636	0.8961075982189396
637	637	0.3065625514202956
638	638	0.7262090431844233
639	639	0.2854167922415309
640	640	0.0001436656734326782
641	641	0.005143808505430505
642	642	0.042911835890721096
643	643	0.8179774026504713
644	644	0.1994425670187063
645	645	3.0622119010952615
646	646	0.03953208825072315
647	647	0.28624284628071434
648	648	1.0493054888045488
649	649	0.2718641559453937
650	650	0.17809775180439696
651	651	0.1153858659258706
652	652	0.0012825418230030007
653	653	0.4402438645687739
654	654	0.027774706912043784
655	655	0.03994786733398225
656	656	0.8605817223727068
657	657	3.0293686986567628e-05
658	658	0.06577075280066502
659	659	0.15870423265392128
660	660	0.11813858319249136
661	661	0.0007435336847919762
662	662	0.023062488422687096
663	663	1.2070999566493483
664	664	0.007760945361117656
665	665	0.2671217245758565
666	666	0.10392554830837084
667	667	0.06325574960161448
668	668	1.1996916891422964
669	669	0.02453691610093983
670	670	0.06968050598600989
671	671	2.726250715066062
672	672	0.5851503827732923
673	673	0.11889629187802746
674	674	0.2702093292969162
675	675	1.0052738290026582
676	676	0.056545774103211946
677	677	0.12527551760963027
678	678	1.2531573913507053
679	679	0.1257131576467363
680	680	0.9450702996565873
681	681	0.16413153017579926
682	682	1.5124955870496208
683	683	0.8903247098777897
684	684	1.3240237404143815
685	685	0.19818488161618397
686	686	0.31850643228983516
687	687	0.9677805049793482
688	688	2.0348486638668986
689	689	0.8326724974164769
690	690	0.34779997205982705
691	691	0.3004442653427252
692	692	0.12167263620350219
693	693	0.08506226039571414
694	694	0.0003146287808498066
695	695	0.08872253195562665
696	696	0.05673331543223894
697	697	0.18108858080913856
698	698	0.07952361959603718
699	699	0.3101717110904281
700	700	0.2002902823569347
701	701	0.06785558060966378
702	702	0.03698403473555112
703	703	0.24766438762972096
704	704	0.6104388674584877
705	705	0.24511847150603563
706	706	0.08042146365665154
707	707	0.6022364840631393
708	708	0.4734679532361409
709	709	0.03536744723618633
710	710	0.05886948011892067
711	711	0.00013315322427891524
712	712	0.5057036022489864
713	713	0.43228420552556657
714	714	0.6703336709183072
715	715	0.20500474632462862
716	716	0.13214148282463714
717	717	0.04415538075822268
718	718	3.0839876498926335
719	719	0.0058852381533167075
720	720	0.005751067298386723
721	721	0.3826675844641199
722	722	0.0008605987476595341
723	723	0.034563129827461125
724	724	0.9733459528334739
725	725	1.9579980189170085
726	726	0.6456025847684457
727	727	2.119899238531693
728	728	0.5981393732693532
729	729	0.10751944213426347
730	730	0.07128214055336594
731	731	0.9114149466177243
732	732	4.358349090023769
733	733	0.057319110768134125
734	734	1.1273365769784562
735	735	1.0266873613038519
736	736	0.00027535235338197833
737	737	0.0475012691154958
738	738	0.4330909695353795
739	739	0.08908136441881313
740	740	0.1197475438676262
741	741	2.1656373122426262
742	742	0.09680344664432647
743	743	1.1756220722971034
744	744	0.0033153625244456237
745	745	0.30735882575908313
746	746	0.027048920837808303
747	747	1.197607139770823
748	748	1.2624002289371787
749	749	0.6588970782367488
750	750	0.6229878448349613
751	751	0.35670660322865616
752	752	0.8048139443691728
753	753	0.007898116013597665
754	754	0.07647602066453804
755	755	0.010745491876354525
756	756	1.2612170087313632
757	757	0.1621493526089685
758	758	0.000673059609241144
759	759	0.7155435781444797
760	760	0.9144293443658318
761	761	0.5733527435898047
762	762	0.06443603917999405
763	763	0.0659662968438793
764	764	0.5888258279503266
765	765	0.5018591831529995
766	766	0.42398498723146927
767	767	0.19956501124812182
768	768	0.03556279011708945
769	769	0.07111195364572749
770	770	0.025110198421352446
771	771	3.9348337221483622
772	772	0.2578553137088431
773	773	2.098485160130147
774	774	0.05371365409397583
775	775	0.0723318725440125
776	776	1.1773060546018626
777	777	1.5028357150274114
778	778	0.042112346828926256
779	779	0.9392428526914424
780	780	0.13122841105938188
781	781	0.794410613090082
782	782	0.16583877590553192
783	783	0.3008244865079347
784	784	0.29298022393037126
785	785	0.059437557104877886
786	786	0.9171377647068744
787	787	0.05084554947881483
788	788	0.6651920463594527
789	789	0.0895650630660207
790	790	0.4762961804488995
791	791	0.00193778007503344
792	792	0.5230810670037535
793	793	0.6307494415791299
794	794	0.2631347450495601
795	795	0.01491311453833197
796	796	1.0923140235042879
797	797	0.03464018430391425
798	798	0.17545355500138354
799	799	0.6902131549712395
800	800	0.5895708448342598
801	801	0.0050530075895284625
802	802	0.6323170643859003
803	803	0.03420035392828047
804	804	0.010639888693507894
805	805	0.5347565628998462
806	806	0.2060621315275091
807	807	0.9114041822342451
808	808	0.20338256570878688
809	809	0.03899996352434427
810	810	0.228898204985984
811	811	2.1217220691172813
812	812	6.123304142052356e-05
813	813	0.03199090413187155
814	814	0.04724583394270018
815	815	0.16093346170350778
816	816	0.44392453907269
817	817	0.0275828489342261
818	818	0.718073739504567
819	819	0.3349450193482695
820	820	0.20653286661377546
821	821	0.06149408351516154
822	822	0.020172085228446802
823	823	0.011251723283642242
824	824	0.6523575421686401
825	825	0.13374737917359378
826	826	0.058350680305254116
827	827	0.8690245928384749
828	828	1.8740203935482418
829	829	0.005115548435563065
830	830	1.4791792276116014
831	831	0.30847895911612666
832	832	0.37094559690092804
833	833	1.9517918779496533
834	834	0.012493391047401665
835	835	0.030429339735448677
836	836	0.658136798239495
837	837	0.004502531574724662
838	838	0.08602088220735234
839	839	0.0012312574543415064
840	840	0.09061839869689095
841	841	0.016943552396372824
842	842	0.010380778366381195
843	843	0.11752095390558112
844	844	0.057215017741314406
845	845	0.4601078517862726
846	846	0.2167877667315798
847	847	0.2974543949888746
848	848	0.02135102795682434
849	849	0.6278175487162632
850	850	0.13516713913900794
851	851	0.5315366091338142
852	852	0.055338328987814295
853	853	0.17967044710126237
854	854	3.947789202291034e-05
855	855	0.4772644783803527
856	856	0.06005187420241428
857	857	0.09418012149407222
858	858	0.10417767082744075
859	859	0.6029095940098868
860	860	0.18074540584491902
861	861	1.348801291119944
862	862	0.020735147957669852
863	863	0.7832113237590559
864	864	2.517103957684808
865	865	1.609912259233959
866	866	0.8554838322410507
867	867	0.6167745769243904
868	868	0.0012499180146870264
869	869	0.78518526482913
870	870	0.02952689340791756
871	871	0.24274169558739533
872	872	0.0005003901490355325
873	873	0.5660092584268557
874	874	4.347586933253794
875	875	0.022877140831763898
876	876	0.32199098111139773
877	877	0.0029282379097668463
878	878	0.16803592339145781
879	879	0.2938558789335189
880	880	0.731010041709913
881	881	0.277113425047542
882	882	0.05325552833104485
883	883	0.11222589148259818
884	884	4.151358796917943
885	885	0.09193895570914003
886	886	0.7650730189447336
887	887	0.07004951787000264
888	888	0.012762634778226945
889	889	0.14355670955548114
890	890	0.07300263485504215
891	891	0.012371891803215266
892	892	0.02927641610834353
893	893	0.09654402891751598
894	894	1.2947815370732543
895	895	0.4628934062497503
896	896	2.163972979780571
897	897	0.5275156612821141
898	898	1.3365518566154382
899	899	3.2277297456958713
900	900	0.2393372577094406
901	901	0.03124156166362171
902	902	0.8341000259368749
903	903	4.919509683421852
904	904	1.3514004457496729
905	905	3.644318002931544
906	906	0.05821354395383893
907	907	0.16394680067298456
908	908	0.348709417587702
909	909	0.1797916300453547
910	910	0.05911564534837364
911	911	0.07699203754297684
912	912	0.7543522785821236
913	913	0.5659588828512764
914	914	0.14303604270496875
915	915	0.1004480992374337
916	916	2.0064829734416856
917	917	0.20798812216409682
918	918	0.00038660532290452505
919	919	0.004063864500317523
920	920	0.3601736016881053
921	921	0.05251605944403217
922	922	0.000428456947374095
923	923	0.11621598105323148
924	924	0.022709890321645346
925	925	0.051296200418832455
926	926	0.0027833924177360736
927	927	0.015400567663150445
928	928	0.4255660671913294
929	929	0.5716457066435559
930	930	2.5269935876781586
931	931	0.29224387926781864
932	932	0.0013401908069112663
933	933	0.9488955080055356
934	934	0.0035848992650405155
935	935	0.07947049328976402
936	936	1.3128727381191074
937	937	0.4309219875984349
938	938	0.9592218727163747
939	939	1.219885118087708
940	940	0.0804821198627326
941	941	0.10269154779231583
942	942	9.309579154161718e-05
943	943	0.6049561410693639
944	944	0.017419499872022834
945	945	0.15691911839340225
946	946	0.5098917889301398
947	947	0.0704825797568506
948	948	0.00924304109995201
949	949	0.05814730743555657
950	950	0.045827776747504614
951	951	0.05454677307442287
952	952	0.4345884036606262
953	953	0.9442086178761636
954	954	0.7177240604339103
955	955	1.1083423081337929
956	956	0.03528179011979955
957	957	8.245366117145542
958	958	0.29271896676233766
959	959	1.4185405940534033
960	960	0.9929450771018429
961	961	3.809431397770133
962	962	0.07709826182955708
963	963	0.10217865469836468
964	964	0.48736163223032086
965	965	0.003909870842410591
966	966	0.008466997286431134
967	967	0.09018592132967719
968	968	0.08265929938628938
969	969	0.18223772659719228
970	970	0.36993340377498807
971	971	0.968468850392367
972	972	0.7819837885758951
973	973	0.00012146480753582556
974	974	0.20786233444790791
975	975	0.5584627947475931
976	976	0.06961089198267546
977	977	0.15313844705595323
978	978	0.31457445188151534
979	979	0.02658597787307966
980	980	0.32060079413953857
981	981	0.42788447906107074
982	982	0.27111115218026205
983	983	1.1960217324655094
984	984	0.27986747317449945
985	985	0.0003314928476539995
986	986	0.031763005907352086
987	987	0.021827347080300794
988	988	0.008352736523711254
989	989	0.008737496246218304
990	990	0.43723445183360066
991	991	0.14080930588327453
992	992	0.005324150932084061
993	993	0.621569919118625
994	994	0.02538450138747787
995	995	0.4085763031811215
996	996	0.016029186318374102
997	997	0.05102018895258184
998	998	0.9883122229041078
999	999	0.7067096637982025
1000	1000	0.5602808816369124
1001	1001	0.005495438347691524
1002	1002	0.3607362635775832
1003	1003	0.002600840041360101
1004	1004	1.173318053860229
1005	1005	0.0032214957335881637
1006	1006	1.463190991285856
1007	1007	0.2711093912341654
1008	1008	0.7016052705531202
1009	1009	0.0005087568179000184
1010	1010	0.39334386368495144
1011	1011	0.0034905027389387356
1012	1012	0.020034684218553377
1013	1013	0.13889572150791515
1014	1014	0.3623582010860759
1015	1015	0.09663468360575368
1016	1016	0.018541679318559802
1017	1017	0.9137934183117883
1018	1018	0.06273601879935856
1019	1019	0.4817756461128842
1020	1020	0.009941261626942892
1021	1021	0.384737469623643
1022	1022	0.17144649987108662
1023	1023	0.005351285657906121
1024	1024	0.841430792366339
1025	1025	0.09007776473578898
1026	1026	0.10459193171638796
1027	1027	0.0002505806436521765
1028	1028	0.9926209469370256
1029	1029	0.9079866625050759
1030	1030	0.18715936982393136
1031	1031	0.14588245802655564
1032	1032	0.06219176393622552
1033	1033	0.2588900483022623
1034	1034	3.943955762924413e-05
1035	1035	0.0682293908076702
1036	1036	0.04271303625547045
1037	1037	0.9733578659349079
1038	1038	0.1690427846416813
1039	1039	0.061010381489247124
1040	1040	0.019031619605693596
1041	1041	0.5327905250835184
1042	1042	0.1490635003193709
1043	1043	3.421238649596168
1044	1044	0.011870952316130397
1045	1045	0.08174843142469335
1046	1046	0.03887438677991208
1047	1047	0.2803470259467614
1048	1048	0.25815923879476504
1049	1049	0.00010750274946845606
1050	1050	0.22429663897851043
1051	1051	0.5523513962267705
1052	1052	0.04352923256906889
1053	1053	0.35034545354105456
1054	1054	1.741512840375798
1055	1055	0.258520020478458
1056	1056	0.2169812822993085
1057	1057	0.5957357949408875
1058	1058	0.21666746705218481
1059	1059	0.9024131675177184
1060	1060	0.01959848063241747
1061	1061	0.09525873936330208
1062	1062	1.11727655921199
1063	1063	1.3953796843379072
1064	1064	0.38813936912825203
1065	1065	0.05248583587279308
1066	1066	0.42344716361252593
1067	1067	0.09643998532270255
1068	1068	0.8795154769743518
1069	1069	0.8465138169568586
1070	1070	0.1853237740599615
1071	1071	0.6068337113362744
1072	1072	0.27169689680241843
1073	1073	0.0901134939034991
1074	1074	0.42406949275984723
1075	1075	1.7924078855197556
1076	1076	0.21753723955154344
1077	1077	0.4782023800007887
1078	1078	0.8085803084229584
1079	1079	0.016884184375589986
1080	1080	0.1288810430389161
1081	1081	0.27265141520990016
1082	1082	1.346893519860158
1083	1083	3.3285015218505816
1084	1084	0.18831176045612646
1085	1085	0.0015023200614259875
1086	1086	0.22306252229531984
1087	1087	0.9640986359365028
1088	1088	1.0737696162756674
1089	1089	9.817413019053728e-08
1090	1090	0.028271598588912972
1091	1091	2.972625341362383
1092	1092	1.6220306888097078
1093	1093	0.6081570891968604
1094	1094	0.007883346898609851
1095	1095	1.3140123163494726
1096	1096	0.8434985267702947
1097	1097	0.031094714460840642
1098	1098	0.003247213406172848
1099	1099	0.01800033932041637
1100	1100	5.554536989873297e-05
1101	1101	0.34398910313495024
1102	1102	0.0016695252267311179
1103	1103	0.11919633692031353
1104	1104	0.4603761952648264
1105	1105	0.0004941607682517469
1106	1106	0.04874699934131771
1107	1107	0.43560571906252316
1108	1108	0.041554575402045116
1109	1109	2.8576771274154256
1110	1110	0.038747778195531886
1111	1111	0.08837874299506106
1112	1112	0.9235725380652843
1113	1113	0.879638373615053
1114	1114	0.0014205326263865324
1115	1115	0.01336895909884626
1116	1116	0.006155983793850975
1117	1117	0.0016316891152665985
1118	1118	0.0894542952814859
1119	1119	0.5581434063478246
1120	1120	0.029004176866508666
1121	1121	0.3125637758637215
1122	1122	1.7531894463752247
1123	1123	2.4067860061930344
1124	1124	0.04566312075356552
1125	1125	0.42832108683004844
1126	1126	0.13024885504559638
1127	1127	0.08926495910762257
1128	1128	0.655228773335189
1129	1129	0.13353849656210987
1130	1130	0.4072685331578878
1131	1131	0.09750812836316831
1132	1132	0.02251992644703308
1133	1133	0.3415877380553395
1134	1134	0.07728257288937215
1135	1135	0.1315724278356933
1136	1136	0.3882018425329297
1137	1137	0.007216371202361549
1138	1138	0.022472403430338586
1139	1139	2.0320376000731266
1140	1140	0.020754417280835453
1141	1141	0.16485098281068566
1142	1142	1.2428566417879217
1143	1143	0.6991733835997441
1144	1144	0.17613540132044586
1145	1145	2.067037485158255
1146	1146	0.23794237620253772
1147	1147	0.37023203760892115
1148	1148	0.09439455231140775
1149	1149	0.40704489025781193
1150	1150	0.0115703243726101
1151	1151	0.003721118169995617
1152	1152	0.13378098211562148
1153	1153	0.027208968222487907
1154	1154	1.4962304236970183
1155	1155	0.4503214960179887
1156	1156	1.12499743235203
1157	1157	0.09060749675569214
1158	1158	0.3453291517169161
1159	1159	0.004818731919599114
1160	1160	0.02199142981776498
1161	1161	0.05319738206351951
1162	1162	0.517012920553824
1163	1163	1.552776869248008
1164	1164	1.7397337215518263
1165	1165	0.00015085248071557874
1166	1166	0.034247100095880355
1167	1167	0.030835067110395607
1168	1168	0.043533925478698325
1169	1169	1.2250344915006008
1170	1170	2.1328788278770694
1171	1171	0.22574373481619975
1172	1172	0.1551265254683574
1173	1173	0.3980905630321095
1174	1174	0.06426345410994269
1175	1175	0.5123219732672062
1176	1176	0.273622551952056
1177	1177	1.2429896701904946
1178	1178	0.8938090286153785
1179	1179	2.1884760983162908
1180	1180	0.008368073520077622
1181	1181	0.20048530734044073
1182	1182	0.4488379640530335
1183	1183	0.16899758275648272
1184	1184	7.76753536946477e-06
1185	1185	0.0828121362041654
1186	1186	0.021563801956474154
1187	1187	1.036730415928462
1188	1188	0.09001365929177427
1189	1189	1.39462975839305
1190	1190	1.168661271347385
1191	1191	0.0003433490371250783
1192	1192	0.6019860887600643
1193	1193	1.137437719050539
1194	1194	2.588612451258909
1195	1195	0.9703472033229
1196	1196	0.15868042050977846
1197	1197	0.4199631977088293
1198	1198	0.3581483874651126
1199	1199	1.4329269713779302
1200	1200	0.6126393756057891
1201	1201	0.0004966537308220549
1202	1202	0.0005060622920361177
1203	1203	0.3343783828047142
1204	1204	0.2207440877250788
1205	1205	0.41897865791583444
1206	1206	0.09858236625106595
1207	1207	0.16414029444612083
1208	1208	0.007435998580928732
1209	1209	0.031683061448998746
1210	1210	0.0831775740523704
1211	1211	0.8482312303467172
1212	1212	0.024877183101359293
1213	1213	1.8501006807265155
1214	1214	0.19633620668385182
1215	1215	0.1048687524191056
1216	1216	0.5496520613908245
1217	1217	0.9804810127702553
1218	1218	0.26533171926982424
1219	1219	0.3044589040669885
1220	1220	0.005389602645667266
1221	1221	0.14853496199729016
1222	1222	1.2532935013751343
1223	1223	0.052385701464980096
1224	1224	0.1446235634080623
1225	1225	0.19150814489702062
1226	1226	0.14317216734317173
1227	1227	0.11977875666617913
1228	1228	1.8982849374199624
1229	1229	0.248615698534789
1230	1230	0.012906434649489235
1231	1231	0.26045720624897556
1232	1232	0.28029479395586254
1233	1233	1.2790509767989218
1234	1234	1.1049733970696767
1235	1235	0.20647700986509995
1236	1236	0.04166950241966368
1237	1237	1.0936447111478456
1238	1238	1.4756419939706606
1239	1239	1.3634946858936066
1240	1240	0.5630382705713355
1241	1241	2.1530703019266193
1242	1242	0.21082731787269435
1243	1243	0.12444437332568074
1244	1244	0.010601914836257265
1245	1245	2.5234761552697002e-05
1246	1246	0.16533123051852514
1247	1247	0.3760768497294438
1248	1248	0.0225113905491368
1249	1249	0.5662891486348202
1250	1250	0.6963155152841738
1251	1251	0.8086769191729387
1252	1252	0.06325356446854007
1253	1253	3.7505459461877115
1254	1254	0.20161349219853608
1255	1255	1.2617639546285484
1256	1256	0.20063689477356195
1257	1257	0.24050183109418108
1258	1258	0.29759542411211
1259	1259	6.345375924585976e-05
1260	1260	0.170496164256923
1261	1261	0.5318628790211034
1262	1262	0.29569237283111816
1263	1263	0.01046534157892769
1264	1264	2.4902927609420598
1265	1265	0.698079553561356
1266	1266	0.34449019843520595
1267	1267	0.05148756051893663
1268	1268	0.057026793461547404
1269	1269	0.02923098481692066
1270	1270	0.4777139324104278
1271	1271	0.7824125485591682
1272	1272	2.793337053052474
1273	1273	0.8287041737011531
1274	1274	0.10834268951194596
1275	1275	0.1694895307157804
1276	1276	0.2876555698845295
1277	1277	0.09325018184778627
1278	1278	1.2402745485990575e-05
1279	1279	0.14399899748489325
1280	1280	0.00875308896930716
1281	1281	0.26134623440190896
1282	1282	0.35158549776450315
1283	1283	0.15361298843244411
1284	1284	0.20263426365968967
1285	1285	0.12811741071384844
1286	1286	0.02111252241737714
1287	1287	0.2785403569387469
1288	1288	0.31952711662756855
1289	1289	0.32511268440249946
1290	1290	0.2507724336675646
1291	1291	0.17143253376776615
1292	1292	0.651952223669072
1293	1293	0.03550864130506519
1294	1294	0.7475443929918795
1295	1295	2.8261891433195343
1296	1296	0.08862137174728121
1297	1297	0.04162478068245072
1298	1298	1.26377945501878
1299	1299	0.4071266021922411
1300	1300	0.34993965289165047
1301	1301	1.094667854832114
1302	1302	0.00040723709316635594
1303	1303	2.173578635879943
1304	1304	0.10349587239807373
1305	1305	0.024104647682826764
1306	1306	1.030414241462572
1307	1307	1.447339984498665
1308	1308	0.010709846784432675
1309	1309	0.06764088767821967
1310	1310	0.061591909815172166
1311	1311	0.11168741606622785
1312	1312	0.013654141634580685
1313	1313	0.0005927047804228248
1314	1314	0.036580910628992463
1315	1315	0.11142616586392082
1316	1316	0.10073153711407087
1317	1317	3.5538945811643764e-05
1318	1318	1.2403918200241597
1319	1319	0.02622768974697706
1320	1320	0.4198749399455837
1321	1321	0.029756376349840716
1322	1322	0.008730031724520157
1323	1323	0.01069325874373611
1324	1324	0.09460259796098745
1325	1325	0.00018278386748924618
1326	1326	0.09149677755967969
1327	1327	0.0414179545503136
1328	1328	0.43208150954443336
1329	1329	0.17024813331124264
1330	1330	0.11662586430326559
1331	1331	0.25385974220711166
1332	1332	0.005676197534438176
1333	1333	0.7761603738423307
1334	1334	0.45640907344810516
1335	1335	0.7180978648296775
1336	1336	0.11321789884383776
1337	1337	0.028330617686563867
1338	1338	2.3037322495917665
1339	1339	0.5525928578174238
1340	1340	0.48411722844825816
1341	1341	1.494718129696973
1342	1342	0.010798220345386281
1343	1343	0.6164739559568265
1344	1344	0.10566777918497179
1345	1345	0.11080224218408861
1346	1346	0.0013442665903296465
1347	1347	2.337653864427328
1348	1348	0.5873634276597307
1349	1349	0.07625553713440283
1350	1350	0.6371855395584699
1351	1351	1.603631516524023
1352	1352	0.03488623714900066
1353	1353	0.10986732821409845
1354	1354	0.0888858794470836
1355	1355	0.15019497119488223
1356	1356	1.8640475956695282
1357	1357	0.19123721446694497
1358	1358	4.018088331436458
1359	1359	0.8269484352476051
1360	1360	0.010966668124349535
1361	1361	0.014363309247506508
1362	1362	0.2704892155162627
1363	1363	0.10438170932657963
1364	1364	3.208453451035972
1365	1365	0.19873401762999454
1366	1366	0.05356433946112254
1367	1367	1.9693721635460701
1368	1368	3.300074587875535
1369	1369	0.13612923761680037
1370	1370	0.11087037266047044
1371	1371	0.030815387306939515
1372	1372	0.035737585325465684
1373	1373	0.6981101596916286
1374	1374	0.15190523504296735
1375	1375	0.010824899524852688
1376	1376	0.11571679896848767
1377	1377	0.05245104472532121
1378	1378	0.41757104703939607
1379	1379	0.04447185230946279
1380	1380	0.25782536876323303
1381	1381	0.3496345276162352
1382	1382	1.0921184641520625
1383	1383	0.020919450983554546
1384	1384	1.173219836820378
1385	1385	0.9683873157518634
1386	1386	1.3371028934273708
1387	1387	2.032029419387214
1388	1388	2.0445388528537363
1389	1389	0.22396581771294913
1390	1390	0.23256680624596854
1391	1391	0.06710038297078869
1392	1392	0.03257694443501548
1393	1393	0.0005448455712775428
1394	1394	0.003580239486648876
1395	1395	0.22962683261576852
1396	1396	0.02708451151857974
1397	1397	0.19225681297974337
1398	1398	0.5724256049396248
1399	1399	0.056306534943326055
1400	1400	0.36767169096865654
1401	1401	0.584953867770309
1402	1402	0.02145737031880705
1403	1403	0.14250341062859437
1404	1404	0.00945394075007671
1405	1405	0.5895344571761892
1406	1406	0.24670255519519393
1407	1407	0.1133435870790564
1408	1408	0.8512308985855078
1409	1409	1.3910951343626918
1410	1410	0.04131905778949067
1411	1411	1.2778160128340061
1412	1412	0.4678957581399883
1413	1413	0.0452280652932637
1414	1414	0.1227352486957163
1415	1415	0.6207066929529539
1416	1416	0.2743393439903584
1417	1417	0.05304023073971275
1418	1418	1.0816067960195301
1419	1419	0.16058411902892286
1420	1420	0.7081839739528413
1421	1421	0.5821256897986808
1422	1422	0.39797592629642026
1423	1423	0.03987655518839311
1424	1424	0.002798170531400229
1425	1425	1.391248442230668
1426	1426	0.013814277409645007
1427	1427	0.6029270608368574
1428	1428	0.0070518149564283055
1429	1429	0.06280100935188057
1430	1430	1.1542426274816577
1431	1431	1.1340128981031266
1432	1432	0.5489721400874635
1433	1433	0.32997354896330894
1434	1434	0.9344331063895993
1435	1435	0.07221845505233318
1436	1436	0.4684897536022631
1437	1437	1.2685509670801063
1438	1438	0.00042704269161889636
1439	1439	0.001734438381285786
1440	1440	0.06719306271472981
1441	1441	0.3681609597354009
1442	1442	0.044992965154434655
1443	1443	0.23237443498428106
1444	1444	0.18435375455813036
1445	1445	0.020326031400243492
1446	1446	0.007423069912747985
1447	1447	0.6267706663275475
1448	1448	0.010207455982677457
1449	1449	0.3510722428498379
1450	1450	0.04619740606387241
1451	1451	0.46716612644472644
1452	1452	0.02624208250699399
1453	1453	0.2968258342169092
1454	1454	0.6025287736369229
1455	1455	0.02592247468781802
1456	1456	0.26761752712298237
1457	1457	1.2855285041533684
1458	1458	0.32310447570775164
1459	1459	0.2543835118295787
1460	1460	0.8276428647992146
1461	1461	0.662509133232651
1462	1462	0.15687427866625436
1463	1463	1.871780441784971
1464	1464	0.1621151431060035
1465	1465	0.042314160265473015
1466	1466	0.058748819009073146
1467	1467	0.3415031871136739
1468	1468	0.17321445269578295
1469	1469	0.05927762390221754
1470	1470	0.013017291327137486
1471	1471	0.13018048264570134
1472	1472	0.0719391578031162
1473	1473	0.06706035465131797
1474	1474	0.028865780643516956
1475	1475	0.27768300919472544
1476	1476	0.4562985937915086
1477	1477	1.1956734302508392
1478	1478	0.7241485247420616
1479	1479	1.1680909323120932
1480	1480	0.2359479194259843
1481	1481	0.22965311886729886
1482	1482	0.027984772468372276
1483	1483	0.9865814049844218
1484	1484	0.04920200599439048
1485	1485	0.04340089521070204
1486	1486	0.22842114741464958
1487	1487	1.6410959456366376
1488	1488	0.5916816780508932
1489	1489	0.010572961185887776
1490	1490	2.4350660976075753
1491	1491	0.10015777807585219
1492	1492	1.0425280619784536
1493	1493	0.05812207382407856
1494	1494	0.060412143252703235
1495	1495	0.3359823561699913
1496	1496	0.00932313522070758
1497	1497	0.0056385800626136615
1498	1498	0.8626091116391812
1499	1499	0.21772290319461715
1500	1500	0.08882800704182854
1501	1501	0.8427072139585673
1502	1502	0.011801174024767639
1503	1503	0.1575853305540272
1504	1504	0.061019318965657585
1505	1505	0.7271021692433423
1506	1506	0.10039417296203848
1507	1507	0.013066530829545725
1508	1508	0.07704375439651329
1509	1509	0.1009179788074239
1510	1510	0.3310536936537309
1511	1511	0.8061670705866033
1512	1512	0.3428872484488733
1513	1513	0.329534524864597
1514	1514	0.9420318338579833
1515	1515	0.2672693759100933
1516	1516	4.630601567954189
1517	1517	0.40553764561649397
1518	1518	0.019420010008160262
1519	1519	0.03722428006199427
1520	1520	0.0007353365667600663
1521	1521	0.18843237659597195
1522	1522	3.712879401961468e-05
1523	1523	0.2885385874035082
1524	1524	0.7378176366495856
1525	1525	0.032556685295609476
1526	1526	0.11892926531834133
1527	1527	0.5464336984490534
1528	1528	0.49635423879539925
1529	1529	0.017342777618914233
1530	1530	0.0005708923224183583
1531	1531	0.20300972748021467
1532	1532	0.13752646086735631
1533	1533	0.021224165847628474
1534	1534	0.027298007686679063
1535	1535	0.06980111526288682
1536	1536	0.12985654871068203
1537	1537	0.3670499525326888
1538	1538	0.3090665573717461
1539	1539	0.42227087679488673
1540	1540	1.3834297737571677
1541	1541	0.00040526398783867685
1542	1542	0.3437888930976427
1543	1543	0.06379306171705106
1544	1544	0.6093684838382311
1545	1545	0.1558577543853702
1546	1546	0.008618093439705215
1547	1547	0.055220181441534996
1548	1548	1.6758741225922977
1549	1549	0.24615572885725887
1550	1550	0.5520498117084996
1551	1551	0.030849997791759492
1552	1552	0.0026772150807515276
1553	1553	2.2950275042943593
1554	1554	0.03854007949269108
1555	1555	0.15587683305114977
1556	1556	6.667118217139394e-05
1557	1557	1.819595952766798
1558	1558	0.27817727065898007
1559	1559	0.4631429115032223
1560	1560	0.04110640430249336
1561	1561	0.59194981733676
1562	1562	0.047568566576811425
1563	1563	0.02419575829335223
1564	1564	0.008862516891589619
1565	1565	0.3595205548830991
1566	1566	0.23476940256784662
1567	1567	0.15532420637541763
1568	1568	1.1264468326615207
1569	1569	0.4573796475786936
1570	1570	0.3507432058213252
1571	1571	0.33582172437682367
1572	1572	0.020184501669346714
1573	1573	0.15851633576093652
1574	1574	1.003600813490834
1575	1575	0.23059881888249203
1576	1576	0.25129380635105725
1577	1577	0.503593076322803
1578	1578	0.18220612226078844
1579	1579	0.07310958287637016
1580	1580	0.001966368166264083
1581	1581	0.10655212851459313
1582	1582	0.004472068413606312
1583	1583	0.9089823702287624
1584	1584	1.1676493675885982
1585	1585	0.060505944687939066
1586	1586	0.0031599007600402614
1587	1587	0.1815780626858267
1588	1588	0.11571119700073895
1589	1589	0.029740978821931885
1590	1590	0.2237454600100929
1591	1591	2.3624146486762454
1592	1592	0.045877969095487386
1593	1593	0.2491933917809064
1594	1594	0.301939843070942
1595	1595	0.3213490766206435
1596	1596	0.7442237397279977
1597	1597	3.368065569805722
1598	1598	1.3147729401406205
1599	1599	0.07636561408235948
1600	1600	0.018949330741064845
1601	1601	0.21461963907849124
1602	1602	0.2474592003182591
1603	1603	0.13105331267505682
1604	1604	0.06922242065320933
1605	1605	1.1982953577010529
1606	1606	0.028365983940294753
1607	1607	0.011615911347383566
1608	1608	0.42571514474483374
1609	1609	0.06575634215836978
1610	1610	0.0033009034412105655
1611	1611	0.27959364336342807
1612	1612	0.003101472124266229
1613	1613	5.142895372859944
1614	1614	0.44106270751956816
1615	1615	0.0537268831252744
1616	1616	0.4329590116934947
1617	1617	0.9421348664773034
1618	1618	0.7913965165286355
1619	1619	0.08184013985840034
1620	1620	0.949511008494611
1621	1621	0.001914457175319867
1622	1622	0.49194798008527596
1623	1623	0.1318586956751901
1624	1624	0.9840960778340535
1625	1625	0.4423415722364774
1626	1626	0.0003353837074257543
1627	1627	0.017656253496713587
1628	1628	0.19138250653607572
1629	1629	0.1888272691988958
1630	1630	0.012279877737726366
1631	1631	0.395294422988891
1632	1632	0.0031341332317759564
1633	1633	0.5068012513733732
1634	1634	0.2566483684760117
1635	1635	0.45678209230924394
1636	1636	0.031569556917339106
1637	1637	1.0456795574016056
1638	1638	1.0151033351825767
1639	1639	1.6543898877666439
1640	1640	1.5707947370711666
1641	1641	0.33879789944589006
1642	1642	2.405350014796151
1643	1643	0.9702575664776258
1644	1644	0.5388099828208435
1645	1645	0.007515539835452502
1646	1646	0.20252114129847526
1647	1647	0.046263977615994996
1648	1648	0.0001848434770917672
1649	1649	0.3905341268496633
1650	1650	0.2569791988346387
1651	1651	0.5908819758485381
1652	1652	0.20410159292457813
1653	1653	1.286757467504244
1654	1654	0.047690275268977754
1655	1655	0.1686594253909097
1656	1656	0.19696255765292486
1657	1657	0.02305380480750673
1658	1658	0.6692156388033822
1659	1659	0.12246859245238818
1660	1660	0.08477881892554025
1661	1661	0.34449209956629917
1662	1662	0.17286974746816497
1663	1663	0.004440816851433233
1664	1664	1.2518887027894299
1665	1665	0.6725975408245786
1666	1666	0.06461831714563136
1667	1667	0.9583513215814994
1668	1668	0.36186731286746826
1669	1669	1.265211966824062
1670	1670	0.06725320096536179
1671	1671	0.055617613989748314
1672	1672	0.5567534626384066
1673	1673	0.2025111742625967
1674	1674	0.007102583496957306
1675	1675	0.4863267604056834
1676	1676	1.0376723820506424
1677	1677	0.43002612192512873
1678	1678	1.3532201668205837
1679	1679	0.5749745508710046
1680	1680	0.4215069970276211
1681	1681	0.004230885993066868
1682	1682	1.1473040255554086
1683	1683	1.0267207598273471
1684	1684	0.13605875710902654
1685	1685	0.766453204638561
1686	1686	0.5709153688531864
1687	1687	0.5743189075153525
1688	1688	0.37248643948512367
1689	1689	0.05294095063024254
1690	1690	0.8586925058717798
1691	1691	0.41701133071166696
1692	1692	0.15480007721457198
1693	1693	0.1269003153500571
1694	1694	1.2714444459462673
1695	1695	0.1880292131130618
1696	1696	0.17794826968859231
1697	1697	0.14696158956294825
1698	1698	0.00271644404507585
1699	1699	0.010546724610996863
1700	1700	0.058471329476978126
1701	1701	0.008492337019605334
1702	1702	0.023551075635659818
1703	1703	0.07810889330027612
1704	1704	0.06291805092344369
1705	1705	0.19710473865180145
1706	1706	1.0522910860798953
1707	1707	1.0055945443327703
1708	1708	0.0021322907975047864
1709	1709	0.6566096245556298
1710	1710	0.571739224710936
1711	1711	0.0675142646822809
1712	1712	0.534458935703268
1713	1713	0.1252577641319747
1714	1714	1.5076531660003667
1715	1715	0.01976684571637933
1716	1716	2.3324978370981357
1717	1717	0.06620205299903135
1718	1718	2.0051418544859643
1719	1719	1.5824036445791874
1720	1720	4.9626906314981216e-05
1721	1721	0.0012085644373963586
1722	1722	0.06999198858422999
1723	1723	0.8895928692081959
1724	1724	1.165441660908968
1725	1725	0.21297836511575205
1726	1726	0.39720201198732924
1727	1727	0.0914530060568026
1728	1728	1.7462793179509357
1729	1729	0.13157974840309888
1730	1730	0.8001479245300402
1731	1731	0.002867431015507369
1732	1732	0.015488715716779608
1733	1733	0.043678299029759435
1734	1734	0.7684293671916419
1735	1735	0.07496844895063551
1736	1736	0.02284714578851453
1737	1737	0.6844646833687812
1738	1738	0.08658904013473129
1739	1739	0.4766491445075774
1740	1740	0.2962345626168426
1741	1741	0.7556226241690627
1742	1742	0.6649223635867022
1743	1743	0.8199624253786879
1744	1744	0.5338420778629487
1745	1745	0.7068263333383003
1746	1746	0.027630057385172036
1747	1747	0.00024032066038598955
1748	1748	2.169993254423033
1749	1749	0.13060850813370695
1750	1750	0.00017382451349878187
1751	1751	6.525936870342271e-05
1752	1752	0.04462976215582734
1753	1753	0.10266413537006638
1754	1754	1.5862120263950383
1755	1755	1.7353915448854478
1756	1756	0.07090399777467138
1757	1757	0.020787693638226176
1758	1758	0.8918315793230353
1759	1759	0.07703205500323464
1760	1760	0.1307610101889438
1761	1761	0.1519466391287366
1762	1762	0.2714279600703379
1763	1763	0.5382231863739492
1764	1764	1.0956240680842264
1765	1765	0.14165094686955404
1766	1766	0.21728471436592045
1767	1767	0.038980663798772776
1768	1768	4.0448826692224085
1769	1769	0.04465177187804549
1770	1770	1.0431673870201725
1771	1771	1.6502586195066855
1772	1772	0.002223682196968266
1773	1773	0.35983061282478535
1774	1774	0.1461767049692987
1775	1775	0.12023838807264221
1776	1776	0.4417795833799749
1777	1777	0.05042358562588318
1778	1778	0.25628188883716374
1779	1779	0.14783351718368096
1780	1780	0.015187838714701746
1781	1781	0.04302237128725919
1782	1782	4.676992329226344
1783	1783	0.3149033713832335
1784	1784	0.2463725889494684
1785	1785	0.15927667161189885
1786	1786	0.1693123525283031
1787	1787	0.8023784680615778
1788	1788	0.30804339179412377
1789	1789	0.2503139710952904
1790	1790	1.060431601241453
1791	1791	0.03575634417629072
1792	1792	0.09771106192732125
1793	1793	0.2598349712727541
1794	1794	0.34020897294028535
1795	1795	0.12305162416367826
1796	1796	0.33432557006274805
1797	1797	1.426824096458291
1798	1798	1.2709908998929247
1799	1799	0.053082450383195895
1800	1800	0.9857917635801221
1801	1801	0.1415125383146554
1802	1802	0.08366389396185858
1803	1803	0.0024650810467570982
1804	1804	1.0403567132205498
1805	1805	0.25496306410110947
1806	1806	0.07079286440777337
1807	1807	0.5718768479456737
1808	1808	0.36539871553732917
1809	1809	1.1276189013630116
1810	1810	0.5008525947254393
1811	1811	0.19381774227291546
1812	1812	0.12356855555188435
1813	1813	0.19325015069178708
1814	1814	0.3968287428773294
1815	1815	0.2983765727410858
1816	1816	0.5415571627700863
1817	1817	0.05027124103833215
1818	1818	0.042023267275267485
1819	1819	4.429965152788004
1820	1820	0.03544117110610498
1821	1821	1.3188864966360165
1822	1822	1.12470271641168
1823	1823	0.005426060692635938
1824	1824	0.045687053182402314
1825	1825	0.13138276915058553
1826	1826	0.0296082829823846
1827	1827	0.16466855340202124
1828	1828	0.002961250808774872
1829	1829	0.01286130591767934
1830	1830	1.8712968848924474
1831	1831	0.4642056004875653
1832	1832	0.17968757009583017
1833	1833	2.2919833699809744
1834	1834	0.06740581852561521
1835	1835	0.2309273380313347
1836	1836	2.731226917962786
1837	1837	0.19283068613741317
1838	1838	0.32478118359447417
1839	1839	0.8344402966574954
1840	1840	1.84139913439973
1841	1841	0.06872613255586899
1842	1842	0.5856813903254888
1843	1843	0.0922627723412659
1844	1844	1.1394460418889734
1845	1845	0.13420552532101615
1846	1846	1.161724061888381
1847	1847	0.06403714297803043
1848	1848	1.3402442062245734
1849	1849	0.1871457550059401
1850	1850	0.004119861434939567
1851	1851	0.2855209307480614
1852	1852	0.022024036992300135
1853	1853	2.01566768296676
1854	1854	0.22155834189791745
1855	1855	0.32638271038276856
1856	1856	0.1721022212052552
1857	1857	1.8094847602497293
1858	1858	0.035600124529657017
1859	1859	0.15058585306478328
1860	1860	0.38200882665884267
1861	1861	0.007099242507199329
1862	1862	0.003145305781133557
1863	1863	0.34726927569718535
1864	1864	1.8981077543300455
1865	1865	1.0475025191165723
1866	1866	0.6899679009677431
1867	1867	0.015347396181585118
1868	1868	0.15218946407569114
1869	1869	0.15461481109688813
1870	1870	0.37838585881359144
1871	1871	4.432899173358161
1872	1872	0.06396990135772247
1873	1873	0.001582629904104924
1874	1874	1.8887443316932884
1875	1875	0.42533337131310617
1876	1876	1.2614372673475103
1877	1877	0.02922969180168721
1878	1878	0.23214841954578777
1879	1879	0.5904038070988427
1880	1880	1.6783328167097333
1881	1881	0.594138235070507
1882	1882	1.5319287424953233e-05
1883	1883	2.0250915343955933
1884	1884	0.04833463100726514
1885	1885	0.11126201972972354
1886	1886	0.012402159167866949
1887	1887	0.5143747929181988
1888	1888	0.36269933504618745
1889	1889	0.10879912759389651
1890	1890	0.014161998049802916
1891	1891	2.8884457279832794
1892	1892	0.6500827253516532
1893	1893	0.39950153215657536
1894	1894	0.0008522346360615122
1895	1895	0.00026324696285962197
1896	1896	0.9049002566337992
1897	1897	0.062124587075722944
1898	1898	0.29664302970341094
1899	1899	0.31056624631338337
1900	1900	1.0111207944596534
1901	1901	0.85030583342395
1902	1902	5.199216650961439
1903	1903	0.07235527401614338
1904	1904	0.4908110006235047
1905	1905	0.11949299423895421
1906	1906	0.8865112758120466
1907	1907	0.0026662700410113554
1908	1908	1.0689701349605987
1909	1909	0.011039101005894912
1910	1910	1.7467991000601795
1911	1911	0.2006476465588232
1912	1912	0.054515212587497766
1913	1913	0.23997122888770067
1914	1914	0.26132991083302826
1915	1915	0.1754487235867903
1916	1916	0.3800475742844105
1917	1917	0.16252165136052799
1918	1918	0.07437129519410145
1919	1919	0.00011945980699658152
1920	1920	0.9701441104188799
1921	1921	0.13640405720336649
1922	1922	0.1465098624357662
1923	1923	3.8773892275672295
1924	1924	0.20390008008493482
1925	1925	0.6884326614675058
1926	1926	0.007706514356322644
1927	1927	0.27072470689224587
1928	1928	0.12810385082240108
1929	1929	0.8061935667308381
1930	1930	0.006155355798273558
1931	1931	0.24168700535878257
1932	1932	0.2037621148540019
1933	1933	0.0022750860029445825
1934	1934	0.1201035700424396
1935	1935	0.32853140589339747
1936	1936	0.37774586737120874
1937	1937	2.0035342185504885
1938	1938	0.07121170396290766
1939	1939	0.01698069246205627
1940	1940	0.11568202007082293
1941	1941	0.0011655267212888785
1942	1942	0.036633375695551994
1943	1943	0.44961307368921244
1944	1944	0.442854017112314
1945	1945	1.2997379860299987
1946	1946	0.2566948922513807
1947	1947	0.7365872291447063
1948	1948	0.24403063511344195
1949	1949	0.25359211854575103
1950	1950	0.08703094216075845
1951	1951	0.03226294834154251
1952	1952	0.19161891942231477
1953	1953	0.050323248451380316
1954	1954	0.24299795687502707
1955	1955	0.0005809022318527988
1956	1956	0.8469129195824745
1957	1957	5.665376743959966e-05
1958	1958	0.020986259189804964
1959	1959	0.8431229558431841
1960	1960	0.3140722764382277
1961	1961	0.5227755310389284
1962	1962	0.6900959472450756
1963	1963	0.12940561012156843
1964	1964	0.009862675426790738
1965	1965	1.3868911955042276
1966	1966	0.6104204078494015
1967	1967	0.1786182932402227
1968	1968	0.0371868669420919
1969	1969	0.372380329537348
1970	1970	0.0637073921927531
1971	1971	1.606105300728544
1972	1972	0.5721916134072017
1973	1973	0.02134479794462655
1974	1974	0.7451600914114165
1975	1975	0.25193182237874073
1976	1976	0.8028137544621975
1977	1977	0.18284847040788912
1978	1978	9.825117715577545e-06
1979	1979	0.7999421626848451
1980	1980	0.5379865806104538
1981	1981	2.4980033689803456
1982	1982	0.0025868685371016925
1983	1983	0.20629032322425606
1984	1984	0.08049381120782932
1985	1985	0.2766456195427138
1986	1986	0.2805019390878852
1987	1987	0.6455803866387622
1988	1988	0.9183918124533328
1989	1989	0.47438982971139027
1990	1990	0.04905144592298032
1991	1991	0.3343821897953611
1992	1992	0.06983542194331588
1993	1993	0.300746613687258
1994	1994	0.07392872255022283
1995	1995	0.4434868775596962
1996	1996	1.3328933400399143
1997	1997	0.6040578899388467
1998	1998	0.972835522241839
1999	1999	0.1635586167963073
2000	2000	0.9391839645012133
2001	2001	0.11367094162952325
2002	2002	1.018114608650661
2003	2003	0.3212848836412925
2004	2004	1.897436369753808
2005	2005	0.2704825212046366
2006	2006	0.8147349087107485
2007	2007	0.21039132084387333
2008	2008	0.6527039413187585
2009	2009	0.09156130519172595
2010	2010	0.022274432693529193
2011	2011	0.025217904577366716
2012	2012	0.08051554704784902
2013	2013	0.7639616276277621
2014	2014	1.4092110419990742
2015	2015	0.9292742221411678
2016	2016	7.975438675303541e-05
2017	2017	0.512814693142857
2018	2018	2.4819781961295977
2019	2019	0.067489779911451
2020	2020	0.21580295812911116
2021	2021	0.5594473673264656
2022	2022	1.2319609057692809
2023	2023	0.7268524572876903
2024	2024	0.24140012654926937
2025	2025	0.17390418763061935
2026	2026	0.21062162315924055
2027	2027	0.8071812952352003
2028	2028	0.20048681926251896
2029	2029	0.605709854606478
2030	2030	3.139159332802332
2031	2031	0.13170205325065304
2032	2032	1.8675450109130616
2033	2033	0.007021586597307825
2034	2034	0.11402687388283289
2035	2035	0.014859402676328702
2036	2036	0.2292155155809242
2037	2037	0.0010229037907844806
2038	2038	0.0004338385061370639
2039	2039	0.6830944750993974
2040	2040	0.32410986000955905
2041	2041	0.1276376282479982
2042	2042	0.00276564941377633
2043	2043	0.09125868644008203
2044	2044	0.0017248886977090868
2045	2045	0.9332852640796495
2046	2046	0.1312333850618088
2047	2047	0.18142998293491108
2048	2048	0.3163650630416468
2049	2049	0.2164950118544938
2050	2050	1.3116694177935206
2051	2051	0.6898054638803381
2052	2052	0.0002639046026373454
2053	2053	0.044317033863473874
2054	2054	0.08393760655996196
2055	2055	0.6033080320468253
2056	2056	0.29775671092220635
2057	2057	0.08120759185533273
2058	2058	1.2946028488358403
2059	2059	0.17818284893585318
2060	2060	0.6627616709338029
2061	2061	1.8158630411207182
2062	2062	4.453745407495694e-05
2063	2063	0.028233482437861473
2064	2064	0.2791446012168597
2065	2065	0.22609807379821806
2066	2066	0.05958513984189045
2067	2067	0.7051561982966346
2068	2068	0.022235809508650596
2069	2069	0.5141653518266535
2070	2070	0.9347997825484694
2071	2071	1.3440332016333028
2072	2072	0.09098952554820433
2073	2073	1.1865528563514858
2074	2074	1.2524746752661369
2075	2075	0.002833511869517438
2076	2076	0.2577603810460961
2077	2077	0.19129899353894625
2078	2078	0.9431284874809808
2079	2079	0.164588421433683
2080	2080	0.028762277103080634
2081	2081	0.011521832744509007
2082	2082	0.0411244169468784
2083	2083	0.2342738670558748
2084	2084	1.4630182045324944
2085	2085	0.8393992105657526
2086	2086	0.0908346923031076
2087	2087	0.16619961227420965
2088	2088	0.8776309503792165
2089	2089	1.393369984874959
2090	2090	0.030816328185509285
2091	2091	0.04307805460526268
2092	2092	0.002571853662989731
2093	2093	0.03213395008349316
2094	2094	0.11385415199885925
2095	2095	1.2678916492399883
2096	2096	1.7342340241908962
2097	2097	1.615508971148809
2098	2098	0.771802440376244
2099	2099	1.0502802051470659
2100	2100	0.001274862650016998
2101	2101	2.8646067075562898
2102	2102	0.4371898885121991
2103	2103	0.5543206875782654
2104	2104	0.13012539930119965
2105	2105	0.3124809298785273
2106	2106	0.21139468504826534
2107	2107	0.007545462222815122
2108	2108	0.38053983943464725
2109	2109	0.04401880561911236
2110	2110	0.014172060502341814
2111	2111	1.6120941692809665
2112	2112	1.6974235284879953
2113	2113	0.334268455743152
2114	2114	0.05674886844268765
2115	2115	0.05039798046809761
2116	2116	0.41016402410083247
2117	2117	0.6382860089359582
2118	2118	0.09167814606923565
2119	2119	0.09050754907079157
2120	2120	0.0020919626526394743
2121	2121	0.11685772302638606
2122	2122	0.11452952922137921
2123	2123	0.8915272676924959
2124	2124	1.0042331615496736
2125	2125	0.0009283282962049557
2126	2126	0.5172956482009741
2127	2127	2.4253229443434416
2128	2128	0.30692355136809363
2129	2129	0.09962967131673693
2130	2130	1.6843640886570532
2131	2131	0.7121549754611396
2132	2132	0.5049842635541458
2133	2133	1.6338171972668265
2134	2134	0.08652573065218107
2135	2135	0.5043101985958265
2136	2136	0.26586117514296276
2137	2137	0.5949203830526195
2138	2138	0.3028330868916038
2139	2139	0.007173555279178406
2140	2140	1.2747244632398425
2141	2141	0.6717103988912111
2142	2142	1.508589527072187
2143	2143	0.047183553381572596
2144	2144	0.6893023505717307
2145	2145	1.6319319311594074
2146	2146	0.09596701762897329
2147	2147	0.24590519028834176
2148	2148	0.40918330903197575
2149	2149	0.14336199471517377
2150	2150	0.4178993740823884
2151	2151	0.06795852218648138
2152	2152	0.8607234080251331
2153	2153	0.0908722383386563
2154	2154	3.115487522760564
2155	2155	0.41721401325708724
2156	2156	0.2776597801917413
2157	2157	0.007555857505815237
2158	2158	0.00281743075870817
2159	2159	0.14489726893136787
2160	2160	0.1380568267802266
2161	2161	2.51691888322264
2162	2162	0.2045574286526626
2163	2163	0.38931902045788325
2164	2164	1.6128161709051099
2165	2165	0.0120689807542325
2166	2166	0.5627774109935343
2167	2167	0.7714918151824297
2168	2168	0.01990849607847167
2169	2169	1.4191250781253197
2170	2170	0.7043454480938878
2171	2171	0.02181303885042755
2172	2172	0.3398943064981124
2173	2173	1.4700233261137854
2174	2174	0.0005995314661580473
2175	2175	0.2525124731429373
2176	2176	0.09456154668259045
2177	2177	0.178218719753307
2178	2178	0.024788483813134993
2179	2179	0.05685770493715944
2180	2180	0.20275322707369992
2181	2181	1.87281968359386
2182	2182	0.012881852727745533
2183	2183	2.8306491303933434
2184	2184	0.36415257463494594
2185	2185	0.23721829840734915
2186	2186	1.0619325655816352
2187	2187	0.0067202853307360795
2188	2188	0.35470040104487965
2189	2189	0.025361013510947515
2190	2190	0.09703664438597255
2191	2191	0.0088748947413433
2192	2192	0.20250503757367494
2193	2193	2.6158878830499077
2194	2194	0.01789637508519272
2195	2195	2.202234515698611
2196	2196	0.01843923168254038
2197	2197	0.002831132997665954
2198	2198	0.7325825024295104
2199	2199	0.839527989685555
2200	2200	3.147575334958755
2201	2201	1.030790654304282
2202	2202	2.7172798945588013
2203	2203	0.22506342496799076
2204	2204	1.2223543573962967
2205	2205	0.7558973008866181
2206	2206	0.01691420838507347
2207	2207	1.1032509971737448
2208	2208	3.9914487670186565e-07
2209	2209	0.1615742635610713
2210	2210	1.113343803722633
2211	2211	0.48876753634654374
2212	2212	0.12828478701412524
2213	2213	0.06133103541383217
2214	2214	1.2427360595239414
2215	2215	0.8910476716966858
2216	2216	0.14429540070232974
2217	2217	0.254610232435916
2218	2218	0.056592926316603905
2219	2219	0.11475733749839465
2220	2220	0.13697663713446417
2221	2221	0.008123334006402598
2222	2222	0.2816974648531167
2223	2223	0.942031313274215
2224	2224	0.5575096050694449
2225	2225	2.1190411870385453
2226	2226	0.7614794805959555
2227	2227	0.013225378044437061
2228	2228	0.4620106523808205
2229	2229	0.24338192475839834
2230	2230	0.6346202766615464
2231	2231	1.003481066678929
2232	2232	0.19145252626419637
2233	2233	2.921136432597411
2234	2234	0.05177292906247004
2235	2235	1.1708682566673043
2236	2236	1.9145551378066035
2237	2237	0.5364607670305764
2238	2238	0.14002653334035514
2239	2239	0.5788614321786271
2240	2240	0.009153287412881444
2241	2241	0.024461448494507557
2242	2242	0.47333363814929647
2243	2243	0.26345928211240943
2244	2244	0.5676746428860568
2245	2245	0.006854737015889342
2246	2246	0.7775576926049034
2247	2247	0.230900385775875
2248	2248	0.4739064976468074
2249	2249	1.1313220837281945
2250	2250	2.39114362711982
2251	2251	0.22427137714361148
2252	2252	1.3368036919787674
2253	2253	0.012420382520276147
2254	2254	0.23575734100731852
2255	2255	0.007270698270468381
2256	2256	0.3957594146074845
2257	2257	0.4488498187649335
2258	2258	0.1430750476779612
2259	2259	0.20565903697984
2260	2260	0.06475161407940869
2261	2261	0.15502925099014567
2262	2262	0.29448810295184324
2263	2263	0.11755766009587483
2264	2264	0.05286726703505499
2265	2265	0.2456889000617871
2266	2266	0.035400901807212386
2267	2267	0.11898592618134139
2268	2268	0.5562031931228809
2269	2269	0.3747031339624046
2270	2270	0.4525129830245862
2271	2271	1.7341366761706756
2272	2272	0.21774363132069388
2273	2273	0.0017804128193726345
2274	2274	0.11285392696819915
2275	2275	0.005048611382179969
2276	2276	0.08868085407244647
2277	2277	0.4208813463628705
2278	2278	0.10954292740350616
2279	2279	0.11288270342718587
2280	2280	0.02810758369647487
2281	2281	5.9390939559221465
2282	2282	0.006714010720955137
2283	2283	0.5821322396498884
2284	2284	0.18993142645158229
2285	2285	0.13443951391208386
2286	2286	0.3790639146865794
2287	2287	0.19359513279307314
2288	2288	0.002037878433991538
2289	2289	0.03474290937713283
2290	2290	0.0012692419592029692
2291	2291	0.00767144283707374
2292	2292	0.06140572960007968
2293	2293	1.091183955456601
2294	2294	0.15477401347324193
2295	2295	0.05783085835840656
2296	2296	1.959007186184432
2297	2297	0.06767276278304916
2298	2298	0.24774592695206946
2299	2299	0.01774492162977048
2300	2300	0.017039977517476323
2301	2301	0.09924100342741285
2302	2302	0.06522749016704309
2303	2303	0.02121580788268749
2304	2304	0.274398658015322
2305	2305	0.03000622929250981
2306	2306	0.00039595214855993316
2307	2307	0.0035499469152278067
2308	2308	0.6822174485341433
2309	2309	0.31364084128938496
2310	2310	0.9887102253018809
2311	2311	0.0007947741752067267
2312	2312	0.011785982335961065
2313	2313	0.9467175020455108
2314	2314	0.15971070770929874
2315	2315	0.04147197725859838
2316	2316	0.41330580378413945
2317	2317	2.055792539921228
2318	2318	1.0598381827533965
2319	2319	0.06482925682222501
2320	2320	0.29297520950573125
2321	2321	0.4636528398559936
2322	2322	0.22545888193569283
2323	2323	1.4042997346956416
2324	2324	0.03011947342618498
2325	2325	0.22427299906192746
2326	2326	0.0350078699173573
2327	2327	0.12699954252191661
2328	2328	0.0011504241562316946
2329	2329	0.4979366806193822
2330	2330	0.7455299849986838
2331	2331	4.149692977611727e-06
2332	2332	0.3577694472556233
2333	2333	1.8101064455072962
2334	2334	0.03876311526690261
2335	2335	1.553330945037247
2336	2336	0.18078881286484266
2337	2337	0.7506484962438089
2338	2338	0.5599635267638718
2339	2339	0.6274533876867028
2340	2340	0.00037462518532146923
2341	2341	1.5395677234496776
2342	2342	0.7267074870905051
2343	2343	0.005701411264440914
2344	2344	0.1773046791393977
2345	2345	2.140019214018959
2346	2346	0.7882562448210129
2347	2347	0.19488885361612313
2348	2348	2.1292398186943584e-05
2349	2349	0.13670008537360187
2350	2350	0.468136071950455
2351	2351	2.7771932961243087
2352	2352	1.3626809417904668
2353	2353	0.007523661534743185
2354	2354	0.8669997269335483
2355	2355	0.22840899600719927
2356	2356	0.7983952191880389
2357	2357	0.00147762225240959
2358	2358	0.0019295658697274065
2359	2359	0.018580301149493012
2360	2360	0.061927972656343394
2361	2361	0.4130966036722128
2362	2362	1.200020543163438
2363	2363	0.03614001874819367
2364	2364	0.09971147858367128
2365	2365	0.029690874882765242
2366	2366	0.010297480977282723
2367	2367	8.168450223548864e-05
2368	2368	0.29904949621367416
2369	2369	0.22068777652850358
2370	2370	0.00423727422106261
2371	2371	0.223054492653138
2372	2372	0.12508310532352349
2373	2373	0.2725677916706694
2374	2374	0.006173114043874721
2375	2375	0.004363801916812688
2376	2376	0.5103283513075537
2377	2377	0.5287995149693279
2378	2378	0.22144857836284146
2379	2379	0.09911815305132977
2380	2380	0.006433526897832245
2381	2381	0.9190048587087991
2382	2382	1.3714913278069982
2383	2383	0.1896939867741145
2384	2384	0.08186893142802834
2385	2385	0.054838326045922495
2386	2386	0.2274771228834822
2387	2387	1.3964232269907428
2388	2388	0.05245835132739564
2389	2389	0.5047560544490128
2390	2390	0.005290091715020311
2391	2391	0.27575759847984593
2392	2392	0.11733210819076273
2393	2393	0.1822858455130728
2394	2394	1.9606323624325688
2395	2395	0.5544974938003463
2396	2396	1.896166802129837
2397	2397	0.031162094201896338
2398	2398	0.38678355614262894
2399	2399	0.11539025218594857
2400	2400	4.7300209333740835
2401	2401	0.6507880732007777
2402	2402	0.48542607739023774
2403	2403	0.0043129003242231645
2404	2404	0.001008511666217148
2405	2405	0.055759165946272636
2406	2406	0.8597125960674723
2407	2407	0.5963595792676737
2408	2408	0.4916943703235161
2409	2409	0.14856641308027482
2410	2410	1.1746623527680213e-05
2411	2411	0.42658372761134516
2412	2412	1.1577824113137818
2413	2413	0.19384493876731532
2414	2414	0.03395433144132248
2415	2415	0.4009814679312736
2416	2416	0.09178711852997487
2417	2417	0.3999775489886943
2418	2418	0.7348516755847614
2419	2419	0.17319631876212288
2420	2420	0.7111707140927818
2421	2421	1.1594841344716256
2422	2422	0.6617224346690127
2423	2423	1.8626714462020961
2424	2424	1.7120402553378922
2425	2425	0.109708910935301
2426	2426	0.31919354020882423
2427	2427	0.4118360691282356
2428	2428	0.010029822238824005
2429	2429	0.022382965140819427
2430	2430	0.23793829784069453
2431	2431	0.19509128665480027
2432	2432	0.29669572267458877
2433	2433	0.12093109549173997
2434	2434	0.10188523986758709
2435	2435	0.29820337078898657
2436	2436	0.044463278981338554
2437	2437	0.39972945147273387
2438	2438	0.3495118146361818
2439	2439	1.1357164924553957
2440	2440	0.24410262141929523
2441	2441	0.009225764762698528
2442	2442	2.5134697704495563
2443	2443	0.42207737355868236
2444	2444	0.28750818505693454
2445	2445	1.6924587813410579
2446	2446	1.5694999451602774
2447	2447	0.23717701779022307
2448	2448	0.11587084359824931
2449	2449	0.1523159133980213
2450	2450	0.08650365082384079
2451	2451	0.15826987908216764
2452	2452	1.3859144368810958
2453	2453	0.07534688603986292
2454	2454	0.4148482832760065
2455	2455	0.0007500458409714547
2456	2456	0.9759517216602749
2457	2457	0.690097944019626
2458	2458	0.8136414459722247
2459	2459	0.015503997860127175
2460	2460	0.0022586459767627892
2461	2461	0.0911878922549092
2462	2462	0.056801156234933356
2463	2463	0.4120836600936562
2464	2464	3.4199029282652162
2465	2465	0.07339794320868386
2466	2466	0.497076476072862
2467	2467	0.194714886030777
2468	2468	0.0076069527119962685
2469	2469	0.008419428690762872
2470	2470	0.27982632276382546
2471	2471	0.2104736716371865
2472	2472	1.6246212643097917
2473	2473	0.4515509868921295
2474	2474	0.23967558679495932
2475	2475	0.10534876508698261
2476	2476	0.025302900943753363
2477	2477	0.08432745536820735
2478	2478	0.5150173979373175
2479	2479	0.18384472542338023
2480	2480	0.010819035355227082
2481	2481	1.2849866020281848
2482	2482	0.1931390745728258
2483	2483	0.3658893042556824
2484	2484	1.8689031252838801
2485	2485	1.8566442975141668
2486	2486	1.8092499906901922
2487	2487	0.2864026937086321
2488	2488	0.5948395686448689
2489	2489	0.015020445906886289
2490	2490	0.000753524587197298
2491	2491	0.34388100678405975
2492	2492	0.3501024859503983
2493	2493	0.7486494794519024
2494	2494	0.7806978175653176
2495	2495	2.000977778937642
2496	2496	1.4523272238056069
2497	2497	1.8610585786516476
2498	2498	0.004059470505909279
2499	2499	0.00289296278411535
2500	2500	0.0006300023497826626
2501	2501	0.04573023793257719
2502	2502	0.6648382368350207
2503	2503	0.22671502751504638
2504	2504	3.2839534805115886
2505	2505	0.703824700264394
2506	2506	0.011774281485237915
2507	2507	1.1159815924426784
2508	2508	0.008695566986431912
2509	2509	1.9774322723927014
2510	2510	0.26775877035580314
2511	2511	1.624448782471078
2512	2512	0.036057637860424915
2513	2513	0.040399893172770845
2514	2514	0.0028919444537101853
2515	2515	0.2195431639117346
2516	2516	3.302944273128102
2517	2517	0.010934397142722228
2518	2518	0.27660634211743645
2519	2519	0.05086836380400464
2520	2520	0.3665304286795657
2521	2521	0.3422948243813002
2522	2522	0.023107705614530762
2523	2523	0.269987012609693
2524	2524	1.2455101305020884
2525	2525	0.022558013560218162
2526	2526	0.05865423535531371
2527	2527	0.2712234094225574
2528	2528	0.14296094242269652
2529	2529	0.5708066813251046
2530	2530	0.3613977429750602
2531	2531	0.9106415445284854
2532	2532	0.20865059139432277
2533	2533	0.007675518628398257
2534	2534	0.009418902786549145
2535	2535	0.8298607824331559
2536	2536	0.7211663699659727
2537	2537	0.034924869799099374
2538	2538	0.19672089792224287
2539	2539	1.5379829112875376
2540	2540	0.0006795082897356992
2541	2541	0.14293507390140572
2542	2542	0.0009034644025022657
2543	2543	0.599000533806036
2544	2544	0.07520764370407988
2545	2545	0.15556299186957198
2546	2546	1.243170957293161
2547	2547	0.12570846647814804
2548	2548	0.3038023782038025
2549	2549	2.0713872199112173
2550	2550	0.7923213872867308
2551	2551	0.9430918776350325
2552	2552	0.013160557057749852
2553	2553	2.0863649697638658
2554	2554	0.036667262584366
2555	2555	0.15965357666836746
2556	2556	0.1675590092827168
2557	2557	0.801842351839412
2558	2558	0.25190293265752683
2559	2559	1.7341459295328963
2560	2560	0.6520019277176888
2561	2561	0.894095546937524
2562	2562	0.031016512667190015
2563	2563	0.6709164920380687
2564	2564	0.4767569518419381
2565	2565	0.07732053143716631
2566	2566	0.1496280959185118
2567	2567	0.878938877049381
2568	2568	1.3667915196823515
2569	2569	0.47226720618570595
2570	2570	0.4859226126672384
2571	2571	0.04672484899272715
2572	2572	0.3401146039702735
2573	2573	0.1502362866467053
2574	2574	1.4185888828046946
2575	2575	1.2414244532988359
2576	2576	2.716325645109262
2577	2577	0.07557766765982811
2578	2578	0.17690868176453373
2579	2579	2.678873140006307
2580	2580	0.013631814359471391
2581	2581	0.8517064391938219
2582	2582	0.0018331510317865119
2583	2583	0.0927165547929878
2584	2584	0.912047639386603
2585	2585	2.157479578270614e-06
2586	2586	1.4564217808760949
2587	2587	0.1286859462428799
2588	2588	1.4194403127185105
2589	2589	0.544382028861314
2590	2590	0.8852100113464944
2591	2591	0.17482887692030205
2592	2592	1.9693583868463989
2593	2593	3.569692901719936
2594	2594	0.015671753023036878
2595	2595	0.12639431458252479
2596	2596	0.9576458865341467
2597	2597	0.21460443818433547
2598	2598	0.014826013042857617
2599	2599	0.254545106350061
2600	2600	0.6953646771608112
2601	2601	0.36082582127089086
2602	2602	0.025308834639417133
2603	2603	0.03547643378082013
2604	2604	0.42197774035377317
2605	2605	0.020505830319947488
2606	2606	1.4470924061601753
2607	2607	1.5710134871183195
2608	2608	0.042654970073452134
2609	2609	0.0006570708466884829
2610	2610	0.022233939785204715
2611	2611	0.023346510747990625
2612	2612	0.2828602469121041
2613	2613	0.08931915273313738
2614	2614	0.001005246665421334
2615	2615	0.9669071649573803
2616	2616	0.2638058200028625
2617	2617	0.04282768292977427
2618	2618	0.00858232644427421
2619	2619	0.0005277697667069776
2620	2620	0.29380604777359465
2621	2621	0.02730430608540895
2622	2622	0.3415647670006459
2623	2623	1.2011676596500305
2624	2624	0.2898130226635753
2625	2625	0.021633503833974038
2626	2626	1.0729330361565446
2627	2627	1.2353128335458374
2628	2628	0.02393887705068909
2629	2629	0.014073521294349087
2630	2630	0.1980447184565347
2631	2631	0.458343700367684
2632	2632	0.10183612708474414
2633	2633	3.0460651388988422
2634	2634	0.9984733037429318
2635	2635	0.10264542844685891
2636	2636	1.8750151613011767
2637	2637	0.010197653444158806
2638	2638	1.9636850473918215
2639	2639	0.14421698044295028
2640	2640	0.056262591469546853
2641	2641	0.4041528598925311
2642	2642	0.09597761793067337
2643	2643	0.3410770156716319
2644	2644	0.3849736675530483
2645	2645	0.9530854550561527
2646	2646	0.13444683709130195
2647	2647	0.03470237475500758
2648	2648	0.5288434732162111
2649	2649	0.17438878697350926
2650	2650	0.601782708591258
2651	2651	0.27333796283463596
2652	2652	0.5507985635988999
2653	2653	0.02268782301676827
2654	2654	0.3280153701566909
2655	2655	0.09422930864044492
2656	2656	1.971552088264836
2657	2657	0.2613582751987026
2658	2658	0.6934175161687691
2659	2659	0.029065421302147055
2660	2660	0.08130449760974386
2661	2661	0.1409515425408314
2662	2662	0.33074997441694204
2663	2663	0.494741065198785
2664	2664	0.3869671404999295
2665	2665	0.03200783544799171
2666	2666	0.6696000443562728
2667	2667	0.3204422141153148
2668	2668	0.10078837326075236
2669	2669	0.00020481962229555397
2670	2670	0.9967154580939709
2671	2671	0.006485234658315405
2672	2672	0.1815969331583024
2673	2673	0.1681430498618414
2674	2674	1.2155004926441395
2675	2675	0.04650561702035908
2676	2676	0.5650318776943996
2677	2677	0.3531461785008807
2678	2678	0.00011052358382439246
2679	2679	1.8429294575476007
2680	2680	0.4503574991968164
2681	2681	0.7316735119070205
2682	2682	0.13051966280835745
2683	2683	0.1327526007754412
2684	2684	0.30207438610289883
2685	2685	0.0012818926926519085
2686	2686	0.007257657695093939
2687	2687	2.010101860192472
2688	2688	0.14274684276396823
2689	2689	0.6603259374780821
2690	2690	0.9216720845378144
2691	2691	0.00275902920474359
2692	2692	0.3865737529601813
2693	2693	0.32854638016328686
2694	2694	3.8305144576964976
2695	2695	0.02239598078757476
2696	2696	0.004283926648854435
2697	2697	0.07856580343003307
2698	2698	0.14848780532666916
2699	2699	0.03290049810841164
2700	2700	0.27959969464191026
2701	2701	0.18102057868604768
2702	2702	1.3173467278315711
2703	2703	0.5867355291631136
2704	2704	0.07320659877749851
2705	2705	0.35814542935005605
2706	2706	0.04943191508714281
2707	2707	0.27572266172336324
2708	2708	1.8991690952526619e-06
2709	2709	0.09861480865426113
2710	2710	1.1166788226363993
2711	2711	0.470351653318917
2712	2712	0.046675977895512845
2713	2713	0.5798264295475588
2714	2714	0.00274327907551555
2715	2715	0.002835089708450958
2716	2716	0.7917270243463279
2717	2717	0.10519513844734546
2718	2718	0.07585268385147304
2719	2719	0.0916360714734728
2720	2720	1.2821160044184676
2721	2721	0.12179795659679979
2722	2722	0.031456927790548025
2723	2723	0.4937536827806637
2724	2724	0.14351490288582544
2725	2725	0.989320870178088
2726	2726	0.785542037562213
2727	2727	0.5930163383264073
2728	2728	0.028523958069005987
2729	2729	0.023516025628784926
2730	2730	1.0034571411260422
2731	2731	1.8759030506254037
2732	2732	1.657418768837821
2733	2733	0.013125403952792932
2734	2734	0.462257696091558
2735	2735	1.1476287957393327
2736	2736	0.06706203055659095
2737	2737	0.0896021521239192
2738	2738	0.5527438411059211
2739	2739	0.325842574727811
2740	2740	2.8063552684805015e-05
2741	2741	0.35127432622556887
2742	2742	0.16674173735331801
2743	2743	1.6524224711748527
2744	2744	0.5502372982785286
2745	2745	0.07577604815766875
2746	2746	0.7674066695597147
2747	2747	0.482946575626181
2748	2748	0.07547757389684552
2749	2749	0.372916084144719
2750	2750	1.6806856203805014
2751	2751	0.10413504182661443
2752	2752	0.28328923380636745
2753	2753	1.2057875793631097
2754	2754	0.2766246475574452
2755	2755	0.4001108828919226
2756	2756	1.2845764661151098
2757	2757	0.2722434882076606
2758	2758	0.0015077848142420718
2759	2759	1.5366009019963915
2760	2760	0.16472161017546544
2761	2761	0.26400380942083684
2762	2762	2.2100854946806465
2763	2763	0.3557256484193533
2764	2764	0.4232067511313434
2765	2765	0.03892732367958661
2766	2766	1.569883966946367
2767	2767	1.965003346435159
2768	2768	2.2494116122984997
2769	2769	0.09279160032222174
2770	2770	0.5299206950706016
2771	2771	0.008486057856275216
2772	2772	1.3211665681417049
2773	2773	0.00046787718512924153
2774	2774	0.4653683883552791
2775	2775	0.48030132942448345
2776	2776	0.7996980298607866
2777	2777	0.05036348215626768
2778	2778	0.38583864016625863
2779	2779	0.2201204882164729
2780	2780	0.0072935478088824255
2781	2781	0.610429773229117
2782	2782	0.6123191846947595
2783	2783	0.9964971425282403
2784	2784	0.0045252286132365606
2785	2785	0.8428959825898684
2786	2786	0.02739088737314936
2787	2787	0.5074472050547628
2788	2788	1.3375312849862315
2789	2789	0.0005597045820704958
2790	2790	0.28400280394099353
2791	2791	0.598794423632434
2792	2792	0.13562384729677593
2793	2793	1.1331374132704075
2794	2794	0.09123733377494157
2795	2795	0.0359680888783763
2796	2796	2.731005007742771
2797	2797	0.8791749596748106
2798	2798	9.550202180218302e-05
2799	2799	0.26931762407258053
2800	2800	3.62680152034948
2801	2801	0.23317671565950904
2802	2802	1.6465548432045582e-05
2803	2803	0.0009420861988655704
2804	2804	0.2710254174114693
2805	2805	0.06784281168179485
2806	2806	0.7667412721008426
2807	2807	0.9366257302378738
2808	2808	1.1690247375801812
2809	2809	7.350911892552441e-05
2810	2810	0.3424012366047722
2811	2811	0.018392251367987066
2812	2812	0.7576605244613462
2813	2813	0.11116132705547022
2814	2814	0.40353276441669705
2815	2815	0.07845413547461254
2816	2816	0.31229276643422355
2817	2817	0.8405029714379861
2818	2818	0.5773020585268634
2819	2819	0.14290153420645074
2820	2820	0.0057556754277453765
2821	2821	0.1183983275585883
2822	2822	0.9226306802472357
2823	2823	0.24199921333963403
2824	2824	0.01233794350671974
2825	2825	0.01563829832520866
2826	2826	0.06983064960031651
2827	2827	0.2867590935846466
2828	2828	0.6787984645160697
2829	2829	0.5580589212147361
2830	2830	0.3904323224978689
2831	2831	0.10003919993682828
2832	2832	0.22819446775187635
2833	2833	0.025145893165417862
2834	2834	0.03699479958220833
2835	2835	0.05197392594337372
2836	2836	0.10619711860425299
2837	2837	0.03291675492274622
2838	2838	0.4703308319256334
2839	2839	2.2508020592302667
2840	2840	2.1247324441256046
2841	2841	0.8891584766372067
2842	2842	0.017451194953310947
2843	2843	0.04223199273471434
2844	2844	0.10373259198339603
2845	2845	0.0011569468606660782
2846	2846	2.5642048312207315
2847	2847	0.07008634902566077
2848	2848	0.00014913966336890954
2849	2849	0.019330327592515847
2850	2850	0.2743902572819649
2851	2851	0.08653770983005671
2852	2852	0.20556607535017848
2853	2853	0.16414057105579927
2854	2854	0.3188947036096292
2855	2855	0.5861937305959827
2856	2856	0.12479457785441514
2857	2857	0.016098179147024473
2858	2858	0.013535503152043639
2859	2859	0.2364078587955536
2860	2860	0.6616764951472561
2861	2861	0.05919525893591922
2862	2862	0.021652981364143824
2863	2863	0.7714292325946993
2864	2864	0.10687315355086315
2865	2865	0.41490407937402635
2866	2866	0.6184540645217516
2867	2867	0.11580274316828064
2868	2868	0.9046901019893242
2869	2869	0.0008076078457559579
2870	2870	0.226523573080696
2871	2871	1.3809199053052006
2872	2872	0.2651913778468762
2873	2873	0.06479272946520773
2874	2874	0.033544457231490195
2875	2875	0.5521803324145931
2876	2876	0.10158487987439982
2877	2877	0.0024379271856479695
2878	2878	0.27847981065579686
2879	2879	0.6389507932998243
2880	2880	0.6692799524603362
2881	2881	0.31713463805752423
2882	2882	0.02721673313836399
2883	2883	0.0380604403394011
2884	2884	0.028878708987008797
2885	2885	0.3251875186723746
2886	2886	0.7623203171404841
2887	2887	0.001224867734262916
2888	2888	0.0006268049478722581
2889	2889	1.7039226762967292
2890	2890	3.664574531322121
2891	2891	0.17092485180798422
2892	2892	2.854693500775009
2893	2893	0.463724141154401
2894	2894	1.354816030940504
2895	2895	0.16284298340182912
2896	2896	0.7578744922122566
2897	2897	0.001315344807842296
2898	2898	0.8717446667587581
2899	2899	0.0794055925017839
2900	2900	1.496559295846442
2901	2901	0.4481429010610342
2902	2902	0.07696461597532918
2903	2903	1.2456068638564641
2904	2904	0.20655558930149864
2905	2905	0.07579213720538369
2906	2906	0.4598643763780219
2907	2907	0.31947768445904173
2908	2908	0.007535653367033993
2909	2909	0.23970757112067892
2910	2910	3.4168606354663225e-05
2911	2911	0.1241727675488894
2912	2912	0.125265061698955
2913	2913	0.9461102498390633
2914	2914	1.0481357687526527
2915	2915	0.46057004405497026
2916	2916	0.04158983679691063
2917	2917	0.5660863814650825
2918	2918	0.06343536092576652
2919	2919	0.3333343384232316
2920	2920	0.0015914867151704574
2921	2921	0.049343337403302705
2922	2922	0.02268138504935312
2923	2923	0.12826944089945955
2924	2924	0.3622661447987051
2925	2925	0.06983011048869614
2926	2926	0.03474040214890541
2927	2927	0.12359019979833488
2928	2928	4.139302018036319
2929	2929	1.9348279830466746
2930	2930	0.30783223798512377
2931	2931	0.1652400585196183
2932	2932	0.5139136632115868
2933	2933	0.023316588970004097
2934	2934	0.0946644928159498
2935	2935	0.31441081288292133
2936	2936	0.005340663021439893
2937	2937	0.034522642422470794
2938	2938	0.2800175088217481
2939	2939	0.8139215696540238
2940	2940	1.2010703058337913
2941	2941	1.1835537519365638
2942	2942	0.29512079473292746
2943	2943	0.12150989644295254
2944	2944	0.1563922407217578
2945	2945	0.024925492231288093
2946	2946	0.3763377715751553
2947	2947	0.07756506878284519
2948	2948	0.5187982069916209
2949	2949	0.8583360986120816
2950	2950	0.010127802135056296
2951	2951	0.09712806162614925
2952	2952	0.6573627901008873
2953	2953	0.00886439625342023
2954	2954	0.46817604689842307
2955	2955	0.14982905124363424
2956	2956	0.19555106009412196
2957	2957	0.2472080575912106
2958	2958	0.2926553346164276
2959	2959	1.7474974629087403
2960	2960	0.5496237721897076
2961	2961	0.16847574984677766
2962	2962	0.26539922891041057
2963	2963	0.30411100072923625
2964	2964	0.5441825889238902
2965	2965	0.1837271336090025
2966	2966	0.0587398291343027
2967	2967	0.0361517508596694
2968	2968	1.6562804115944514
2969	2969	1.9930552569626232
2970	2970	0.008833080104941339
2971	2971	0.9845527202634545
2972	2972	0.033244148222799655
2973	2973	0.4267576421500298
2974	2974	0.0010527912734295296
2975	2975	0.015329325079363292
2976	2976	0.04382012066828202
2977	2977	0.0044369501343634946
2978	2978	0.0023083758908927334
2979	2979	0.19922211820312066
2980	2980	0.0077036289212781784
2981	2981	0.10815751765954534
2982	2982	1.3763302112894673
2983	2983	0.0070819728057079975
2984	2984	0.04800890423638961
2985	2985	1.366898853695472
2986	2986	0.132398486681139
2987	2987	1.8382227088014325
2988	2988	0.03485737235885866
2989	2989	0.30543494807348615
2990	2990	0.879979199221638
2991	2991	1.4460085655211015
2992	2992	0.3570558013719231
2993	2993	0.12157465801676662
2994	2994	0.14136868712041686
2995	2995	0.3965938798863606
2996	2996	0.42864132219344536
2997	2997	0.0197061534868743
2998	2998	0.004916589520156049
2999	2999	0.06635856046040327
3000	3000	0.13735972695135448
3001	3001	3.4735195102399594e-05
3002	3002	0.019576071962757804
3003	3003	0.20051813999421977
3004	3004	1.5055957940578746
3005	3005	0.011335699176059586
3006	3006	1.1297115467472878
3007	3007	2.6819877422410583
3008	3008	0.5367768184289125
3009	3009	0.5275088605291364
3010	3010	0.4554173178820472
3011	3011	0.00016007238840435087
3012	3012	0.5481479961318911
3013	3013	0.4493641385286187
3014	3014	0.025482719667423888
3015	3015	0.6606812557977609
3016	3016	0.6595098497270084
3017	3017	0.5357352326321362
3018	3018	0.03285011412060517
3019	3019	0.09820609497611238
3020	3020	0.011333355390304637
3021	3021	0.044393725909879826
3022	3022	0.07795186124963828
3023	3023	0.27407309131229274
3024	3024	0.04023796798444686
3025	3025	0.1972334279393316
3026	3026	0.0003345494176289315
3027	3027	1.2678365559245055
3028	3028	0.015604859540545189
3029	3029	0.0022872100887197963
3030	3030	0.0036172524983805695
3031	3031	1.714612880820826
3032	3032	1.8750105233185097
3033	3033	0.16919226838939366
3034	3034	0.23235781325515972
3035	3035	0.08726221798476604
3036	3036	0.21498177558504877
3037	3037	0.23255507073745307
3038	3038	0.3934240772110246
3039	3039	0.6695795778152385
3040	3040	0.5164661292343886
3041	3041	0.008832798375889067
3042	3042	0.07069438792853529
3043	3043	0.4953277682357921
3044	3044	0.9893988719128418
3045	3045	0.5421259398334064
3046	3046	1.2646138022029312
3047	3047	0.1032010440009239
3048	3048	0.49903203220516645
3049	3049	0.008914530090332355
3050	3050	0.738872632945255
3051	3051	0.033599574920733524
3052	3052	0.2553958411118852
3053	3053	0.056368355744770796
3054	3054	0.5509396474662642
3055	3055	0.8741673224719368
3056	3056	0.14125335832930674
3057	3057	1.3447074452348666
3058	3058	2.238528418190151
3059	3059	0.19411686911242415
3060	3060	0.02664313722094292
3061	3061	0.02068322235178881
3062	3062	0.3392124214431691
3063	3063	0.6235980180985637
3064	3064	0.10472662944722896
3065	3065	0.3009547894858076
3066	3066	0.15812729054574964
3067	3067	0.05827760062568144
3068	3068	0.004616485560379795
3069	3069	0.012143222459776079
3070	3070	0.620415614177859
3071	3071	0.07018203018536646
3072	3072	1.3004068881962811
3073	3073	1.1271361917951128
3074	3074	0.5353846280051054
3075	3075	1.115853391143967
3076	3076	0.5334292643101984
3077	3077	0.09831070799907092
3078	3078	0.6148932513586471
3079	3079	0.4666472403275977
3080	3080	0.14633950854414593
3081	3081	0.663999741184516
3082	3082	0.1705707917063152
3083	3083	0.34612546161809377
3084	3084	0.29223222515938096
3085	3085	0.5440434357681456
3086	3086	0.022543349924376142
3087	3087	0.009453592544257641
3088	3088	0.6229969726325003
3089	3089	4.820177201153184
3090	3090	0.019946871091405093
3091	3091	0.016712421402992603
3092	3092	3.063490047775911
3093	3093	1.3795797763125761e-05
3094	3094	2.4260925390474064
3095	3095	0.005696276345619917
3096	3096	2.8564596119123298
3097	3097	1.0216980859971476
3098	3098	0.0325420722222628
3099	3099	0.7052485711661742
3100	3100	0.1727206834054274
3101	3101	0.370987592219453
3102	3102	0.11236433083934
3103	3103	0.04328752393273016
3104	3104	0.38150193333756555
3105	3105	0.20146371309929786
3106	3106	0.11649764329704294
3107	3107	0.008537037210934292
3108	3108	0.6476247346331945
3109	3109	0.7656283014109343
3110	3110	0.2516463386506949
3111	3111	0.4501114132503915
3112	3112	0.8770481747427167
3113	3113	0.3237098622887587
3114	3114	0.14036954126537174
3115	3115	2.8608936666351443
3116	3116	1.1010476172599732
3117	3117	0.05105455207517047
3118	3118	0.1548274119365379
3119	3119	1.718485547733475
3120	3120	0.05132728800096518
3121	3121	0.17554943913002544
3122	3122	0.4511948376916344
3123	3123	0.022205504826953066
3124	3124	0.1466882070713142
3125	3125	0.1634454272044422
3126	3126	0.17512296038464092
3127	3127	0.8872429778746942
3128	3128	0.10414021506289976
3129	3129	0.12496956168618441
3130	3130	1.0399049010169354
3131	3131	1.6611614764951381
3132	3132	0.36820524508637237
3133	3133	1.7373505115852608
3134	3134	0.4766251255654284
3135	3135	1.162527047022094
3136	3136	0.1599045636555559
3137	3137	1.4038330039194102
3138	3138	0.06868710823161078
3139	3139	0.07894650434897248
3140	3140	1.4057354977372492
3141	3141	0.055281215013432486
3142	3142	0.016932006159071634
3143	3143	1.6741555883185146
3144	3144	0.12241139687582867
3145	3145	0.9637931696320688
3146	3146	0.5266456980464624
3147	3147	1.1704478609570683
3148	3148	1.1849126063768263
3149	3149	0.1660065383819017
3150	3150	0.21032993690769453
3151	3151	0.014242515469409666
3152	3152	0.05564355834492602
3153	3153	0.17735977352033452
3154	3154	0.7693599764324486
3155	3155	0.023114950300335387
3156	3156	0.5950148674581254
3157	3157	0.06038086392041172
3158	3158	1.1673292858314843
3159	3159	3.5284527604153606
3160	3160	0.4613348094134046
3161	3161	0.761320277510991
3162	3162	0.07242444233124795
3163	3163	0.025319552973268017
3164	3164	0.3407477464273812
3165	3165	0.10600293356474971
3166	3166	0.02338762684517553
3167	3167	2.4403922431352734
3168	3168	0.10844505631735421
3169	3169	0.1481109003442858
3170	3170	0.012110883151172588
3171	3171	0.1269445391783591
3172	3172	0.23687244820243694
3173	3173	0.13211281121009275
3174	3174	0.3923460800505181
3175	3175	0.09401137465539625
3176	3176	0.35646158200991307
3177	3177	0.6380205650736418
3178	3178	0.3376698004323441
3179	3179	0.9781785563737256
3180	3180	0.05860395084622478
3181	3181	0.007621065662845228
3182	3182	0.05333702107279086
3183	3183	0.21131616675337306
3184	3184	0.2776084145477077
3185	3185	0.0901012604316067
3186	3186	1.2593443563009137
3187	3187	0.03915329558742896
3188	3188	0.32637734550842584
3189	3189	0.3221625969169499
3190	3190	0.3759416096388461
3191	3191	0.003265008710681792
3192	3192	0.1193417020752775
3193	3193	0.22128823772492007
3194	3194	0.5868623617312849
3195	3195	0.1183129414908116
3196	3196	0.5792186647090878
3197	3197	3.5649345132711647
3198	3198	0.11033794751862659
3199	3199	0.0062028726922279285
3200	3200	0.15286061778040566
3201	3201	1.991172529043382
3202	3202	0.08566606614880426
3203	3203	5.1928521578238
3204	3204	0.003815530130221279
3205	3205	0.07377336827346219
3206	3206	0.04572886790313008
3207	3207	1.7666105060698662
3208	3208	0.045884405660058664
3209	3209	0.4575108877654301
3210	3210	0.00017665352634702364
3211	3211	0.22757079568764704
3212	3212	0.0036746971934412853
3213	3213	0.3022565542659844
3214	3214	0.06842234126579223
3215	3215	0.0024995565368465394
3216	3216	0.10217245402935018
3217	3217	0.004927712196052836
3218	3218	0.4251522363806768
3219	3219	0.24020646150401107
3220	3220	0.6800085248306801
3221	3221	0.9466497199134172
3222	3222	0.9831986401446791
3223	3223	3.165109273177667
3224	3224	0.22174456794671685
3225	3225	0.03847292925338937
3226	3226	0.6391144265946986
3227	3227	0.3472698618594552
3228	3228	0.07426804752398243
3229	3229	0.7073337762263405
3230	3230	0.5815086921595831
3231	3231	0.16202700108890783
3232	3232	1.4141548720867465
3233	3233	4.277379029103863e-05
3234	3234	0.3376263421017714
3235	3235	0.7227148550237672
3236	3236	0.053814658118176206
3237	3237	0.29285050637256077
3238	3238	0.34149231087568666
3239	3239	0.013223787516517652
3240	3240	0.21304554884340696
3241	3241	3.0928161869472803
3242	3242	0.14500579393944862
3243	3243	0.36462667105218954
3244	3244	0.47044345112791963
3245	3245	0.24468630510142583
3246	3246	1.5697876433321463
3247	3247	0.1324998360378316
3248	3248	0.01184596199324977
3249	3249	0.132464112644769
3250	3250	0.005934582083676262
3251	3251	0.2834752696762423
3252	3252	0.02540443283439895
3253	3253	0.1630421263881183
3254	3254	0.15164347063159403
3255	3255	0.25165317678447024
3256	3256	0.604490638869468
3257	3257	1.0860749658667448
3258	3258	0.08962947815498787
3259	3259	0.028623001139731822
3260	3260	0.013835298060115481
3261	3261	0.6311381360459061
3262	3262	0.12370044329480383
3263	3263	0.8540755343263702
3264	3264	2.1784643957721945
3265	3265	0.0031941149385913137
3266	3266	0.32305046314046504
3267	3267	0.3265154991210011
3268	3268	0.7155495792245592
3269	3269	2.344104169261186
3270	3270	0.1752087533229917
3271	3271	0.12844972689007844
3272	3272	0.39997593404964493
3273	3273	0.22051236921697645
3274	3274	0.05394502889538754
3275	3275	0.0675371225282218
3276	3276	0.7033056253396146
3277	3277	0.25234169918448385
3278	3278	0.3179318056134007
3279	3279	0.028552758836563306
3280	3280	0.9962217871929182
3281	3281	0.3051142136632634
3282	3282	0.22425220740511306
3283	3283	1.7627939249446969
3284	3284	0.35644072656527964
3285	3285	0.003229377779696076
3286	3286	0.15073305732070794
3287	3287	0.1401704856120371
3288	3288	0.186903797663414
3289	3289	0.002322681190900278
3290	3290	0.1567051372572512
3291	3291	0.4823785296276271
3292	3292	0.029368716314112326
3293	3293	0.31333269937840597
3294	3294	0.013732281642623747
3295	3295	0.06228953017230464
3296	3296	0.6009005028473577
3297	3297	0.002430171446838601
3298	3298	0.151597413058456
3299	3299	0.0441241824608052
3300	3300	0.24019059976717758
3301	3301	0.5106404625681343
3302	3302	0.7496649579612851
3303	3303	0.5419707656827688
3304	3304	0.5197952980331351
3305	3305	0.5704384339567671
3306	3306	0.022829966211653986
3307	3307	0.0004855387876532503
3308	3308	0.19512269758098852
3309	3309	0.1777190235115254
3310	3310	0.5915348653737592
3311	3311	0.055358845340232034
3312	3312	0.27479462993166
3313	3313	0.8244267608588016
3314	3314	0.4858741100372989
3315	3315	0.08462225528964913
3316	3316	1.139092610685072
3317	3317	0.09977536944422803
3318	3318	0.6769034605907973
3319	3319	0.046758864028342825
3320	3320	0.010876868584297102
3321	3321	0.34319370318056286
3322	3322	0.41594534528277793
3323	3323	0.7863361011177098
3324	3324	2.2451427728743028
3325	3325	1.9878823899464078
3326	3326	0.8079025399551423
3327	3327	0.07135723518977846
3328	3328	2.1642452122923053
3329	3329	0.789262746102374
3330	3330	0.5738177138962606
3331	3331	0.1201124289701349
3332	3332	0.42610220702449514
3333	3333	0.03224238617459664
3334	3334	0.1519749722168036
3335	3335	0.03845369521277926
3336	3336	1.262921020762166
3337	3337	0.5605786989051326
3338	3338	0.00013082936051075087
3339	3339	0.623490579446154
3340	3340	0.6868030604498171
3341	3341	0.016075055676489747
3342	3342	0.04855600243339745
3343	3343	0.022514987610021575
3344	3344	0.002361945568181816
3345	3345	0.21824004243957387
3346	3346	0.3810200254430652
3347	3347	0.2556587829973857
3348	3348	1.7705261581386011
3349	3349	1.1312074667874068
3350	3350	2.435522314116225
3351	3351	1.6541678972709164
3352	3352	0.644955382799545
3353	3353	0.6287700667075286
3354	3354	0.20198349077206054
3355	3355	0.00015562998661836053
3356	3356	1.4705219211082126
3357	3357	0.004578012506446981
3358	3358	0.17159015808498823
3359	3359	0.017943546299461762
3360	3360	0.14588129235996766
3361	3361	0.04199204952415949
3362	3362	0.06112767863422909
3363	3363	0.07017305840565079
3364	3364	0.216307294261332
3365	3365	1.211633608560925
3366	3366	0.0006862485220041568
3367	3367	0.7121795223367979
3368	3368	0.17943754697800368
3369	3369	0.46724362473212727
3370	3370	0.7374719755231243
3371	3371	0.011898141677600765
3372	3372	0.008830505465580523
3373	3373	0.00237769711423157
3374	3374	0.07486157667981112
3375	3375	0.141929674349064
3376	3376	1.0127876979978918
3377	3377	1.890336998310917
3378	3378	0.05820620467695222
3379	3379	0.0002155864987873753
3380	3380	0.22121400385189172
3381	3381	1.5501184139564903
3382	3382	0.0004126967448217053
3383	3383	0.7260906340238095
3384	3384	0.020070990096927366
3385	3385	0.0015683873498522135
3386	3386	0.026163824530630014
3387	3387	2.0391708369670085
3388	3388	0.13356666460746502
3389	3389	0.14795921574227547
3390	3390	1.9351193102907809
3391	3391	0.2606739293688774
3392	3392	1.0527825997901991e-06
3393	3393	0.2314376091547363
3394	3394	0.9088409181439165
3395	3395	0.28757617947898423
3396	3396	0.21086010822632376
3397	3397	0.30541443791236506
3398	3398	0.2856668751413683
3399	3399	0.3827020395053818
3400	3400	0.5347699475472188
3401	3401	0.37718001023402115
3402	3402	0.2270380328179443
3403	3403	0.40009841590045514
3404	3404	1.773047026816453
3405	3405	0.21742015403180767
3406	3406	0.13998686637439425
3407	3407	1.6419577359244084
3408	3408	0.5690064796152493
3409	3409	1.6416407912591795
3410	3410	0.5494598090005693
3411	3411	0.06519380365832456
3412	3412	0.047826644301559876
3413	3413	0.15925377983792277
3414	3414	0.3725249761307761
3415	3415	0.053760851503481005
3416	3416	1.1897411020563364
3417	3417	0.027363985619692364
3418	3418	0.07025400319576232
3419	3419	0.48429345772074106
3420	3420	0.6234995134898988
3421	3421	0.46316792596013984
3422	3422	0.0002601331832182054
3423	3423	0.31815381058999254
3424	3424	0.012220160808950638
3425	3425	0.567255510252697
3426	3426	0.04977703015387393
3427	3427	0.01993640333955379
3428	3428	0.2391516057592079
3429	3429	0.4736159818271802
3430	3430	1.6565353380338292
3431	3431	0.011249609562984562
3432	3432	0.01050303709131693
3433	3433	0.015310675211076543
3434	3434	0.24489898099545518
3435	3435	0.2843566255910281
3436	3436	0.3483629708519584
3437	3437	0.21776022542731432
3438	3438	0.4042607744460801
3439	3439	0.1003845582629312
3440	3440	0.13147549405692163
3441	3441	0.014619664053849273
3442	3442	2.092317461134273
3443	3443	1.000318016583854
3444	3444	0.2737960416630515
3445	3445	0.05166243346224608
3446	3446	0.18578933153301952
3447	3447	0.5741197042021395
3448	3448	0.3866801268001234
3449	3449	0.9758947798216607
3450	3450	0.4200379278198304
3451	3451	0.15133479536143266
3452	3452	1.2461137308209354
3453	3453	0.3585151629449491
3454	3454	0.23215764738031436
3455	3455	1.3532759551451632
3456	3456	0.9653452055375227
3457	3457	0.018106800950610374
3458	3458	0.6433852952527355
3459	3459	0.11012012880432853
3460	3460	1.0216314839407052
3461	3461	0.05074186719738771
3462	3462	1.063262803201596
3463	3463	1.0717140399311487
3464	3464	0.0163658122632972
3465	3465	0.466311780416008
3466	3466	0.3491387582894523
3467	3467	0.2736532957641588
3468	3468	0.002353470717829148
3469	3469	0.3663400616886522
3470	3470	0.14531112650946187
3471	3471	0.0932908121628719
3472	3472	0.04380308267710442
3473	3473	0.06643817285914791
3474	3474	0.5316953189861668
3475	3475	0.0033185748461255337
3476	3476	0.5816495907042876
3477	3477	0.596980518828722
3478	3478	0.45939569621723364
3479	3479	1.2720439619293447
3480	3480	0.15349722732347226
3481	3481	0.05877077791208267
3482	3482	0.7649226741811771
3483	3483	0.026376949825437618
3484	3484	0.07527723087597875
3485	3485	2.1477949831701393
3486	3486	1.4022269751598544
3487	3487	0.8778569367875921
3488	3488	0.14092861229978332
3489	3489	1.2405157767192085
3490	3490	0.40711360258204377
3491	3491	0.2209114834765096
3492	3492	0.8128010152436241
3493	3493	0.1360837976584564
3494	3494	0.214471611554394
3495	3495	0.7679591330746453
3496	3496	0.09471052444937382
3497	3497	1.13196460660716
3498	3498	1.7414254090637948
3499	3499	0.02242037021747391
3500	3500	0.22134450575170259
3501	3501	0.41047600790159394
3502	3502	0.07521243415111899
3503	3503	0.04790661226391963
3504	3504	0.44891647326021017
3505	3505	0.10683924112037979
3506	3506	0.0013490610875644855
3507	3507	0.3492971948351997
3508	3508	2.2531151933418583
3509	3509	0.31789549186999727
3510	3510	0.16798152634282515
3511	3511	0.004161813576150069
3512	3512	0.2954468764293239
3513	3513	0.7878555289297036
3514	3514	0.019512462934367293
3515	3515	0.14420867846466726
3516	3516	1.0437788912276156
3517	3517	0.2048785389014734
3518	3518	0.022555728449902217
3519	3519	0.20271750173949699
3520	3520	0.01376028482094353
3521	3521	0.04953181255757881
3522	3522	1.0839034434127581
3523	3523	1.0542288037885437
3524	3524	0.0006398865302535473
3525	3525	0.13304376929984826
3526	3526	0.00019465948317970444
3527	3527	0.01275400008886297
3528	3528	0.8916816563148869
3529	3529	0.02587511826171251
3530	3530	0.0710210929041424
3531	3531	0.5624099630959317
3532	3532	1.4069794316833348
3533	3533	0.14372300746151764
3534	3534	0.41290710263263974
3535	3535	1.5033640258856096
3536	3536	0.16127371196607082
3537	3537	0.07087357935169758
3538	3538	0.0330925030676701
3539	3539	1.8505335323863652
3540	3540	1.021624479512881
3541	3541	0.8347238419779253
3542	3542	0.033913401600968826
3543	3543	0.32049447031885414
3544	3544	1.9346031610578442
3545	3545	0.21958634927572182
3546	3546	0.7888292553583737
3547	3547	1.67176344221614
3548	3548	0.01012850160924254
3549	3549	1.4323197061409327
3550	3550	0.3931866915313338
3551	3551	0.5604120529967286
3552	3552	1.391992378072527
3553	3553	0.053122991367761156
3554	3554	0.2776868976413564
3555	3555	0.8677608703579276
3556	3556	0.6140829984648455
3557	3557	1.2265132887403962
3558	3558	0.1756586854079451
3559	3559	0.1533632189745394
3560	3560	1.8322241311035439
3561	3561	0.43718210688829917
3562	3562	0.0035178304854795186
3563	3563	0.000841277844651735
3564	3564	0.38126297552133653
3565	3565	0.22309600367864812
3566	3566	0.025838502687996
3567	3567	0.6859909937114482
3568	3568	0.12781751275594633
3569	3569	0.08382067451852217
3570	3570	0.03978996961899251
3571	3571	0.0714607753957335
3572	3572	0.1601455944169065
3573	3573	0.3304197867088615
3574	3574	0.3965687867337035
3575	3575	0.005050178684862872
3576	3576	0.011161954939866688
3577	3577	0.23517060437070736
3578	3578	0.021118431453886564
3579	3579	0.07271748749035231
3580	3580	0.1517129142840795
3581	3581	0.8918140221219649
3582	3582	0.04718044945432363
3583	3583	0.5200479764060895
3584	3584	0.09660717110944812
3585	3585	0.4778596886059929
3586	3586	0.9742228404248106
3587	3587	0.3388972667846037
3588	3588	0.08106614225121833
3589	3589	0.4961358554856394
3590	3590	0.09611160500845341
3591	3591	0.27670436909088797
3592	3592	0.9892802079588168
3593	3593	0.025534302702690807
3594	3594	0.5996857011674436
3595	3595	0.005275518001104542
3596	3596	2.697202601275573
3597	3597	1.069081780329728
3598	3598	0.22678031325046963
3599	3599	0.2654957281441884
3600	3600	0.018869583850663393
3601	3601	0.03257689333353265
3602	3602	1.153333666877558e-05
3603	3603	0.6674471342716404
3604	3604	0.13184074128783313
3605	3605	0.09847045690251273
3606	3606	0.041115718844690674
3607	3607	2.8608821462565834
3608	3608	2.304461795799609
3609	3609	0.7190734437629659
3610	3610	0.4034601645117731
3611	3611	0.04068094034123713
3612	3612	0.06830380447082854
3613	3613	1.784124825867308
3614	3614	0.6761900232582181
3615	3615	0.014869329605569187
3616	3616	0.5966349740699407
3617	3617	0.14585166313358838
3618	3618	0.0011551485457478015
3619	3619	0.6108125859835114
3620	3620	0.001422747198557878
3621	3621	2.1195134063908707
3622	3622	0.10371342318059033
3623	3623	0.6138851274308657
3624	3624	0.00022614383865285904
3625	3625	0.00020465891414222964
3626	3626	0.007687868049040779
3627	3627	0.3370830474025797
3628	3628	0.007558658067079177
3629	3629	0.03525821990871102
3630	3630	0.022724447312172623
3631	3631	0.4116852050320221
3632	3632	1.0578144665101268
3633	3633	0.07764093847530809
3634	3634	0.8221387349838021
3635	3635	6.747877784963466e-05
3636	3636	0.004109270033755192
3637	3637	0.12636805970995754
3638	3638	0.028988955743128833
3639	3639	1.1434145383733498
3640	3640	2.2844990332272905
3641	3641	0.8559400503445358
3642	3642	0.2374725392280234
3643	3643	0.007657762993493226
3644	3644	0.5064030089257081
3645	3645	0.32029852453402663
3646	3646	3.175225967542371
3647	3647	2.8645844767086195
3648	3648	0.06791433571138358
3649	3649	1.9748640770380583
3650	3650	1.0695853409425726
3651	3651	0.011296486820062302
3652	3652	0.13126177462158306
3653	3653	0.4372779986670435
3654	3654	0.10861465760315069
3655	3655	0.005737496389262476
3656	3656	2.0175116533717343
3657	3657	2.301779788352674
3658	3658	0.515538020276623
3659	3659	0.07607988582196393
3660	3660	0.20741970761802908
3661	3661	0.283391407584792
3662	3662	0.007909607758977843
3663	3663	0.20423273739760409
3664	3664	0.006332490753763385
3665	3665	0.008323446490928393
3666	3666	0.12641497630870288
3667	3667	0.6524698085461659
3668	3668	0.01947896915154141
3669	3669	1.3858455196776887
3670	3670	0.4219171755556825
3671	3671	0.025917030819121903
3672	3672	0.40457688505292316
3673	3673	0.2016913367978748
3674	3674	0.15852400768719355
3675	3675	1.9855532737077461
3676	3676	0.13869547145874123
3677	3677	0.04294981592067646
3678	3678	0.19262010832115647
3679	3679	0.7583287736695401
3680	3680	0.04931155892889754
3681	3681	0.0008892798362136234
3682	3682	0.010074232515847327
3683	3683	0.23848255463035647
3684	3684	0.43833495257353583
3685	3685	0.35859429755186684
3686	3686	0.3509707199647238
3687	3687	0.02742603346796818
3688	3688	0.0603014846326369
3689	3689	0.0012927256029590765
3690	3690	0.43475141923859506
3691	3691	0.08420707626917176
3692	3692	0.025779796056016508
3693	3693	2.312700241279105
3694	3694	0.08201202874259243
3695	3695	0.4403929678785131
3696	3696	0.2856584429525175
3697	3697	0.02077859342546619
3698	3698	0.03162732443733475
3699	3699	0.027651064721100654
3700	3700	0.38858059895604763
3701	3701	0.4359329664775633
3702	3702	0.48911512527312595
3703	3703	0.02205152854821269
3704	3704	0.21299428738626808
3705	3705	1.269228613729467
3706	3706	0.5997266814111339
3707	3707	0.6374032910353594
3708	3708	0.014816300922403639
3709	3709	0.187669843880616
3710	3710	0.3824287432505216
3711	3711	0.17094850051004362
3712	3712	0.08268614910787449
3713	3713	0.041087536390461546
3714	3714	0.1484887029232752
3715	3715	0.0021115188362562636
3716	3716	0.43501950990960503
3717	3717	0.00372444912874164
3718	3718	0.2615628521282853
3719	3719	0.057053747963077515
3720	3720	0.01732219791391048
3721	3721	0.48660299702355964
3722	3722	0.023134234417723273
3723	3723	0.15045928359301022
3724	3724	3.36890475677582
3725	3725	0.7730712175382236
3726	3726	0.01352325718919306
3727	3727	0.06000945740272756
3728	3728	0.002727612820427605
3729	3729	1.243472817702649
3730	3730	1.1776312642060294
3731	3731	1.4430686267292343
3732	3732	1.0533577091508233
3733	3733	0.1876619082544201
3734	3734	0.0331701049017209
3735	3735	3.054218241349796
3736	3736	0.5638917651926019
3737	3737	0.03916905553629842
3738	3738	1.0199359516217108
3739	3739	0.04876680975579014
3740	3740	0.44941580231226436
3741	3741	1.469027355764642
3742	3742	0.047524789533882096
3743	3743	0.0025564816140786766
3744	3744	0.01567836494771229
3745	3745	0.49380140838989794
3746	3746	0.014020390795000734
3747	3747	0.05834779368288796
3748	3748	2.9400445996962463
3749	3749	0.4065959268526558
3750	3750	1.0601655192065242
3751	3751	0.32872335588843987
3752	3752	0.13882164455853346
3753	3753	0.004817601488932638
3754	3754	0.08316950988756203
3755	3755	0.1022574974362889
3756	3756	1.5040062541260837
3757	3757	1.9700129627195881
3758	3758	0.012466613050084209
3759	3759	0.14670062953630458
3760	3760	0.010545073813321195
3761	3761	0.0002967952191122079
3762	3762	0.7727779906773816
3763	3763	0.11643110942146243
3764	3764	0.23961128127339573
3765	3765	0.8120383678251412
3766	3766	0.6755219138786159
3767	3767	0.31356439445384193
3768	3768	0.0015722772030020728
3769	3769	0.48855047536541274
3770	3770	0.6209402687080898
3771	3771	0.10731837451943915
3772	3772	1.5336298259655374
3773	3773	0.8129017779333014
3774	3774	0.48256380539012483
3775	3775	0.38476926534162187
3776	3776	0.5208754865263842
3777	3777	0.7128378653342379
3778	3778	0.0743429591071673
3779	3779	0.036006375789548795
3780	3780	0.04072614392454344
3781	3781	0.004828810168474362
3782	3782	0.1820823928499715
3783	3783	0.6130040617182452
3784	3784	0.401271192480431
3785	3785	0.1513590440886864
3786	3786	0.0001791272047059306
3787	3787	0.06714937257149413
3788	3788	0.0005168123239608301
3789	3789	1.4356246518642035
3790	3790	0.08224624093204193
3791	3791	0.0144424221275066
3792	3792	1.3976073518362797
3793	3793	0.15094425503091782
3794	3794	0.3496921661189748
3795	3795	0.809866087015294
3796	3796	0.09586198962191873
3797	3797	0.000348073486833006
3798	3798	0.048437453614532944
3799	3799	0.11417234552541647
3800	3800	0.3627937136747878
3801	3801	0.00978799953248506
3802	3802	0.19718892706917127
3803	3803	0.44715076839137047
3804	3804	0.014912003758106177
3805	3805	0.3122191785988085
3806	3806	0.43541687921179306
3807	3807	0.08720808831736684
3808	3808	1.9880120801324055
3809	3809	0.5343297741573733
3810	3810	0.02340908063918435
3811	3811	0.6062513583023451
3812	3812	0.07387486709834852
3813	3813	0.35393381692382125
3814	3814	0.2764214332089213
3815	3815	0.11731923724762235
3816	3816	0.1519513329965294
3817	3817	0.5334739305421986
3818	3818	0.19033010958347554
3819	3819	1.0116741334654515
3820	3820	0.631451473945731
3821	3821	0.07809672182733625
3822	3822	0.06876419759627657
3823	3823	1.062446802506744
3824	3824	0.9724204610749835
3825	3825	0.9608272226209531
3826	3826	0.07610971578616221
3827	3827	0.007207316962960551
3828	3828	0.015188182047843498
3829	3829	1.009065560594792
3830	3830	0.8488329734890727
3831	3831	0.9355522362801896
3832	3832	0.07367546172618877
3833	3833	0.35150721520523337
3834	3834	0.6048297340148125
3835	3835	1.1294938337184823
3836	3836	0.8142182399073135
3837	3837	0.6093032197909722
3838	3838	0.18187386231092828
3839	3839	0.4937855219462062
3840	3840	0.006957021089980626
3841	3841	2.0041377996926273
3842	3842	0.024639329511961242
3843	3843	0.009380613731566165
3844	3844	0.30310981706696005
3845	3845	0.6592287924178573
3846	3846	0.00022959252228729846
3847	3847	0.9646583786844726
3848	3848	0.8591534436317014
3849	3849	0.12270419102575177
3850	3850	0.057345402501679126
3851	3851	0.0017180349950221007
3852	3852	0.09721371490993419
3853	3853	0.46312109249619726
3854	3854	0.4992585344796163
3855	3855	0.05786430786651224
3856	3856	0.07609863534933829
3857	3857	0.12336714397691241
3858	3858	0.1790638618929745
3859	3859	0.12380018886296634
3860	3860	0.057277295197925376
3861	3861	0.5445225725177204
3862	3862	0.06457246089441895
3863	3863	0.2563773483597839
3864	3864	0.6452029235691723
3865	3865	3.6193602859994543
3866	3866	0.20880601521900605
3867	3867	0.08936667792683972
3868	3868	4.01408907690487e-05
3869	3869	0.0611404874004014
3870	3870	0.7381827310421653
3871	3871	0.05852245007429284
3872	3872	0.33344709805917533
3873	3873	0.016099823916056456
3874	3874	0.026082149790478956
3875	3875	0.025295127703092436
3876	3876	0.027358534021501332
3877	3877	0.5665565283644822
3878	3878	0.6057633343011493
3879	3879	0.5171737310744199
3880	3880	0.24171464811616633
3881	3881	0.6297056649275995
3882	3882	0.052884645102930644
3883	3883	0.010791395230939218
3884	3884	1.7106677395308583
3885	3885	0.07905696687564917
3886	3886	2.3876800935371154
3887	3887	0.2786079507005635
3888	3888	0.30926223301593364
3889	3889	1.1118603931070912
3890	3890	2.1713760041169916
3891	3891	0.02121619860261575
3892	3892	1.3544779744069693
3893	3893	0.37663305168940714
3894	3894	0.07346979117989098
3895	3895	0.47440155620982494
3896	3896	0.00027571785492383716
3897	3897	0.6409150367411507
3898	3898	0.33563054941810816
3899	3899	0.6620629996780051
3900	3900	0.4549860009966743
3901	3901	0.1491398802733987
3902	3902	0.575712533595888
3903	3903	0.031626441730882304
3904	3904	0.350843013374844
3905	3905	0.547008033101104
3906	3906	0.7875204390597444
3907	3907	1.342080825986213
3908	3908	0.024573251935178935
3909	3909	0.13216961195613147
3910	3910	0.1270665603861894
3911	3911	0.04794987375577284
3912	3912	0.017546083189569923
3913	3913	0.582179908053722
3914	3914	0.21148011833420902
3915	3915	0.022999498696848832
3916	3916	0.12082516392263182
3917	3917	0.17050782671274592
3918	3918	0.09836570989086348
3919	3919	0.005597918728412941
3920	3920	0.037744514207937854
3921	3921	0.15827166494796108
3922	3922	0.11503444209539308
3923	3923	0.24984498853719508
3924	3924	0.05688225748018819
3925	3925	0.17732883106727154
3926	3926	0.2669929232228178
3927	3927	0.012109618078864837
3928	3928	0.034381030872298435
3929	3929	0.12410787722193213
3930	3930	1.402124912941789
3931	3931	0.4325600217172111
3932	3932	0.001010644280586215
3933	3933	0.031881902407971834
3934	3934	0.44042895623357686
3935	3935	0.038089940556369786
3936	3936	0.38022507845939124
3937	3937	0.06744357986345378
3938	3938	0.18186017800063625
3939	3939	0.014199493174702682
3940	3940	0.5532136321913734
3941	3941	0.09917743929453027
3942	3942	0.03720924808041455
3943	3943	0.590830267045458
3944	3944	1.4015097923729642
3945	3945	0.08281976608352377
3946	3946	0.11348380033830655
3947	3947	1.0040365124570265
3948	3948	0.3042927612107981
3949	3949	0.15118230741227154
3950	3950	0.28598361849336634
3951	3951	0.004513339391997409
3952	3952	1.5512328232347468
3953	3953	0.007809051408349172
3954	3954	0.00013617474879328337
3955	3955	0.03995794445811971
3956	3956	0.0060747243848344665
3957	3957	0.3962634977825118
3958	3958	0.8437173207967525
3959	3959	0.7654866832732274
3960	3960	0.023267283854590676
3961	3961	2.0652858355190298
3962	3962	0.37772517100886077
3963	3963	0.29730787391521374
3964	3964	0.05280993198664145
3965	3965	0.7539705312387688
3966	3966	0.19105101856639375
3967	3967	0.1759197924849594
3968	3968	0.07732914335776857
3969	3969	0.18259660221168683
3970	3970	0.2944359677851834
3971	3971	3.556753125455601
3972	3972	0.009699873353741147
3973	3973	0.02028315301492574
3974	3974	1.7625528407794924
3975	3975	0.022174903633719024
3976	3976	0.001976908914038115
3977	3977	0.024026714757761376
3978	3978	0.25473651082075227
3979	3979	1.7777147631173926
3980	3980	0.18132611053287706
3981	3981	0.2603823501531386
3982	3982	0.35199188686832233
3983	3983	1.0902112961856947
3984	3984	0.04895322956430897
3985	3985	1.655024701982931
3986	3986	0.0018142856636360252
3987	3987	0.027297623402854465
3988	3988	0.04517340837050551
3989	3989	0.001128062572478588
3990	3990	0.15207936122149165
3991	3991	0.04546020110769926
3992	3992	1.0522491055974716
3993	3993	0.691359508334787
3994	3994	0.18446835345056026
3995	3995	0.13773081585301442
3996	3996	0.00010671300740716451
3997	3997	0.9509215322982086
3998	3998	0.2526814150788104
3999	3999	0.3972926053902496
4000	4000	0.01384169039653389
4001	4001	0.024238712403257475
4002	4002	0.4241719774697283
4003	4003	0.4249746824718586
4004	4004	0.5643681564906446
4005	4005	0.6618386015331436
4006	4006	3.1808473580813383
4007	4007	0.2076925323023489
4008	4008	1.0732942773453786
4009	4009	0.16808507481981957
4010	4010	0.0127028288387274
4011	4011	1.3175245351740306
4012	4012	0.00023218107267355834
4013	4013	0.0023003233445401967
4014	4014	0.8408167920711519
4015	4015	0.5924185094568063
4016	4016	0.321047209409582
4017	4017	0.7906380329089447
4018	4018	0.19928313955965457
4019	4019	1.1987255642622046
4020	4020	1.2343517047943984
4021	4021	0.22763900941889595
4022	4022	0.07949423421501942
4023	4023	0.03649610093919145
4024	4024	0.5229494945292205
4025	4025	0.012699858648123865
4026	4026	0.06144668509512321
4027	4027	0.0021838526184569623
4028	4028	5.801617767487358
4029	4029	0.1257449503208075
4030	4030	0.00015491784475889486
4031	4031	0.009930063971487883
4032	4032	0.048144991406095225
4033	4033	0.23623794337726636
4034	4034	0.03095719006901414
4035	4035	0.2750305266887669
4036	4036	2.267569668387907
4037	4037	0.09786027083391102
4038	4038	0.021845085150958343
4039	4039	1.100884654564041
4040	4040	0.9880485836372689
4041	4041	4.051086175225993e-06
4042	4042	0.056245857610538595
4043	4043	0.08149217375711934
4044	4044	0.4250655156409225
4045	4045	0.18057158785645097
4046	4046	0.217801255435311
4047	4047	0.480443658230866
4048	4048	0.012407887940765203
4049	4049	1.4629069545874975
4050	4050	0.30866781720253456
4051	4051	0.24975721110348406
4052	4052	0.08951581803882441
4053	4053	0.5027184852649444
4054	4054	0.9464420229270933
4055	4055	0.17649511307306742
4056	4056	0.08292466561442417
4057	4057	0.022245976571613615
4058	4058	1.5475869096905266
4059	4059	0.016829291189236255
4060	4060	0.2008221334484039
4061	4061	0.0015813771050631773
4062	4062	0.15246565080983213
4063	4063	1.9616681912888014
4064	4064	0.20905879435138847
4065	4065	1.3358783836283679
4066	4066	1.3045719027482239
4067	4067	0.0019377259426281805
4068	4068	0.0021808745058209595
4069	4069	0.013079875088257803
4070	4070	0.04385315915938956
4071	4071	0.7574231833712833
4072	4072	2.042048273250728
4073	4073	0.041800725723631804
4074	4074	0.11801726695711191
4075	4075	0.9030400553635535
4076	4076	0.20193005009022938
4077	4077	0.6648568933330661
4078	4078	0.15113471284847166
4079	4079	0.3064439611993277
4080	4080	0.004641319921037332
4081	4081	0.006289653954742025
4082	4082	0.7949936122382452
4083	4083	0.37733743939781444
4084	4084	0.056104436266279936
4085	4085	0.8348968594165418
4086	4086	0.00880358511984361
4087	4087	0.4591387167655636
4088	4088	0.02048768487783929
4089	4089	0.005286847189528623
4090	4090	2.1582726548624453e-05
4091	4091	0.0001635303064684597
4092	4092	0.20767616792794694
4093	4093	0.8975468978406904
4094	4094	0.07093951956793591
4095	4095	0.4320299165626301
4096	4096	0.5485150943682897
4097	4097	0.29649721685060065
4098	4098	0.2990135628609392
4099	4099	0.0028111143440942747
4100	4100	0.2567558991922795
4101	4101	2.770306278876744
4102	4102	0.4969744619701772
4103	4103	0.0298311861919176
4104	4104	1.6549289320482878
4105	4105	0.007438472073027387
4106	4106	0.8406797002668516
4107	4107	0.3350658569715124
4108	4108	0.026379822970395008
4109	4109	0.010898981176465407
4110	4110	0.09102997718664332
4111	4111	0.023458159549201676
4112	4112	0.3227911442533619
4113	4113	0.006934416759345579
4114	4114	0.3519225357128135
4115	4115	0.5275536904917678
4116	4116	0.024681117373197486
4117	4117	0.4294824606182616
4118	4118	0.44563653403576703
4119	4119	0.020028845403667915
4120	4120	0.19538564321509402
4121	4121	0.4404141039003931
4122	4122	0.039898319720557816
4123	4123	0.9947554392907025
4124	4124	1.7137099304658998
4125	4125	0.05697284474316599
4126	4126	0.42996061684409725
4127	4127	0.052903039933689534
4128	4128	0.15186828540989958
4129	4129	0.03457038018680445
4130	4130	0.01834465784615123
4131	4131	0.07474897418722697
4132	4132	1.9582352076906835
4133	4133	0.07665148528103703
4134	4134	4.913672916301048
4135	4135	0.8090717425549997
4136	4136	0.022570317472167693
4137	4137	0.029166049562992666
4138	4138	0.5421299825856558
4139	4139	0.4876275456776647
4140	4140	0.26388060633010724
4141	4141	0.4862362923363877
4142	4142	0.07147762071755587
4143	4143	0.032895392892284284
4144	4144	1.0540519395777228
4145	4145	0.19311232613313215
4146	4146	0.8673235532540576
4147	4147	0.9850745836909235
4148	4148	0.35685861455812945
4149	4149	0.21490435730769775
4150	4150	0.25141922707881026
4151	4151	0.00040843217154956554
4152	4152	0.8056931425787495
4153	4153	0.08405646868160586
4154	4154	0.000467642884715162
4155	4155	4.209480824788247
4156	4156	1.0320579350227685
4157	4157	0.9669548547090744
4158	4158	0.21386739617420406
4159	4159	2.93053181944717
4160	4160	0.41413806985960927
4161	4161	1.0124289257626669
4162	4162	0.01654811171322247
4163	4163	0.13752189056908248
4164	4164	0.0022135328232057378
4165	4165	0.02935091564177947
4166	4166	0.8711774719666092
4167	4167	0.3597672499449265
4168	4168	0.315140057250797
4169	4169	0.10150785149522065
4170	4170	0.0023806920915327478
4171	4171	0.4258904841394997
4172	4172	0.1025263345148585
4173	4173	0.0017026459684994233
4174	4174	0.022435919370846862
4175	4175	0.05365847369746685
4176	4176	0.3326549324979363
4177	4177	0.025277469831466993
4178	4178	0.14771499925318995
4179	4179	0.12533892166091737
4180	4180	2.437372772206829
4181	4181	0.021746311046478138
4182	4182	0.0003213117619725775
4183	4183	0.03686034782415592
4184	4184	0.04443201679077711
4185	4185	1.5470016744033075
4186	4186	0.015579185180810862
4187	4187	0.9122825405308834
4188	4188	0.6335932481374035
4189	4189	0.34372048331401256
4190	4190	0.21508745031139082
4191	4191	0.14701885550365323
4192	4192	0.025023567038073728
4193	4193	0.058038687400726645
4194	4194	0.5314957649141914
4195	4195	3.3783508431602605
4196	4196	0.032512799623986226
4197	4197	1.4416675794674811
4198	4198	0.05784914006787564
4199	4199	0.6772903276503592
4200	4200	0.13619571344009715
4201	4201	1.4665313367690123
4202	4202	0.0013031640399042764
4203	4203	0.23806404890592844
4204	4204	0.008462312528835891
4205	4205	0.01407710838645624
4206	4206	0.2621159938564584
4207	4207	1.4203211519563868
4208	4208	0.4305881974426537
4209	4209	0.07390989837074503
4210	4210	1.3730269006308058
4211	4211	0.4958025929328317
4212	4212	0.4356861746689058
4213	4213	0.09631164959528538
4214	4214	0.3511578183909423
4215	4215	0.4498746725427622
4216	4216	0.01142996943953711
4217	4217	0.021342341369265924
4218	4218	0.08216462211746006
4219	4219	0.6780206400739577
4220	4220	0.7729788235423661
4221	4221	0.01972772820844236
4222	4222	0.14631750726001305
4223	4223	0.5664521203379957
4224	4224	0.4412005370262892
4225	4225	0.3247347855424945
4226	4226	0.06610974815251872
4227	4227	0.07506203666233628
4228	4228	0.07062845339640919
4229	4229	6.810511196313227e-05
4230	4230	0.13778930461905492
4231	4231	0.30975945985348347
4232	4232	0.9825547500084522
4233	4233	0.44987226230658406
4234	4234	0.7581417662096163
4235	4235	0.5630356311192508
4236	4236	5.310449523112783
4237	4237	0.9199221291831953
4238	4238	3.5800343930819287
4239	4239	0.2698691268953891
4240	4240	0.5191707139371127
4241	4241	0.7370943507926772
4242	4242	0.18151945915965742
4243	4243	0.07608619558077524
4244	4244	0.773541718139736
4245	4245	0.036730058210758934
4246	4246	0.10421309688958999
4247	4247	0.6032979547210124
4248	4248	0.06080774021832336
4249	4249	0.024096893721700433
4250	4250	1.7806597564414803
4251	4251	0.3634383391806254
4252	4252	0.18554884385849502
4253	4253	0.8201847529246211
4254	4254	0.8651006785704176
4255	4255	1.104076637199021
4256	4256	0.0009861294629057002
4257	4257	0.011397092587422468
4258	4258	0.21931092660522022
4259	4259	0.33973571443359596
4260	4260	0.19221341526916813
4261	4261	0.04533560294963505
4262	4262	0.20761069394408344
4263	4263	1.4527693186919959
4264	4264	0.017629758722929434
4265	4265	0.025735459433628635
4266	4266	0.053470384916130015
4267	4267	0.12855805058448538
4268	4268	1.4230697589523793
4269	4269	0.43171623546020604
4270	4270	2.5005908657358193e-06
4271	4271	0.22809700111949702
4272	4272	0.0008041350231598836
4273	4273	0.049729364530784866
4274	4274	0.6372704334665804
4275	4275	0.008235966031386795
4276	4276	0.02686065464946032
4277	4277	0.04960428587009045
4278	4278	1.2561848285461845
4279	4279	2.1959497743020084
4280	4280	0.005221359377092764
4281	4281	0.6476766914491755
4282	4282	0.010278717051993472
4283	4283	0.03478462313903041
4284	4284	0.10768134822263611
4285	4285	0.0926527392848758
4286	4286	0.17342048485550404
4287	4287	0.08885323767987091
4288	4288	0.8341446388501239
4289	4289	0.25047744564103536
4290	4290	0.24961981464350763
4291	4291	0.28670116083158664
4292	4292	0.44935304560758565
4293	4293	0.10195885851870362
4294	4294	0.02594054201566257
4295	4295	1.2516496297047013
4296	4296	0.08156670191238136
4297	4297	0.0030902500973238995
4298	4298	0.2902088525930347
4299	4299	2.2494681875014733
4300	4300	0.1603441068389904
4301	4301	0.010519262524877046
4302	4302	0.021710463437630553
4303	4303	3.1573726790994185
4304	4304	0.49745283678312285
4305	4305	2.447829942393854
4306	4306	0.260911213628762
4307	4307	0.589790978115862
4308	4308	0.002810259095687524
4309	4309	0.34941877190125553
4310	4310	0.026743567049409233
4311	4311	1.389314670717933
4312	4312	0.8293502583697627
4313	4313	0.036419208406253144
4314	4314	1.5449990082259373
4315	4315	0.25785165179343417
4316	4316	0.006184709861080902
4317	4317	0.832128495217469
4318	4318	0.055803055208435565
4319	4319	0.829201669539274
4320	4320	0.3728634657212248
4321	4321	1.055845564901941
4322	4322	0.00918127083648551
4323	4323	0.8923440163966094
4324	4324	0.013885080980230283
4325	4325	0.6289147838746867
4326	4326	0.7398409871410355
4327	4327	0.7887962594908592
4328	4328	0.0014711493737095099
4329	4329	1.57338802394164
4330	4330	2.656938145983991
4331	4331	0.0014655415403093514
4332	4332	0.1156968581816682
4333	4333	0.06185579493232986
4334	4334	0.1623828101610456
4335	4335	0.03300226300393228
4336	4336	0.3838220156803702
4337	4337	0.3275910042275597
4338	4338	0.20952905299422783
4339	4339	0.0251590377575795
4340	4340	0.03540531740313198
4341	4341	0.07930130447688434
4342	4342	0.00019341003197658775
4343	4343	0.41125751979640224
4344	4344	0.006785237170013065
4345	4345	0.36529407304854794
4346	4346	1.2125014016408864
4347	4347	7.476475519509177e-05
4348	4348	0.03259292062827696
4349	4349	0.22369514768675539
4350	4350	0.82758713697096
4351	4351	1.0591055669576728
4352	4352	0.0007789221958925639
4353	4353	0.139523558111396
4354	4354	0.017724895005221036
4355	4355	4.1954177360137885
4356	4356	0.7349501470547969
4357	4357	1.296941568239646
4358	4358	0.0031012891205395984
4359	4359	1.149561495513101
4360	4360	0.5206540946592239
4361	4361	0.5794995246173652
4362	4362	0.152250961313773
4363	4363	2.075265803240696
4364	4364	1.6981292296242214
4365	4365	0.14375410207163186
4366	4366	0.7957359696835419
4367	4367	0.6413602837885855
4368	4368	0.02789369874990752
4369	4369	0.02594132090438518
4370	4370	0.08668411943709688
4371	4371	1.8037104796758832
4372	4372	0.05670134191614847
4373	4373	0.0005380766679011023
4374	4374	1.654919757323855
4375	4375	0.07172264905625612
4376	4376	0.0675419319992231
4377	4377	0.9388656519294913
4378	4378	0.49102404345884626
4379	4379	0.14154546791293757
4380	4380	0.21277679486200904
4381	4381	0.296753046796823
4382	4382	0.2659520101023409
4383	4383	0.8118885537175211
4384	4384	1.4674905593400107
4385	4385	0.38155306149003126
4386	4386	0.029330132640648612
4387	4387	0.697755790571641
4388	4388	0.002114419423187692
4389	4389	0.19233293344189506
4390	4390	1.593385664042888
4391	4391	0.008506971568790695
4392	4392	0.9448747855265606
4393	4393	0.08681012518913914
4394	4394	0.6096870614337283
4395	4395	0.30317611675252604
4396	4396	0.02368760919885202
4397	4397	3.881968245481998
4398	4398	0.11837486180313594
4399	4399	0.007705274739177603
4400	4400	1.3447978275761938
4401	4401	0.14795107810349326
4402	4402	0.613299973539323
4403	4403	0.6020947393886705
4404	4404	0.009748703268595725
4405	4405	1.5926624753830627
4406	4406	0.17386910464761282
4407	4407	1.0712043377581129
4408	4408	1.1151175176017694
4409	4409	0.0015535048827016028
4410	4410	0.038743141753630604
4411	4411	0.4357157177316323
4412	4412	0.09335721353287785
4413	4413	0.0016181799241640712
4414	4414	0.44653637450650985
4415	4415	0.07106946354838248
4416	4416	0.43695023159994056
4417	4417	0.14927450543834012
4418	4418	0.004013234438583226
4419	4419	0.007778074305200176
4420	4420	0.0390482011673652
4421	4421	0.760155229350051
4422	4422	0.4830749011948839
4423	4423	0.6073822072739957
4424	4424	0.29875907805159296
4425	4425	0.00366037680496283
4426	4426	0.4970879441267011
4427	4427	2.6572669325606597
4428	4428	0.010883699790701905
4429	4429	3.5410104383463152
4430	4430	0.7566092994174356
4431	4431	0.7139585251041632
4432	4432	2.46823956990316
4433	4433	0.7333808455087766
4434	4434	1.142026576332629
4435	4435	0.8844707444935039
4436	4436	0.1724084656992388
4437	4437	0.03208576241723375
4438	4438	0.6500185380496263
4439	4439	0.004567495652074421
4440	4440	0.70833727891127
4441	4441	0.012944753504902566
4442	4442	0.5278569513150789
4443	4443	0.1868797138307466
4444	4444	0.021267680053006145
4445	4445	0.46428328849907724
4446	4446	0.5346652410233911
4447	4447	0.0041102426065421985
4448	4448	0.5457536083460437
4449	4449	0.04792754191651886
4450	4450	0.652921572159073
4451	4451	0.14670873000022616
4452	4452	0.012019584774203316
4453	4453	0.023688298627252777
4454	4454	0.050695582554386685
4455	4455	1.1256653907297747
4456	4456	0.005432199814989593
4457	4457	0.4290915261085876
4458	4458	1.5181364919341374
4459	4459	0.004000899022163291
4460	4460	0.023725200380425353
4461	4461	0.00344738747079117
4462	4462	0.1437294019332725
4463	4463	0.5172901654654886
4464	4464	0.31958194650960825
4465	4465	0.8332876408080001
4466	4466	0.6381044613212009
4467	4467	0.0023297214595130317
4468	4468	6.571158366942581e-06
4469	4469	0.0002996532294755224
4470	4470	0.42104957587498204
4471	4471	1.3378599895936776
4472	4472	1.3205656517941657
4473	4473	1.74701760809844
4474	4474	0.013754791908589735
4475	4475	0.6058012049755173
4476	4476	2.8163985951465085
4477	4477	0.008743698244054826
4478	4478	0.09495136070805962
4479	4479	0.014685888940163868
4480	4480	0.059433918691243585
4481	4481	0.5139044523753923
4482	4482	1.6332712807719587
4483	4483	0.11036439367129194
4484	4484	0.6225282679507088
4485	4485	0.05033395881532995
4486	4486	0.1177588711885386
4487	4487	0.0012743487719283175
4488	4488	0.17598176998158732
4489	4489	0.15137505483089353
4490	4490	0.10535986539270017
4491	4491	0.10469683803586613
4492	4492	0.2207495571910529
4493	4493	1.4339790148422624
4494	4494	0.004781330077667865
4495	4495	0.24435379160079448
4496	4496	0.010144129103213557
4497	4497	0.0020207177845981573
4498	4498	1.6661798496319902
4499	4499	0.10510240528983808
4500	4500	0.04728214051211308
4501	4501	0.7352398112078977
4502	4502	0.4131135791418965
4503	4503	0.0033701635240829995
4504	4504	2.0657714685533524
4505	4505	0.0006076626152564619
4506	4506	0.00699425917569472
4507	4507	0.246055358468533
4508	4508	0.576532013648438
4509	4509	0.7759658167615506
4510	4510	0.010178164669732745
4511	4511	0.09221006058652166
4512	4512	1.470916650295559
4513	4513	0.668236794049735
4514	4514	1.1519380658990352
4515	4515	0.33903796411067944
4516	4516	0.2397486002344188
4517	4517	1.9345857729613016
4518	4518	0.10588748683851813
4519	4519	0.26621906110033117
4520	4520	0.8120801914879757
4521	4521	0.47956200505108326
4522	4522	0.29457475039732134
4523	4523	1.4524642487522352
4524	4524	2.027346810255207
4525	4525	0.5980678428745256
4526	4526	2.383623721362784
4527	4527	0.5708406611361175
4528	4528	0.72443406316202
4529	4529	0.00016365483909106332
4530	4530	0.17335845739887454
4531	4531	0.3270621561764285
4532	4532	0.2661726922985636
4533	4533	0.15887780122876383
4534	4534	0.8040745280814131
4535	4535	0.029303239358562175
4536	4536	0.6644663554936233
4537	4537	1.1027131961876198
4538	4538	0.19287037075454433
4539	4539	0.3002898442444077
4540	4540	0.3377184740989522
4541	4541	1.4649105636871174
4542	4542	0.163873010921221
4543	4543	0.00044033804074794123
4544	4544	0.9795992454900387
4545	4545	0.007963621888628302
4546	4546	0.24410046693413556
4547	4547	0.8076633625310216
4548	4548	1.6350373039166581
4549	4549	0.0903987536122353
4550	4550	1.3553334906902819
4551	4551	1.0059717422596397
4552	4552	0.21079282935162083
4553	4553	1.2836841316947472
4554	4554	0.04248678838312326
4555	4555	1.265962225783015
4556	4556	0.23748036065898717
4557	4557	0.609449811238263
4558	4558	0.05040404769855451
4559	4559	0.1570369317812361
4560	4560	0.18461337772199826
4561	4561	0.061932548949066905
4562	4562	0.06871292486230983
4563	4563	0.4403120515560402
4564	4564	0.07675727332621457
4565	4565	0.002882637785631133
4566	4566	0.008399635031701314
4567	4567	0.025544392174738126
4568	4568	0.0040395841400997145
4569	4569	0.054226124214398555
4570	4570	0.24753565732145963
4571	4571	0.07091998795211034
4572	4572	0.057957024973619035
4573	4573	0.023583929047396333
4574	4574	0.010957770101593397
4575	4575	0.008700632882189013
4576	4576	0.9490374171167807
4577	4577	0.381733787979054
4578	4578	0.07510702083633669
4579	4579	0.3681823666138972
4580	4580	0.014287877915786304
4581	4581	0.9614834672866459
4582	4582	1.5220615250604899
4583	4583	0.03745013886484288
4584	4584	0.6922836654437274
4585	4585	0.3935524541602495
4586	4586	0.31115708879322823
4587	4587	0.055303329481908005
4588	4588	0.36908219895100214
4589	4589	8.879468636469172e-06
4590	4590	0.6965925603694935
4591	4591	0.01248020739553731
4592	4592	0.0001714476601512866
4593	4593	2.2497540734581705
4594	4594	2.5341757653805086
4595	4595	0.532209124571772
4596	4596	0.2009172727428153
4597	4597	1.0517452620986065
4598	4598	0.18053073237756195
4599	4599	0.18203407688080186
4600	4600	0.7575510941815128
4601	4601	0.08955938504164163
4602	4602	0.5191696808823837
4603	4603	0.40450553758891555
4604	4604	0.3728767020049496
4605	4605	0.02506349994487865
4606	4606	0.006611821807480188
4607	4607	1.0021034193191627
4608	4608	0.019744475362691305
4609	4609	0.07895647644143854
4610	4610	0.07161200238403025
4611	4611	0.3543871989477983
4612	4612	0.007368244798626195
4613	4613	2.536559306038961
4614	4614	0.24109667499017495
4615	4615	0.2862404745446353
4616	4616	0.45401288865190426
4617	4617	0.00012268610968485104
4618	4618	0.06691061791153777
4619	4619	0.08621727844535912
4620	4620	0.08739208087832541
4621	4621	0.12971757365374112
4622	4622	0.00041459626070693227
4623	4623	0.1727876483895867
4624	4624	0.7727798173372981
4625	4625	1.3876287967411087
4626	4626	0.5540510790187436
4627	4627	0.3265194328209022
4628	4628	1.4199169638349163
4629	4629	1.5756626047250304
4630	4630	0.4381667354023703
4631	4631	0.018709015259886816
4632	4632	0.12439126561504434
4633	4633	2.3490532794432784
4634	4634	0.004503612743372836
4635	4635	0.2719922976894009
4636	4636	0.5227282997169687
4637	4637	0.7146186855006389
4638	4638	1.1994463905709833
4639	4639	0.08332216738354412
4640	4640	0.5612250648064644
4641	4641	0.4844157143829028
4642	4642	0.0946775471443404
4643	4643	0.028199499217445856
4644	4644	0.7869430486100482
4645	4645	0.025932199518482746
4646	4646	0.010976736791918998
4647	4647	1.0918553146152754
4648	4648	0.35060732330240013
4649	4649	0.2305362956408796
4650	4650	0.7493194807804405
4651	4651	0.5392101905061238
4652	4652	0.6006538970948408
4653	4653	1.4677694594269606
4654	4654	0.0007781290416000399
4655	4655	0.05117089762804697
4656	4656	0.5353735902393573
4657	4657	0.6271266378386404
4658	4658	2.803504122990603
4659	4659	1.6709389348154513
4660	4660	1.1946505377693912
4661	4661	0.1401653677523179
4662	4662	0.3370206062386446
4663	4663	0.35416621681510035
4664	4664	0.4154257687969677
4665	4665	0.024861803655839045
4666	4666	0.1549139914110019
4667	4667	0.07268154194613095
4668	4668	0.008828896707086186
4669	4669	0.20626882186163203
4670	4670	0.317887714723243
4671	4671	0.38376085129844734
4672	4672	0.009234157685594296
4673	4673	0.05359130601023911
4674	4674	0.015421514039642847
4675	4675	1.1082142976237912
4676	4676	1.2369112079671898
4677	4677	1.1468984975757042
4678	4678	0.4536792488238825
4679	4679	0.2687424033513445
4680	4680	1.6340964276730527
4681	4681	1.29017194848874
4682	4682	0.36527440038909575
4683	4683	0.05324755726722242
4684	4684	0.02264997092490244
4685	4685	0.07280987069182263
4686	4686	0.030467936984192378
4687	4687	0.40047624557630257
4688	4688	1.6062835554534514
4689	4689	0.9341050519512073
4690	4690	0.42089482607427986
4691	4691	1.1196652346176212
4692	4692	0.07959516052598517
4693	4693	0.2658394287015795
4694	4694	0.7376122820673293
4695	4695	1.5391755560167708
4696	4696	1.9247622096093404
4697	4697	0.014886626180895842
4698	4698	0.2816277347670003
4699	4699	0.9135762677192555
4700	4700	0.33290025522761674
4701	4701	0.9047104131072131
4702	4702	1.4433823031402548
4703	4703	0.057026643089252316
4704	4704	0.4600268700163658
4705	4705	0.19121646449516425
4706	4706	0.6387831366520598
4707	4707	0.02168488192630598
4708	4708	0.176469884641667
4709	4709	0.614936581915898
4710	4710	1.4052225377261445
4711	4711	1.5690178806058728
4712	4712	0.5381160683426001
4713	4713	0.0021654267396555753
4714	4714	0.8797601821836135
4715	4715	0.16192401883713262
4716	4716	8.912015328311515e-05
4717	4717	0.28151405516648653
4718	4718	1.175379389874883
4719	4719	0.2735379106103448
4720	4720	0.18474281387141822
4721	4721	2.101769339833896
4722	4722	0.00014053379134981739
4723	4723	8.423110452458322e-06
4724	4724	0.3514768201527944
4725	4725	0.0076882369542670866
4726	4726	1.3260460076836642
4727	4727	0.12546937076328998
4728	4728	0.1942445382467396
4729	4729	0.3204779750905472
4730	4730	0.2985075949159143
4731	4731	0.46054644165169867
4732	4732	0.1269218780670215
4733	4733	0.13602626083665084
4734	4734	0.45284769614724185
4735	4735	0.2838458340701422
4736	4736	0.13508338777791112
4737	4737	0.043418986259332736
4738	4738	0.031330121853312715
4739	4739	0.12283912424541817
4740	4740	0.030538525948422688
4741	4741	0.1251869998019348
4742	4742	4.88640350542675e-05
4743	4743	1.7881437718835987e-05
4744	4744	0.10079000055090928
4745	4745	0.20042097308831075
4746	4746	0.033926696440854893
4747	4747	0.2801978160974229
4748	4748	0.378466792565832
4749	4749	0.0006486791531919419
4750	4750	0.03398479464781111
4751	4751	1.2855326532735238
4752	4752	0.008712480629166767
4753	4753	2.3252019569272906
4754	4754	0.11284099823800402
4755	4755	0.0016926515286009283
4756	4756	0.46756326695579326
4757	4757	0.4458732660856451
4758	4758	0.4390723400391725
4759	4759	0.2247769221065113
4760	4760	0.009570856753177969
4761	4761	1.087706251844573
4762	4762	0.050664731891194074
4763	4763	2.163754223398411
4764	4764	0.05079168056017243
4765	4765	1.9043387857745098
4766	4766	0.028495679562255224
4767	4767	0.22844699273984867
4768	4768	0.1781040259529539
4769	4769	1.065067393710735
4770	4770	0.012682225796694042
4771	4771	0.6698523059654609
4772	4772	0.18612595510736737
4773	4773	0.4713857970042973
4774	4774	1.536610805825376
4775	4775	0.36558656616433
4776	4776	0.5828937149375195
4777	4777	0.032194523758945874
4778	4778	1.2804500621133543
4779	4779	2.559415640566425
4780	4780	0.14615187723768386
4781	4781	0.6830423656007237
4782	4782	0.01527227107296948
4783	4783	0.4971080436100341
4784	4784	0.005887990474685771
4785	4785	0.005857811804739602
4786	4786	0.787496784848424
4787	4787	0.045322076059390384
4788	4788	0.005218917924119245
4789	4789	0.48425847220478974
4790	4790	0.12635108474890877
4791	4791	1.3348365493433005
4792	4792	0.2632581046010083
4793	4793	0.06270071164120078
4794	4794	0.000404563132085494
4795	4795	0.17759454148457265
4796	4796	0.12539961922167367
4797	4797	0.5665863147936058
4798	4798	0.385554260212504
4799	4799	0.07216810326306375
4800	4800	0.7019149485431136
4801	4801	0.13654461281399036
4802	4802	0.0062643742605191935
4803	4803	0.3196951504281859
4804	4804	0.04864580044876172
4805	4805	1.24903093472822
4806	4806	1.2066512656451147
4807	4807	0.011468985139790383
4808	4808	0.3078949644822557
4809	4809	0.08921962013140386
4810	4810	3.2465673738919056
4811	4811	0.3944459709902661
4812	4812	0.5315455502950401
4813	4813	1.0926891988638057
4814	4814	0.1372678352758829
4815	4815	0.093047673456462
4816	4816	1.1489559664103977
4817	4817	0.28225077705732116
4818	4818	0.5530202653566639
4819	4819	0.26226228970070536
4820	4820	0.6742087193634853
4821	4821	0.0008820537873838395
4822	4822	0.16257483874848444
4823	4823	2.8263877515017533
4824	4824	0.1860514004148946
4825	4825	0.9447639601618584
4826	4826	0.019471957984434275
4827	4827	0.6137109160414599
4828	4828	0.14266727141111973
4829	4829	0.12244073245657242
4830	4830	0.4583391605649205
4831	4831	0.11885970913920503
4832	4832	0.11128435308540614
4833	4833	0.3264828210401264
4834	4834	3.263650944320232
4835	4835	0.14157581806773
4836	4836	1.679724951510065
4837	4837	0.5174038492980487
4838	4838	0.18280297962824474
4839	4839	0.8967644443435724
4840	4840	0.05954697499414591
4841	4841	0.0807476720648951
4842	4842	0.42972911535313035
4843	4843	0.29101558945816985
4844	4844	1.0924492935863235
4845	4845	0.28461180997845875
4846	4846	0.9968611024686259
4847	4847	0.07612231071084041
4848	4848	0.2252744948086935
4849	4849	0.09530701013806812
4850	4850	0.14952237571658591
4851	4851	0.293396549416532
4852	4852	0.8533323982720378
4853	4853	0.2173403989489058
4854	4854	1.9009126121681306
4855	4855	0.8741251100032502
4856	4856	0.03635668705800565
4857	4857	0.10345766895690621
4858	4858	0.9677377803280247
4859	4859	0.5619423736357142
4860	4860	0.01947867738615571
4861	4861	0.028828249989927456
4862	4862	1.1986646618798686
4863	4863	0.9009121656681776
4864	4864	0.5080645804285407
4865	4865	1.8598809960770228
4866	4866	0.012355667714446784
4867	4867	1.702275185316285
4868	4868	0.9547307494847143
4869	4869	1.0013094065674994
4870	4870	0.0943547227623668
4871	4871	1.9183955249871327
4872	4872	0.037985855499790604
4873	4873	0.07193920573464836
4874	4874	1.9190525791011466e-05
4875	4875	0.30298984383160005
4876	4876	0.0002668327452182367
4877	4877	0.5986879048109122
4878	4878	0.8055577086173628
4879	4879	1.4823907406614798
4880	4880	0.054326271650956076
4881	4881	0.14572616844836062
4882	4882	0.25400419911675454
4883	4883	1.600893504564916
4884	4884	0.3716337454521402
4885	4885	0.028489172812070442
4886	4886	0.1439758296392794
4887	4887	0.0419394872953044
4888	4888	0.2604386389786644
4889	4889	0.667257600575705
4890	4890	1.559236155521733
4891	4891	0.1362126104917865
4892	4892	0.061710108845416604
4893	4893	0.1827763726990259
4894	4894	0.000227933613698993
4895	4895	1.9052705473952285
4896	4896	0.12957038911531377
4897	4897	0.23800342903037094
4898	4898	0.027285987499460443
4899	4899	0.08375465503187986
4900	4900	0.36924829219033545
4901	4901	0.10393764125641544
4902	4902	0.27744265134447305
4903	4903	0.12216204683249231
4904	4904	1.1324822560471266
4905	4905	0.7123825176832631
4906	4906	0.21388086918525542
4907	4907	0.1793368702903409
4908	4908	0.016874565151325318
4909	4909	0.5111439275604093
4910	4910	0.08261764075382907
4911	4911	0.29782471470411487
4912	4912	0.42237752719761223
4913	4913	0.17316398275044062
4914	4914	0.15888284619295698
4915	4915	0.21132332012200794
4916	4916	0.033012700128537194
4917	4917	0.062583429859416
4918	4918	1.1690401911074606
4919	4919	0.005608613055050547
4920	4920	0.0017136497626405692
4921	4921	0.34088859298831087
4922	4922	1.8306052324594508
4923	4923	0.10341894053378885
4924	4924	0.48134099935826663
4925	4925	0.0007714009502352758
4926	4926	0.014742067301457948
4927	4927	1.5824375387186742
4928	4928	0.24531317234588282
4929	4929	0.661059611740063
4930	4930	1.4016465017611948
4931	4931	0.26117349131773937
4932	4932	0.04759348759080317
4933	4933	1.611207956508778
4934	4934	0.020782320994582708
4935	4935	0.13481550333307077
4936	4936	0.18865197771691908
4937	4937	0.022616548394901546
4938	4938	0.0008648766412455712
4939	4939	0.13571252243889392
4940	4940	0.7848328666256599
4941	4941	3.306030652366507
4942	4942	0.36056020159875457
4943	4943	0.5381328316372698
4944	4944	0.1258543062570403
4945	4945	0.4679141903780334
4946	4946	0.4452203263914306
4947	4947	0.0036724220069611897
4948	4948	0.17966092912717688
4949	4949	3.4821727724573632
4950	4950	0.5866617007489863
4951	4951	2.9744524645576376
4952	4952	3.342114578006559e-05
4953	4953	0.5268159055659256
4954	4954	1.2414261298824247
4955	4955	0.07315010396582577
4956	4956	0.8478306468005741
4957	4957	0.06604139589308844
4958	4958	0.36606396242569017
4959	4959	0.6532720262230345
4960	4960	0.019423959596639798
4961	4961	0.016615443029145485
4962	4962	0.05850343132873929
4963	4963	0.4136548364883391
4964	4964	0.10872516797034473
4965	4965	0.24653820300086887
4966	4966	6.229593135073199
4967	4967	2.513255288248013
4968	4968	0.1902061701180861
4969	4969	1.8013239851470613
4970	4970	0.0908277891925868
4971	4971	0.9724064789128742
4972	4972	1.690149431826197
4973	4973	0.8619049727589274
4974	4974	0.4887274908519461
4975	4975	0.7234186889814034
4976	4976	0.20539703942756427
4977	4977	0.06091059631005637
4978	4978	0.09261036338304515
4979	4979	2.9126461095076253
4980	4980	0.0965625271130226
4981	4981	0.5067243889603285
4982	4982	0.08667545443271943
4983	4983	0.34257355686406704
4984	4984	0.01995646007774093
4985	4985	0.5314840189474759
4986	4986	0.09210807635674448
4987	4987	0.8035407366965078
4988	4988	0.28583830623654843
4989	4989	0.32645475828003034
4990	4990	1.5494674658542333
4991	4991	1.267058614451334
4992	4992	0.135809054921343
4993	4993	0.4235015943283074
4994	4994	1.2905810146075614
4995	4995	0.009934670406145098
4996	4996	0.2824604981128982
4997	4997	0.0008099064093996243
4998	4998	1.760821356931295
4999	4999	0.06317052475243692
5000	5000	0.11761259828334394
5001	5001	0.06557367947639064
5002	5002	0.41028244150494925
5003	5003	0.027096826531856737
5004	5004	0.21897333316409498
5005	5005	1.2169972235903264
5006	5006	0.8453263773058881
5007	5007	1.186496714807624
5008	5008	0.6971281860859987
5009	5009	0.11271344885331071
5010	5010	9.220301976150452e-07
5011	5011	0.5348393385980698
5012	5012	0.001744254326610205
5013	5013	0.17067886716654251
5014	5014	1.0941749194623833
5015	5015	0.041247888486555896
5016	5016	0.06933798946106615
5017	5017	0.011638308798966228
5018	5018	1.4545291308476211
5019	5019	0.32379232222203136
5020	5020	0.1292993476923702
5021	5021	0.03775194136544046
5022	5022	1.7613755037842511
5023	5023	1.6262255857274543
5024	5024	0.14167625786981314
5025	5025	1.5458295185036792
5026	5026	0.06909653699746081
5027	5027	0.48128205095065923
5028	5028	3.8691652019018695e-06
5029	5029	1.0603753630212325
5030	5030	0.5526367232629075
5031	5031	0.04371505161509057
5032	5032	0.81987283161009
5033	5033	0.9519299094888258
5034	5034	0.6421323913675988
5035	5035	0.42100240472888506
5036	5036	0.018386142827143497
5037	5037	0.5191474621630101
5038	5038	1.6385995432614107
5039	5039	0.15248004606200793
5040	5040	3.0936414149738654
5041	5041	0.14330757340531908
5042	5042	1.2933218320856903
5043	5043	0.3623915012599345
5044	5044	0.294927577807338
5045	5045	0.003622910609356987
5046	5046	0.2097991847551278
5047	5047	1.943097903597405
5048	5048	0.23214765115332894
5049	5049	0.3694695630004006
5050	5050	0.40796348457260295
5051	5051	0.5289254666534704
5052	5052	0.07868261035716057
5053	5053	0.009649840183273918
5054	5054	0.02200812673341129
5055	5055	0.18876966545356777
5056	5056	0.2422807671073608
5057	5057	6.69891851719348e-05
5058	5058	0.1597199884281147
5059	5059	0.6855852733828728
5060	5060	0.482692794198374
5061	5061	0.21222779208664885
5062	5062	0.615397998496083
5063	5063	0.05107261917567897
5064	5064	0.6163733631060981
5065	5065	0.008956181583459257
5066	5066	0.3183960436672975
5067	5067	0.06436706867479583
5068	5068	3.3154235818391875
5069	5069	1.9860290026343241
5070	5070	0.23214713640036821
5071	5071	0.09984328428922913
5072	5072	0.0233707672708603
5073	5073	0.6671851434735084
5074	5074	0.5538328706197502
5075	5075	0.5875484656012265
5076	5076	0.015751584914752197
5077	5077	1.2456743085331112
5078	5078	1.0888706729097717
5079	5079	0.4123678617951029
5080	5080	0.073028933704311
5081	5081	0.003825066828136108
5082	5082	2.67314705916664
5083	5083	0.24033301917351757
5084	5084	0.14119628580143642
5085	5085	0.003774258508802844
5086	5086	0.27789529118517997
5087	5087	1.1190918780535837
5088	5088	1.5051033950056292
5089	5089	0.13280668087073852
5090	5090	0.06344257679428765
5091	5091	0.221354182804886
5092	5092	0.19948645196044357
5093	5093	0.069884057255429
5094	5094	0.01279729694901674
5095	5095	3.2894931784673815
5096	5096	0.24422559146089148
5097	5097	0.28964387941301933
5098	5098	0.06984373110700402
5099	5099	0.8533930457597917
5100	5100	1.3043608249681204
5101	5101	0.027781894343209507
5102	5102	0.17566832679753727
5103	5103	0.38868900272175183
5104	5104	0.8424827950505769
5105	5105	1.5179827450891965
5106	5106	0.2796163847167721
5107	5107	0.0001552500706233064
5108	5108	0.018583788693528096
5109	5109	0.0069402014374889435
5110	5110	0.3790418699959782
5111	5111	0.004818615725635736
5112	5112	0.07952069955359746
5113	5113	0.7896242733813127
5114	5114	0.8229432658265388
5115	5115	1.317371999658915
5116	5116	2.1281544219598847
5117	5117	0.2127348506501855
5118	5118	0.20230979992898807
5119	5119	0.03981804964744024
5120	5120	1.4853040939348865
5121	5121	0.43516861100554033
5122	5122	0.6928601941666996
5123	5123	0.02020072919861864
5124	5124	1.5388969260100485
5125	5125	4.936403258991347e-05
5126	5126	0.0004476972019908733
5127	5127	1.634605439571962
5128	5128	0.45438897841628956
5129	5129	0.13521110530809863
5130	5130	2.4034252448680316
5131	5131	0.030959472840450225
5132	5132	0.6151657681192545
5133	5133	0.017552739900492886
5134	5134	0.7399750796960537
5135	5135	0.32689572949650586
5136	5136	0.7027726932031755
5137	5137	0.48126797095504165
5138	5138	0.9281208954765964
5139	5139	1.0673186086846143
5140	5140	0.00043451563947236336
5141	5141	1.0460639429455443
5142	5142	0.06744533381900546
5143	5143	0.28785522651955986
5144	5144	0.15963066060621534
5145	5145	0.17652292977134715
5146	5146	0.6779474203520874
5147	5147	0.46196086410345266
5148	5148	0.3288228304673345
5149	5149	0.059133860902664794
5150	5150	0.01190762346466546
5151	5151	0.2266420434216272
5152	5152	0.6720404378363312
5153	5153	1.8168310035129305
5154	5154	0.21306505198754586
5155	5155	0.20127161209932878
5156	5156	0.042037284451958326
5157	5157	0.04403607932106049
5158	5158	0.10462610426390266
5159	5159	0.5731432198155217
5160	5160	0.5664343945013401
5161	5161	0.041991264298112584
5162	5162	2.4817705729380903
5163	5163	0.010929744738119048
5164	5164	0.11601189670302417
5165	5165	0.007518403613521525
5166	5166	0.22304452983742132
5167	5167	0.08177225383397574
5168	5168	0.08392241072151181
5169	5169	0.7531470638025667
5170	5170	0.0757184334616563
5171	5171	0.25507387310351803
5172	5172	1.216409222075599
5173	5173	0.03316602358601655
5174	5174	0.011086321552403683
5175	5175	0.07802534093201445
5176	5176	0.050974472979357595
5177	5177	0.053092394927723906
5178	5178	1.7353701191156525
5179	5179	0.11408261419129348
5180	5180	1.1118079339745184
5181	5181	0.37283017517083383
5182	5182	0.33932182485651796
5183	5183	0.4861955271968084
5184	5184	0.0018886191112498913
5185	5185	0.5252067469284324
5186	5186	0.41892987947626914
5187	5187	0.004738530510909763
5188	5188	0.9764142102899885
5189	5189	1.3177093949552938
5190	5190	0.7222922323524799
5191	5191	0.3442384133730443
5192	5192	0.277515286822178
5193	5193	0.011768941305506597
5194	5194	1.0789075293771497
5195	5195	0.209319272890281
5196	5196	0.010136572065448424
5197	5197	1.0279826578468179
5198	5198	1.0954792185762094
5199	5199	0.5789645254426639
5200	5200	0.32655952615690303
5201	5201	0.03249893296474233
5202	5202	0.00044023155755411965
5203	5203	0.9590995869392881
5204	5204	0.3951853096892912
5205	5205	0.2659205666495562
5206	5206	0.20589159785822664
5207	5207	0.9946041702205686
5208	5208	1.1321991761212546
5209	5209	0.6329317362569633
5210	5210	2.3675672870055298
5211	5211	0.3678349987425462
5212	5212	2.0795543097661966
5213	5213	0.2472045227502358
5214	5214	0.044454394357274996
5215	5215	0.6729471090079191
5216	5216	0.11101877048580824
5217	5217	0.005107222097593571
5218	5218	1.960711213273618
5219	5219	3.4160010022533593
5220	5220	0.6393820362156977
5221	5221	0.008682347152452315
5222	5222	0.7780664197456353
5223	5223	2.284216227586772
5224	5224	0.3845640045319807
5225	5225	0.06707084864078776
5226	5226	0.10217711672651307
5227	5227	0.004832338024318487
5228	5228	0.15397118878188062
5229	5229	0.07571282757680035
5230	5230	1.2646314892517567
5231	5231	0.35325908690297253
5232	5232	0.25217886827295966
5233	5233	0.5510889674999343
5234	5234	1.222605281466567
5235	5235	0.052510256117935646
5236	5236	0.013352704785914476
5237	5237	3.21806248880134
5238	5238	0.324786880635526
5239	5239	0.29814825462327676
5240	5240	0.9596479731484298
5241	5241	0.0011716346205874375
5242	5242	1.5615149119328455
5243	5243	0.007982790346604665
5244	5244	1.07170429100303
5245	5245	0.4648020358238749
5246	5246	0.10250844637098619
5247	5247	1.6360512355756605
5248	5248	0.007549731393469046
5249	5249	0.05037083429431338
5250	5250	1.6013267798856152
5251	5251	0.22008368542208875
5252	5252	2.3827842380489175
5253	5253	0.18395740442788075
5254	5254	0.10309362982513576
5255	5255	0.17325888085983024
5256	5256	0.3304572133002324
5257	5257	0.00975208857977004
5258	5258	1.4528983712233612
5259	5259	0.22782125137871942
5260	5260	2.562464606812057
5261	5261	0.7249747331090465
5262	5262	0.009246909200593716
5263	5263	0.782545167317187
5264	5264	0.00029930974773792734
5265	5265	0.007700670143587178
5266	5266	0.00039713932188335983
5267	5267	0.043328983623030795
5268	5268	1.1468743864177953
5269	5269	0.8734878310792614
5270	5270	3.2644855325351196
5271	5271	0.8470863758187491
5272	5272	1.1055661349086603
5273	5273	0.08570067671102927
5274	5274	0.023790705247245938
5275	5275	0.24258301107769756
5276	5276	0.2700066765549398
5277	5277	1.5170254309257833
5278	5278	0.0005706908500856414
5279	5279	0.07320560465005363
5280	5280	0.21270040491805164
5281	5281	0.00019186331642124531
5282	5282	0.17390836324947326
5283	5283	0.1272480283791319
5284	5284	0.0001457784901247678
5285	5285	0.1254570672574918
5286	5286	0.7485493851771894
5287	5287	0.015219290295134063
5288	5288	0.6186355917833865
5289	5289	1.082999959958375
5290	5290	0.41692049138267223
5291	5291	0.7811275430341028
5292	5292	0.0017051061064846196
5293	5293	1.244761365533199
5294	5294	0.7432028268615257
5295	5295	0.03660806046144777
5296	5296	0.6320971007822055
5297	5297	2.510350115017389
5298	5298	0.5472581430842896
5299	5299	0.4259003414495714
5300	5300	1.790647067660097
5301	5301	0.31195403875090766
5302	5302	0.4495976713774695
5303	5303	0.08484501177622492
5304	5304	0.006409601553558243
5305	5305	0.470404449482364
5306	5306	1.637567863665103
5307	5307	0.339482208967838
5308	5308	0.5880498561830388
5309	5309	0.7502662036717178
5310	5310	0.92772847462793
5311	5311	0.605026227722659
5312	5312	2.089107525589762
5313	5313	0.9159595274864049
5314	5314	0.895789330593035
5315	5315	0.12355376060507801
5316	5316	0.10331299217415196
5317	5317	0.63709303467083
5318	5318	0.13115078241367964
5319	5319	0.3698463188714858
5320	5320	0.17907755302300943
5321	5321	0.000189287630376361
5322	5322	0.01029185649010792
5323	5323	0.015989841782387625
5324	5324	0.6907930093609624
5325	5325	0.12958321631190936
5326	5326	0.891095695718037
5327	5327	0.5992241587957658
5328	5328	0.044172945197165046
5329	5329	0.007890782617223582
5330	5330	0.36800739748029493
5331	5331	0.20983547418558585
5332	5332	0.543573525516285
5333	5333	3.5363011044218187
5334	5334	0.14283681555151573
5335	5335	0.21291650015865443
5336	5336	0.783281883039606
5337	5337	2.9961185610479294e-05
5338	5338	0.04541750755299119
5339	5339	0.3905273072756596
5340	5340	0.023129682743961186
5341	5341	0.49210556327067656
5342	5342	1.6985909918056235
5343	5343	0.7483193472333133
5344	5344	0.9961093385137361
5345	5345	0.5716172319928903
5346	5346	1.1336657846360856
5347	5347	0.018951251362797253
5348	5348	0.3864210196917657
5349	5349	0.9676313743053713
5350	5350	0.041373675353085004
5351	5351	1.9012440261073482
5352	5352	1.2554796391211185
5353	5353	1.4151164095889506
5354	5354	5.694947246760833e-05
5355	5355	0.9653553138666074
5356	5356	0.010585333928695968
5357	5357	0.007833969013915067
5358	5358	0.022250659270361565
5359	5359	0.12166683234476225
5360	5360	1.715902197277595
5361	5361	1.4118307777981762
5362	5362	0.005218316640389354
5363	5363	0.08510542105840091
5364	5364	0.09936809783961803
5365	5365	0.5357746709884168
5366	5366	0.009774952056616232
5367	5367	0.31491902071131334
5368	5368	0.21992424892724977
5369	5369	0.01640249265602253
5370	5370	0.003037652894453915
5371	5371	0.9809790975916367
5372	5372	0.45316999700632615
5373	5373	0.2760534095590879
5374	5374	0.21178386924190734
5375	5375	0.01678724905702754
5376	5376	0.004010431309696162
5377	5377	0.29483641211507144
5378	5378	0.1636408766410077
5379	5379	0.5726651689359609
5380	5380	0.3392988846675157
5381	5381	1.2647411503533568
5382	5382	0.017043639861160836
5383	5383	0.5524026478158564
5384	5384	0.3303552834554428
5385	5385	0.8290266156652231
5386	5386	0.6217652553641958
5387	5387	0.6359240285985631
5388	5388	0.8336787610586484
5389	5389	0.4956147480227482
5390	5390	0.0999893332276329
5391	5391	0.45471487582069714
5392	5392	0.3091373812429371
5393	5393	0.40788807504891333
5394	5394	0.6192831655489378
5395	5395	0.08561030612071767
5396	5396	0.3391620605645647
5397	5397	0.11675188299095053
5398	5398	0.4624563514650761
5399	5399	0.5032369588465383
5400	5400	0.00483325979681214
5401	5401	0.5991820564868907
5402	5402	0.14115893154579873
5403	5403	0.0013835513419494555
5404	5404	0.006490100744368817
5405	5405	0.03419552342944216
5406	5406	0.09356254403512244
5407	5407	0.606678492956808
5408	5408	0.13158182624118514
5409	5409	1.692037851328095
5410	5410	0.018734920862627742
5411	5411	0.15617828501662812
5412	5412	1.0607139025912244
5413	5413	0.00018000378396886
5414	5414	1.3813914940067091
5415	5415	0.28129803653853114
5416	5416	0.08460120674274073
5417	5417	1.1930852730419639
5418	5418	0.028622252229473632
5419	5419	0.5948324755879685
5420	5420	0.044839636886238335
5421	5421	0.7498703924465344
5422	5422	1.251330845686638
5423	5423	0.8924007998843585
5424	5424	0.7815299123801218
5425	5425	0.6520970572826428
5426	5426	0.0006377890154500375
5427	5427	0.09888222957111135
5428	5428	0.1480309447259366
5429	5429	2.2084020198466843
5430	5430	0.21880052772005512
5431	5431	0.3788434031609247
5432	5432	0.18487341356650736
5433	5433	0.13555514082627937
5434	5434	0.23040895231077138
5435	5435	1.0740047036949847
5436	5436	0.010441407827420729
5437	5437	2.2370288199087587
5438	5438	0.05901819217941722
5439	5439	0.345689387205243
5440	5440	1.0509806390945977
5441	5441	0.4646240092108516
5442	5442	0.05325960106189564
5443	5443	1.909069453407808
5444	5444	0.8448069311020097
5445	5445	0.44294450483760917
5446	5446	4.727096734503746
5447	5447	0.07533709845026194
5448	5448	0.03996721701870729
5449	5449	0.01948272787580293
5450	5450	1.1238170508190273
5451	5451	0.01162245030365229
5452	5452	0.3435249451464402
5453	5453	0.3218109836741454
5454	5454	2.459830859743025
5455	5455	0.20378409909945036
5456	5456	0.11372105141638604
5457	5457	1.1117812979543065
5458	5458	0.3155280474066259
5459	5459	0.16924924974171981
5460	5460	0.09158418358624493
5461	5461	0.0067485207692389495
5462	5462	0.011375432874550654
5463	5463	0.49731975616550117
5464	5464	1.2928873126324867
5465	5465	0.2704068825301983
5466	5466	0.007664551921785213
5467	5467	0.63044080928788
5468	5468	0.6252098609332283
5469	5469	0.025991213283020835
5470	5470	0.24223535907306873
5471	5471	0.0031810004155026876
5472	5472	0.3897401966780087
5473	5473	0.41526675709069344
5474	5474	0.10775730760413776
5475	5475	0.09107250984264507
5476	5476	0.23339904785890853
5477	5477	0.9460961212090746
5478	5478	0.45613726007822236
5479	5479	1.1999219188411259
5480	5480	0.0016655095244360845
5481	5481	4.901365756394673
5482	5482	0.2550675015410775
5483	5483	0.1838114140844543
5484	5484	0.08937453231443714
5485	5485	0.081483696647144
5486	5486	0.0190594014431598
5487	5487	5.69179234441877e-05
5488	5488	1.5578526130617016
5489	5489	0.000396820804390569
5490	5490	0.12960172228446185
5491	5491	0.047838298321409733
5492	5492	0.3711031005341812
5493	5493	0.38745063088668186
5494	5494	0.053217456796247856
5495	5495	0.6929241912137045
5496	5496	0.5715761399044507
5497	5497	0.5886707207178479
5498	5498	0.006400091151608703
5499	5499	0.330148391301544
5500	5500	0.15939701578389706
5501	5501	0.119541426734888
5502	5502	0.5368763436148591
5503	5503	0.24285498037370165
5504	5504	0.2124066443906261
5505	5505	0.9756108979899641
5506	5506	0.8153726382053063
5507	5507	0.21859520465478194
5508	5508	0.5897276374295485
5509	5509	0.008660324277556601
5510	5510	0.26187808392405953
5511	5511	0.21278239118151038
5512	5512	0.12198326313571681
5513	5513	0.3301063318293163
5514	5514	0.002912892062023109
5515	5515	0.04278866734804063
5516	5516	0.14033053423513636
5517	5517	0.4316778500289889
5518	5518	0.1819108558877192
5519	5519	1.9470153098873693
5520	5520	0.34688610664612773
5521	5521	0.5105837718418419
5522	5522	0.23569439567395475
5523	5523	0.893376227409449
5524	5524	0.8269079621896253
5525	5525	1.170890933214903
5526	5526	0.5262261293795121
5527	5527	0.0033622531125502954
5528	5528	0.0025370530480443225
5529	5529	0.43513347714168177
5530	5530	0.2702542045853234
5531	5531	0.023860033462012646
5532	5532	0.3961085858827913
5533	5533	0.0018884371281879231
5534	5534	0.16841134881770364
5535	5535	0.11207776242430138
5536	5536	1.275426131422159
5537	5537	0.9144944883178012
5538	5538	0.06313048271999956
5539	5539	0.38437357858260385
5540	5540	0.037759322429022434
5541	5541	0.04395820094406516
5542	5542	0.2504168749731297
5543	5543	0.2883825318339603
5544	5544	0.8477506698663095
5545	5545	0.022276221420227883
5546	5546	1.00163669125721
5547	5547	0.9650912633067326
5548	5548	0.5925362025946629
5549	5549	0.18309390022582045
5550	5550	0.40712883006552586
5551	5551	0.07020768008250783
5552	5552	0.17573531829645803
5553	5553	0.1725544613699629
5554	5554	0.013346147164809434
5555	5555	0.5534071259665544
5556	5556	1.6234614596663388
5557	5557	0.25667181712201376
5558	5558	2.213471811558831
5559	5559	2.219577935760701
5560	5560	0.849576996889638
5561	5561	0.31709997146981383
5562	5562	2.2951415814869653
5563	5563	0.0024461795137384916
5564	5564	0.9519508623118017
5565	5565	0.18428063262030775
5566	5566	1.816637499158669
5567	5567	0.033028860918726644
5568	5568	0.0878071254671949
5569	5569	0.0007704810491663302
5570	5570	0.753450236449846
5571	5571	0.4154056476729986
5572	5572	0.25807130117603766
5573	5573	0.010850218896581524
5574	5574	0.34940982614864924
5575	5575	0.31013254814235924
5576	5576	5.226300609858603
5577	5577	0.0701215372175299
5578	5578	1.2552681468002307
5579	5579	0.2745667141874726
5580	5580	0.24989140301477236
5581	5581	0.44466638495307076
5582	5582	1.185190322522082
5583	5583	2.3652352424941245
5584	5584	0.07533299838876398
5585	5585	0.7936071952340813
5586	5586	2.109390059072646
5587	5587	0.14975939889688294
5588	5588	0.6081250093325921
5589	5589	0.42889222744157585
5590	5590	0.03694617023528901
5591	5591	0.00871449266983305
5592	5592	0.007766456035953095
5593	5593	0.36895678544076793
5594	5594	1.427709532449438
5595	5595	0.051065062461935054
5596	5596	0.03706821675775966
5597	5597	0.0014944154765583926
5598	5598	0.01839162751411784
5599	5599	0.21372201833193077
5600	5600	1.145146154093755
5601	5601	0.006194204854206933
5602	5602	0.0019653277907352986
5603	5603	2.6945735931486
5604	5604	0.1153557527147941
5605	5605	0.024876155464534092
5606	5606	0.04018782065471717
5607	5607	0.15934058607413482
5608	5608	0.21075797552441244
5609	5609	0.5495710608945003
5610	5610	0.7100413532111858
5611	5611	2.34971459932735
5612	5612	0.13136141597881465
5613	5613	0.013177378578726782
5614	5614	0.06457862440248374
5615	5615	0.0028586502406284958
5616	5616	1.2147380480443375
5617	5617	0.39563827165470117
5618	5618	0.020718390477129964
5619	5619	0.1663265194120689
5620	5620	0.005956742320184778
5621	5621	1.5857557450225614
5622	5622	1.1309344533533854
5623	5623	1.1321241364939096
5624	5624	1.1128300433824228
5625	5625	0.3248684862067904
5626	5626	0.8145044138682253
5627	5627	0.31602885661491303
5628	5628	0.9152704225198247
5629	5629	0.004581375364667971
5630	5630	0.000801531465893683
5631	5631	0.14291334949277978
5632	5632	0.043487005469746286
5633	5633	0.002114610077779692
5634	5634	0.01404041496956782
5635	5635	0.47371479871541494
5636	5636	0.9886284845942735
5637	5637	0.030241542644591057
5638	5638	0.012732256297144222
5639	5639	0.0032178878819132295
5640	5640	0.35293168087212023
5641	5641	1.3357328230337449
5642	5642	0.882267518891729
5643	5643	0.02110213211166297
5644	5644	1.6040350258862917
5645	5645	0.028537667111550664
5646	5646	0.02645645546967916
5647	5647	0.03745349641048997
5648	5648	0.5123204577197725
5649	5649	2.2289970945033533
5650	5650	0.0033230216146210656
5651	5651	0.06317344642505947
5652	5652	1.1792855714455686
5653	5653	4.187787810419421
5654	5654	0.643512831600692
5655	5655	0.0016551076260392379
5656	5656	0.0015208860329441794
5657	5657	1.6896237245719814e-06
5658	5658	0.39577114634964056
5659	5659	0.13795622745386618
5660	5660	0.1481024330506111
5661	5661	0.011555363432250079
5662	5662	0.25950308405017253
5663	5663	0.3821143389138692
5664	5664	0.4093206588334696
5665	5665	0.3225185209204515
5666	5666	0.2673388924061577
5667	5667	0.3592383337980277
5668	5668	0.09930900117938427
5669	5669	0.09850004337308096
5670	5670	0.1357388068857857
5671	5671	0.014189486848080551
5672	5672	1.042409310402072
5673	5673	0.7253583389079764
5674	5674	0.17128204559496285
5675	5675	0.0032998698202958416
5676	5676	0.997847662720893
5677	5677	0.30534745796009743
5678	5678	0.40197296864223087
5679	5679	1.9573595306075215
5680	5680	0.03213531569966388
5681	5681	0.011479930760325389
5682	5682	0.9664186446139565
5683	5683	0.010644591167353865
5684	5684	0.0028905984981964423
5685	5685	3.3863110340029308
5686	5686	0.013296563877619894
5687	5687	0.8309292553649147
5688	5688	0.022176889171379503
5689	5689	0.7109659018459304
5690	5690	0.22137976266941414
5691	5691	0.14790671234828487
5692	5692	0.0944551227102505
5693	5693	0.004795274567509006
5694	5694	0.571265201542074
5695	5695	0.02017064658648583
5696	5696	1.3377450444948893
5697	5697	0.007079310123098637
5698	5698	0.09978770257465969
5699	5699	0.0002274193802226352
5700	5700	0.061550211124131754
5701	5701	0.015748460629847298
5702	5702	1.0855213356642466
5703	5703	0.9690182151906186
5704	5704	0.6937161154477965
5705	5705	0.6791994929685118
5706	5706	0.9867311933709425
5707	5707	0.0401988909097526
5708	5708	0.010407402892932455
5709	5709	0.0004127968354398539
5710	5710	0.0024110121512270245
5711	5711	1.6895966438813508
5712	5712	0.04581524741194307
5713	5713	0.8272264964551385
5714	5714	0.01522057387474068
5715	5715	0.36229039371415767
5716	5716	0.0007805233776308879
5717	5717	0.331260622848552
5718	5718	0.0009006587246800966
5719	5719	0.10522082463852425
5720	5720	0.03895602619799141
5721	5721	0.06679655173995808
5722	5722	0.44999090253096813
5723	5723	3.0491540365641883
5724	5724	0.21439477376742677
5725	5725	0.5726786800769728
5726	5726	0.6282915364328094
5727	5727	0.007885017255238267
5728	5728	0.7454979496845258
5729	5729	0.3111919729664142
5730	5730	0.5661363626788755
5731	5731	0.36042899014703045
5732	5732	0.8495387694636911
5733	5733	0.09659263020726906
5734	5734	0.09299858736534437
5735	5735	0.23709593042172603
5736	5736	0.4040280241376964
5737	5737	0.07255684669596565
5738	5738	0.8344767056439204
5739	5739	0.07704227521377972
5740	5740	0.9881178505782272
5741	5741	0.9011921041959697
5742	5742	0.7612739479059348
5743	5743	0.008978460003775977
5744	5744	0.1906040986501523
5745	5745	0.3649854051869275
5746	5746	0.03689857902474691
5747	5747	0.00711002094903663
5748	5748	0.6557596001490389
5749	5749	1.2714095889550647
5750	5750	0.0012276423123876513
5751	5751	0.020966418169713057
5752	5752	0.4897378810418896
5753	5753	0.030277135075818508
5754	5754	0.7406058753324202
5755	5755	0.44613805349440483
5756	5756	0.04616221390972586
5757	5757	0.43818701590336284
5758	5758	0.021709828614218576
5759	5759	0.07528984013812065
5760	5760	0.08134790922364342
5761	5761	0.0025993682777273215
5762	5762	0.0412079767130188
5763	5763	0.02495548799267337
5764	5764	0.679771783919385
5765	5765	0.016961441411476298
5766	5766	0.0032441370219530095
5767	5767	1.3336606021123283
5768	5768	0.8217666078693506
5769	5769	0.06392906533293538
5770	5770	0.09187968388202514
5771	5771	0.5587661745791102
5772	5772	0.20062913198129925
5773	5773	0.0002955211174535336
5774	5774	0.26231824195127823
5775	5775	0.025691618965812114
5776	5776	0.5172862019913116
5777	5777	0.08352350703761771
5778	5778	0.2680236660667414
5779	5779	1.353839889197012
5780	5780	0.6702449924544057
5781	5781	0.04132651934881231
5782	5782	1.0437013695902257
5783	5783	1.8541310456600826
5784	5784	0.2909353574545478
5785	5785	0.29247439726233576
5786	5786	0.887185211688974
5787	5787	0.11283535187934822
5788	5788	0.3990205882142263
5789	5789	0.08674258783242146
5790	5790	0.7090852678097818
5791	5791	0.8580799138250294
5792	5792	0.05725472845092556
5793	5793	0.4117212667131112
5794	5794	0.005595722079842056
5795	5795	0.44155168000681905
5796	5796	2.900820915114859
5797	5797	0.42822998552560776
5798	5798	0.8313765742898941
5799	5799	0.02296867364434516
5800	5800	1.0096934311207613
5801	5801	0.015667838694557335
5802	5802	0.05709885787552644
5803	5803	0.2810254819169508
5804	5804	0.026519487142330902
5805	5805	0.33365216201089726
5806	5806	0.07774404749978231
5807	5807	0.3909199365151707
5808	5808	0.0963902628644915
5809	5809	0.03680685488902706
5810	5810	0.20255331883869993
5811	5811	0.2794102059992779
5812	5812	0.013315917620075318
5813	5813	0.14455380701908094
5814	5814	0.1122036291018786
5815	5815	2.521673899357609
5816	5816	0.17785795497724735
5817	5817	0.044008527156539905
5818	5818	2.6997613803402123
5819	5819	0.3522881909354548
5820	5820	0.05172037062720858
5821	5821	0.8038769363980197
5822	5822	0.21550017983024627
5823	5823	2.9499793775974075
5824	5824	0.143984514004262
5825	5825	0.20046132530998434
5826	5826	1.7008849102259294
5827	5827	0.34817541399714097
5828	5828	0.15399883253987945
5829	5829	0.030134014586609796
5830	5830	1.8429055526329012
5831	5831	1.373637860334264e-05
5832	5832	9.49024207792538e-05
5833	5833	0.7782162019870748
5834	5834	0.3069360173181359
5835	5835	0.0009795441357729666
5836	5836	0.002732291611564834
5837	5837	0.7928622612198946
5838	5838	0.2700077544531522
5839	5839	0.005051445197226155
5840	5840	0.35020532724039866
5841	5841	0.23697898712539225
5842	5842	0.03229248078380301
5843	5843	0.07901683205204475
5844	5844	0.1436542453383886
5845	5845	0.0011797738385616707
5846	5846	0.0001840163265424513
5847	5847	0.0174580305656978
5848	5848	0.11978054228260122
5849	5849	0.29359098473771944
5850	5850	0.059647548118514575
5851	5851	2.4948939211409966
5852	5852	0.1903934128349419
5853	5853	0.009678886882741287
5854	5854	0.03498332121501978
5855	5855	0.6597254544943253
5856	5856	0.21296921047057937
5857	5857	0.012529205697823197
5858	5858	0.0002643545724448105
5859	5859	0.1936165460922145
5860	5860	0.7692246817964394
5861	5861	0.20674808193726557
5862	5862	1.1843501032272956
5863	5863	0.017505587446624365
5864	5864	0.0014457261697817375
5865	5865	0.029259138283029094
5866	5866	0.6109657650320295
5867	5867	0.008618087455948671
5868	5868	0.10655171678518954
5869	5869	1.3601856495211264
5870	5870	9.820229707779804e-05
5871	5871	0.2547833655076321
5872	5872	0.0010335465232087211
5873	5873	0.4933970272639638
5874	5874	0.10480092616461102
5875	5875	2.4044874957605646
5876	5876	0.22835167075917048
5877	5877	0.12017109840457933
5878	5878	0.006788942927547308
5879	5879	0.27389463000272957
5880	5880	0.13800002235656114
5881	5881	0.13231511629421136
5882	5882	0.12200783843511699
5883	5883	0.7678095676843982
5884	5884	0.008716759845536999
5885	5885	0.7241371136493674
5886	5886	0.45941659496740883
5887	5887	0.03984846057872211
5888	5888	0.012723272112817721
5889	5889	0.15743064595176037
5890	5890	0.38956265914252586
5891	5891	0.0004607009322360627
5892	5892	0.2209185828326982
5893	5893	0.00781324111660912
5894	5894	1.2218905777611382
5895	5895	0.19743293521219615
5896	5896	0.040449222410655745
5897	5897	0.10450727477228619
5898	5898	1.1250063131267996
5899	5899	0.1237780816027218
5900	5900	0.045374869857918596
5901	5901	0.338679477896635
5902	5902	2.887600230176886
5903	5903	0.08932593855873353
5904	5904	0.11640528371470726
5905	5905	0.6135249123546996
5906	5906	0.32127618479630826
5907	5907	2.3479405590213123
5908	5908	0.25125440668820315
5909	5909	0.15607636960428461
5910	5910	0.9493538358079546
5911	5911	0.004405134630860866
5912	5912	0.1550116019047889
5913	5913	0.8686754977155587
5914	5914	1.230641654293331
5915	5915	0.05216700459395402
5916	5916	0.7131710494615805
5917	5917	1.208927045037071
5918	5918	1.456211016451574
5919	5919	0.11711172955746889
5920	5920	1.7875932194739719
5921	5921	0.6302485870503888
5922	5922	0.04817405745099269
5923	5923	0.10096395261618141
5924	5924	0.42556615597184966
5925	5925	1.023519977027115
5926	5926	0.6924046410726656
5927	5927	0.31356893483677556
5928	5928	0.4971481453705015
5929	5929	0.24393044533664443
5930	5930	0.019556454820987355
5931	5931	0.041088426967030946
5932	5932	0.009355311984480558
5933	5933	0.23435087206548721
5934	5934	0.6677903099579905
5935	5935	1.2196165070206297
5936	5936	0.040022616512388705
5937	5937	0.17758839591549017
5938	5938	0.2523635881671907
5939	5939	2.6307173003774413
5940	5940	0.003581669069015133
5941	5941	0.08158789710638771
5942	5942	1.0641124007369225
5943	5943	0.14783814597449563
5944	5944	1.2360632435179013
5945	5945	1.1189862043165737
5946	5946	0.00012900107582640755
5947	5947	0.23184973662001407
5948	5948	1.2521315735871972
5949	5949	0.348333863230095
5950	5950	0.19447935724915993
5951	5951	0.2733686300707312
5952	5952	0.7659999412180604
5953	5953	0.4017145624918139
5954	5954	1.0120375480120611
5955	5955	0.04902152804184738
5956	5956	0.04767587340808482
5957	5957	0.0027944555081075777
5958	5958	1.2789703524173517
5959	5959	0.28854440889942273
5960	5960	0.08837627427230232
5961	5961	0.10362105761118447
5962	5962	1.352244233419353
5963	5963	1.1873541967576529
5964	5964	0.2972074022015449
5965	5965	0.31248818349424035
5966	5966	0.1989320812112692
5967	5967	0.0021954278106049736
5968	5968	0.3512252934355313
5969	5969	0.275365102918152
5970	5970	1.2835920367695178e-05
5971	5971	0.0011091023339646897
5972	5972	0.201085757337115
5973	5973	3.1742977142212507
5974	5974	1.336891814120146
5975	5975	0.1428151477397827
5976	5976	0.3075104853868082
5977	5977	0.3078344648578074
5978	5978	0.047442865020287536
5979	5979	0.14935016256982134
5980	5980	0.21379143372220344
5981	5981	0.46639053099742767
5982	5982	0.7136233923891884
5983	5983	1.4238509278558569
5984	5984	1.385052449705874
5985	5985	3.699175882998281
5986	5986	0.17808028860114558
5987	5987	0.7235519621290593
5988	5988	1.538174980042253
5989	5989	0.6721329627761932
5990	5990	0.339818992112975
5991	5991	0.6602259601754374
5992	5992	0.0013506388582531963
5993	5993	0.2251004134981988
5994	5994	0.44242572554094667
5995	5995	0.21120202318585402
5996	5996	0.15038424750707416
5997	5997	0.0008201781535356363
5998	5998	1.0251613251617033
5999	5999	0.16741343351823762
6000	6000	0.6339397702263891
6001	6001	0.9096470553934669
6002	6002	0.43227640407773427
6003	6003	0.015671953046531184
6004	6004	0.023078899038530214
6005	6005	0.9794635274497301
6006	6006	0.46003885544562073
6007	6007	0.8304559351238388
6008	6008	0.445330476079765
6009	6009	0.017051641360633345
6010	6010	0.731530966358582
6011	6011	1.363039078645911
6012	6012	0.004667239164853897
6013	6013	0.23027341492795128
6014	6014	0.05145364347920883
6015	6015	0.2871191665797454
6016	6016	0.05671466621351221
6017	6017	0.01791044163466547
6018	6018	0.1326679755851246
6019	6019	0.1708231812288307
6020	6020	0.0072730686713340185
6021	6021	0.3007530318027903
6022	6022	3.110742281521491
6023	6023	2.1233392631462418
6024	6024	0.7438164240867265
6025	6025	0.09111251265612595
6026	6026	0.12470815782023283
6027	6027	1.0548378922971762
6028	6028	0.1742422116026558
6029	6029	0.004388457386604998
6030	6030	3.4874179320161702
6031	6031	0.2029727842544049
6032	6032	0.12867266617247805
6033	6033	0.9190611088387136
6034	6034	0.009125228569397818
6035	6035	0.5281602110351304
6036	6036	0.3721807021848091
6037	6037	0.011565583980496102
6038	6038	0.01018563966745283
6039	6039	0.21961525026471526
6040	6040	0.46421021457239114
6041	6041	0.084942306219935
6042	6042	0.01761936825353277
6043	6043	0.02058246998178164
6044	6044	0.1583108644468782
6045	6045	0.025732686305621984
6046	6046	0.03145215099629753
6047	6047	3.6977202173962795
6048	6048	0.4678730623694223
6049	6049	0.033873363637899806
6050	6050	0.1890022320452198
6051	6051	0.16099001544866098
6052	6052	0.48620641981467416
6053	6053	0.002559927228409546
6054	6054	0.4910135882735017
6055	6055	0.5788957358609019
6056	6056	0.6618333419188868
6057	6057	0.2786367794444653
6058	6058	3.1205984441252634
6059	6059	0.34308498902370005
6060	6060	0.12372472665306063
6061	6061	0.29653765537232163
6062	6062	0.009589615869111483
6063	6063	0.08404682773053447
6064	6064	0.13129946836301495
6065	6065	0.14183348394076245
6066	6066	1.0364410131204476
6067	6067	1.0473215151652435
6068	6068	0.11506070260191295
6069	6069	0.020287636510820457
6070	6070	0.6593326121853316
6071	6071	1.234931415843427
6072	6072	0.25211594787491537
6073	6073	0.5770996068538854
6074	6074	1.9939399341649942
6075	6075	0.07308976675075032
6076	6076	0.05793930369631725
6077	6077	1.6773654700752154
6078	6078	0.04636696807933791
6079	6079	0.06324937599315708
6080	6080	0.0838615996167519
6081	6081	0.04651237177472998
6082	6082	1.0866949597616382
6083	6083	0.5275742041535421
6084	6084	0.1744360282623956
6085	6085	0.35104123203726306
6086	6086	0.5028626502814357
6087	6087	1.524990591998941
6088	6088	0.8287723699916195
6089	6089	2.918065588476064e-09
6090	6090	0.3997503263392572
6091	6091	0.02429812471595753
6092	6092	0.012707216092994154
6093	6093	0.035555667261121686
6094	6094	0.6651905157037883
6095	6095	0.1499598016144506
6096	6096	0.11954379848194224
6097	6097	0.055055477797159504
6098	6098	1.0158691306641217
6099	6099	0.022759088366439858
6100	6100	0.7887448491090949
6101	6101	0.24159458339875636
6102	6102	0.4670574424746591
6103	6103	0.08181250009773602
6104	6104	0.13477222699831867
6105	6105	0.0366579190402611
6106	6106	0.25346896376390937
6107	6107	0.03582719669132854
6108	6108	0.10040403422217743
6109	6109	0.07148968865569157
6110	6110	0.07598550384682215
6111	6111	1.4249404629983962
6112	6112	0.07253838223178959
6113	6113	0.3704846443953698
6114	6114	0.10694249245629495
6115	6115	0.00886127662518177
6116	6116	0.1863816616597509
6117	6117	0.35420316848982886
6118	6118	0.00011257602979381312
6119	6119	0.12064177405327944
6120	6120	0.0012056648181607947
6121	6121	7.809885789957032e-05
6122	6122	1.6258019187490012
6123	6123	0.9066852057145081
6124	6124	0.795335811474547
6125	6125	1.6797203541971522
6126	6126	0.0010536819383190502
6127	6127	0.012600603556698006
6128	6128	0.012304839608311881
6129	6129	0.014736617969252115
6130	6130	0.7145822490981646
6131	6131	0.7400549836226009
6132	6132	1.9615516704126097
6133	6133	3.3125008131563902
6134	6134	0.2200184596374976
6135	6135	0.031133783688163514
6136	6136	0.0990937431308147
6137	6137	0.8686088887873651
6138	6138	0.01658679266092952
6139	6139	3.2763095029124356
6140	6140	0.7203740757658653
6141	6141	0.22795623860806552
6142	6142	0.129817064043217
6143	6143	0.7122077151668817
6144	6144	0.15399076201461415
6145	6145	0.25596090253703363
6146	6146	0.7573217295356927
6147	6147	0.42505845995289004
6148	6148	0.029584833065579727
6149	6149	0.04545439868378879
6150	6150	2.0171905024804437
6151	6151	1.5407858738146556
6152	6152	0.8835562119492587
6153	6153	0.25018109038138936
6154	6154	0.3224736912615118
6155	6155	2.0559794681912598
6156	6156	0.2212638603909333
6157	6157	0.9934950612997102
6158	6158	0.04512387363762698
6159	6159	0.0038443102658562755
6160	6160	0.4382090577962591
6161	6161	0.3062977160121137
6162	6162	0.4395837755104649
6163	6163	0.7244910206567106
6164	6164	1.342817540924631
6165	6165	0.056856674981252166
6166	6166	0.19830325533477233
6167	6167	0.6524197696628967
6168	6168	0.005773561958729448
6169	6169	0.11011048903026534
6170	6170	1.1631261468070915
6171	6171	0.9571558796941594
6172	6172	1.547108328176893
6173	6173	0.39504067912476365
6174	6174	0.9851377508982334
6175	6175	0.3084455810728897
6176	6176	0.20238070888688225
6177	6177	0.010473366828351524
6178	6178	0.17897366880359758
6179	6179	0.41760773523265293
6180	6180	0.1588975083606451
6181	6181	0.005390349796279716
6182	6182	0.4287331187900081
6183	6183	0.2039718354040417
6184	6184	0.0005326461695968473
6185	6185	0.11138441338825919
6186	6186	0.016224053998247327
6187	6187	0.3268185559462661
6188	6188	0.17255073072965307
6189	6189	0.10208595394314658
6190	6190	0.2144834778258272
6191	6191	0.1332339104264655
6192	6192	0.3021139559433763
6193	6193	0.777742824447577
6194	6194	0.09803630232251367
6195	6195	0.014598975486548356
6196	6196	0.07314371578488198
6197	6197	0.011466092408529551
6198	6198	0.0866048142662879
6199	6199	0.497682649242194
6200	6200	0.585094786747056
6201	6201	0.6402825616342013
6202	6202	0.962553410731298
6203	6203	0.6604908997619956
6204	6204	0.6305242624951618
6205	6205	0.10897753489508001
6206	6206	0.015527745694678194
6207	6207	0.3168565095341923
6208	6208	0.3614194916440467
6209	6209	0.3295611260662929
6210	6210	0.36821389877263233
6211	6211	0.3040953107931491
6212	6212	0.2010774089584918
6213	6213	0.7301961656558839
6214	6214	0.058259466317768224
6215	6215	0.5175698737920579
6216	6216	0.3837539476753841
6217	6217	0.04130369403364021
6218	6218	0.09975345316321571
6219	6219	0.31041037939150856
6220	6220	0.30236741237091663
6221	6221	1.4971136445119644
6222	6222	0.05544184153464338
6223	6223	0.015165101434926742
6224	6224	1.5868647096264474
6225	6225	4.664281578115395
6226	6226	0.4571810362330342
6227	6227	0.1734769443609695
6228	6228	0.015904420615677387
6229	6229	0.20109682003471074
6230	6230	0.004812043995579905
6231	6231	0.2758827769296293
6232	6232	0.4211956566710608
6233	6233	1.0649960594813683
6234	6234	0.4128794143174844
6235	6235	0.3308392030625264
6236	6236	0.22313176213011104
6237	6237	1.2886447460004011
6238	6238	0.10265741230561913
6239	6239	0.273700731714581
6240	6240	0.2129164644208646
6241	6241	0.06712349862117255
6242	6242	0.7922280187796775
6243	6243	0.7385730182235282
6244	6244	0.14196457917970642
6245	6245	0.0014480595573983495
6246	6246	0.0731005959624875
6247	6247	0.14426599474181803
6248	6248	1.3559373409513145
6249	6249	0.4495671786216438
6250	6250	0.2798353450430267
6251	6251	0.011968914597157378
6252	6252	0.16458565220042143
6253	6253	0.015460250635032383
6254	6254	0.3267256541542944
6255	6255	2.361465555878318
6256	6256	0.5519258127705805
6257	6257	0.5487395391835854
6258	6258	0.8797323673910761
6259	6259	0.6463444279839958
6260	6260	0.9063143331093055
6261	6261	0.504194551973263
6262	6262	0.2924470921985378
6263	6263	0.032977149750307466
6264	6264	0.05017790317581447
6265	6265	0.7815496159990831
6266	6266	0.650260158041584
6267	6267	0.13214116305107806
6268	6268	0.28633546238525087
6269	6269	0.9733309269208372
6270	6270	0.37153887828463006
6271	6271	0.22103234206058542
6272	6272	0.18682955255891961
6273	6273	0.0542926226025608
6274	6274	1.422365089827967
6275	6275	0.5222075791793286
6276	6276	0.3656455685401936
6277	6277	1.3404655914805814
6278	6278	0.22570867922103469
6279	6279	0.0017434759248224402
6280	6280	0.9076510152701753
6281	6281	0.9734910097669197
6282	6282	0.15636303360932782
6283	6283	0.11528639052960886
6284	6284	0.19915646149779084
6285	6285	0.1278392504443125
6286	6286	0.386044829479025
6287	6287	0.139176344701855
6288	6288	0.1294487837919347
6289	6289	0.3095167927218475
6290	6290	0.4502108015310401
6291	6291	1.0121245402467074
6292	6292	3.2286406366954123
6293	6293	0.4198799688262115
6294	6294	0.04243477070263566
6295	6295	0.3580206406262781
6296	6296	0.6031062492917867
6297	6297	2.5899771294451193
6298	6298	0.3164390488019939
6299	6299	2.896082570692872
6300	6300	0.3068457170654213
6301	6301	0.041564518495010486
6302	6302	1.6175264971389305
6303	6303	0.2859783636175923
6304	6304	0.006925118565557776
6305	6305	0.8413672684765469
6306	6306	0.5183812041864153
6307	6307	0.13168638331077048
6308	6308	0.03509724934075873
6309	6309	2.23767904432949
6310	6310	0.0329819941513141
6311	6311	2.6104714375104465
6312	6312	0.22507543362917445
6313	6313	0.22476475611388053
6314	6314	0.24311768148241486
6315	6315	0.20319971339634327
6316	6316	0.0013579571353940895
6317	6317	0.39643536573744315
6318	6318	0.38760786797604746
6319	6319	0.14692372313473648
6320	6320	0.005703578130622762
6321	6321	0.18115967885854745
6322	6322	0.21517589548001334
6323	6323	1.6469776475385924
6324	6324	0.2865637674795021
6325	6325	0.3308416372985458
6326	6326	4.064529384704553e-08
6327	6327	1.397838366134808
6328	6328	0.17443087718792943
6329	6329	0.12315202553359766
6330	6330	0.4558075807853736
6331	6331	0.3180855328639476
6332	6332	0.23134236517323697
6333	6333	0.00516727387933542
6334	6334	2.559535796226454
6335	6335	0.06389813132334508
6336	6336	0.002583072115348841
6337	6337	0.20321894695381224
6338	6338	0.017989521031210293
6339	6339	0.33572905474937953
6340	6340	0.0392600570875507
6341	6341	0.09670373407609108
6342	6342	0.19553211990836755
6343	6343	0.3963841108388916
6344	6344	0.5993925986038385
6345	6345	0.0005924695744514096
6346	6346	0.04297035666690925
6347	6347	0.017592548034550005
6348	6348	0.6160724338812973
6349	6349	0.4849487863233458
6350	6350	0.2649305554864659
6351	6351	0.14731328513585343
6352	6352	1.0095788519589088
6353	6353	0.0005701351684188939
6354	6354	0.016132158742932824
6355	6355	1.0463397360974087
6356	6356	0.025657615480282985
6357	6357	0.26596336786718366
6358	6358	0.29849773590068646
6359	6359	0.5311490806437145
6360	6360	0.21534246216258224
6361	6361	0.01091788816559749
6362	6362	0.002747883597939398
6363	6363	0.9974163098034358
6364	6364	0.0719439525377329
6365	6365	1.919178220008763
6366	6366	0.07404198304584073
6367	6367	0.5059851923672596
6368	6368	0.2582525596877098
6369	6369	1.1406243366041213
6370	6370	0.13718799064967876
6371	6371	0.11150101505451952
6372	6372	0.137505282630392
6373	6373	0.007780726273028089
6374	6374	1.3163665680129764
6375	6375	0.055049416589994404
6376	6376	0.020403126971412795
6377	6377	0.3059939342007804
6378	6378	0.21956703631108826
6379	6379	0.17219595112184635
6380	6380	2.7929309767347124
6381	6381	0.0029613612119935052
6382	6382	0.2825977735724466
6383	6383	0.24801479148213965
6384	6384	0.004671227537541642
6385	6385	0.3664589812374447
6386	6386	1.0684062674728285
6387	6387	0.8091613096042107
6388	6388	1.3628157142273556
6389	6389	0.538232256078464
6390	6390	1.0091304651692659
6391	6391	0.28941138242731207
6392	6392	6.500853761760542e-06
6393	6393	0.14299924281652995
6394	6394	0.0773891561310253
6395	6395	0.5477256881091955
6396	6396	0.0651836958303904
6397	6397	0.21821238637921186
6398	6398	0.22144332276892847
6399	6399	0.28085465309628604
6400	6400	0.01760573018042099
6401	6401	0.0017197223702024153
6402	6402	0.062154286849868484
6403	6403	0.14088587512288536
6404	6404	0.20495925203697588
6405	6405	0.2530898664018997
6406	6406	0.11470492295761096
6407	6407	0.3908214745893174
6408	6408	0.006311890528427971
6409	6409	0.005516852385601031
6410	6410	0.18509895600416648
6411	6411	2.0534197181874982
6412	6412	1.1478249949239971
6413	6413	0.0009357055188508035
6414	6414	0.13816907035283912
6415	6415	0.002879502275724547
6416	6416	0.14966287726849867
6417	6417	0.08878776100977967
6418	6418	0.009251415766917825
6419	6419	2.116535332833555
6420	6420	0.22732163364131228
6421	6421	0.7898269624890479
6422	6422	1.3395537065136212
6423	6423	0.0009818770145620375
6424	6424	0.4408270002952541
6425	6425	0.1838499577397274
6426	6426	3.0982652635790604
6427	6427	0.797383092011489
6428	6428	0.029263724455555255
6429	6429	0.004425684340821197
6430	6430	0.007340121076162209
6431	6431	0.23289429423183233
6432	6432	1.9399348343626746
6433	6433	0.2204296142096341
6434	6434	1.170741880600578
6435	6435	0.12631087423186277
6436	6436	0.3062891540644765
6437	6437	0.030059087800230387
6438	6438	0.8996388000836918
6439	6439	2.207961008256171
6440	6440	0.6630653016368365
6441	6441	0.2733014824430437
6442	6442	1.6913877156402448
6443	6443	2.0266074263812563
6444	6444	0.219932630605695
6445	6445	0.031545383652584136
6446	6446	0.19115365670624135
6447	6447	0.4832436603497579
6448	6448	0.002276810576120638
6449	6449	0.017998397482334085
6450	6450	0.012466165620387885
6451	6451	1.0629027854951771
6452	6452	0.023800357978662205
6453	6453	0.0003360794078513962
6454	6454	0.03252625196452016
6455	6455	1.1803086573779684
6456	6456	0.9460406581850072
6457	6457	0.14385923764066305
6458	6458	0.23456819172504367
6459	6459	0.05090741940478445
6460	6460	0.08341887275462366
6461	6461	0.16694673438939944
6462	6462	0.022921922610665776
6463	6463	1.539823265867063
6464	6464	0.15779845507551934
6465	6465	0.06729597407231397
6466	6466	0.09506161634435278
6467	6467	2.0250613707963785
6468	6468	0.9894447033568313
6469	6469	0.11297238343266981
6470	6470	0.07961022921010845
6471	6471	5.4969721468926296e-08
6472	6472	0.0035481350976068605
6473	6473	0.2733362525862364
6474	6474	0.4956772926964522
6475	6475	0.029192130665604474
6476	6476	0.2916912630659188
6477	6477	0.10852061936853749
6478	6478	5.0352265424257e-05
6479	6479	1.8571083884857873
6480	6480	0.2401701409269817
6481	6481	0.013286677635476496
6482	6482	0.13527692810570704
6483	6483	0.40589370439557804
6484	6484	4.818325160629959e-06
6485	6485	0.14805072720012805
6486	6486	0.06221909947756339
6487	6487	0.08250266201340423
6488	6488	0.02517411618380802
6489	6489	0.0004979718059246033
6490	6490	0.10404250428296492
6491	6491	0.019565491750112376
6492	6492	0.04771693866475879
6493	6493	0.3535876394962054
6494	6494	0.5119370690582229
6495	6495	0.4956803581145937
6496	6496	0.082637402455742
6497	6497	1.2262980223124935
6498	6498	0.9453157505181445
6499	6499	1.6907391111398875
6500	6500	0.01202301202529103
6501	6501	0.1542281795840025
6502	6502	0.004718333418247183
6503	6503	2.107964705951347e-08
6504	6504	0.06912815300295092
6505	6505	0.005299287478418493
6506	6506	0.009018109883426223
6507	6507	0.08783419992633774
6508	6508	0.005050340599275092
6509	6509	0.3886667815199457
6510	6510	0.10050479415831473
6511	6511	0.28404952778202747
6512	6512	0.01615062956082219
6513	6513	1.034650481147959
6514	6514	1.4442888840324974e-05
6515	6515	1.6642538284640616
6516	6516	0.015123972525880724
6517	6517	0.6983031615703484
6518	6518	2.7682312890686243
6519	6519	0.03233829944820658
6520	6520	0.07197288546638274
6521	6521	0.9646883942703508
6522	6522	2.0296987057587494
6523	6523	0.07883742613538228
6524	6524	0.5304740319882821
6525	6525	0.9720439791837582
6526	6526	0.02426575730774487
6527	6527	0.17321771831196722
6528	6528	1.78000723514958
6529	6529	1.189934328516992
6530	6530	0.1579626798788381
6531	6531	0.02176415887925315
6532	6532	0.2535922856240003
6533	6533	0.009696150326467288
6534	6534	0.3935742882125116
6535	6535	0.013753949956062406
6536	6536	0.22484179378350683
6537	6537	0.7232280729224109
6538	6538	0.0016653821102252588
6539	6539	0.03757111690949562
6540	6540	0.007295576351711832
6541	6541	0.09146874112761087
6542	6542	0.12131346619310217
6543	6543	0.23524277353797687
6544	6544	0.15992726390829687
6545	6545	0.014549270078769765
6546	6546	0.5846282521081924
6547	6547	1.0878893251727424
6548	6548	0.7729643457706812
6549	6549	0.36131052193136287
6550	6550	0.37608071832997364
6551	6551	0.13479154147523284
6552	6552	1.6914327365368698
6553	6553	1.0523679370208645
6554	6554	0.4565145484403138
6555	6555	2.1223390498420356
6556	6556	0.09942314741743033
6557	6557	0.5621277437266969
6558	6558	1.366936457776251
6559	6559	0.0286751064993786
6560	6560	0.030308895965576177
6561	6561	1.605463774501775
6562	6562	1.0423591812725532
6563	6563	0.008423789976734503
6564	6564	0.18153288504405177
6565	6565	2.112412522392513
6566	6566	0.10397108740359275
6567	6567	0.00016774355197627107
6568	6568	1.157628861386469
6569	6569	1.1118291422932154
6570	6570	0.26232541884339655
6571	6571	0.4730795180557535
6572	6572	0.7883285531669155
6573	6573	0.16465699747335433
6574	6574	0.37291725129225656
6575	6575	0.9314172347387393
6576	6576	0.0407417146920987
6577	6577	1.3468821496172876
6578	6578	0.0192577575897747
6579	6579	0.03863563021698549
6580	6580	0.45915197348211484
6581	6581	0.0260811191961837
6582	6582	0.6949498786088352
6583	6583	0.08399731608798967
6584	6584	0.8337484499662151
6585	6585	0.055415625499615984
6586	6586	1.6265863404651109
6587	6587	0.7740128078832952
6588	6588	0.26546232338635345
6589	6589	0.590701398752903
6590	6590	0.47152436221853955
6591	6591	0.8388088576144708
6592	6592	0.3138451402795854
6593	6593	0.5481249019339375
6594	6594	0.01715693669434388
6595	6595	0.4180079133276825
6596	6596	0.35646188727809575
6597	6597	0.22069221979201725
6598	6598	0.06714152693896877
6599	6599	0.8173704351760094
6600	6600	3.7058569901917062
6601	6601	5.2252732780507104e-05
6602	6602	0.45916009838663013
6603	6603	0.00011555544306568026
6604	6604	0.42189039460926064
6605	6605	0.6838573246807436
6606	6606	0.1851239623444325
6607	6607	0.0003956486066942703
6608	6608	0.31395058135028353
6609	6609	0.03208598450436657
6610	6610	0.58832150793994
6611	6611	0.5744381790622993
6612	6612	1.8342232868687058
6613	6613	0.1301452827649786
6614	6614	0.09404626401862179
6615	6615	0.015381126239036154
6616	6616	0.00235369902030443
6617	6617	0.18655982715885247
6618	6618	0.010541693413221712
6619	6619	0.005460968054091956
6620	6620	0.13667091744760676
6621	6621	0.0015767022866986417
6622	6622	0.4380996851552135
6623	6623	0.17990134094882798
6624	6624	1.304078102804553
6625	6625	0.7023494343997675
6626	6626	0.12038471392471457
6627	6627	0.11146418294350016
6628	6628	0.10266872241322934
6629	6629	1.914657039089894
6630	6630	0.09514928524959596
6631	6631	0.3922817123600022
6632	6632	0.6518231809417696
6633	6633	0.0018382180244073075
6634	6634	0.09286827871546877
6635	6635	0.15836043113129175
6636	6636	0.004903014212376215
6637	6637	2.1177108566689484
6638	6638	0.20232244318001505
6639	6639	1.2206616771859014
6640	6640	0.5759654821109754
6641	6641	0.012178385127545044
6642	6642	0.04511776496355622
6643	6643	2.7190426993461116
6644	6644	0.23815898142365236
6645	6645	0.7891240983680204
6646	6646	0.059330805236991246
6647	6647	2.424017835368191
6648	6648	2.4265898145620786
6649	6649	0.5439236708287051
6650	6650	0.23532055034764152
6651	6651	0.17446487418224849
6652	6652	0.0052605420094911015
6653	6653	0.5828298915959156
6654	6654	0.00015456385827403903
6655	6655	0.010085093152299662
6656	6656	0.9049598069159496
6657	6657	0.2607627966945132
6658	6658	0.0046698682438173125
6659	6659	0.039346247892998926
6660	6660	1.7026551725555594
6661	6661	7.920362375829097e-05
6662	6662	0.05265420568993328
6663	6663	0.021228291693782052
6664	6664	0.6747574110447813
6665	6665	0.016253622533220432
6666	6666	0.5886629815545227
6667	6667	1.1346272149729983
6668	6668	0.6224363625083823
6669	6669	0.013139439950826672
6670	6670	0.8110987599749273
6671	6671	0.013301540776130329
6672	6672	0.48079860680929276
6673	6673	0.04622937353073813
6674	6674	2.2807066675520264
6675	6675	0.6127562936122022
6676	6676	0.20202943629487896
6677	6677	0.3585360797106314
6678	6678	0.5344402426905189
6679	6679	0.13673550182038535
6680	6680	0.24157073313359392
6681	6681	0.4146403273583767
6682	6682	0.010887267779507232
6683	6683	0.14011785098960391
6684	6684	0.03776882230596438
6685	6685	0.12150723399645307
6686	6686	0.0018233281685851668
6687	6687	0.011117924969421825
6688	6688	0.07360820331045369
6689	6689	0.30749858457004087
6690	6690	1.2724818598922596
6691	6691	0.013466409772778897
6692	6692	1.8152580051392333
6693	6693	2.259552339280836
6694	6694	0.08186096314635635
6695	6695	0.05795645986766473
6696	6696	1.0712494718647978
6697	6697	1.929392487540704
6698	6698	0.7459219467502727
6699	6699	0.033824191802108446
6700	6700	0.36075687295411574
6701	6701	1.4889797519009724
6702	6702	2.1128421727467748
6703	6703	0.07416867656564903
6704	6704	0.09360410779173237
6705	6705	0.14081142997404503
6706	6706	0.000986425700169723
6707	6707	0.03579033909890795
6708	6708	1.0788874226246696
6709	6709	1.3788123940088868
6710	6710	0.022988939129295997
6711	6711	0.4323421147411971
6712	6712	0.0021374691383928093
6713	6713	0.13999314937489937
6714	6714	0.03391590336158542
6715	6715	0.009526425207672554
6716	6716	0.14260000648323862
6717	6717	1.7569975696501323
6718	6718	0.26002800558592887
6719	6719	0.17158242953379227
6720	6720	0.0010497284639271309
6721	6721	0.1328859320303322
6722	6722	0.608390074101867
6723	6723	0.02304336810287169
6724	6724	0.40328069159492336
6725	6725	0.20544940242913604
6726	6726	2.5188400967538285
6727	6727	0.3468591773511405
6728	6728	0.889694596596049
6729	6729	0.15373073129165668
6730	6730	0.005624330315820221
6731	6731	0.006268053634401362
6732	6732	0.8229566479670817
6733	6733	0.40135342515238337
6734	6734	0.23676397251074907
6735	6735	2.071945046940411
6736	6736	0.675977622294569
6737	6737	0.16429887604232724
6738	6738	0.1915311263845399
6739	6739	0.7033075873328074
6740	6740	0.030829228610433444
6741	6741	0.32775439955598523
6742	6742	0.25612470943620663
6743	6743	0.3034477217683057
6744	6744	0.17887639635734287
6745	6745	1.3288644002284107
6746	6746	0.00886779385196457
6747	6747	0.7478543175569572
6748	6748	0.03996948115995579
6749	6749	0.6544834038537253
6750	6750	0.32268589522578145
6751	6751	0.002851368665807153
6752	6752	1.1973608511167266
6753	6753	0.18892815248819889
6754	6754	0.2508720605756732
6755	6755	0.006055419759749748
6756	6756	0.1976212964887439
6757	6757	0.004275588863525522
6758	6758	2.8048404623304504
6759	6759	0.03896052090668443
6760	6760	4.677294290243188e-06
6761	6761	0.003422235828255498
6762	6762	0.25918044854198136
6763	6763	0.06725175420146272
6764	6764	0.12426177771311557
6765	6765	0.44199978945408547
6766	6766	0.12416778843423129
6767	6767	0.020112112031934234
6768	6768	0.16421839891846193
6769	6769	0.1784891100628876
6770	6770	0.0831667942824123
6771	6771	0.03859250451101416
6772	6772	0.589965264997143
6773	6773	0.4879432444703676
6774	6774	3.8980097487771485e-06
6775	6775	0.03163950330650044
6776	6776	0.6067393948278059
6777	6777	0.15685419631753167
6778	6778	0.554799568193832
6779	6779	1.30485028810429
6780	6780	0.010928246805827121
6781	6781	0.22322805270046145
6782	6782	0.04982461962488562
6783	6783	0.012441185825061943
6784	6784	3.785923592472906
6785	6785	0.07869737732082126
6786	6786	0.029439045388864497
6787	6787	0.15926776933492376
6788	6788	0.709515721160007
6789	6789	3.0623299653027294e-05
6790	6790	0.0029519997357074098
6791	6791	0.006314767672509995
6792	6792	0.4239874846821476
6793	6793	0.1273438525689282
6794	6794	1.6751124857094806
6795	6795	0.00032621315696554777
6796	6796	0.14640013987905123
6797	6797	0.014256417731261324
6798	6798	0.15673179722091884
6799	6799	0.46574025370884603
6800	6800	0.6212276466667652
6801	6801	0.18990208668260977
6802	6802	0.4201584282659753
6803	6803	0.503328757006943
6804	6804	0.9767368913293022
6805	6805	0.5142924001200719
6806	6806	1.4577279736256115
6807	6807	0.30230138642169874
6808	6808	0.0012618370125930232
6809	6809	0.1818769970119853
6810	6810	0.657567655459572
6811	6811	0.1335747258810177
6812	6812	0.22361393858190037
6813	6813	0.20706311791354154
6814	6814	0.00041015719135080014
6815	6815	0.17057694629327
6816	6816	0.23534673897197445
6817	6817	0.3482876769146735
6818	6818	0.8100538573673217
6819	6819	0.042005358629516765
6820	6820	0.2776732631770496
6821	6821	0.30964740398095575
6822	6822	1.852652327426085
6823	6823	0.14497373769719965
6824	6824	0.7325906806178591
6825	6825	2.2258682704563064
6826	6826	0.03433111745032693
6827	6827	0.957711619055695
6828	6828	0.13267942598675253
6829	6829	0.2717268767618431
6830	6830	0.08662170822065596
6831	6831	0.9647867822410754
6832	6832	0.010871536712769227
6833	6833	0.4958152257780417
6834	6834	0.43027105614908656
6835	6835	0.22568350248870409
6836	6836	0.02726863917246052
6837	6837	0.0023852685032337926
6838	6838	0.29990988385514716
6839	6839	0.09917362695137005
6840	6840	0.013124069085954326
6841	6841	0.6031243932404579
6842	6842	0.2485820556478397
6843	6843	0.0067118921089749616
6844	6844	9.302112206429623e-06
6845	6845	0.4277790445944518
6846	6846	0.5966642297346069
6847	6847	1.9767644877596928
6848	6848	0.08568324559820562
6849	6849	0.013162967409232234
6850	6850	0.6894207655423173
6851	6851	0.14694840995184924
6852	6852	0.45989475757996895
6853	6853	0.46437129346108946
6854	6854	0.10141852972429224
6855	6855	0.03538341627963946
6856	6856	0.119770998854781
6857	6857	0.15009577753539874
6858	6858	0.22278335363571564
6859	6859	0.886659760052944
6860	6860	0.8804180855163259
6861	6861	0.1481931065844181
6862	6862	0.3346084070143105
6863	6863	0.1927242146986866
6864	6864	0.0027590034962459427
6865	6865	0.002120943151764985
6866	6866	0.6568302162022157
6867	6867	0.19045741301470862
6868	6868	0.023606555866131165
6869	6869	1.451256043434869
6870	6870	0.03440082452454959
6871	6871	0.6079835536295458
6872	6872	0.0032423573330117245
6873	6873	0.03477843644583146
6874	6874	0.00016083700747286165
6875	6875	0.956828982487044
6876	6876	0.8230138644732455
6877	6877	0.09182253608779434
6878	6878	0.3390594508165951
6879	6879	0.37716891223523785
6880	6880	0.032764777005410944
6881	6881	0.17565140016249603
6882	6882	0.38056563061397
6883	6883	2.022032408733179
6884	6884	0.2935975042117341
6885	6885	0.017821940014853932
6886	6886	0.33132406164216577
6887	6887	0.6417157435793321
6888	6888	0.045894727755041054
6889	6889	0.13373463855612913
6890	6890	0.17047457673792046
6891	6891	3.1383504604754617
6892	6892	0.04401595188889607
6893	6893	3.886856762364094e-06
6894	6894	1.208658971516279
6895	6895	0.0338191906473996
6896	6896	1.8114421738847948
6897	6897	4.2164721122734936e-05
6898	6898	0.006233790973291848
6899	6899	0.1077563134480975
6900	6900	0.009338166866045675
6901	6901	0.23644709011903534
6902	6902	0.09457198754310558
6903	6903	0.05835767727552099
6904	6904	0.5937214512474853
6905	6905	0.15906506350004848
6906	6906	1.2315253092783787
6907	6907	0.2932758833872153
6908	6908	0.08977658391317841
6909	6909	0.46987008442187617
6910	6910	0.21389034898366643
6911	6911	1.1899614868423227
6912	6912	0.16673773007107648
6913	6913	0.12222762668651896
6914	6914	0.9485834880848903
6915	6915	1.9645902562872042
6916	6916	0.8498989318280945
6917	6917	0.007884651232943511
6918	6918	1.698525653943934
6919	6919	0.2935059852375078
6920	6920	0.01739332700468179
6921	6921	0.050897745393668696
6922	6922	0.06137092690747808
6923	6923	1.0052031541361288
6924	6924	0.00032572010323605576
6925	6925	0.43268337266998474
6926	6926	0.4400053553657728
6927	6927	0.6095656392217416
6928	6928	0.07898388827927326
6929	6929	0.8367974036548227
6930	6930	0.07205708768075879
6931	6931	0.2186817361522761
6932	6932	1.8242709928939094
6933	6933	0.38873447620861
6934	6934	0.21718717439413435
6935	6935	0.3748684794264928
6936	6936	0.41804156661530845
6937	6937	0.06909170405347015
6938	6938	0.21298536172361812
6939	6939	0.0023082600309916033
6940	6940	0.005977284532970941
6941	6941	0.10884907963621542
6942	6942	0.20160670173530734
6943	6943	0.6139410526119726
6944	6944	0.26153454121790554
6945	6945	0.7429740321807916
6946	6946	0.0009789809960578082
6947	6947	0.011310824367156054
6948	6948	0.8396203237839209
6949	6949	0.2247277430535098
6950	6950	0.9113962571348906
6951	6951	0.0005438151921096952
6952	6952	0.5873207071841687
6953	6953	0.3607883033066585
6954	6954	0.0007389330506629248
6955	6955	0.08978281626440912
6956	6956	0.4095881650294323
6957	6957	0.360921945097435
6958	6958	0.48931250055728115
6959	6959	0.2582555017820366
6960	6960	0.3961602566609887
6961	6961	0.02109944587493609
6962	6962	0.0017828574098785787
6963	6963	1.3254958401913501
6964	6964	0.19931943780695502
6965	6965	0.30285776564813033
6966	6966	0.36481692229803797
6967	6967	0.2814046200382605
6968	6968	0.5543994716076347
6969	6969	0.3754799071248603
6970	6970	0.10045258167905571
6971	6971	1.3492605293165123
6972	6972	1.280923720019055
6973	6973	0.07031542892499158
6974	6974	0.0010724868306571402
6975	6975	1.9709950880387277
6976	6976	0.0009025823464869563
6977	6977	0.09318465460553528
6978	6978	0.395989839097444
6979	6979	0.06485294317905166
6980	6980	0.5650556149259128
6981	6981	0.356380200410348
6982	6982	0.0788235662570623
6983	6983	1.1999694472663287
6984	6984	1.1366903567777993
6985	6985	2.3243758621508452
6986	6986	0.11287476568197655
6987	6987	0.007827529622841452
6988	6988	0.06448796805591815
6989	6989	0.6691327270850403
6990	6990	0.19359664491322126
6991	6991	0.06765484978561458
6992	6992	0.02005710250486602
6993	6993	0.0551365825585176
6994	6994	1.0630896659437654
6995	6995	0.7289158734457098
6996	6996	0.003220317298347017
6997	6997	0.12859586123962963
6998	6998	0.08519838944849403
6999	6999	0.1256900751333534
7000	7000	0.3339417612142306
7001	7001	0.09159787415084486
7002	7002	0.3329526600648593
7003	7003	0.02061530029039732
7004	7004	0.004088924288848831
7005	7005	0.060088857682502425
7006	7006	0.0004152327514836145
7007	7007	0.33954002187576304
7008	7008	0.38308123809954975
7009	7009	0.018713612076533905
7010	7010	0.8303942843995912
7011	7011	0.015544690740903803
7012	7012	2.08491200159885
7013	7013	1.94133559989409
7014	7014	0.47644023604949065
7015	7015	0.1397045308957599
7016	7016	0.020649505106574022
7017	7017	1.9651583337445573
7018	7018	0.14084401277539144
7019	7019	0.09600125492217426
7020	7020	0.0007115686270333465
7021	7021	0.04828390407529223
7022	7022	0.4560166256642128
7023	7023	0.5411932535939847
7024	7024	0.47096514526296446
7025	7025	1.413595100975774
7026	7026	0.21073050045973094
7027	7027	0.21761640056446765
7028	7028	0.10550770046412868
7029	7029	0.10031037813657175
7030	7030	0.11114411690326113
7031	7031	0.39921339233062364
7032	7032	0.03398819461175724
7033	7033	0.4892927170796341
7034	7034	0.0866059007602032
7035	7035	0.22545336158494134
7036	7036	0.04877513875012924
7037	7037	0.9379916371356266
7038	7038	0.7643035722892924
7039	7039	0.4173281963282128
7040	7040	0.0041196988459255
7041	7041	0.07154094613348082
7042	7042	0.2424019674186373
7043	7043	0.6004235631375151
7044	7044	7.420708183589555e-05
7045	7045	0.46132581980623383
7046	7046	0.0631811621003175
7047	7047	0.18545981094685643
7048	7048	0.7880711304458715
7049	7049	0.7006014608334002
7050	7050	0.03874283081611957
7051	7051	0.25764854488312167
7052	7052	0.31157476427028236
7053	7053	0.27564508952485434
7054	7054	0.13720002959901215
7055	7055	1.414720199155004
7056	7056	0.030040478626750168
7057	7057	0.012038933715532758
7058	7058	0.38803928834673207
7059	7059	0.00033610148207047246
7060	7060	0.3227292518937888
7061	7061	0.014965514347540886
7062	7062	0.1993893558891107
7063	7063	0.44801445900450404
7064	7064	1.33331929219485
7065	7065	1.5193258273607615
7066	7066	0.6905838779323281
7067	7067	0.22964100569742824
7068	7068	0.2758903483864902
7069	7069	0.3851104368256598
7070	7070	0.006607065638036053
7071	7071	0.7765903407206095
7072	7072	0.06965769689213896
7073	7073	0.001874159545517467
7074	7074	0.012218673334963964
7075	7075	0.2815158765015902
7076	7076	0.21144757870278524
7077	7077	0.9755679182899403
7078	7078	0.0017155893110468018
7079	7079	1.8748855485613027
7080	7080	0.5224643455863168
7081	7081	0.29223235053791274
7082	7082	0.9489583123112557
7083	7083	1.335213172740835
7084	7084	0.22159223348483836
7085	7085	0.43629006840905
7086	7086	0.02327386619343645
7087	7087	2.710127038511202
7088	7088	0.791301592705682
7089	7089	0.06550162976293113
7090	7090	0.12173512928302241
7091	7091	0.000595380395748853
7092	7092	0.8109919150761863
7093	7093	0.5661406725197142
7094	7094	0.6045484921391193
7095	7095	0.07723841399355355
7096	7096	0.2608446747014461
7097	7097	1.0747710730491795
7098	7098	0.549964029347492
7099	7099	0.23520036279256074
7100	7100	0.0029579023950837076
7101	7101	0.00595168781806929
7102	7102	1.6384409154878088
7103	7103	0.9300203235954915
7104	7104	0.066270488047707
7105	7105	0.21060137310835034
7106	7106	0.32780084042912966
7107	7107	0.2170213728268456
7108	7108	0.0407613871627242
7109	7109	0.1093806546310105
7110	7110	0.015093590671188699
7111	7111	1.0238044667189772
7112	7112	0.6966500723891936
7113	7113	0.047591220423606855
7114	7114	0.32082350035332474
7115	7115	0.08811565169563122
7116	7116	0.6025918677695877
7117	7117	0.6091063945718401
7118	7118	0.1170967285248689
7119	7119	0.0323525976038839
7120	7120	0.0014347008447538104
7121	7121	0.1641834530896466
7122	7122	1.0216213980817026
7123	7123	0.012625957878042889
7124	7124	0.4953600205497456
7125	7125	0.0028712445789466196
7126	7126	0.08958420721043536
7127	7127	0.05791564198500574
