0	0	3.200954355751006
1	1	3.0543905191342624
2	2	6.811678505321237
3	3	1.0274876693804647
4	4	2.8295466206136397
5	5	2.763614753669299
6	6	1.987503728420175
7	7	8.286927946908957
8	8	5.458052080895072
9	9	2.3050124335150537
10	10	1.0055931643272114
11	11	3.501338163129659
12	12	2.28566836516529
13	13	0.3866348288107373
14	14	5.288509212582428
15	15	6.053081690412634
16	16	9.24157159928608
17	17	7.396276356797695
18	18	4.485033682893698
19	19	7.689653862875183
20	20	4.006675829155658
21	21	3.9460750746803717
22	22	2.3554790092079623
23	23	10.730270383531627
24	24	2.6497896081446384
25	25	1.3028405520443735
26	26	2.5447636628446575
27	27	5.6591353625222505
28	28	1.119481160281449
29	29	5.72309704826972
30	30	2.6693297622683434
31	31	9.822354665439786
32	32	2.4190740046542847
33	33	2.390426154769744
34	34	2.3058871443384708
35	35	3.042499597865487
36	36	2.7108694927675256
37	37	4.124814750566488
38	38	4.585160796457995
39	39	16.70654829149312
40	40	5.0337799142364705
41	41	2.1503137118574784
42	42	4.552978911043176
43	43	9.15209121353305
44	44	5.7259458322748555
45	45	3.0100484262500156
46	46	1.1187902529116862
47	47	2.4688294927784007
48	48	11.055057063272235
49	49	1.8434566372666206
50	50	15.58193756779156
51	51	6.420665326767284
52	52	1.7466550125629188
53	53	5.663180772091473
54	54	5.424798740243452
55	55	1.0838203154805424
56	56	1.4811982617175197
57	57	1.3651494212201212
58	58	4.253052384399471
59	59	3.4153120712617357
60	60	1.327583401281248
61	61	2.0715422727978745
62	62	1.3519720444657872
63	63	0.3376213847154883
64	64	4.163128696068859
65	65	1.656807742414985
66	66	1.8194144463896567
67	67	0.5237802558793487
68	68	3.255075289919671
69	69	2.0754482239094147
70	70	1.2369410353584038
71	71	5.025154683336743
72	72	2.5106136842078666
73	73	2.6296633294117497
74	74	4.857653631929913
75	75	1.1812443083740984
76	76	5.051951826990239
77	77	5.249298367192862
78	78	3.058924791699287
79	79	4.926953625995818
80	80	3.022100283970165
81	81	1.1522522586273496
82	82	5.443677407109015
83	83	3.5776677715651948
84	84	4.7352318388090495
85	85	8.982884972170126
86	86	0.6213198647493477
87	87	2.4371839377519726
88	88	6.506972615330609
89	89	1.2663409282262108
90	90	3.0171122044523364
91	91	5.182004680509109
92	92	6.368772887426684
93	93	3.4642365332387755
94	94	0.7080868062773993
95	95	0.8809389287322149
96	96	1.6814841486653853
97	97	1.6667707004811783
98	98	1.5026758825634354
99	99	0.5905333498573123
100	100	2.73835823471101
101	101	2.0151115393749066
102	102	3.4174404774637623
103	103	0.6753034754881685
104	104	1.5671456552056104
105	105	4.098942999708104
106	106	4.582151700645455
107	107	6.171656217537276
108	108	4.66475527060639
109	109	15.34460711186199
110	110	1.878137781137039
111	111	5.120530315129507
112	112	3.9935084992947485
113	113	11.41206444464218
114	114	4.535477833141227
115	115	4.273134536973568
116	116	4.800815313241515
117	117	6.930433082505236
118	118	0.7149241737386562
119	119	3.0918823292044215
120	120	2.6492647388099013
121	121	2.356850298952419
122	122	5.63236866109696
123	123	3.7116203779957933
124	124	0.1919185675571657
125	125	1.9559141173628385
126	126	0.34390538255669645
127	127	8.175601346129865
128	128	3.2425721211792187
129	129	9.205134573810303
130	130	3.8293324349662745
131	131	2.9027112704555798
132	132	1.9264453005813857
133	133	3.5601188051437456
134	134	9.327275095637352
135	135	5.494989970117355
136	136	8.115011279383964
137	137	0.36517658158692523
138	138	2.0734348822483875
139	139	3.3004291850448104
140	140	2.4990859371728575
141	141	1.3711524156808397
142	142	2.8244015235344304
143	143	2.1845546478174374
144	144	2.9595025368701786
145	145	2.977168744121735
146	146	1.6664836250453665
147	147	4.3589662837744445
148	148	1.1643700134488153
149	149	10.281494522510311
150	150	2.472102413961928
151	151	4.328142383849926
152	152	3.472978880589157
153	153	1.3283844051462377
154	154	3.5239696112338112
155	155	7.553573246705913
156	156	0.12588790652456966
157	157	4.448523128266166
158	158	10.850304384360497
159	159	2.6480152198187152
160	160	6.256010345011564
161	161	5.978215832826893
162	162	3.13970130203322
163	163	4.962695445793671
164	164	3.3871962256220507
165	165	4.776693968058646
166	166	1.818761263274235
167	167	4.705371582021349
168	168	5.3122255544741
169	169	5.016410428920029
170	170	1.9365692149120681
171	171	1.3680518424852992
172	172	5.266097098727579
173	173	2.9611099866009325
174	174	9.066102660241516
175	175	4.949998417148581
176	176	2.541725926812678
177	177	11.885274246811628
178	178	7.8221399447912345
179	179	1.9008425910268545
180	180	10.82728094586516
181	181	1.1185019587630287
182	182	5.371125780443713
183	183	1.9428585754980765
184	184	1.8046357753034548
185	185	3.569940369345784
186	186	4.416130599682478
187	187	2.2345582002837383
188	188	8.176710880254404
189	189	4.9991958410017165
190	190	6.660867828298555
191	191	1.840471756914041
192	192	6.594171192691664
193	193	1.066913428960413
194	194	8.156598898219801
195	195	0.7778510769999699
196	196	1.6396594221196181
197	197	1.2438269477277206
198	198	1.9994186061197694
199	199	0.7221755489711636
200	200	0.4110563792455833
201	201	2.3208141477847883
202	202	4.667036682804419
203	203	3.784639003306075
204	204	3.200162370065852
205	205	3.762985906416933
206	206	0.6978021141508026
207	207	4.484857078397911
208	208	3.8985297724225654
209	209	8.998611126821217
210	210	4.941246789539217
211	211	6.8404667951000455
212	212	1.9199395729407773
213	213	0.8244892679411865
214	214	5.772549722797857
215	215	3.0244979297389456
216	216	5.28543251495103
217	217	11.532736923161332
218	218	8.521529433297111
219	219	4.963350511500639
220	220	2.844230731818284
221	221	5.067131324817403
222	222	2.8987399395271884
223	223	1.321861174969403
224	224	6.016867155076938
225	225	4.501042013016344
226	226	0.5453149235629119
227	227	7.588746091774627
228	228	8.704300487651098
229	229	1.5476808727643263
230	230	1.4311606066892242
231	231	1.9345871172687006
232	232	2.302036703891604
233	233	1.8863065131418633
234	234	4.566958287501058
235	235	3.7188887091718525
236	236	11.997858671301376
237	237	1.190301840632117
238	238	1.7706551528251857
239	239	3.2096648164821913
240	240	2.225127229264073
241	241	5.422896347566674
242	242	4.058045949679236
243	243	1.9360139858476264
244	244	5.730026178855788
245	245	5.517843984811172
246	246	6.9677778482797805
247	247	1.5656425620963967
248	248	4.276167362925062
249	249	3.350673153488928
250	250	2.1118377970817694
251	251	6.466526680763088
252	252	10.380578488293455
253	253	9.60291321824964
254	254	1.245717266821989
255	255	7.110555333918322
256	256	4.285984058413488
257	257	1.6483439037940615
258	258	6.852262357760361
259	259	3.040009532847369
260	260	3.352532812373998
261	261	6.514038925840562
262	262	3.930389641632554
263	263	1.17092764343587
264	264	1.5796344726571332
265	265	2.1036798417382006
266	266	2.8351876033736074
267	267	4.95031670617443
268	268	3.720869151460528
269	269	1.072793673830245
270	270	0.6958191340060675
271	271	2.587300332257116
272	272	5.14961694877959
273	273	1.1940358028935065
274	274	3.6304279104969406
275	275	13.582459951420484
276	276	1.4494520929016208
277	277	7.468454914006916
278	278	2.643557125360516
279	279	3.763695727830065
280	280	1.448838295863718
281	281	10.770802799226113
282	282	0.6160399027261181
283	283	2.3153562014486915
284	284	3.684529760435261
285	285	1.6542402757267392
286	286	0.8457995418564778
287	287	17.52015494668621
288	288	2.864814297499385
289	289	6.318629143690026
290	290	8.594492707155824
291	291	2.6718014102114647
292	292	2.2618899119624953
293	293	0.49465346530824184
294	294	8.582309342626614
295	295	7.408656987533031
296	296	4.017191456797348
297	297	15.665169961478469
298	298	1.243259802116393
299	299	8.31833360730966
300	300	1.7706809074543115
301	301	0.7153242262309227
302	302	3.3622439572328195
303	303	0.6782060813493062
304	304	2.890009530373869
305	305	1.575209553211411
306	306	2.014039757813495
307	307	1.6250265083265416
308	308	1.9399524597320381
309	309	7.0644462762011795
310	310	6.388147416085798
311	311	3.332644209932605
312	312	1.9960746001256147
313	313	3.291135133676058
314	314	1.4991518314361592
315	315	6.151848574451964
316	316	3.958841228026917
317	317	3.305325842117777
318	318	3.530693032272347
319	319	0.22907627522155385
320	320	0.8132806965608301
321	321	1.8511690589163685
322	322	6.4579406292936214
323	323	1.9484132221706039
324	324	5.448918255485754
325	325	4.43473743324722
326	326	3.054137332517958
327	327	1.0118025198900436
328	328	0.5895214023160599
329	329	2.564177694112175
330	330	6.128221391577008
331	331	0.4214287872811449
332	332	14.494303359381968
333	333	2.9825544124725596
334	334	12.995372678265875
335	335	2.062795730495219
336	336	0.7543344974454022
337	337	0.6694707744259509
338	338	4.943353019343723
339	339	1.3500348929349808
340	340	3.5303013592991226
341	341	2.324477450919909
342	342	2.4557367673494452
343	343	0.6148803527935445
344	344	5.48715632930256
345	345	0.8662674830253208
346	346	0.8429201074320583
347	347	1.066766719702508
348	348	0.7778076842668141
349	349	4.419308336485902
350	350	4.603675645001851
351	351	4.2782829043656445
352	352	2.9906388126610297
353	353	1.923196276960815
354	354	10.567834801963693
355	355	2.1178345351340653
356	356	1.8250601914346585
357	357	1.1747492288202805
358	358	4.054467520285434
359	359	4.388616868171197
360	360	3.213551144612587
361	361	2.802965206026564
362	362	5.045319143924561
363	363	4.228964600488942
364	364	4.275676005879355
365	365	0.8393606925157548
366	366	8.059254839996342
367	367	2.883637220705612
368	368	11.400949596677796
369	369	1.5387195106822888
370	370	10.06094675563251
371	371	2.645240368981134
372	372	6.6609326639663005
373	373	5.662457398677046
374	374	0.966677896331592
375	375	1.260749536681276
376	376	3.046437823195831
377	377	4.809644731218533
378	378	4.127268172502089
379	379	3.92225730629528
380	380	4.716313924925082
381	381	3.0825660815014584
382	382	2.6573942092776854
383	383	0.8441756117223942
384	384	6.743100076880889
385	385	6.335636703489914
386	386	10.891749220231882
387	387	5.0037288338324295
388	388	1.6109902689136295
389	389	1.8034396318381571
390	390	3.880042861120788
391	391	3.9146859710143675
392	392	12.080037403500839
393	393	1.8826910328118744
394	394	3.4578280577146345
395	395	3.9889465731484437
396	396	4.216824925105361
397	397	8.016517240881374
398	398	3.845937807441484
399	399	6.822042586130721
400	400	6.135472211571554
401	401	5.017145599958907
402	402	4.968980193959078
403	403	4.993547366402472
404	404	2.9220112957064606
405	405	6.46889488371439
406	406	1.581220964846158
407	407	5.369291487611149
408	408	3.3681017283884094
409	409	1.4322857204475399
410	410	6.512452991538697
411	411	3.370256824992592
412	412	3.1300820326789176
413	413	2.4348190038423105
414	414	5.3215842245451555
415	415	1.4816834897242717
416	416	3.5414711207415404
417	417	6.515224063682609
418	418	1.9550924784467754
419	419	4.97110259310378
420	420	2.685357304600931
421	421	1.5414809219124044
422	422	3.4010774629536678
423	423	4.480445768585533
424	424	7.1924778169011105
425	425	4.2307981589198365
426	426	2.2052625873757328
427	427	4.107508439252231
428	428	3.0267403450528447
429	429	8.256689093024814
430	430	2.60319584550363
431	431	1.1574028943324188
432	432	2.0654072913839645
433	433	3.23340339107457
434	434	3.851989957828012
435	435	11.086805002896163
436	436	8.148654916950342
437	437	0.48427897868880215
438	438	3.0459285431440155
439	439	4.576381741399583
440	440	0.24064519165555712
441	441	1.2574042012828466
442	442	3.3644965385388126
443	443	2.2739032347599535
444	444	3.693365400545336
445	445	0.700412211575741
446	446	4.69628508204084
447	447	7.096510364424161
448	448	1.3053595468127401
449	449	9.391136042862039
450	450	1.1227877985327475
451	451	2.220207137648891
452	452	3.4306607277869112
453	453	3.716819149322465
454	454	4.480905164982236
455	455	1.807605600869574
456	456	1.612838449206523
457	457	1.5678725577562183
458	458	8.0775253358758
459	459	8.745361218030949
460	460	4.411127086036854
461	461	6.516713036557011
462	462	3.2227979202272654
463	463	4.72003405094689
464	464	2.660042608160815
465	465	4.4284575807250866
466	466	7.921004630820851
467	467	3.7348550487601724
468	468	5.738972684647496
469	469	0.9376204220019985
470	470	4.001004540178863
471	471	1.6415532113837863
472	472	1.6363746785075044
473	473	3.2347273553321756
474	474	4.086202531254527
475	475	4.155584446814937
476	476	4.533157817238348
477	477	0.677642068324699
478	478	3.2886062477187328
479	479	3.2131940901246976
480	480	6.619262565349735
481	481	0.3630086869535683
482	482	1.8836520215871877
483	483	5.169726749313089
484	484	2.2740860321722023
485	485	5.352689098048279
486	486	2.736348996384833
487	487	4.120070125812584
488	488	4.922349925423374
489	489	1.7509541085123568
490	490	6.433562037178184
491	491	3.768571877613481
492	492	4.52901207947192
493	493	1.589120560632574
494	494	5.59373394345544
495	495	7.1077815244316636
496	496	11.597514362367244
497	497	2.7202958240165946
498	498	5.093062869181407
499	499	4.7735367794922015
500	500	6.111671121576755
501	501	1.8474561295442236
502	502	3.5121708262744464
503	503	1.316241190032736
504	504	8.959798887134335
505	505	10.504761557995526
506	506	4.763765158047958
507	507	2.3864807232664904
508	508	2.234812673655142
509	509	3.823527564005307
510	510	1.9325500685101349
511	511	3.3583673757152805
512	512	1.9824011833186803
513	513	1.2939560709615239
514	514	1.208157351968183
515	515	2.462287363366849
516	516	2.348765103602641
517	517	5.5790605112770315
518	518	1.9946161056002807
519	519	1.1545458605763983
520	520	3.457475577735716
521	521	9.54032775970725
522	522	1.4542928658337946
523	523	5.178897566556056
524	524	1.6293857381333994
525	525	5.969187453007375
526	526	1.7625153288812732
527	527	3.48318349636501
528	528	1.360947404508268
529	529	2.75691574629902
530	530	1.352158468537475
531	531	2.0818564929695276
532	532	5.1067494927224235
533	533	3.369688547831785
534	534	2.3666355241837986
535	535	0.9039571808090928
536	536	2.0684137069429345
537	537	2.4344074171385484
538	538	5.2855547573104324
539	539	2.31297160493609
540	540	1.9781847884855084
541	541	7.062423229239811
542	542	2.0249761052108988
543	543	0.6333788808204334
544	544	1.883995397213164
545	545	3.43322756586536
546	546	5.477990014824047
547	547	1.0622074147168192
548	548	6.34127535971238
549	549	5.1628660189766595
550	550	5.197490658587882
551	551	2.798371608484898
552	552	1.7571169175576584
553	553	3.809879824500823
554	554	6.753995494493337
555	555	1.0336032075102413
556	556	0.9017985657370361
557	557	0.5068325447187829
558	558	1.240342473080633
559	559	1.3866974494850755
560	560	0.5171244201354085
561	561	3.287070658761278
562	562	3.8540441854099847
563	563	7.318558437562019
564	564	7.380807061608065
565	565	1.1123846627007334
566	566	4.212459616580109
567	567	6.5314692388610425
568	568	6.970908403045967
569	569	4.071591984842721
570	570	2.4550556240284584
571	571	9.963402004017047
572	572	2.764541319769383
573	573	6.39506086382718
574	574	3.3842843307526116
575	575	1.8005077697204623
576	576	8.664094641834145
577	577	8.738437647162755
578	578	5.5126502189942705
579	579	2.556951000541034
580	580	5.839483360725807
581	581	5.8031763917896315
582	582	4.81033840421428
583	583	5.4677664002628505
584	584	8.5106903798991
585	585	1.9352957582845831
586	586	1.7718872117861515
587	587	0.5312587299399686
588	588	0.28410742714851817
589	589	6.082078775519061
590	590	11.278887361558528
591	591	5.371035980691206
592	592	5.206455052001745
593	593	10.235903054886963
594	594	8.008868221389037
595	595	3.0864724336423217
596	596	4.877064741195762
597	597	6.2820191005058215
598	598	3.796512118936831
599	599	3.3303517138371626
600	600	1.5866790459041784
601	601	5.465869281228206
602	602	1.5074274956247156
603	603	12.598868746665353
604	604	4.468768276604327
605	605	0.8501813635554372
606	606	5.1454975129499365
607	607	1.210286165755463
608	608	5.275817624374909
609	609	0.7512726086578432
610	610	2.753933605361976
611	611	5.827102648017057
612	612	3.441548652313491
613	613	3.21024125446283
614	614	2.482955632068432
615	615	5.420199357085181
616	616	11.038119008830428
617	617	3.7863260696268326
618	618	0.9343375435358905
619	619	6.969528010013259
620	620	2.965889251170845
621	621	2.7894780515523983
622	622	2.292978523680617
623	623	8.75680873982138
624	624	3.63234793349672
625	625	4.267965270018277
626	626	4.962280681397286
627	627	0.8605434154023319
628	628	1.5884762231777172
629	629	0.5779329441937282
630	630	3.2098159188242765
631	631	1.1811206773003737
632	632	2.0423612632818666
633	633	4.1860837440143595
634	634	3.5989907907652428
635	635	5.472347838772627
636	636	10.502483935919667
637	637	4.2053784214128775
638	638	1.5701612111363266
639	639	4.500495468444035
640	640	7.55758611716467
641	641	13.31686824159607
642	642	4.164043596475244
643	643	2.174553589417004
644	644	3.1036592470621187
645	645	2.2994948314672463
646	646	2.452618342698875
647	647	2.4372233514799166
648	648	1.0830601698065916
649	649	5.280614707540253
650	650	0.3046235678302352
651	651	2.6738956055459413
652	652	1.5412648944344307
653	653	2.6978706840686435
654	654	5.119178533134143
655	655	2.4387979717827726
656	656	3.7721031987385896
657	657	5.4494785914955015
658	658	1.718722846886881
659	659	2.0104843977517666
660	660	4.674305076141587
661	661	2.283473218964106
662	662	3.410428133419165
663	663	3.350075662170995
664	664	4.596400382651526
665	665	2.327949410434432
666	666	1.7738935590585878
667	667	2.8733942364378837
668	668	5.025974235182671
669	669	1.2189334752946117
670	670	0.4164650771638203
671	671	1.7361803875443054
672	672	3.75998166576842
673	673	2.048104500735572
674	674	9.267228146521752
675	675	2.3344227716225925
676	676	1.3021433991924665
677	677	5.231849377707414
678	678	5.89296785729741
679	679	4.212748173793667
680	680	0.07251060914219883
681	681	3.361815002630344
682	682	1.1325719641100471
683	683	0.4313636321150826
684	684	3.9410943082485015
685	685	2.4768381756515088
686	686	1.4457310226564526
687	687	8.207797880424533
688	688	6.89444258318961
689	689	3.9117007078251627
690	690	6.372173261382264
691	691	6.092234736470909
692	692	0.7455052216906464
693	693	1.5252684386473268
694	694	2.1644037252541244
695	695	9.021697416595218
696	696	3.5729201538676922
697	697	5.46850978817224
698	698	3.9594188748475054
699	699	4.3322585094791135
700	700	1.2059434829255633
701	701	5.950338921811013
702	702	5.134911416938533
703	703	6.194432537869131
704	704	11.196360968306005
705	705	0.29948944884521855
706	706	4.706017939254828
707	707	6.964716156832029
708	708	9.195402109461924
709	709	2.4148135041384555
710	710	1.5223349732979268
711	711	2.0714207355776715
712	712	1.4157323252099463
713	713	1.2443563796273924
714	714	1.219479546466261
715	715	13.771830074574865
716	716	9.023671366606958
717	717	2.181620131378396
718	718	17.486811402428316
719	719	5.963175505554904
720	720	3.790994935299243
721	721	4.816194211419046
722	722	1.7252425043345436
723	723	2.2266297235917807
724	724	4.115369800301049
725	725	0.6897648916085493
726	726	4.774611978792745
727	727	4.478755589295268
728	728	4.071008734451901
729	729	2.589433730153475
730	730	3.4305604477138925
731	731	2.8564818491058195
732	732	4.32445684190031
733	733	3.924503631499936
734	734	1.6075295972409323
735	735	4.128691415822506
736	736	6.807738617824008
737	737	4.120992715333641
738	738	4.639360277166492
739	739	6.9095640024728295
740	740	6.945951561967271
741	741	1.990322314322706
742	742	1.7104205024362207
743	743	1.8947051468886278
744	744	2.4510255128712735
745	745	5.643112223680594
746	746	11.516764955568298
747	747	1.174885609480468
748	748	8.727269019032287
749	749	1.352451965257246
750	750	3.634566227808906
751	751	2.669944334349793
752	752	0.7889338277884215
753	753	3.057229603209645
754	754	2.3440876517278024
755	755	2.592384155147134
756	756	6.107530244685439
757	757	4.557761633425932
758	758	6.219228293097422
759	759	5.772678604693782
760	760	3.1904680445772966
761	761	7.051692621700085
762	762	1.135431606657182
763	763	5.11803165693138
764	764	4.916937502198684
765	765	5.00756523801196
766	766	7.463597633528262
767	767	3.7244924081684534
768	768	1.5624051121545743
769	769	3.1436513300708864
770	770	2.4853085336779026
771	771	4.259065769290412
772	772	1.9152112703772588
773	773	3.2415769196057
774	774	5.310517751684596
775	775	8.584279611255717
776	776	3.4244416504138404
777	777	3.3567818865837036
778	778	1.7220009693992255
779	779	2.840718974121221
780	780	3.3430957359015876
781	781	10.457687427071983
782	782	0.7307698406911481
783	783	2.3795674016351427
784	784	1.7645768599725258
785	785	0.8748482542152197
786	786	6.347449863757501
787	787	2.7323695591885024
788	788	9.509028352414362
789	789	9.81280784597369
790	790	8.76802850075286
791	791	4.502729929097396
792	792	1.314767585632048
793	793	3.4521428628985404
794	794	9.138216089233781
795	795	4.696379252996243
796	796	8.410557096929091
797	797	4.744208681987592
798	798	5.10040180185316
799	799	5.362573661561162
800	800	4.340989890574666
801	801	5.626160539014467
802	802	2.550724438416914
803	803	1.5890459497880718
804	804	6.48426991899281
805	805	2.188762028040609
806	806	1.7745045233165468
807	807	2.284707423704691
808	808	4.596506765891605
809	809	2.403903054922711
810	810	1.3776396474101746
811	811	3.553825063584791
812	812	0.9306615598246598
813	813	1.8461087207337956
814	814	1.512528544594803
815	815	1.3264378749623928
816	816	1.7679903725199069
817	817	5.64092915458869
818	818	1.4271478684403227
819	819	0.08953710765001174
820	820	7.638259349751619
821	821	4.29760165433056
822	822	2.547415354135718
823	823	2.7760742570079264
824	824	5.244869458105725
825	825	3.363848981231919
826	826	0.7776177346357424
827	827	10.033214185698094
828	828	1.4748058793552163
829	829	3.280577794723928
830	830	1.2663927706816667
831	831	3.3549228769422346
832	832	4.800027794775629
833	833	2.434177765908782
834	834	7.085112896825584
835	835	4.0650972784768
836	836	1.1988742523415044
837	837	3.4401529411424634
838	838	2.456227554554887
839	839	1.415876641803219
840	840	4.100185149537584
841	841	2.434308766592674
842	842	3.3965875457574124
843	843	12.30285107935258
844	844	4.752784186721247
845	845	6.55883679239324
846	846	2.141146142105014
847	847	8.777265531564058
848	848	8.40858890399131
849	849	3.006717920782719
850	850	12.788595898927424
851	851	5.178383916314434
852	852	1.652876258635564
853	853	7.162482730520467
854	854	4.162405818462331
855	855	4.742773900207794
856	856	5.270587663363238
857	857	0.5924299934213946
858	858	0.9784922772170017
859	859	0.734355015113877
860	860	0.22954678648475918
861	861	1.0906403895264847
862	862	6.788068647926381
863	863	1.5488839683003683
864	864	1.9763544475531536
865	865	1.5437892465205443
866	866	4.544836899193106
867	867	6.373083929374087
868	868	4.645305265754645
869	869	0.5482972886455818
870	870	11.642731341964238
871	871	2.519104729517522
872	872	3.360374346379433
873	873	3.8096131796435593
874	874	3.8458179099939325
875	875	10.07263063116158
876	876	4.870080445802966
877	877	4.385751263010146
878	878	9.576978303763855
879	879	5.080757110459698
880	880	5.7449471097758185
881	881	2.4078998927555095
882	882	5.132070934751359
883	883	3.1939393141745973
884	884	3.9156014061375966
885	885	6.85133390228731
886	886	2.6930823515018596
887	887	2.8425760742750144
888	888	3.243251929965343
889	889	6.804186558413682
890	890	3.0877744387778345
891	891	7.348874590549642
892	892	2.4605703244371546
893	893	3.98979456145765
894	894	2.3821952569741116
895	895	1.4379518018614577
896	896	3.448925395522434
897	897	3.1205282947423765
898	898	2.089242730379679
899	899	0.7654387704543929
900	900	2.680017105125738
901	901	1.2456462355029552
902	902	2.2741118186818534
903	903	1.3514881922612108
904	904	4.520164801550175
905	905	2.1292400606505226
906	906	1.9370448642087235
907	907	6.312322936598741
908	908	4.529931825354616
909	909	3.824786681193535
910	910	1.4933496794219858
911	911	2.6130967016662683
912	912	3.2229123471534233
913	913	6.807397844768439
914	914	1.4639335181164401
915	915	2.2223413466356483
916	916	1.17321582441194
917	917	2.5691113160403494
918	918	3.8408566824884014
919	919	6.483756901821834
920	920	7.59081487901085
921	921	4.7749902091763445
922	922	5.445522718985213
923	923	7.635820912746147
924	924	11.0010260577553
925	925	2.454963292852867
926	926	1.0374506748932064
927	927	5.113364620288538
928	928	4.448694889845986
929	929	0.4387877108160609
930	930	0.824472014188028
931	931	0.49941730577643584
932	932	2.1291750495883686
933	933	3.5194763728280596
934	934	7.091008552207446
935	935	1.787314523196445
936	936	2.0523817800852484
937	937	1.7728247480703012
938	938	2.4191525952265893
939	939	2.8363233901261387
940	940	5.648626407822718
941	941	5.915803798823579
942	942	5.0930207058120365
943	943	4.670697293251208
944	944	3.1043707861028427
945	945	5.13156884870739
946	946	0.08474193588437172
947	947	5.380979378645544
948	948	4.643928167282146
949	949	3.298602688314203
950	950	6.158049239505198
951	951	3.1188654539439074
952	952	9.683904054042518
953	953	4.513732239308646
954	954	0.18289602566738203
955	955	1.937011638513148
956	956	2.6066827544162607
957	957	2.5364773019312077
958	958	6.747718813309782
959	959	3.9264719571359317
960	960	9.275989347214825
961	961	1.0098969951850618
962	962	5.684636698590726
963	963	1.1363223381363856
964	964	4.697190483185782
965	965	3.7244249459287566
966	966	3.8084637119490705
967	967	1.9817045462391174
968	968	5.811139899273013
969	969	9.413268074778554
970	970	3.5722705715677794
971	971	3.6792797566119804
972	972	0.16693559874910552
973	973	2.50807248535833
974	974	4.855589828753776
975	975	0.6405929394234193
976	976	4.1583992565264
977	977	0.7713544635874824
978	978	2.105412496944021
979	979	1.5984231053884017
980	980	10.308843948320034
981	981	4.105581444784915
982	982	1.268592723030912
983	983	1.0474590588500032
984	984	2.377789214254766
985	985	1.0807748045637902
986	986	5.649348908723709
987	987	9.054021675327771
988	988	2.4415956221623025
989	989	3.547696729919155
990	990	1.1803572536608216
991	991	2.4843367631343303
992	992	12.246146014927435
993	993	2.0150280258375592
994	994	10.348645457602544
995	995	4.993705031493029
996	996	7.275467596151882
997	997	2.4406919458560594
998	998	4.881284199316083
999	999	1.1474875618747036
1000	1000	5.719832440310375
1001	1001	0.15561478899611045
1002	1002	2.4367703363215303
1003	1003	12.192962216487281
1004	1004	2.486111414454588
1005	1005	3.38796719783211
1006	1006	3.54654006304449
1007	1007	14.626202906438772
1008	1008	5.24878445797814
1009	1009	4.261802572721537
1010	1010	3.885499947396782
1011	1011	1.7164740054062093
1012	1012	2.1055407426048673
1013	1013	2.275752242227523
1014	1014	4.570930590826571
1015	1015	9.125557364795185
1016	1016	5.96863128575281
1017	1017	4.011379221819586
1018	1018	1.1827817932274687
1019	1019	3.0878465755678834
1020	1020	2.221186344587995
1021	1021	2.2313957691676065
1022	1022	3.265530537298322
1023	1023	1.346101053025228
1024	1024	1.3139864292772683
1025	1025	11.011867955391951
1026	1026	3.900447991850494
1027	1027	1.5026922209805764
1028	1028	6.759040641024027
1029	1029	1.6277242815277877
1030	1030	1.7847313017167274
1031	1031	5.645566376620094
1032	1032	1.6575004593437914
1033	1033	1.2781554899455014
1034	1034	0.9012974931766973
1035	1035	3.1631615795190657
1036	1036	6.291395275015664
1037	1037	0.6237522120688864
1038	1038	8.945388306822066
1039	1039	5.663500478382753
1040	1040	3.91273429091333
1041	1041	5.778355514231634
1042	1042	9.612905885500814
1043	1043	4.06695430899421
1044	1044	6.130477423253521
1045	1045	5.476136223916738
1046	1046	2.0744339264686578
1047	1047	2.4975280037608534
1048	1048	1.7685918115263033
1049	1049	2.76575678705247
1050	1050	7.68018561540917
1051	1051	5.151488101009977
1052	1052	3.602818406674639
1053	1053	1.9437042136518135
1054	1054	1.195992993733335
1055	1055	6.491500516767689
1056	1056	1.365513748356942
1057	1057	2.3786270813607535
1058	1058	6.414850276878349
1059	1059	6.909772197649361
1060	1060	2.280569711092458
1061	1061	1.997877510014923
1062	1062	8.625795042910358
1063	1063	4.421179460284756
1064	1064	6.674996352231464
1065	1065	2.8020675788913194
1066	1066	2.8294138811831684
1067	1067	5.275006297167363
1068	1068	1.3018836519230368
1069	1069	3.8971532704611977
1070	1070	2.5655804509080906
1071	1071	1.3414090260231242
1072	1072	15.001517974502766
1073	1073	2.3317347147091065
1074	1074	4.023070120319305
1075	1075	1.443093651003766
1076	1076	5.128122452426601
1077	1077	6.380299408227309
1078	1078	4.129990438806918
1079	1079	4.267590848044034
1080	1080	6.842317189683356
1081	1081	16.776522766128924
1082	1082	5.096410343990788
1083	1083	4.537310588716531
1084	1084	7.210749109766607
1085	1085	4.092723440559573
1086	1086	5.762104856873226
1087	1087	3.4900847750944064
1088	1088	4.558028168473174
1089	1089	1.038874722240405
1090	1090	3.665270820998385
1091	1091	2.564820993233496
1092	1092	1.7215707664186783
1093	1093	1.8681207926437347
1094	1094	4.670799895633177
1095	1095	3.027274454831865
1096	1096	3.318306692208661
1097	1097	7.806085425239115
1098	1098	1.3017184935377746
1099	1099	7.795422643605678
1100	1100	5.65729389131519
1101	1101	2.2351717049310977
1102	1102	4.272445212950233
1103	1103	3.022186581914072
1104	1104	6.4613628529962055
1105	1105	1.60509317866356
1106	1106	4.043170007698208
1107	1107	0.15086514561432482
1108	1108	1.7470271668218607
1109	1109	4.344755556751606
1110	1110	2.3280666818745805
1111	1111	4.6963386025197575
1112	1112	3.161746481149516
1113	1113	10.542023759993853
1114	1114	6.774490613415236
1115	1115	3.131071318901441
1116	1116	8.329991073859308
1117	1117	5.660336585124609
1118	1118	1.91597042469279
1119	1119	0.9749630582590609
1120	1120	0.7369049973998649
1121	1121	0.9148490234201708
1122	1122	3.289364994220025
1123	1123	8.982155838290208
1124	1124	1.0901085892892919
1125	1125	8.681531805755867
1126	1126	3.415537854657791
1127	1127	4.717505977005905
1128	1128	6.097010587525723
1129	1129	1.0813990153478665
1130	1130	0.9858550501785274
1131	1131	7.393214560664676
1132	1132	13.048802721422415
1133	1133	8.31258290345004
1134	1134	6.182938826480892
1135	1135	1.2373225254586429
1136	1136	3.320153057733712
1137	1137	2.0155084473717864
1138	1138	7.857744290893422
1139	1139	4.299455744303788
1140	1140	3.5190793380111693
1141	1141	1.0015253245701512
1142	1142	0.5005886786515883
1143	1143	2.5330024782817557
1144	1144	0.6680312602548968
1145	1145	5.71003453718699
1146	1146	1.6696306115204445
1147	1147	2.654382550323422
1148	1148	3.12039791013132
1149	1149	2.410757715066919
1150	1150	1.3303946658805001
1151	1151	13.336927926183888
1152	1152	2.909053146355504
1153	1153	2.8962084383136695
1154	1154	8.073390397815064
1155	1155	7.203174661550133
1156	1156	1.9695228269588028
1157	1157	7.742159536415505
1158	1158	3.2763391795448857
1159	1159	2.3006858016464222
1160	1160	4.691144630934966
1161	1161	0.856388582818982
1162	1162	2.7158102368089936
1163	1163	0.5472632670270802
1164	1164	2.8241590801399212
1165	1165	7.775892001403257
1166	1166	12.690941652553953
1167	1167	4.699558292719432
1168	1168	5.152940961888932
1169	1169	3.737297210782583
1170	1170	7.0480102139663705
1171	1171	6.140006186097174
1172	1172	0.2469744197681587
1173	1173	1.667931264659722
1174	1174	3.127027805567136
1175	1175	8.13988529317951
1176	1176	7.606871605910133
1177	1177	2.690411112271941
1178	1178	4.318770735957872
1179	1179	8.994676696373974
1180	1180	4.173620182889082
1181	1181	9.216104000504265
1182	1182	5.690535452854096
1183	1183	11.204434486639672
1184	1184	4.42333903876927
1185	1185	3.635950489128662
1186	1186	2.1932946224438563
1187	1187	0.20915014574463234
1188	1188	2.0104290999374115
1189	1189	2.203674848264698
1190	1190	6.027334314755748
1191	1191	12.779021102965746
1192	1192	4.535567740227439
1193	1193	3.7712488370481534
1194	1194	4.814750050972517
1195	1195	3.8914581249986355
1196	1196	1.1190992588495299
1197	1197	1.629101589335207
1198	1198	4.222593667462557
1199	1199	5.244476183601931
1200	1200	1.456421687084565
1201	1201	2.260443727353636
1202	1202	1.202946138789621
1203	1203	3.7749012145003578
1204	1204	4.9543291634736875
1205	1205	13.393263480948322
1206	1206	2.1616323229381975
1207	1207	3.5012978148313008
1208	1208	6.385971100103584
1209	1209	3.114840226588403
1210	1210	0.9842794796933657
1211	1211	4.284878253710744
1212	1212	4.36375752734962
1213	1213	4.956429390807405
1214	1214	2.937227251941698
1215	1215	1.6439859999176993
1216	1216	1.8422339427511134
1217	1217	3.1296106504818018
1218	1218	4.96440482259791
1219	1219	6.83645039256509
1220	1220	3.9625217648250306
1221	1221	1.6408455324765132
1222	1222	11.957311078420425
1223	1223	3.1104133063117074
1224	1224	3.1233189461786974
1225	1225	1.5595236074881058
1226	1226	2.761073343828202
1227	1227	0.8159482410266944
1228	1228	6.137364216107296
1229	1229	4.445225454386104
1230	1230	6.343849621449788
1231	1231	3.493953177229293
1232	1232	9.436822851528968
1233	1233	2.271141714294371
1234	1234	7.250064123645059
1235	1235	7.153147553220087
1236	1236	2.895985768121971
1237	1237	5.635351388018323
1238	1238	3.2585130787423253
1239	1239	3.16403865535242
1240	1240	5.263821438058463
1241	1241	0.623965282210418
1242	1242	1.865133972216945
1243	1243	3.3407380433120433
1244	1244	0.2040715347049872
1245	1245	1.1577855634608225
1246	1246	4.079345954519184
1247	1247	3.4993815050050356
1248	1248	5.618672806510453
1249	1249	2.336434805705452
1250	1250	6.8997967725182825
1251	1251	1.6229290817011583
1252	1252	1.8477953722735585
1253	1253	1.3310738413036645
1254	1254	1.3889530998750308
1255	1255	1.9016013648954093
1256	1256	4.922391472980183
1257	1257	5.820245977726509
1258	1258	0.658538213384
1259	1259	2.023057129136799
1260	1260	1.7511682640416013
1261	1261	2.6095411684603294
1262	1262	0.4706790162924297
1263	1263	4.679080479327913
1264	1264	1.7362242029783541
1265	1265	8.214416596486183
1266	1266	2.2811140122569555
1267	1267	5.823157430117385
1268	1268	12.398425091559824
1269	1269	0.09155798832846658
1270	1270	5.4520422404205
1271	1271	2.372344309944541
1272	1272	3.3173173025645832
1273	1273	0.8308238946719133
1274	1274	1.9329732527842274
1275	1275	0.5389124790774298
1276	1276	2.9047283722580777
1277	1277	4.986201372210685
1278	1278	2.9498737838018343
1279	1279	4.4770788085102735
1280	1280	3.4056145181847417
1281	1281	3.8103115271656196
1282	1282	6.213091857478066
1283	1283	2.09266290947858
1284	1284	2.046104420771172
1285	1285	1.215001500985198
1286	1286	2.155071627320804
1287	1287	5.517374556758522
1288	1288	1.8182418818269939
1289	1289	1.3828405015955856
1290	1290	2.7545763122198723
1291	1291	6.121636791361106
1292	1292	2.112154990512957
1293	1293	0.9520611366304168
1294	1294	3.245187785450709
1295	1295	1.1162881299884262
1296	1296	5.164196834173808
1297	1297	4.281837002816964
1298	1298	3.226237466264007
1299	1299	1.4842763078621095
1300	1300	10.274045059528415
1301	1301	2.309182042968337
1302	1302	1.3643353413607802
1303	1303	7.204343716281434
1304	1304	2.461569430404477
1305	1305	4.418566702433524
1306	1306	1.6198575669418644
1307	1307	2.940666325743988
1308	1308	1.2371518999005378
1309	1309	5.744968845277062
1310	1310	4.563571342348003
1311	1311	3.3249078970047337
1312	1312	1.8652335825713149
1313	1313	2.4318388669697937
1314	1314	4.928502778364944
1315	1315	4.289583394404379
1316	1316	5.775986048645187
1317	1317	1.6955465223336361
1318	1318	0.7481257564166904
1319	1319	7.359218449019078
1320	1320	2.9413784950117767
1321	1321	1.2931237286022133
1322	1322	3.8316215797913986
1323	1323	2.322985452174817
1324	1324	2.4183471907027676
1325	1325	3.7051728271165363
1326	1326	0.8241591375514367
1327	1327	2.5526990176857933
1328	1328	0.21500828734842178
1329	1329	1.7613371453222504
1330	1330	1.9454709459058517
1331	1331	3.594053028057236
1332	1332	6.963567994608324
1333	1333	9.68447850698978
1334	1334	6.701376926821696
1335	1335	5.622921178838997
1336	1336	4.63965896975068
1337	1337	2.1817797742836222
1338	1338	16.622979619671572
1339	1339	3.6447797844318592
1340	1340	5.0146545282608255
1341	1341	5.917182100327047
1342	1342	7.955099163498997
1343	1343	3.432326368009251
1344	1344	2.613673330677289
1345	1345	2.8033450659883816
1346	1346	9.792706916559622
1347	1347	3.2141652173880746
1348	1348	6.6282664221454555
1349	1349	2.9324992948551656
1350	1350	10.637498607995624
1351	1351	2.2803586399677918
1352	1352	4.406354191517814
1353	1353	4.6576604089540385
1354	1354	2.5870859584260852
1355	1355	1.2207785698034777
1356	1356	4.0527958377369835
1357	1357	1.0940588077533266
1358	1358	1.4779346980248906
1359	1359	1.829989079345172
1360	1360	4.3799171655795
1361	1361	6.648047296327197
1362	1362	2.3649569879031405
1363	1363	5.09253223355445
1364	1364	6.3651060246021185
1365	1365	3.9396067190625894
1366	1366	4.7820834457011525
1367	1367	4.666286996195178
1368	1368	10.181107410439292
1369	1369	5.353997001747254
1370	1370	2.646953001907671
1371	1371	8.932800337107594
1372	1372	4.9181491750767465
1373	1373	0.5235010419039927
1374	1374	17.450511483545387
1375	1375	2.473121244596524
1376	1376	10.81145157864661
1377	1377	4.755730596738946
1378	1378	2.1513298823048403
1379	1379	9.62498003678389
1380	1380	4.912769365740288
1381	1381	7.323720797871775
1382	1382	4.429016976813422
1383	1383	3.0989714724726345
1384	1384	3.6169382470245233
1385	1385	4.655618110801945
1386	1386	3.5809482191138184
1387	1387	2.981074379041357
1388	1388	3.442519084283639
1389	1389	3.272966256307057
1390	1390	1.893246325740221
1391	1391	4.389247241347237
1392	1392	7.300158631551341
1393	1393	6.204326109466774
1394	1394	2.6852496690051675
1395	1395	3.346701523045476
1396	1396	4.04706016740915
1397	1397	0.7385874761258376
1398	1398	3.7546733940793406
1399	1399	2.9964332658428456
1400	1400	1.338487807076339
1401	1401	6.671277611066146
1402	1402	2.756316592243201
1403	1403	1.0785660860587711
1404	1404	11.5073995154501
1405	1405	7.136047615949927
1406	1406	3.4649675814025245
1407	1407	1.5130419114519016
1408	1408	4.700651614792363
1409	1409	2.6080273827014673
1410	1410	3.0704305372240306
1411	1411	3.549258239114112
1412	1412	5.172266609594112
1413	1413	6.258425292886015
1414	1414	2.15387630552863
1415	1415	5.442826236293503
1416	1416	6.607392721872457
1417	1417	2.0017603534218624
1418	1418	5.104204809220997
1419	1419	6.681934495687782
1420	1420	8.12431663817449
1421	1421	2.385581170114165
1422	1422	8.917222855883107
1423	1423	7.770058904238024
1424	1424	6.374285648600141
1425	1425	3.321875499188178
1426	1426	4.627528202319503
1427	1427	0.8404372445596009
1428	1428	3.767755222961644
1429	1429	2.9979165722353502
1430	1430	0.53181282613171
1431	1431	2.7966469944265064
1432	1432	2.5743934852369517
1433	1433	1.1235193621587634
1434	1434	2.9959310073514316
1435	1435	2.6127281104740128
1436	1436	4.302315657363313
1437	1437	1.199968223786494
1438	1438	2.561635553363161
1439	1439	2.2310333959917417
1440	1440	3.0787549860464902
1441	1441	13.02693478460233
1442	1442	5.633301422015781
1443	1443	5.4778024276751465
1444	1444	2.8695162932380223
1445	1445	5.131436126424561
1446	1446	0.36408903882295324
1447	1447	3.7922421236487236
1448	1448	1.0406267746701463
1449	1449	1.1541673281322193
1450	1450	1.6770044373580721
1451	1451	5.7288855341163005
1452	1452	1.5951520410434836
1453	1453	2.5919186471194924
1454	1454	9.963588962882621
1455	1455	4.652226223450725
1456	1456	1.1965293823239531
1457	1457	1.4864851174674512
1458	1458	0.4371683794696179
1459	1459	3.209332891961964
1460	1460	2.5966894857725045
1461	1461	1.8412076981736718
1462	1462	3.3269735329018957
1463	1463	2.0691190100183148
1464	1464	1.3802701089335565
1465	1465	6.531829859040793
1466	1466	5.799709632037056
1467	1467	1.1771581912713511
1468	1468	2.1939532690726775
1469	1469	1.3754328804827247
1470	1470	4.0799570045587155
1471	1471	3.995020667061847
1472	1472	3.473467074613314
1473	1473	8.413579325153203
1474	1474	11.120391537103123
1475	1475	10.30863124577358
1476	1476	1.143928740297907
1477	1477	1.2164373720294497
1478	1478	1.2718611825975452
1479	1479	2.169417680640785
1480	1480	3.5343614520370035
1481	1481	2.488932226125223
1482	1482	13.6916343843383
1483	1483	5.100221584479451
1484	1484	1.8855257009434945
1485	1485	8.582783099491232
1486	1486	7.290114907260605
1487	1487	5.158432666588006
1488	1488	0.629055849884746
1489	1489	4.8868285226310695
1490	1490	2.257133640602098
1491	1491	5.898614574894076
1492	1492	2.804088761955702
1493	1493	2.4037790893403606
1494	1494	10.619797230982769
1495	1495	6.56419681874207
1496	1496	0.8150846701898087
1497	1497	0.8869760846610333
1498	1498	0.5592776564520464
1499	1499	11.761759492881097
1500	1500	12.571112136670717
1501	1501	6.12767597964739
1502	1502	7.235885717753523
1503	1503	8.72223762902153
1504	1504	4.855573772803692
1505	1505	5.749057194152603
1506	1506	0.5903930064160795
1507	1507	4.190245784121037
1508	1508	4.607381025988059
1509	1509	3.5347014994359536
1510	1510	2.890672210185994
1511	1511	3.553699710908087
1512	1512	0.8502292762890703
1513	1513	2.5475379828352125
1514	1514	2.246000133777087
1515	1515	2.089305342047773
1516	1516	12.563876728597593
1517	1517	4.455418064151105
1518	1518	0.8725181383684859
1519	1519	2.805395868447188
1520	1520	4.89144720179656
1521	1521	5.497748533438259
1522	1522	2.504402929363223
1523	1523	0.7570364166553394
1524	1524	1.4414307122899594
1525	1525	4.563300431311289
1526	1526	5.0480387605287484
1527	1527	1.4243352127931328
1528	1528	4.2819392681253365
1529	1529	9.426379342978908
1530	1530	1.1627875520972295
1531	1531	5.233987962359233
1532	1532	0.3820012437496064
1533	1533	6.212259282483757
1534	1534	2.1286810950881807
1535	1535	3.3112248161849367
1536	1536	5.202479617736843
1537	1537	2.63396129611028
1538	1538	2.9478785162326306
1539	1539	0.8466948819854233
1540	1540	11.495569396659139
1541	1541	0.9868315729574566
1542	1542	3.6087422024722966
1543	1543	10.677817097019611
1544	1544	3.119083903608626
1545	1545	3.401813211149581
1546	1546	6.806553846580951
1547	1547	3.4226065332999176
1548	1548	2.4402109594289563
1549	1549	2.1600076855267676
1550	1550	6.129815371409677
1551	1551	2.163018162380012
1552	1552	13.88979807493817
1553	1553	1.759533959622389
1554	1554	1.7457364867804426
1555	1555	6.0253345408858685
1556	1556	4.23720549017605
1557	1557	7.468397966069471
1558	1558	3.82196138480265
1559	1559	4.008010052020192
1560	1560	4.2708166898946915
1561	1561	4.303622643464117
1562	1562	4.9521573182431755
1563	1563	3.0945750530502463
1564	1564	2.3322927121851795
1565	1565	2.213806618261999
1566	1566	1.5543591043516218
1567	1567	0.39373684459835956
1568	1568	5.534091374186895
1569	1569	3.1636350432683638
1570	1570	7.067728367535886
1571	1571	3.016775827234565
1572	1572	2.6449004546504784
1573	1573	1.3020949638058796
1574	1574	3.51136556146949
1575	1575	2.5759338903175215
1576	1576	2.471748826516744
1577	1577	2.1281239692586196
1578	1578	3.579828364822628
1579	1579	1.4283193668676084
1580	1580	4.285072100045286
1581	1581	2.5453627520544293
1582	1582	2.5088365234134944
1583	1583	1.7054632109327494
1584	1584	2.1210520728859823
1585	1585	6.3970964601061455
1586	1586	1.3244366385852397
1587	1587	1.588810601095135
1588	1588	8.246605262671281
1589	1589	5.110735251816539
1590	1590	1.289599255388303
1591	1591	7.012989586930493
1592	1592	0.7673569151964714
1593	1593	4.842620493047718
1594	1594	4.405999830684094
1595	1595	2.2472413463134764
1596	1596	2.8632315436313482
1597	1597	10.556643910161805
1598	1598	4.932606970853218
1599	1599	6.924225010618776
1600	1600	2.5123692689373427
1601	1601	5.371511908560275
1602	1602	2.855734097148635
1603	1603	2.317355590030135
1604	1604	2.063051077523123
1605	1605	6.152706675491268
1606	1606	5.191696215761789
1607	1607	1.0820475243663197
1608	1608	2.8609982320719083
1609	1609	9.554249975164854
1610	1610	2.073385554210849
1611	1611	1.759504327920235
1612	1612	0.3835328047453534
1613	1613	7.893450531392389
1614	1614	5.743176614893467
1615	1615	0.6776896525077638
1616	1616	4.769305122511128
1617	1617	4.801891029591821
1618	1618	3.217206984600659
1619	1619	6.330060808517884
1620	1620	6.004796896415697
1621	1621	5.783502004339215
1622	1622	0.9387022654427398
1623	1623	0.863181562049394
1624	1624	2.4777767166638927
1625	1625	7.448410961667588
1626	1626	0.7711459230904457
1627	1627	4.532724879887481
1628	1628	0.5630712417892407
1629	1629	11.711462405136992
1630	1630	6.257697399832908
1631	1631	0.12939307123073937
1632	1632	2.3468388179502786
1633	1633	0.2079085900825797
1634	1634	0.668100873468996
1635	1635	5.546023787715079
1636	1636	2.688745496728321
1637	1637	1.7037965789047993
1638	1638	2.4505319861092856
1639	1639	3.060094878222923
1640	1640	5.36978332710964
1641	1641	5.198104779614871
1642	1642	3.5888873466649662
1643	1643	3.7557163655340715
1644	1644	5.862735807573485
1645	1645	5.153020927329095
1646	1646	1.1306804877403505
1647	1647	7.047661534237646
1648	1648	2.2299251245017953
1649	1649	1.6518373257289871
1650	1650	3.6823041761925652
1651	1651	4.2408011818575675
1652	1652	1.807808020776414
1653	1653	1.9738958600415661
1654	1654	2.860875230487535
1655	1655	0.8615405104366599
1656	1656	1.7890833155559698
1657	1657	8.791991074066793
1658	1658	7.869283187791645
1659	1659	8.733121857958722
1660	1660	2.8583573536823104
1661	1661	6.406706265777862
1662	1662	4.982177755070171
1663	1663	2.7100022968332222
1664	1664	2.4723630641568435
1665	1665	3.2918544293781915
1666	1666	2.7481462344964775
1667	1667	1.5299188045295584
1668	1668	7.750514271876279
1669	1669	1.8676743647519227
1670	1670	2.4902866738575797
1671	1671	0.9692515631418634
1672	1672	7.095194075692854
1673	1673	2.545656101094502
1674	1674	12.043029262249448
1675	1675	3.875036287341842
1676	1676	0.4817710086125386
1677	1677	6.122022185843493
1678	1678	4.0536237742374714
1679	1679	3.4045861380085602
1680	1680	1.9147328970879485
1681	1681	8.283606503452761
1682	1682	3.7878989949529682
1683	1683	2.6100602227464558
1684	1684	4.4592823668131985
1685	1685	3.3163821535646
1686	1686	5.040897742850325
1687	1687	2.0192990840604157
1688	1688	2.605849297607967
1689	1689	2.5886406432364177
1690	1690	7.000863686893308
1691	1691	6.180124272597042
1692	1692	4.942307724747004
1693	1693	3.1111492983722995
1694	1694	8.542808295293362
1695	1695	4.2425872213465805
1696	1696	2.5101850307118196
1697	1697	3.470831047619533
1698	1698	13.964191164220814
1699	1699	10.918107216567355
1700	1700	0.8122417964201369
1701	1701	1.5257260790728575
1702	1702	2.496540754097106
1703	1703	3.557802565985415
1704	1704	7.164412100619106
1705	1705	0.9930873460041678
1706	1706	6.160329192994869
1707	1707	4.999942066193282
1708	1708	1.6801276578110345
1709	1709	3.2068812202769967
1710	1710	2.9183044305915486
1711	1711	18.103552536258988
1712	1712	0.3910398139049506
1713	1713	3.058483280422994
1714	1714	2.3882962177495783
1715	1715	3.852427888549068
1716	1716	3.753181287479309
1717	1717	4.128644404398821
1718	1718	1.9432906415804179
1719	1719	3.552164828705446
1720	1720	4.161950151642814
1721	1721	0.8758575170751587
1722	1722	13.343004939597066
1723	1723	1.0055576207805308
1724	1724	6.2477074100544066
1725	1725	8.72698562797496
1726	1726	1.7194301541554602
1727	1727	0.9813795661471924
1728	1728	9.94495276737408
1729	1729	9.202299047871948
1730	1730	10.959593145915889
1731	1731	3.693109056028122
1732	1732	5.68054446578811
1733	1733	5.44031067746826
1734	1734	0.3207309157719271
1735	1735	0.9653818468746206
1736	1736	1.4946127367163635
1737	1737	1.7492207147433811
1738	1738	2.268934219513203
1739	1739	3.2411149201518348
1740	1740	0.8727109524795323
1741	1741	0.26256020910826605
1742	1742	0.3954250766333611
1743	1743	0.946774833726203
1744	1744	4.051046802990656
1745	1745	5.091182821929911
1746	1746	1.0285425579729688
1747	1747	2.8611049601708234
1748	1748	7.949653319204555
1749	1749	1.569491806477812
1750	1750	1.2393507841261953
1751	1751	0.33835261497326874
1752	1752	2.225227796800781
1753	1753	3.9219933381957404
1754	1754	1.895888112478574
1755	1755	1.0177677480396716
1756	1756	3.7546529776866344
1757	1757	6.735184620380769
1758	1758	1.9702829745319543
1759	1759	0.9015445318114098
1760	1760	2.8737967762557908
1761	1761	5.004067426488927
1762	1762	1.9050560827959844
1763	1763	7.898588655793638
1764	1764	3.4710152421620566
1765	1765	10.474041265593181
1766	1766	5.843680838171321
1767	1767	1.5083990804359688
1768	1768	1.5431786260465628
1769	1769	0.7421134324965964
1770	1770	5.41709152954548
1771	1771	3.51133452782871
1772	1772	2.7271789403856057
1773	1773	7.37813935323482
1774	1774	0.40103644789949594
1775	1775	2.299425094520752
1776	1776	2.882056723543724
1777	1777	3.035684496992643
1778	1778	4.079910229631916
1779	1779	1.395626053295719
1780	1780	0.8055952026847638
1781	1781	2.0726745172118064
1782	1782	1.6872747450224117
1783	1783	3.546643007387262
1784	1784	5.897167674238812
1785	1785	0.9267314813034802
1786	1786	9.845421963693747
1787	1787	9.57953709431548
1788	1788	6.940433580874361
1789	1789	1.7738882898867885
1790	1790	7.639065256978536
1791	1791	10.479153938032992
1792	1792	3.809939321971309
1793	1793	1.898396056476158
1794	1794	6.438841192126213
1795	1795	4.390328035236787
1796	1796	3.759515391790321
1797	1797	1.8565660668576416
1798	1798	4.402304215131107
1799	1799	1.482792233836272
1800	1800	3.6515895477472067
1801	1801	1.7555148314544777
1802	1802	8.95364628830711
1803	1803	8.18072132812106
1804	1804	1.074782358249259
1805	1805	3.0531853111734746
1806	1806	2.733451804113619
1807	1807	1.0268750845155958
1808	1808	0.9115256251024728
1809	1809	8.530303365175023
1810	1810	3.6235719865801825
1811	1811	0.9290313872032585
1812	1812	1.7672232719417151
1813	1813	4.232911878649893
1814	1814	5.319649375175709
1815	1815	4.919575015171401
1816	1816	1.333921239798508
1817	1817	10.297545271048499
1818	1818	2.8073982846553167
1819	1819	4.836330794759444
1820	1820	1.461644315619095
1821	1821	2.835169366669534
1822	1822	2.562803108026654
1823	1823	1.0519417195449385
1824	1824	6.158780261819551
1825	1825	5.4351014381161145
1826	1826	0.5703936003021802
1827	1827	2.9461257224827078
1828	1828	2.5250988970114037
1829	1829	4.884495349676047
1830	1830	5.396928704725509
1831	1831	1.916393112852772
1832	1832	2.7730636390703034
1833	1833	1.7613079297161864
1834	1834	4.411550151525917
1835	1835	1.5216767860676188
1836	1836	9.101091028087579
1837	1837	2.7123686435893717
1838	1838	2.745897906307287
1839	1839	2.323977090676254
1840	1840	7.313149533612046
1841	1841	4.123150292839651
1842	1842	0.4412140060346331
1843	1843	5.063073376331883
1844	1844	5.182100430173953
1845	1845	2.4875775850695803
1846	1846	6.936557635996909
1847	1847	1.4757089313082714
1848	1848	1.2836056134568419
1849	1849	5.161787115191114
1850	1850	5.769177029361618
1851	1851	10.733837862009457
1852	1852	2.638536613465751
1853	1853	5.720223652162172
1854	1854	2.9635385127333627
1855	1855	1.845298494479321
1856	1856	4.8239486773676745
1857	1857	2.874719040243809
1858	1858	4.946077787010579
1859	1859	6.174655784885642
1860	1860	4.626789243241983
1861	1861	0.3742072140052538
1862	1862	5.279991395093879
1863	1863	4.861839857787051
1864	1864	1.6478631158109212
1865	1865	1.5149860218138997
1866	1866	3.4849732196890346
1867	1867	2.8717088025384516
1868	1868	7.764689070606103
1869	1869	4.475261127153163
1870	1870	2.5704585841595655
1871	1871	3.7768078201389543
1872	1872	2.8269129592605715
1873	1873	1.5009259690363512
1874	1874	1.8388858619013801
1875	1875	3.7957220010731225
1876	1876	1.0733994466122863
1877	1877	3.325359265371143
1878	1878	3.8757471570627
1879	1879	2.162615375027699
1880	1880	8.989271363579386
1881	1881	1.5676557690131787
1882	1882	5.1472776916143115
1883	1883	1.1657767422255354
1884	1884	5.1505732625470655
1885	1885	1.9956923955644488
1886	1886	0.7215301081606934
1887	1887	4.854555252116803
1888	1888	6.383508157897928
1889	1889	5.8087913571118825
1890	1890	1.0872748633063318
1891	1891	9.310045829145825
1892	1892	4.0392966778576795
1893	1893	3.6187734217786236
1894	1894	1.7673478892974315
1895	1895	1.2733787744477696
1896	1896	1.4435909593646523
1897	1897	1.7492437313759035
1898	1898	6.602008722409847
1899	1899	3.205127855412117
1900	1900	3.4445875644819965
1901	1901	2.758168865404402
1902	1902	2.51415560464456
1903	1903	2.188406830558902
1904	1904	4.115384295018546
1905	1905	1.2793615744568858
1906	1906	9.12862710583564
1907	1907	2.846869520458501
1908	1908	4.567371284436078
1909	1909	4.651079307427384
1910	1910	6.213173534410502
1911	1911	0.7968242508042509
1912	1912	1.5805502971813836
1913	1913	11.35558141176754
1914	1914	4.1610825589490155
1915	1915	1.6916345311903462
1916	1916	4.0361483718528115
1917	1917	7.394283870183988
1918	1918	5.327164251708665
1919	1919	8.955357773316244
1920	1920	4.19448284307078
1921	1921	4.372921971615259
1922	1922	7.993385047377969
1923	1923	5.9720253106226435
1924	1924	4.851448768851557
1925	1925	3.1040697310523613
1926	1926	1.53442973339699
1927	1927	3.436446650037078
1928	1928	1.4360079626338682
1929	1929	3.4523961550144584
1930	1930	8.133957304948044
1931	1931	5.778963316660853
1932	1932	0.8809219102521489
1933	1933	2.0139201923123387
1934	1934	8.320814214968022
1935	1935	2.4489587335935177
1936	1936	11.385332561854858
1937	1937	0.5688366878958667
1938	1938	4.3162816467329215
1939	1939	4.300914804241796
1940	1940	0.4684900678774632
1941	1941	0.8155892878567282
1942	1942	4.577992217643069
1943	1943	4.338620710644894
1944	1944	2.8957187824008663
1945	1945	2.4146107268433084
1946	1946	2.375656790825572
1947	1947	8.633700903500461
1948	1948	1.6034519833629175
1949	1949	1.5385944189161465
1950	1950	5.191020406151753
1951	1951	1.7706393220260206
1952	1952	9.017394218094825
1953	1953	3.762809401821617
1954	1954	1.0967699345825703
1955	1955	7.610794834882747
1956	1956	3.3396893315672838
1957	1957	7.228348556350492
1958	1958	11.120069534298532
1959	1959	4.754789659499809
1960	1960	6.773815338500295
1961	1961	2.763370880932125
1962	1962	3.855209469849795
1963	1963	1.4443649220239982
1964	1964	3.506486590613673
1965	1965	5.498352670873906
1966	1966	11.998568877752529
1967	1967	2.0402116389110643
1968	1968	2.540877144914257
1969	1969	5.722274873823821
1970	1970	7.608480668386317
1971	1971	3.781344795691945
1972	1972	0.8593728477633383
1973	1973	2.8035972276776286
1974	1974	0.81292220897942
1975	1975	7.148723759930517
1976	1976	3.0585809361460705
1977	1977	1.6724296667367105
1978	1978	0.9152983146248489
1979	1979	3.9460986722500255
1980	1980	5.208455970298718
1981	1981	4.258752620399256
1982	1982	3.8147786411832563
1983	1983	5.997077912690879
1984	1984	3.658818245713062
1985	1985	1.5519580684283312
1986	1986	15.624749321873804
1987	1987	2.894050986526925
1988	1988	6.3390113318428805
1989	1989	5.186142935535161
1990	1990	4.105523598966119
1991	1991	7.989918234968107
1992	1992	2.2141366748526243
1993	1993	4.135447875454793
1994	1994	10.662800588030443
1995	1995	3.8155185820838766
1996	1996	5.6323989323241035
1997	1997	12.700754101241264
1998	1998	1.4705332397724593
1999	1999	6.860335056591555
2000	2000	7.572795457713615
2001	2001	0.771782094637423
2002	2002	2.537520618838053
2003	2003	6.133789908226096
2004	2004	3.327557512004067
2005	2005	7.040726210351717
2006	2006	5.428708554849492
2007	2007	1.1131555338788988
2008	2008	2.6860971970044423
2009	2009	4.7667275280119625
2010	2010	2.812684403608567
2011	2011	11.528457634796661
2012	2012	2.363629403100764
2013	2013	3.423396237572509
2014	2014	9.292835089439293
2015	2015	2.806937407125451
2016	2016	1.6254255018713188
2017	2017	4.674126662875938
2018	2018	1.5795455645467065
2019	2019	2.9921210540939116
2020	2020	5.533615076094848
2021	2021	1.4858501255207581
2022	2022	3.6305636902269587
2023	2023	5.485713367325128
2024	2024	3.265018831489484
2025	2025	2.481797739244073
2026	2026	5.1006658031718874
2027	2027	1.3296849177990997
2028	2028	8.426208493335377
2029	2029	1.1574330981859888
2030	2030	2.4561972644445924
2031	2031	3.11073566539928
2032	2032	1.9180376132029002
2033	2033	10.123032975351235
2034	2034	2.774160680783944
2035	2035	3.6658346344312474
2036	2036	0.8337416784495257
2037	2037	0.7147080977612162
2038	2038	1.0360683856288393
2039	2039	13.116701077170195
2040	2040	4.588161567064037
2041	2041	10.255968856515317
2042	2042	3.3006712401637417
2043	2043	8.623312742814626
2044	2044	10.05667259611346
2045	2045	4.3693061604107255
2046	2046	4.393376402071407
2047	2047	5.908065670580117
2048	2048	3.1668714346226565
2049	2049	7.329190359395298
2050	2050	2.7643141425263558
2051	2051	1.5040834052011098
2052	2052	7.831885166815478
2053	2053	1.7746593070156658
2054	2054	1.4061924257088996
2055	2055	4.818189795996294
2056	2056	5.300916020766641
2057	2057	2.825431613779122
2058	2058	3.6198297113886686
2059	2059	10.899218381050723
2060	2060	9.796777799449917
2061	2061	0.6108919406338587
2062	2062	2.028763477030347
2063	2063	1.5859257489355603
2064	2064	1.7951807294138564
2065	2065	1.6735198697002927
2066	2066	7.299135581341373
2067	2067	13.07249567675651
2068	2068	1.5062528975547687
2069	2069	3.793541796377007
2070	2070	1.4176717808360857
2071	2071	4.920722944207214
2072	2072	4.97508899726821
2073	2073	1.334963068991716
2074	2074	2.752107047585455
2075	2075	5.031150163832122
2076	2076	3.221803662970347
2077	2077	8.08535977784337
2078	2078	2.8532625644093645
2079	2079	3.7230798655014707
2080	2080	3.8151662692062493
2081	2081	1.7207823741822712
2082	2082	3.1174276159000853
2083	2083	2.199389716784138
2084	2084	1.2413514908203294
2085	2085	5.336385038586487
2086	2086	3.0285133454368265
2087	2087	9.091634079838254
2088	2088	0.5298050674985939
2089	2089	5.019645638495811
2090	2090	8.663517973921573
2091	2091	2.6208897011118824
2092	2092	3.283440071152863
2093	2093	13.211091397978922
2094	2094	4.368309402628462
2095	2095	7.160225983238228
2096	2096	2.620891385125657
2097	2097	1.1964842627687386
2098	2098	7.264536386205882
2099	2099	4.890907233116827
2100	2100	7.098596152739307
2101	2101	6.048347435126655
2102	2102	7.033099044658702
2103	2103	4.2721198524141215
2104	2104	2.6745020804244306
2105	2105	3.1975169473796234
2106	2106	1.6559231105759766
2107	2107	3.046022577382882
2108	2108	4.616447535086343
2109	2109	8.679049187998784
2110	2110	3.806961831179556
2111	2111	7.81125106011842
2112	2112	2.2011796686344236
2113	2113	0.5744302911962902
2114	2114	7.73338997619309
2115	2115	6.3179941098610035
2116	2116	9.939080348574421
2117	2117	4.854366498721236
2118	2118	5.846535573060545
2119	2119	4.37375698842307
2120	2120	2.029687990585139
2121	2121	2.572559379135263
2122	2122	2.1125993300233024
2123	2123	3.7181498206496677
2124	2124	3.6428847900896595
2125	2125	1.6451117843021266
2126	2126	4.9130126627812825
2127	2127	1.2141784905190582
2128	2128	3.5602726677741265
2129	2129	1.176950668662016
2130	2130	7.558579546828971
2131	2131	2.9628620539762855
2132	2132	1.29689057943509
2133	2133	14.598189670140064
2134	2134	4.9996528331486605
2135	2135	4.09147295869836
2136	2136	1.0504377374654725
2137	2137	7.457059302551854
2138	2138	1.4532496401656745
2139	2139	4.498128664672493
2140	2140	7.6959872652981804
2141	2141	1.53997984683644
2142	2142	7.512822818211808
2143	2143	3.074339591289432
2144	2144	0.969840429164464
2145	2145	2.0154355985975276
2146	2146	0.9975618882889566
2147	2147	1.9718409284369032
2148	2148	1.7039761430705047
2149	2149	2.180058325364471
2150	2150	8.341408427843236
2151	2151	2.8083773916305836
2152	2152	2.3531254508744475
2153	2153	5.826170628073972
2154	2154	2.3871493160475987
2155	2155	3.793040763632114
2156	2156	8.252254394846315
2157	2157	1.2620438439519264
2158	2158	3.0855016540312055
2159	2159	6.537522067069567
2160	2160	1.7102729912249137
2161	2161	1.900210892821653
2162	2162	2.869332674609639
2163	2163	4.213101636896923
2164	2164	1.4377449212387436
2165	2165	4.297128647031279
2166	2166	5.0078400052258
2167	2167	1.4658038289670423
2168	2168	0.3135547648099796
2169	2169	3.292876783800461
2170	2170	5.005931149297605
2171	2171	3.792035827450961
2172	2172	9.74804631719709
2173	2173	5.461158595411355
2174	2174	3.2567557013966133
2175	2175	5.979939601488805
2176	2176	3.3715391677785984
2177	2177	2.8032773946981036
2178	2178	1.0545749841571643
2179	2179	0.23804929873234876
2180	2180	1.225180357780689
2181	2181	7.626825357848381
2182	2182	8.179229981130412
2183	2183	3.9498362438648416
2184	2184	2.0149159550380737
2185	2185	4.59735753279121
2186	2186	10.132878648113675
2187	2187	10.514290040378288
2188	2188	1.142710473106832
2189	2189	1.954577635064134
2190	2190	6.226558412801312
2191	2191	10.277923776902698
2192	2192	4.537884659883017
2193	2193	3.4857651074412166
2194	2194	1.6088479219025082
2195	2195	3.4682994459673897
2196	2196	1.1175239901087894
2197	2197	5.621955133576736
2198	2198	2.309171169008117
2199	2199	0.8462522204586428
2200	2200	1.105835076026242
2201	2201	0.6916393075016857
2202	2202	6.1662470186124985
2203	2203	8.884552900119038
2204	2204	0.13508373406551882
2205	2205	5.758375104962571
2206	2206	2.651057375623309
2207	2207	0.6451088947923604
2208	2208	5.6932326809973235
2209	2209	3.4566412664743016
2210	2210	5.339164150834362
2211	2211	0.7649092629530162
2212	2212	1.4934520789997228
2213	2213	2.0034799978057545
2214	2214	2.632677533077721
2215	2215	0.8318172243714921
2216	2216	6.097194947699597
2217	2217	1.5368672135158334
2218	2218	2.174686796592184
2219	2219	5.578915046843094
2220	2220	1.403593369915038
2221	2221	3.758776188980226
2222	2222	2.6125914196172255
2223	2223	4.0385471767412175
2224	2224	1.7143148839134152
2225	2225	3.2777734602962183
2226	2226	5.99715611676001
2227	2227	2.7730831668633678
2228	2228	5.086888184733326
2229	2229	0.7325360948537263
2230	2230	4.096862192530977
2231	2231	4.069140679243814
2232	2232	11.546014421848463
2233	2233	2.1439947550269194
2234	2234	12.92507269349251
2235	2235	7.020402860619814
2236	2236	10.353693172231528
2237	2237	2.0212764432804855
2238	2238	3.9180084788000986
2239	2239	6.042919633308438
2240	2240	4.0378624527800095
2241	2241	4.148019554658608
2242	2242	6.005003959514274
2243	2243	1.0187893791280351
2244	2244	1.155224274491545
2245	2245	2.921881724381235
2246	2246	4.849821389166617
2247	2247	2.113239602639374
2248	2248	1.70113769655844
2249	2249	5.0551772758884885
2250	2250	1.6908402724019882
2251	2251	20.727849597085875
2252	2252	2.6517070427529084
2253	2253	6.1493788629797725
2254	2254	5.838050437149628
2255	2255	1.5900271509157347
2256	2256	0.7021665003624553
2257	2257	2.683055276359278
2258	2258	0.9258936018535118
2259	2259	3.4149510979878057
2260	2260	0.622931084930174
2261	2261	4.341605552102257
2262	2262	1.3127788009034225
2263	2263	6.570995701453231
2264	2264	5.231491547724828
2265	2265	2.5508392186230533
2266	2266	0.536524512868012
2267	2267	4.301492763357941
2268	2268	3.577569199705074
2269	2269	7.696565860715962
2270	2270	0.9351933087187918
2271	2271	7.293997026727603
2272	2272	5.332689454290884
2273	2273	7.223714996356922
2274	2274	4.2846223340016
2275	2275	3.2905890714360377
2276	2276	5.030550602283691
2277	2277	1.790712551144889
2278	2278	0.6191715953267825
2279	2279	0.7782690356272991
2280	2280	10.354704003051852
2281	2281	3.158873960361703
2282	2282	5.9909245941716405
2283	2283	3.5974102334597275
2284	2284	2.8726637114685625
2285	2285	4.213957479286168
2286	2286	1.732431901496681
2287	2287	3.755081486319027
2288	2288	0.7101012533795341
2289	2289	2.190910981008241
2290	2290	3.716101505249907
2291	2291	9.106551912528976
2292	2292	0.6518649764315376
2293	2293	7.804938626547523
2294	2294	1.1549613189294958
2295	2295	8.0090090921992
2296	2296	4.058846386828239
2297	2297	12.710655910168745
2298	2298	0.5742831635871072
2299	2299	3.438104903195376
2300	2300	5.014388861946947
2301	2301	1.9181826157483144
2302	2302	3.677325125241137
2303	2303	3.4394022655507217
2304	2304	5.536039814772846
2305	2305	0.8830350788851951
2306	2306	11.086124685708755
2307	2307	3.885345140896099
2308	2308	1.8734539808708066
2309	2309	3.124591042469334
2310	2310	2.976210262945362
2311	2311	2.127712923778471
2312	2312	3.8531724005762222
2313	2313	22.40372784591199
2314	2314	3.839918297046122
2315	2315	5.461702006650107
2316	2316	0.952946039387342
2317	2317	5.206156799879767
2318	2318	0.9412143372966724
2319	2319	4.628785847746032
2320	2320	5.567008853724029
2321	2321	3.1716238515545148
2322	2322	2.990718098062471
2323	2323	3.9926953498253144
2324	2324	4.276505292942829
2325	2325	0.9167815177463401
2326	2326	2.2764577068801994
2327	2327	1.9477341437974214
2328	2328	3.9010361921773447
2329	2329	9.202465354776455
2330	2330	3.3594936519091068
2331	2331	1.3985069833347394
2332	2332	4.685300787962365
2333	2333	2.9778259969321974
2334	2334	1.213298090060605
2335	2335	7.119493829106069
2336	2336	3.6492436026314157
2337	2337	1.0133179845488836
2338	2338	5.118161276504184
2339	2339	6.6619912722608525
2340	2340	2.8440539019337367
2341	2341	2.4129370672062302
2342	2342	1.3905796517230804
2343	2343	3.66849193213565
2344	2344	2.8091642348219543
2345	2345	5.364379301833084
2346	2346	9.244522858773784
2347	2347	8.813713523385573
2348	2348	6.935477666320446
2349	2349	5.293826838253867
2350	2350	7.5678952557131725
2351	2351	5.877046160090672
2352	2352	4.540454812518832
2353	2353	1.3962510333532405
2354	2354	3.8511401872284807
2355	2355	2.5177214323951627
2356	2356	9.339045970955253
2357	2357	0.6673928696701222
2358	2358	1.9785289175213232
2359	2359	7.661514058488143
2360	2360	7.1990527597249665
2361	2361	3.8926727740284357
2362	2362	2.9679657428998842
2363	2363	2.4410325581447925
2364	2364	7.172509254102148
2365	2365	8.95717876449063
2366	2366	3.9379172858079765
2367	2367	2.364814504866809
2368	2368	3.2205266471531626
2369	2369	5.571826490166701
2370	2370	8.893951606112033
2371	2371	1.1856162781311235
2372	2372	1.2066578818050744
2373	2373	2.399083295200656
2374	2374	13.923157920807236
2375	2375	4.2112764751721485
2376	2376	3.3654344258035715
2377	2377	3.6364109389347696
2378	2378	1.2195072891761782
2379	2379	8.515518542980743
2380	2380	3.131213841638642
2381	2381	5.30878650361028
2382	2382	5.4645501432839225
2383	2383	2.7043089074905566
2384	2384	11.01074478183711
2385	2385	3.092508886372966
2386	2386	0.8010268594840096
2387	2387	2.705478275364192
2388	2388	1.8341000630089115
2389	2389	13.616754932357116
2390	2390	1.1985049893619522
2391	2391	6.258693803679293
2392	2392	7.542683906315837
2393	2393	4.739294204490502
2394	2394	4.714591288170869
2395	2395	2.6000074836073304
2396	2396	6.363359519543203
2397	2397	4.654821864440085
2398	2398	8.797185274185358
2399	2399	2.257322480461649
2400	2400	4.075481439782264
2401	2401	5.94534865764762
2402	2402	1.167415025286269
2403	2403	7.806253430841387
2404	2404	1.5743699344717343
2405	2405	9.029009642729445
2406	2406	3.061312707468484
2407	2407	7.517856410812531
2408	2408	6.979613409561315
2409	2409	4.706368587544428
2410	2410	2.5331233031188325
2411	2411	3.7830114217328523
2412	2412	4.65122567625295
2413	2413	2.6642849575405188
2414	2414	2.7201596756938278
2415	2415	2.141623536064611
2416	2416	7.241781523417503
2417	2417	3.184942983607541
2418	2418	9.708064237087102
2419	2419	1.1446764504635905
2420	2420	1.992201494595242
2421	2421	3.4464341280371844
2422	2422	1.9812250818020558
2423	2423	6.062784275082041
2424	2424	1.114784732480522
2425	2425	2.249353001168803
2426	2426	1.3235686373813402
2427	2427	1.1474211205229854
2428	2428	12.661078762230492
2429	2429	2.209095593202472
2430	2430	2.5837886226850797
2431	2431	9.566208546277329
2432	2432	3.996094806659285
2433	2433	4.244032636065955
2434	2434	3.470490738715823
2435	2435	4.347645375051511
2436	2436	2.900715752921106
2437	2437	4.141080727219271
2438	2438	1.5743082898031762
2439	2439	2.0692019800917647
2440	2440	7.128591398808614
2441	2441	5.021046353313918
2442	2442	5.131792676058075
2443	2443	1.807257592025519
2444	2444	0.6365069274282156
2445	2445	0.9075101338540109
2446	2446	5.790408146804217
2447	2447	2.777076305621847
2448	2448	2.6573604744739683
2449	2449	3.845567185058203
2450	2450	0.3763614623014463
2451	2451	2.237422944625823
2452	2452	4.589416336810535
2453	2453	0.5295333581418739
2454	2454	1.2874829064928648
2455	2455	1.2003955377498021
2456	2456	0.743929768853862
2457	2457	5.945365121669565
2458	2458	2.4892367957660864
2459	2459	1.137025398070237
2460	2460	4.219153782517373
2461	2461	12.171595604199425
2462	2462	0.46680477580082114
2463	2463	2.604974910104821
2464	2464	12.653671146791366
2465	2465	1.2004396747146442
2466	2466	0.5237288086573518
2467	2467	1.7227538100433226
2468	2468	3.487087973711054
2469	2469	1.029525106767378
2470	2470	5.2317315514682585
2471	2471	4.655654020635651
2472	2472	6.652187256241648
2473	2473	0.8651398543105436
2474	2474	10.825880617336944
2475	2475	4.90163000451864
2476	2476	4.447934254030855
2477	2477	3.3914631547118264
2478	2478	1.2652918129516624
2479	2479	2.8328064139998284
2480	2480	1.8520849340014875
2481	2481	0.687026339590799
2482	2482	8.09292947951552
2483	2483	6.593158277121249
2484	2484	13.513091899340697
2485	2485	0.7610290744081227
2486	2486	3.669493047942175
2487	2487	0.8789902424552922
2488	2488	1.5272934606729174
2489	2489	0.11496288428973422
2490	2490	1.6618481061371626
2491	2491	7.737213400998582
2492	2492	3.525719754477185
2493	2493	1.355417859334831
2494	2494	0.5122529974923792
2495	2495	1.7807637239387606
2496	2496	2.819064631396386
2497	2497	3.260647688590105
2498	2498	6.011872792905195
2499	2499	2.0083924798771355
2500	2500	3.2934734992482393
2501	2501	3.358547546890158
2502	2502	9.240534210288319
2503	2503	9.639316222504387
2504	2504	5.147588933202324
2505	2505	6.048847380711203
2506	2506	3.253512008640259
2507	2507	2.5729996831665503
2508	2508	1.9705450358981447
2509	2509	8.70309845977582
2510	2510	3.968062248216462
2511	2511	3.704936234223039
2512	2512	0.5469608398914242
2513	2513	4.207074232991466
2514	2514	3.1820628999839573
2515	2515	9.838397784030699
2516	2516	6.619952391612386
2517	2517	2.3329814703542056
2518	2518	1.9251490966234597
2519	2519	2.7524652894069863
2520	2520	1.1342969770505489
2521	2521	0.4725822717933597
2522	2522	1.7032638128145487
2523	2523	2.9259952101195856
2524	2524	8.336357145079424
2525	2525	0.44551546861018504
2526	2526	4.027695440059794
2527	2527	5.186759557534006
2528	2528	3.62355774681129
2529	2529	0.6834333031576082
2530	2530	12.410332690759867
2531	2531	9.538025725801207
2532	2532	4.409834134270578
2533	2533	3.8029386686414632
2534	2534	1.4979020341868237
2535	2535	2.3718439975862244
2536	2536	3.6409494339611657
2537	2537	1.5626813140153883
2538	2538	1.5652522926897265
2539	2539	1.6050580440903108
2540	2540	1.188420656817562
2541	2541	5.369019769162587
2542	2542	8.700730388947836
2543	2543	10.97908667943462
2544	2544	3.196373020961959
2545	2545	2.4379113046258474
2546	2546	1.5952519861310115
2547	2547	3.5365597091219376
2548	2548	16.804939319130373
2549	2549	2.3584284520130696
2550	2550	1.5483722922582153
2551	2551	6.5502744796957595
2552	2552	1.4627512909880767
2553	2553	0.9625833968199843
2554	2554	10.368784696445525
2555	2555	2.1701027249546683
2556	2556	4.347612099994815
2557	2557	1.2192785450289514
2558	2558	1.8624856070831572
2559	2559	5.593164207469368
2560	2560	0.8325995357382275
2561	2561	2.435638962834887
2562	2562	0.8111275412116288
2563	2563	2.3912178865329565
2564	2564	3.1041962255114313
2565	2565	4.81968035639884
2566	2566	4.582586222946296
2567	2567	2.4157344507716694
2568	2568	10.382351669654335
2569	2569	6.6809834024473735
2570	2570	2.6763698304525594
2571	2571	4.871537291531955
2572	2572	4.814327397448867
2573	2573	6.014942143374084
2574	2574	3.1884280699936887
2575	2575	6.198812100359231
2576	2576	9.842853516449106
2577	2577	5.358673241713387
2578	2578	2.181871559554474
2579	2579	1.7936683295341398
2580	2580	0.974645646493329
2581	2581	2.2521035241424197
2582	2582	6.548405540527556
2583	2583	9.817347389214282
2584	2584	9.420503229688713
2585	2585	1.2073183971753192
2586	2586	4.586957708460892
2587	2587	2.595022280273653
2588	2588	8.207703605432776
2589	2589	0.23607244106150588
2590	2590	2.5426845537004477
2591	2591	4.761556023160866
2592	2592	4.592332081610527
2593	2593	10.551475370425914
2594	2594	3.5081073457192686
2595	2595	4.197677309395979
2596	2596	3.774168909627828
2597	2597	5.417730900339784
2598	2598	6.888088644057461
2599	2599	0.7438440557558126
2600	2600	7.542711225775304
2601	2601	5.128093038043552
2602	2602	2.351846573559303
2603	2603	2.2823532700877847
2604	2604	1.4007720970020232
2605	2605	6.238456420453051
2606	2606	6.62756184130206
2607	2607	2.0963457195512354
2608	2608	7.996832087234002
2609	2609	1.6243777203834842
2610	2610	1.999389630896568
2611	2611	3.847391513814545
2612	2612	4.005836394179564
2613	2613	2.277900243650129
2614	2614	11.071346938245636
2615	2615	2.0128619382024238
2616	2616	5.438276255908558
2617	2617	5.273593978500947
2618	2618	8.935565873985869
2619	2619	3.353235793986552
2620	2620	4.038406097791063
2621	2621	1.0241489991431498
2622	2622	0.4814561278918523
2623	2623	10.507879042410348
2624	2624	2.414088592123906
2625	2625	2.801842414924198
2626	2626	1.7422777026667944
2627	2627	7.203467223276987
2628	2628	0.7067541088310323
2629	2629	0.5003559633136535
2630	2630	2.2564293950253895
2631	2631	2.2144960807643344
2632	2632	2.4083499019601082
2633	2633	3.9483965542192
2634	2634	1.3364976670454751
2635	2635	10.65980075436044
2636	2636	6.968285375892688
2637	2637	1.9365172677133646
2638	2638	3.246639976850224
2639	2639	1.9435192715405185
2640	2640	1.9247291182668855
2641	2641	9.499341401924026
2642	2642	5.311333401943336
2643	2643	1.7701681982270598
2644	2644	1.0079506582423265
2645	2645	1.5155507252325098
2646	2646	2.199533247097795
2647	2647	3.8141929108186674
2648	2648	6.315147036166291
2649	2649	4.309083229319192
2650	2650	1.5658845830858668
2651	2651	4.93034096234907
2652	2652	2.9012384786267615
2653	2653	13.731336204992699
2654	2654	7.60051949343613
2655	2655	0.3763193418117074
2656	2656	2.733628687381786
2657	2657	9.269570682569217
2658	2658	1.9030681683465616
2659	2659	1.2818725755856857
2660	2660	1.846016410251866
2661	2661	8.424465398564294
2662	2662	5.619953708997367
2663	2663	1.1877571364895176
2664	2664	0.5438949759813722
2665	2665	1.8477477203939163
2666	2666	2.9589371866583307
2667	2667	6.371130047912176
2668	2668	4.8314335880018735
2669	2669	3.8397450195541283
2670	2670	2.302817233706929
2671	2671	4.076501177108652
2672	2672	1.7481559964843474
2673	2673	8.365526638530776
2674	2674	2.9473823881360133
2675	2675	2.706687172553903
2676	2676	4.150835652503349
2677	2677	4.33183703775306
2678	2678	3.129986741119823
2679	2679	6.008754907377676
2680	2680	11.71989455601208
2681	2681	2.5566796557151057
2682	2682	0.8302184848326721
2683	2683	5.3256896464933465
2684	2684	4.585112570559464
2685	2685	2.866882757195667
2686	2686	5.77118147158046
2687	2687	4.141873267283499
2688	2688	1.8893692142238616
2689	2689	1.6675527538877841
2690	2690	4.81229671455018
2691	2691	1.5741256736403881
2692	2692	2.465894244099249
2693	2693	16.017665312149724
2694	2694	2.9279594434988203
2695	2695	1.6666671930567298
2696	2696	6.692780995290321
2697	2697	1.8397419196094948
2698	2698	5.139521158054175
2699	2699	10.379725922997492
2700	2700	3.6639680404305115
2701	2701	4.564425977996407
2702	2702	4.210174652695779
2703	2703	3.6647410734469483
2704	2704	3.70148628884082
2705	2705	3.0830646988474024
2706	2706	1.6927010273212815
2707	2707	4.228824266743771
2708	2708	4.636446401826143
2709	2709	3.107430986409439
2710	2710	3.5438172707172675
2711	2711	4.456354797190029
2712	2712	5.3701166505425
2713	2713	10.275032231372128
2714	2714	6.7153642583818725
2715	2715	1.7107102134801193
2716	2716	4.491634286355647
2717	2717	1.8175669760764868
2718	2718	3.7646439188267085
2719	2719	4.648552749111473
2720	2720	4.143470332324452
2721	2721	4.493815717076219
2722	2722	3.4453784835170373
2723	2723	7.363862547076855
2724	2724	11.312811366789376
2725	2725	0.6185711898642473
2726	2726	9.668627391083467
2727	2727	6.563963565407355
2728	2728	0.9300686381907568
2729	2729	1.0127038226257306
2730	2730	1.7867027749110307
2731	2731	4.769576671607275
2732	2732	5.0993351815186285
2733	2733	1.0613355607697748
2734	2734	1.2911243500266014
2735	2735	9.676354327032511
2736	2736	7.632290055098087
2737	2737	5.46478726242888
2738	2738	4.619395032202454
2739	2739	4.0070138058181906
2740	2740	1.4031631199043817
2741	2741	5.715986455741516
2742	2742	8.332917255987805
2743	2743	3.2546619586410577
2744	2744	4.929266498064828
2745	2745	6.7080618612501555
2746	2746	2.174642371511846
2747	2747	6.579068432802119
2748	2748	5.262803665622238
2749	2749	9.547556976666591
2750	2750	3.7019586358978414
2751	2751	4.096556790589247
2752	2752	1.55693660909182
2753	2753	1.7321260642196046
2754	2754	3.815178598527944
2755	2755	2.833722324548936
2756	2756	1.2255668986797041
2757	2757	5.889743775203057
2758	2758	0.15688846903041823
2759	2759	1.0057558200496388
2760	2760	3.07991991944001
2761	2761	1.9632176944294852
2762	2762	4.2200836316167285
2763	2763	2.3976727357767276
2764	2764	1.0873133429386859
2765	2765	2.652957548509771
2766	2766	1.2464553063180568
2767	2767	4.960405751121149
2768	2768	2.3448079829329234
2769	2769	0.2045440377969384
2770	2770	12.694135494740307
2771	2771	5.907128990401994
2772	2772	1.6710017199064373
2773	2773	5.398639039283332
2774	2774	1.593056207736384
2775	2775	2.0913274618843047
2776	2776	8.020038418588284
2777	2777	4.0791387885112
2778	2778	3.057713977630319
2779	2779	1.2300816986676677
2780	2780	3.768160103486306
2781	2781	5.683392909122564
2782	2782	3.1814744928662004
2783	2783	2.595781743488778
2784	2784	0.7635543882615264
2785	2785	2.3456993166902307
2786	2786	3.3030277969950785
2787	2787	7.590776774208392
2788	2788	1.0908004037444905
2789	2789	2.3477127950726038
2790	2790	4.661134786761548
2791	2791	0.648682072884818
2792	2792	1.6805993481843566
2793	2793	4.287329284828295
2794	2794	3.4414832414355008
2795	2795	9.032283580293441
2796	2796	4.315216070081876
2797	2797	0.9337110903051157
2798	2798	3.0554328957040435
2799	2799	6.930502574195833
2800	2800	2.036475939289904
2801	2801	6.715433899850451
2802	2802	8.051538416148018
2803	2803	2.3815245256417255
2804	2804	3.1369855342892183
2805	2805	6.75764751607271
2806	2806	2.004877061211462
2807	2807	2.987130610703638
2808	2808	4.914630305412871
2809	2809	6.9068032196084985
2810	2810	3.276186455712698
2811	2811	1.260613228569627
2812	2812	4.643819173285879
2813	2813	6.294426833742401
2814	2814	3.466637976226547
2815	2815	2.2789415549262078
2816	2816	5.163896018193276
2817	2817	3.44830272988849
2818	2818	3.4728677845127405
2819	2819	9.011972048191593
2820	2820	8.717970947701604
2821	2821	1.8097091133246046
2822	2822	7.308277536264103
2823	2823	1.5634036241063916
2824	2824	11.596359502718524
2825	2825	7.738109912092316
2826	2826	1.7202137504266621
2827	2827	2.5015005491670745
2828	2828	2.4243621448527723
2829	2829	2.5609700894864096
2830	2830	3.159910929477079
2831	2831	0.4691835487443052
2832	2832	2.854467464117588
2833	2833	6.622225749420305
2834	2834	4.182625836203681
2835	2835	0.7161184734045091
2836	2836	3.754643306923604
2837	2837	6.041960405530026
2838	2838	0.8715261341234615
2839	2839	7.665223910118484
2840	2840	10.77090267401952
2841	2841	2.4639614392887714
2842	2842	11.973014786269468
2843	2843	0.784322826388376
2844	2844	2.2114664244245112
2845	2845	3.556688224861527
2846	2846	1.5586085142129016
2847	2847	6.3750939981467125
2848	2848	2.3504497198378806
2849	2849	4.753241327042817
2850	2850	2.33858369801623
2851	2851	2.943347089865851
2852	2852	14.636096424526377
2853	2853	3.865540866611111
2854	2854	5.4938510990486735
2855	2855	3.3273975812012524
2856	2856	4.694594309129919
2857	2857	1.3989900246548397
2858	2858	19.154814097525207
2859	2859	2.2106925550622636
2860	2860	5.887034719510902
2861	2861	0.8997237326347339
2862	2862	2.960290346034385
2863	2863	11.662426673293899
2864	2864	5.14843899612245
2865	2865	1.6565334321697598
2866	2866	9.506161524325034
2867	2867	6.168535535010315
2868	2868	4.252945894137506
2869	2869	3.9383459000813335
2870	2870	1.1878172638700129
2871	2871	2.2899639646700645
2872	2872	20.857362488650036
2873	2873	8.681380572151454
2874	2874	2.1389232217841205
2875	2875	6.175476409480017
2876	2876	3.844977975516127
2877	2877	2.725197100458729
2878	2878	1.2448506298073312
2879	2879	0.5547351433844914
2880	2880	2.9458310390586644
2881	2881	5.670065440099524
2882	2882	1.2534541812447832
2883	2883	1.3208436228417495
2884	2884	7.952780393502991
2885	2885	4.731531951029505
2886	2886	9.977111214084598
2887	2887	1.4250931443272865
2888	2888	1.142346697923987
2889	2889	7.5027380537529105
2890	2890	2.4651808822894026
2891	2891	10.963629329236001
2892	2892	2.380323223781846
2893	2893	7.119543203920641
2894	2894	5.171722750524444
2895	2895	1.5959296636371114
2896	2896	2.8601167731630546
2897	2897	5.480325268626981
2898	2898	3.8809510462749515
2899	2899	5.176295788217244
2900	2900	1.2348062544027103
2901	2901	3.693861691678093
2902	2902	2.585579614719687
2903	2903	4.3667716106332595
2904	2904	2.7859277657085575
2905	2905	3.673902017354763
2906	2906	3.244573587398454
2907	2907	2.5792568876378925
2908	2908	3.371254130201784
2909	2909	7.196629978811486
2910	2910	3.921296131238899
2911	2911	2.8837121282737277
2912	2912	0.3300808719736444
2913	2913	2.5334797999117726
2914	2914	2.0343403756246197
2915	2915	6.943488447324975
2916	2916	4.329121912489205
2917	2917	0.5605975049578166
2918	2918	4.15349147605442
2919	2919	7.472843807027558
2920	2920	4.250983200249856
2921	2921	6.2264072037623555
2922	2922	4.350192891065712
2923	2923	0.6758416486544198
2924	2924	1.9958523538180282
2925	2925	0.5315570145356464
2926	2926	2.368424743334996
2927	2927	2.8227759966342467
2928	2928	2.656272779776872
2929	2929	4.666673690604576
2930	2930	4.326831118250917
2931	2931	7.175867766059326
2932	2932	11.536953869289945
2933	2933	4.169277650605173
2934	2934	7.399602018787743
2935	2935	1.6692599168099014
2936	2936	1.1182072151526379
2937	2937	3.9429648057452567
2938	2938	0.8269425090226366
2939	2939	4.41336541872816
2940	2940	2.3557082776622114
2941	2941	1.8577115733977239
2942	2942	9.115902031139811
2943	2943	6.656287217868322
2944	2944	6.307678832624388
2945	2945	1.9331864148388964
2946	2946	13.555497251233264
2947	2947	3.598468903211049
2948	2948	3.5159503405380876
2949	2949	2.9361757686103607
2950	2950	1.364737808014652
2951	2951	3.949513730140065
2952	2952	2.9026903049664736
2953	2953	5.301811690301728
2954	2954	3.230715929766945
2955	2955	4.615890056322385
2956	2956	13.141515803250908
2957	2957	5.589296839579902
2958	2958	1.3234153913228117
2959	2959	3.998439046064075
2960	2960	7.203333782335436
2961	2961	1.6307325408545463
2962	2962	1.7187120534676756
2963	2963	0.3570682252637809
2964	2964	13.24596094150996
2965	2965	6.546603325140475
2966	2966	3.6128055910870223
2967	2967	6.929897589070128
2968	2968	4.137361194627355
2969	2969	7.219074652303532
2970	2970	3.903364339716796
2971	2971	2.8649325291320835
2972	2972	1.493923690230332
2973	2973	8.38037241877952
2974	2974	3.327676534259298
2975	2975	5.608302579277395
2976	2976	3.293761233245303
2977	2977	0.7198036044517364
2978	2978	3.1042449101319
2979	2979	6.685016584800018
2980	2980	3.643800835190891
2981	2981	2.602437834388786
2982	2982	1.404932328102241
2983	2983	1.5649075752738348
2984	2984	2.9919046212068574
2985	2985	0.6344925622544209
2986	2986	3.1276143687867926
2987	2987	2.652278240097112
2988	2988	4.5267068252859035
2989	2989	1.3765973968759457
2990	2990	8.48385023828091
2991	2991	1.225865268206189
2992	2992	3.9918805868928904
2993	2993	3.2225241346775686
2994	2994	7.954760411002777
2995	2995	0.7812462396555475
2996	2996	5.757084210831479
2997	2997	6.283609243635103
2998	2998	2.9306685487649466
2999	2999	1.584599931592016
3000	3000	3.4576312873045256
3001	3001	4.110832982904264
3002	3002	3.1141536754456673
3003	3003	3.5373967580987573
3004	3004	8.07313655342204
3005	3005	1.301716930383513
3006	3006	1.3919941880470172
3007	3007	4.624568248530999
3008	3008	8.296205108656572
3009	3009	5.636841713682939
3010	3010	0.2572111837061208
3011	3011	8.305835668335682
3012	3012	13.522020922039104
3013	3013	2.963528963409455
3014	3014	4.742660595490696
3015	3015	2.8643376410143606
3016	3016	1.2496568042003415
3017	3017	1.0969851966530917
3018	3018	6.546631553660143
3019	3019	13.19466633947659
3020	3020	1.9934463654170824
3021	3021	4.577452540597063
3022	3022	5.038539812865501
3023	3023	7.191067660854617
3024	3024	0.9834185110062201
3025	3025	5.275348686463887
3026	3026	0.8212234030902659
3027	3027	2.0095079280913204
3028	3028	6.758992900604401
3029	3029	3.8311176622516148
3030	3030	1.7213039539607276
3031	3031	4.765642922340309
3032	3032	2.8332081808469485
3033	3033	1.7692920651796695
3034	3034	3.5398818335209556
3035	3035	3.3107047819639996
3036	3036	2.174961644077945
3037	3037	0.5945296357590336
3038	3038	2.59151481795685
3039	3039	3.1708789792426364
3040	3040	1.419760378802064
3041	3041	2.939207873707387
3042	3042	2.785647230369818
3043	3043	4.999624570114296
3044	3044	7.9765422869388205
3045	3045	3.7297739924628814
3046	3046	2.4652639456080156
3047	3047	0.9063865832148923
3048	3048	7.93460500720366
3049	3049	2.758626139782877
3050	3050	5.451984741521097
3051	3051	4.49616335592133
3052	3052	11.239404488581195
3053	3053	0.2813845978693826
3054	3054	2.543061336298195
3055	3055	2.444307900495532
3056	3056	0.46383098409206414
3057	3057	1.1714535603612273
3058	3058	6.170240578765701
3059	3059	2.376128019610393
3060	3060	1.915240481284806
3061	3061	8.027016621438213
3062	3062	7.668116144278314
3063	3063	3.5076538658547336
3064	3064	1.0782205797823667
3065	3065	2.714107717833978
3066	3066	5.87825397829164
3067	3067	5.603807124114104
3068	3068	2.2052194558529603
3069	3069	2.5997674995742344
3070	3070	1.6513801123498117
3071	3071	6.295217977534699
3072	3072	5.7038874037122875
3073	3073	2.4337782313125786
3074	3074	2.2903567921559973
3075	3075	5.310716876820158
3076	3076	2.271583263842025
3077	3077	4.606252436020817
3078	3078	2.2803246203548206
3079	3079	9.816499225657257
3080	3080	3.1845397466144694
3081	3081	4.2625946904157725
3082	3082	4.067948668817811
3083	3083	2.3422905125714517
3084	3084	0.9373737979792689
3085	3085	6.557123774181568
3086	3086	1.8452925265216247
3087	3087	0.6601374568013302
3088	3088	0.7245841350689554
3089	3089	7.718568811383292
3090	3090	3.914409541452599
3091	3091	6.44112141536777
3092	3092	1.944382314862747
3093	3093	1.2128249927057075
3094	3094	3.0727887799420888
3095	3095	5.635574412438207
3096	3096	1.1107751881608983
3097	3097	1.8686677561414378
3098	3098	2.15295779215731
3099	3099	20.986624217013283
3100	3100	8.885781090869267
3101	3101	7.257225222971564
3102	3102	6.1312635181459845
3103	3103	5.342014030351139
3104	3104	2.1990588367951127
3105	3105	0.4642664847765124
3106	3106	3.337701454389417
3107	3107	1.1736415589278912
3108	3108	1.5536209038959097
3109	3109	5.271842212480046
3110	3110	1.5006408831110882
3111	3111	0.7522370391650367
3112	3112	2.208042986028422
3113	3113	1.742466837928967
3114	3114	1.6429314618251112
3115	3115	5.338409805235157
3116	3116	4.832889810245912
3117	3117	9.698814380286993
3118	3118	4.627171374311092
3119	3119	2.4843877350560843
3120	3120	2.975902088695887
3121	3121	2.2092907575086524
3122	3122	1.9175954515080227
3123	3123	2.3451940940703784
3124	3124	1.5373069242851176
3125	3125	1.5538630350895657
3126	3126	1.0978194752862824
3127	3127	2.5495279198682
3128	3128	0.3598236895969755
3129	3129	1.3479007668675764
3130	3130	1.2110724317649197
3131	3131	1.6583223897694608
3132	3132	2.9530324612650287
3133	3133	5.265692620092355
3134	3134	3.656926022188652
3135	3135	1.0407717289113236
3136	3136	1.352510896833208
3137	3137	3.730002599030437
3138	3138	6.357837290095996
3139	3139	4.7794444948449
3140	3140	1.556040649657581
3141	3141	10.466840460038119
3142	3142	2.4668714962114175
3143	3143	2.0868529080125233
3144	3144	8.642886001331513
3145	3145	3.243610545875095
3146	3146	0.7781059032131111
3147	3147	6.227802762267001
3148	3148	4.296918158388998
3149	3149	2.837460369380277
3150	3150	4.486311116643042
3151	3151	4.37174307844446
3152	3152	3.88365338867594
3153	3153	6.374335054091474
3154	3154	5.8254892418350686
3155	3155	2.445828727670584
3156	3156	1.1147234459497175
3157	3157	2.9659554005845865
3158	3158	6.833651041542867
3159	3159	1.5123435152180478
3160	3160	2.2642855381989864
3161	3161	4.4135216742108065
3162	3162	2.202044655497537
3163	3163	6.097150025142495
3164	3164	2.476925518423433
3165	3165	3.268036110092034
3166	3166	1.4771959690424954
3167	3167	1.322159250180692
3168	3168	1.2559979147911036
3169	3169	0.027667462012692656
3170	3170	1.9060128507159262
3171	3171	2.020720530326266
3172	3172	8.635518567460618
3173	3173	1.390466158059702
3174	3174	3.0223055521790423
3175	3175	4.882728842030444
3176	3176	2.211105332131671
3177	3177	0.24621080892434413
3178	3178	3.1248668948300353
3179	3179	3.3950899834289725
3180	3180	2.6861342256696648
3181	3181	4.3513275610574365
3182	3182	4.9267746066343205
3183	3183	1.482186023004045
3184	3184	1.485253073568719
3185	3185	3.24925665398616
3186	3186	9.851383879286146
3187	3187	2.57352743898836
3188	3188	1.7596702976397005
3189	3189	2.42984386363539
3190	3190	4.27564263186347
3191	3191	2.800527349371342
3192	3192	7.473359852124517
3193	3193	6.585449897906999
3194	3194	2.9593076955626767
3195	3195	1.7817809709455543
3196	3196	1.65064232792394
3197	3197	7.733563502115408
3198	3198	1.2117413965206623
3199	3199	0.7071697737361128
3200	3200	6.448011351611936
3201	3201	6.241503741955161
3202	3202	7.261743147793918
3203	3203	4.013048743975563
3204	3204	10.151161788969967
3205	3205	3.877768746414347
3206	3206	0.3186996303691403
3207	3207	4.05294861709216
3208	3208	3.7057524683271024
3209	3209	6.023382589837918
3210	3210	3.7065282155878805
3211	3211	3.800745212703598
3212	3212	4.969652241931408
3213	3213	3.462468629349493
3214	3214	3.0655381403861104
3215	3215	2.839941642154047
3216	3216	3.7630787529377083
3217	3217	0.9578367139070695
3218	3218	1.7893832053792922
3219	3219	2.5232464040882925
3220	3220	8.819978664748582
3221	3221	1.989991357011661
3222	3222	7.506525668531569
3223	3223	8.537453219754454
3224	3224	17.670830097630464
3225	3225	16.881719847733866
3226	3226	3.2643743489807147
3227	3227	2.45459411727814
3228	3228	0.8103374048326042
3229	3229	4.41404055424594
3230	3230	3.602821409281762
3231	3231	13.23499872726578
3232	3232	2.8276552208555015
3233	3233	0.6958226940325621
3234	3234	4.623413156144662
3235	3235	7.830040584699857
3236	3236	9.2571608044569
3237	3237	7.976132002812241
3238	3238	8.190129175653565
3239	3239	10.509476988959555
3240	3240	1.937019071097561
3241	3241	3.6765220100284934
3242	3242	2.135674658865951
3243	3243	3.590381187085816
3244	3244	3.610152696311345
3245	3245	4.859086679564436
3246	3246	7.234375229176644
3247	3247	0.9945814983106807
3248	3248	11.166560276442615
3249	3249	4.110744487975087
3250	3250	1.1887625536256505
3251	3251	3.8469801388586053
3252	3252	3.1102432986090744
3253	3253	1.3001323831708853
3254	3254	2.555380759467965
3255	3255	7.940523899815756
3256	3256	9.165643837688288
3257	3257	5.215450587736146
3258	3258	1.954436872817453
3259	3259	0.5520587515136253
3260	3260	3.90140555377136
3261	3261	17.214722690418782
3262	3262	3.280374484752535
3263	3263	1.1106222521991658
3264	3264	2.421952581411819
3265	3265	6.061751622135122
3266	3266	7.1070387917352225
3267	3267	1.1901086286372164
3268	3268	2.3178654818683038
3269	3269	4.427714472754555
3270	3270	8.579125491519866
3271	3271	3.6329849189707173
3272	3272	1.2722488048213136
3273	3273	4.516277862498744
3274	3274	1.8401194262116713
3275	3275	5.543923199557289
3276	3276	8.316280256410504
3277	3277	3.367936112100398
3278	3278	12.391571727628017
3279	3279	7.159889121734805
3280	3280	4.762493646505328
3281	3281	1.4237512171572058
3282	3282	4.532836526447056
3283	3283	5.608705241290353
3284	3284	2.168356226186589
3285	3285	2.942097692958489
3286	3286	2.030411684498678
3287	3287	5.523832801706473
3288	3288	4.20986574656172
3289	3289	8.316198879089171
3290	3290	2.6617399590956756
3291	3291	1.011474757524172
3292	3292	4.7506309285564265
3293	3293	4.20807494884717
3294	3294	4.786359341750311
3295	3295	4.712245020503233
3296	3296	4.072729622792173
3297	3297	4.308398608494995
3298	3298	3.778209188883933
3299	3299	1.7708464375122406
3300	3300	3.6109465610328115
3301	3301	4.916061061147087
3302	3302	6.94963456977981
3303	3303	9.565667565471154
3304	3304	5.120182340363468
3305	3305	3.1859199964151337
3306	3306	3.9895693211761025
3307	3307	11.177422341465096
3308	3308	4.992252240453844
3309	3309	3.1965730680900757
3310	3310	7.467752623444919
3311	3311	9.131499131082721
3312	3312	2.1438088077783553
3313	3313	4.163854553070808
3314	3314	5.978397281050541
3315	3315	3.1116627808145383
3316	3316	9.162031053660538
3317	3317	1.7187961852513878
3318	3318	0.1967488470233546
3319	3319	5.980991411941293
3320	3320	3.9752333146247985
3321	3321	1.9921926527084042
3322	3322	9.502489743236552
3323	3323	4.707201324248995
3324	3324	1.9586666892438795
3325	3325	1.6968700638052192
3326	3326	10.769297311931451
3327	3327	8.72576244825261
3328	3328	2.8478990189201947
3329	3329	3.701349670923761
3330	3330	1.72910418560698
3331	3331	8.181179285383688
3332	3332	3.1129072901645762
3333	3333	1.0606265519934759
3334	3334	2.3748147785797293
3335	3335	5.382323943041523
3336	3336	10.635408374308978
3337	3337	3.926774081699418
3338	3338	5.9074452693240085
3339	3339	3.3626873768246943
3340	3340	5.577681133983211
3341	3341	2.483261177310738
3342	3342	3.40270257640644
3343	3343	5.286770766781744
3344	3344	1.1005380509265372
3345	3345	5.002469787702312
3346	3346	4.416418392727016
3347	3347	5.193648370904012
3348	3348	1.9970891710979066
3349	3349	1.1606409322588207
3350	3350	2.668545411699779
3351	3351	1.4176914438111439
3352	3352	5.650081138334338
3353	3353	0.3332941809189342
3354	3354	0.8307925220221261
3355	3355	4.997561386652338
3356	3356	6.046399531780479
3357	3357	15.213444847359439
3358	3358	7.664329362111037
3359	3359	6.131173289124971
3360	3360	2.3517802655470006
3361	3361	6.889265473948689
3362	3362	4.145198433021262
3363	3363	7.069381617730183
3364	3364	6.2244425655662985
3365	3365	3.3754378976071617
3366	3366	7.072483550363346
3367	3367	1.1338283960732627
3368	3368	4.778799252130613
3369	3369	0.9366299183349147
3370	3370	1.8022947306678239
3371	3371	1.8600268815707655
3372	3372	2.3221597696803293
3373	3373	1.9371926057336042
3374	3374	5.129967659518394
3375	3375	1.5152914651550582
3376	3376	1.257277551456004
3377	3377	7.447397215377465
3378	3378	4.066670574630476
3379	3379	2.127665110843084
3380	3380	9.719703989175748
3381	3381	0.9949941295839243
3382	3382	5.2440653951305185
3383	3383	3.2986505228102945
3384	3384	2.5578226300899574
3385	3385	8.783419999292613
3386	3386	2.896008690453993
3387	3387	4.700238790735455
3388	3388	2.080379436461008
3389	3389	4.889459060803394
3390	3390	1.4621960105236993
3391	3391	1.3233157850845814
3392	3392	4.3205112398740715
3393	3393	6.569471160067714
3394	3394	4.671529889626661
3395	3395	9.235251906115643
3396	3396	1.7551814238475614
3397	3397	8.586143963945156
3398	3398	1.0454034576437128
3399	3399	0.3135408978036446
3400	3400	4.377030138593532
3401	3401	11.764407463751185
3402	3402	5.500585994073907
3403	3403	9.924913776302835
3404	3404	2.3883351339766845
3405	3405	0.5301941989316528
3406	3406	2.7780203714743963
3407	3407	0.7892775463699526
3408	3408	13.45018702904292
3409	3409	5.149907765298391
3410	3410	6.112751239957183
3411	3411	0.7459828608750861
3412	3412	6.063683612855696
3413	3413	5.9988921017673125
3414	3414	1.5268142709333894
3415	3415	1.1965708791278131
3416	3416	3.6866893885883107
3417	3417	3.60850056023531
3418	3418	3.7851294561461732
3419	3419	0.6180626115355607
3420	3420	1.7988964700475627
3421	3421	2.1812644492622413
3422	3422	1.549666610016793
3423	3423	2.781102780916474
3424	3424	2.794738878967695
3425	3425	6.6815027840845005
3426	3426	6.066205960841117
3427	3427	8.436001375106812
3428	3428	0.910879010825821
3429	3429	2.9680769286411754
3430	3430	1.0364061562017044
3431	3431	1.4430590423051108
3432	3432	4.711175084684101
3433	3433	0.9686842492349461
3434	3434	0.7889318755849389
3435	3435	2.4457154151625913
3436	3436	2.522471305838534
3437	3437	1.1766349516164338
3438	3438	3.3789430997853165
3439	3439	1.9557042889779561
3440	3440	2.8150034287891543
3441	3441	4.916026499212947
3442	3442	3.309395861025419
3443	3443	3.3409063494147104
3444	3444	6.988712523822218
3445	3445	0.9949492685559401
3446	3446	12.123065285471073
3447	3447	8.6090775045094
3448	3448	4.56263797266442
3449	3449	0.9597590667656419
3450	3450	0.6563970028356322
3451	3451	3.376196227271829
3452	3452	4.54790876879896
3453	3453	2.076889255072157
3454	3454	10.039881164110566
3455	3455	1.8138613896843274
3456	3456	4.823920194452279
3457	3457	11.560750319511238
3458	3458	2.2240989575384753
3459	3459	3.7681621990584233
3460	3460	7.348613768860554
3461	3461	4.4694106018766755
3462	3462	7.9246968610321495
3463	3463	4.363746880405265
3464	3464	0.8072247562808379
3465	3465	4.278305875690864
3466	3466	3.515783462124695
3467	3467	5.638349654040511
3468	3468	2.1674427505481613
3469	3469	9.160475921626023
3470	3470	1.2277343021305536
3471	3471	3.2451152827418275
3472	3472	0.6669024833714581
3473	3473	1.5238847816270462
3474	3474	6.295204170998669
3475	3475	1.8035551693306193
3476	3476	3.1628013125215513
3477	3477	1.6070645896597278
3478	3478	1.731135034202541
3479	3479	0.6271119833751486
3480	3480	6.313794874256685
3481	3481	2.5972678611930173
3482	3482	3.6119275119855776
3483	3483	1.5416011759350665
3484	3484	3.350823019330776
3485	3485	2.4671086027858693
3486	3486	1.425941098188779
3487	3487	2.707868355637529
3488	3488	5.7892041536813945
3489	3489	0.6370278043395823
3490	3490	1.36775475683785
3491	3491	5.084725787223519
3492	3492	8.042045162786671
3493	3493	3.4158769002121954
3494	3494	1.6187240309424156
3495	3495	0.9051312698590138
3496	3496	2.144760921916831
3497	3497	2.6851654071174615
3498	3498	2.013868856113912
3499	3499	1.7779616368164783
3500	3500	4.613509658821355
3501	3501	0.9953205209074034
3502	3502	6.655304502037955
3503	3503	2.2053680707956635
3504	3504	11.232148848569654
3505	3505	3.85424370057864
3506	3506	1.718129187868742
3507	3507	3.0671809496827476
3508	3508	4.4652170639785815
3509	3509	13.458120323652832
3510	3510	2.307415892297843
3511	3511	5.224964265062655
3512	3512	2.757697385413273
3513	3513	4.6770405258316465
3514	3514	1.4029686111918724
3515	3515	7.674006777668023
3516	3516	2.222022537591576
3517	3517	2.5073556673930266
3518	3518	7.1083987297585445
3519	3519	4.188982507934562
3520	3520	1.5631370535808489
3521	3521	0.3011015667865939
3522	3522	2.7648150337680173
3523	3523	10.769689607659403
3524	3524	7.471145930288083
3525	3525	9.378640884411247
3526	3526	0.5135047450376177
3527	3527	8.24199783352654
3528	3528	1.8253976011969197
3529	3529	5.999604329970716
3530	3530	0.974804416595012
3531	3531	5.817725658072266
3532	3532	10.06787185802703
3533	3533	3.1856361517508325
3534	3534	1.6639106776474897
3535	3535	3.3038688200422617
3536	3536	3.1016292048863128
3537	3537	1.1763910890109828
3538	3538	3.8725354840699233
3539	3539	17.968747436043806
3540	3540	3.497400386536514
3541	3541	1.911878324990051
3542	3542	7.467926661335777
3543	3543	3.9596504113582287
3544	3544	7.995036680977381
3545	3545	2.3349415903364754
3546	3546	9.77990352343393
3547	3547	2.351946516153653
3548	3548	3.0811160353205453
3549	3549	3.4545733014844924
3550	3550	0.4242734741693564
3551	3551	12.805682572860517
3552	3552	5.742237835077421
3553	3553	3.2041638370264787
3554	3554	14.67129330555286
3555	3555	4.932749027175011
3556	3556	4.019651981239031
3557	3557	2.405223378018509
3558	3558	1.1427527534773871
3559	3559	6.506924570081484
3560	3560	3.6990485355940503
3561	3561	6.167230665095745
3562	3562	14.514690536165812
3563	3563	2.4950869118911085
3564	3564	2.688128058912944
3565	3565	2.197165235267385
3566	3566	5.463240402275063
3567	3567	2.1364609386030824
3568	3568	7.178442605627854
3569	3569	0.3054267001007757
3570	3570	1.9943468848008454
3571	3571	2.5525385424092453
3572	3572	1.9295382713127338
3573	3573	2.6598141572849565
3574	3574	7.3372556392836685
3575	3575	4.8967086467634315
3576	3576	1.9585537509813986
3577	3577	1.0632892629500879
3578	3578	1.6257612766552763
3579	3579	2.8573583445375963
3580	3580	5.0808773384000645
3581	3581	0.9639340662502751
3582	3582	3.2968077479517564
3583	3583	3.682512420332181
3584	3584	4.048498548895422
3585	3585	2.10979819906403
3586	3586	8.323199755825197
3587	3587	10.96479937182364
3588	3588	6.8699235444713675
3589	3589	2.1990318119373766
3590	3590	0.5545097376424407
3591	3591	9.939781811516767
3592	3592	0.4279304078563734
3593	3593	0.2783458733295716
3594	3594	4.64577513187735
3595	3595	2.8600303844943693
3596	3596	11.850959877839449
3597	3597	2.0829445449455086
3598	3598	6.07340448688459
3599	3599	2.7694729417666957
3600	3600	2.6326905317388096
3601	3601	4.380794192864955
3602	3602	3.2031885387774746
3603	3603	5.658534311779414
3604	3604	6.2415835097732355
3605	3605	12.53158617676246
3606	3606	3.763481904840231
3607	3607	4.985689188038942
3608	3608	4.316761806073425
3609	3609	3.8980403439136055
3610	3610	3.4309247256433935
3611	3611	2.789938156312552
3612	3612	5.555412727888186
3613	3613	1.5051031453889765
3614	3614	4.802656482410027
3615	3615	8.30041522105779
3616	3616	3.8434692627891494
3617	3617	1.368603751016712
3618	3618	5.4223279408504235
3619	3619	7.8290449570994
3620	3620	3.127640161469425
3621	3621	3.305069533514623
3622	3622	8.028104806788415
3623	3623	9.898892234423199
3624	3624	7.755549241946369
3625	3625	1.3597093713074158
3626	3626	9.728887036068306
3627	3627	4.747823146809542
3628	3628	1.752336791316819
3629	3629	8.273728190308764
3630	3630	3.1052676460716837
3631	3631	2.1904174937990017
3632	3632	1.0314524590007674
3633	3633	10.4014736421154
3634	3634	6.583296508171216
3635	3635	3.079823506738326
3636	3636	2.8713374068578283
3637	3637	6.577894495685855
3638	3638	0.9514552156988586
3639	3639	6.433432418162271
3640	3640	1.3629942800480583
3641	3641	0.8178802897554932
3642	3642	3.1494563286447703
3643	3643	6.730822252999941
3644	3644	5.493541519888205
3645	3645	1.968129735788878
3646	3646	7.502266043842987
3647	3647	0.3416485363049713
3648	3648	4.066489232571277
3649	3649	7.993931109591849
3650	3650	1.8600778519486927
3651	3651	1.0507344821439932
3652	3652	2.343377744248185
3653	3653	2.6164817714886985
3654	3654	1.662039507567019
3655	3655	2.5540564250905633
3656	3656	7.1689278756144255
3657	3657	0.9736749485779072
3658	3658	4.171305087611424
3659	3659	7.63080603496544
3660	3660	2.429247010133835
3661	3661	7.144840258738268
3662	3662	5.231214709265818
3663	3663	4.227487128577041
3664	3664	4.44645123214252
3665	3665	4.714607728784812
3666	3666	3.772626804145094
3667	3667	6.013226337534062
3668	3668	3.7518506984959963
3669	3669	1.473443695904715
3670	3670	4.985899056444539
3671	3671	2.7860560424100225
3672	3672	7.7858609070699325
3673	3673	5.827769334382483
3674	3674	4.82166293131898
3675	3675	2.7167064245900567
3676	3676	2.399483225130507
3677	3677	6.294599807843585
3678	3678	4.858189208518667
3679	3679	5.052212309084315
3680	3680	0.7682360268155457
3681	3681	4.458628687742649
3682	3682	8.87613328360042
3683	3683	4.031337609793785
3684	3684	13.364756649839693
3685	3685	0.41712532088532317
3686	3686	6.039702769757196
3687	3687	3.1728403890926207
3688	3688	4.715934963218479
3689	3689	5.178028144605471
3690	3690	3.214805135492549
3691	3691	3.355661032050242
3692	3692	2.375657940143844
3693	3693	7.533304948666135
3694	3694	3.8165456493303074
3695	3695	5.093506145969636
3696	3696	7.769917115287614
3697	3697	13.781463729966328
3698	3698	2.4964305849151254
3699	3699	3.266333011194722
3700	3700	5.430643474706603
3701	3701	1.0837281029739023
3702	3702	6.267375922473548
3703	3703	1.6273576096983098
3704	3704	1.542561324248095
3705	3705	1.3729785247743302
3706	3706	12.709368294240393
3707	3707	4.556801517997981
3708	3708	9.270378147200779
3709	3709	1.7178300547248153
3710	3710	2.9441258119299696
3711	3711	8.868300713861563
3712	3712	8.98027523685076
3713	3713	4.166273777844409
3714	3714	3.0954378034786907
3715	3715	1.8034391795822706
3716	3716	1.979942175447848
3717	3717	10.402518471035657
3718	3718	2.034995626093274
3719	3719	7.132398989218902
3720	3720	4.35569445398965
3721	3721	1.1949756204475057
3722	3722	6.4518977334040075
3723	3723	5.533355750974581
3724	3724	4.967309759638625
3725	3725	3.3272015073564027
3726	3726	3.16325951525533
3727	3727	6.334220768929152
3728	3728	4.251511144023251
3729	3729	0.7587422019349558
3730	3730	0.9105372561755667
3731	3731	4.047868548272269
3732	3732	3.7800062321312273
3733	3733	5.36428672026129
3734	3734	4.190595337973478
3735	3735	3.1583286398490658
3736	3736	2.1334258337279217
3737	3737	0.5157478927713568
3738	3738	3.5400524424492574
3739	3739	1.4423046184430997
3740	3740	5.165973049746909
3741	3741	3.459857193328467
3742	3742	5.0193424925937435
3743	3743	6.446651199756867
3744	3744	1.7660630601930716
3745	3745	1.2355360231856685
3746	3746	5.802699007526607
3747	3747	0.4121293482854173
3748	3748	0.6479274871435363
3749	3749	1.2976017713902108
3750	3750	2.5462670667661165
3751	3751	4.12369082018288
3752	3752	8.189126286481171
3753	3753	1.8760529573306717
3754	3754	4.401154343745061
3755	3755	4.011295522852145
3756	3756	4.758477478039793
3757	3757	2.465955498180755
3758	3758	0.49857341086667684
3759	3759	3.806664189044927
3760	3760	3.84588564897018
3761	3761	3.433403684057607
3762	3762	1.8833376033394993
3763	3763	2.4782909446196997
3764	3764	4.152969566804437
3765	3765	3.509991785200965
3766	3766	3.645240923058632
3767	3767	5.285214796889056
3768	3768	2.5430649021170293
3769	3769	1.3128989924376806
3770	3770	3.49781886152564
3771	3771	4.585476853988699
3772	3772	1.5324856185670301
3773	3773	6.292187582849542
3774	3774	5.118356107992583
3775	3775	10.886953796428841
3776	3776	6.618943140089652
3777	3777	0.5198994036248954
3778	3778	4.332553779805443
3779	3779	5.785143594861106
3780	3780	1.747905497168532
3781	3781	0.5677920034593229
3782	3782	1.934026224660662
3783	3783	3.619194648499155
3784	3784	1.9123982940282969
3785	3785	1.4727849259478052
3786	3786	1.956954761653863
3787	3787	1.8971125980464485
3788	3788	6.670852920608467
3789	3789	1.6895972801015045
3790	3790	5.252261254719673
3791	3791	3.9508189373262255
3792	3792	2.5492202385456997
3793	3793	3.7991037439356807
3794	3794	1.0911603412647393
3795	3795	6.811073733314438
3796	3796	6.2210684464087
3797	3797	6.658461309221416
3798	3798	5.063340221878364
3799	3799	6.854721218871453
3800	3800	2.1428102950144474
3801	3801	1.6167944751316905
3802	3802	11.224816228004691
3803	3803	11.016087862430918
3804	3804	2.803258322482755
3805	3805	3.2505952093281616
3806	3806	2.940480602557444
3807	3807	11.397298183730566
3808	3808	1.1558708471358252
3809	3809	7.8721642457341074
3810	3810	5.914860165023103
3811	3811	4.442045647566325
3812	3812	4.635477999306684
3813	3813	3.8174991474286943
3814	3814	2.142774389754397
3815	3815	7.4215667303605795
3816	3816	6.497119494360738
3817	3817	6.062562051552269
3818	3818	4.2646520973548565
3819	3819	4.147548752300666
3820	3820	4.353404120741554
3821	3821	0.7958158407384442
3822	3822	7.793006016693937
3823	3823	3.828401038732887
3824	3824	5.340395435335631
3825	3825	4.748981754133963
3826	3826	7.093814933439018
3827	3827	4.248160064937951
3828	3828	1.8070892835476116
3829	3829	1.1436885903310727
3830	3830	9.051653268060173
3831	3831	7.839449562328634
3832	3832	7.197319538444562
3833	3833	1.9569873368125401
3834	3834	6.939613730440243
3835	3835	4.039949143438412
3836	3836	0.8394974967403901
3837	3837	5.467681351044833
3838	3838	8.782149333608578
3839	3839	2.4505356578222086
3840	3840	2.4204259956789036
3841	3841	1.405157299736741
3842	3842	4.514089507975251
3843	3843	0.359376036451797
3844	3844	5.414949851690736
3845	3845	0.33690198592427145
3846	3846	3.8684296032603678
3847	3847	1.5167011364594527
3848	3848	2.171128328262346
3849	3849	4.94847583100682
3850	3850	5.040158698585271
3851	3851	5.711898502559762
3852	3852	0.8016342608663253
3853	3853	2.7012231953734176
3854	3854	3.5543202821933915
3855	3855	4.250782519152777
3856	3856	3.0433988155410265
3857	3857	6.2174173166057995
3858	3858	2.811594972512326
3859	3859	2.89302469358042
3860	3860	4.093179061047306
3861	3861	4.724054229284476
3862	3862	2.9126708430804333
3863	3863	6.34186043473821
3864	3864	2.485632879890598
3865	3865	0.41701689813593995
3866	3866	6.154745932561304
3867	3867	2.8219822261609115
3868	3868	0.9305312577470378
3869	3869	3.0858735616786266
3870	3870	0.9467149030109872
3871	3871	7.383486802507071
3872	3872	5.600743740059841
3873	3873	4.018796095549079
3874	3874	6.138487326212374
3875	3875	2.4823191129697046
3876	3876	1.6952085831026946
3877	3877	2.7578336574834523
3878	3878	9.618590358132083
3879	3879	4.197409764167446
3880	3880	1.9243011469315479
3881	3881	3.5282764116502383
3882	3882	2.932521843347368
3883	3883	2.5872203935153184
3884	3884	5.008838212274819
3885	3885	2.192718954155588
3886	3886	8.481560552767043
3887	3887	5.214944497449815
3888	3888	0.9034646445545582
3889	3889	0.9608873147588498
3890	3890	4.3005346038495675
3891	3891	1.3525998723835
3892	3892	0.9170950606678229
3893	3893	1.5869738392165802
3894	3894	4.059439673970767
3895	3895	2.0321483977817754
3896	3896	1.3448102792404124
3897	3897	4.438220349697173
3898	3898	4.326556985817724
3899	3899	2.5369866991230667
3900	3900	11.720004595444383
3901	3901	9.004910945814853
3902	3902	9.745156082326782
3903	3903	3.844070689185022
3904	3904	1.5050503246044404
3905	3905	2.9530559006838786
3906	3906	16.29881476984279
3907	3907	12.41148422068002
3908	3908	2.525741140294881
3909	3909	1.7265229737936547
3910	3910	0.9144128469195755
3911	3911	1.6613971662279532
3912	3912	8.89253240000306
3913	3913	1.876661951500713
3914	3914	4.809774586214707
3915	3915	3.826229917537833
3916	3916	0.4001416430643771
3917	3917	1.101776086353504
3918	3918	5.057330790341425
3919	3919	9.299150060032828
3920	3920	5.077786916436391
3921	3921	6.552403551659687
3922	3922	0.1459314130557659
3923	3923	5.467850103179522
3924	3924	7.953360136100755
3925	3925	3.299613273953452
3926	3926	2.911463666771623
3927	3927	8.77229255789342
3928	3928	1.7850601816239375
3929	3929	4.5235042940825565
3930	3930	6.710722899415762
3931	3931	7.138651688156793
3932	3932	3.294995856401854
3933	3933	4.100627497056136
3934	3934	1.9677515254371414
3935	3935	7.083845549090451
3936	3936	3.554496104355291
3937	3937	2.110061348314362
3938	3938	3.7319086334223814
3939	3939	3.1534676876273284
3940	3940	1.1410840320887237
3941	3941	6.8225078489253566
3942	3942	0.284131759183639
3943	3943	4.950448465911643
3944	3944	2.1288549213733337
3945	3945	1.5636360797192164
3946	3946	5.365464612676067
3947	3947	9.58510487154295
3948	3948	2.390157634150915
3949	3949	2.1719448966062234
3950	3950	0.17778004641800824
3951	3951	8.399621785531266
3952	3952	0.02553455119538123
3953	3953	1.4101360645366197
3954	3954	8.665695792398358
3955	3955	3.874305624299521
3956	3956	4.274568218801495
3957	3957	4.694164813268647
3958	3958	1.0817173986389597
3959	3959	2.1496301179555295
3960	3960	3.6890557129875043
3961	3961	3.3250081606796202
3962	3962	5.913427799838452
3963	3963	4.278460837002916
3964	3964	4.857093243753704
3965	3965	2.93679759256654
3966	3966	5.064136697652374
3967	3967	1.066552716249984
3968	3968	4.394204671581869
3969	3969	4.175331245277112
3970	3970	1.9123822428634685
3971	3971	6.916796335371215
3972	3972	0.7120898089607905
3973	3973	5.056766863933867
3974	3974	2.2237551190287843
3975	3975	5.952725578782808
3976	3976	1.5804593161283873
3977	3977	0.8493630105536589
3978	3978	6.396242728472227
3979	3979	4.53703707767004
3980	3980	1.6963529803255182
3981	3981	2.5285122611738875
3982	3982	0.23156734552005329
3983	3983	1.6702260184693363
3984	3984	6.385922151293488
3985	3985	2.684797733485968
3986	3986	4.213916212318614
3987	3987	4.822228309384575
3988	3988	4.117987780543481
3989	3989	4.177863880937116
3990	3990	4.087289809442282
3991	3991	0.14989162054263988
3992	3992	4.404087745147372
3993	3993	2.1799259895561245
3994	3994	4.8619297255290155
3995	3995	7.522794184321013
3996	3996	1.3201925266231804
3997	3997	2.4125741340498297
3998	3998	2.764676410656316
3999	3999	0.7940240066587956
4000	4000	1.1514441813794334
4001	4001	2.565752907512748
4002	4002	5.388002229642418
4003	4003	2.3419118233807623
4004	4004	1.3325786491987885
4005	4005	2.5149258143262703
4006	4006	2.358931406610988
4007	4007	1.1852689570246218
4008	4008	2.7992733228633537
4009	4009	2.3517841281321257
4010	4010	2.51941412644549
4011	4011	5.085484105178285
4012	4012	4.306300374585697
4013	4013	5.688318653347099
4014	4014	1.5736844888199948
4015	4015	1.937723951763262
4016	4016	13.67146440794682
4017	4017	2.9856332557597134
4018	4018	2.2524185262605396
4019	4019	1.9799580239584396
4020	4020	2.7066434183665073
4021	4021	1.3618350337141978
4022	4022	2.6973501537643787
4023	4023	3.411886201012426
4024	4024	1.9410585481114022
4025	4025	4.809078157895673
4026	4026	2.077080071276261
4027	4027	0.7614424858300866
4028	4028	1.309673585402402
4029	4029	21.69920990274999
4030	4030	4.512260351790048
4031	4031	2.0667962945342646
4032	4032	2.318721845275752
4033	4033	2.814487510163996
4034	4034	7.085275806270469
4035	4035	4.648462528806635
4036	4036	2.3076421026772596
4037	4037	3.674395089618676
4038	4038	0.8712136252885494
4039	4039	2.5872524737907816
4040	4040	1.4369023456169614
4041	4041	1.5346361600284386
4042	4042	0.15873935687419832
4043	4043	1.2803744757249755
4044	4044	1.4881575102794007
4045	4045	5.944193144443272
4046	4046	1.9714416933630867
4047	4047	4.771515853677887
4048	4048	2.2638598710630826
4049	4049	2.5572408094189982
4050	4050	2.9570531128897377
4051	4051	11.80206088406715
4052	4052	1.4414578668884104
4053	4053	2.410599321483706
4054	4054	18.99279783034126
4055	4055	4.880251751279312
4056	4056	4.547604709470385
4057	4057	4.476263737606971
4058	4058	5.648635169957656
4059	4059	4.089628442959404
4060	4060	3.586082378038614
4061	4061	3.0206201475285117
4062	4062	3.95019145664675
4063	4063	2.756024175972731
4064	4064	4.719822464697133
4065	4065	2.3571506950108247
4066	4066	3.540005659278997
4067	4067	12.338715204677305
4068	4068	9.482024429671695
4069	4069	4.52359600814853
4070	4070	2.582816905974732
4071	4071	1.625064593101969
4072	4072	2.9108705914043282
4073	4073	2.7951559861721833
4074	4074	0.44396506636013766
4075	4075	1.5385937342939318
4076	4076	6.945587767069763
4077	4077	1.038371049224764
4078	4078	3.582867765076235
4079	4079	3.193107490138852
4080	4080	1.6392240415513606
4081	4081	1.6612206759157178
4082	4082	1.6466598552918321
4083	4083	0.25964469458855866
4084	4084	4.97699939004001
4085	4085	2.2998384733314388
4086	4086	0.518924686368314
4087	4087	4.390406329416379
4088	4088	4.356403046896919
4089	4089	2.0738200785836782
4090	4090	7.93883396425189
4091	4091	4.636463057495969
4092	4092	1.0962762871656595
4093	4093	2.6379446372297872
4094	4094	5.53705764109174
4095	4095	5.554238393849811
4096	4096	3.6896485368082694
4097	4097	6.811823266831517
4098	4098	4.396299942011813
4099	4099	4.7792652230496335
4100	4100	5.135707493914
4101	4101	4.236833009500077
4102	4102	6.559232664065235
4103	4103	1.3076107127257692
4104	4104	3.638455315704255
4105	4105	1.4732674702505058
4106	4106	3.6366840713506288
4107	4107	3.7526634311753035
4108	4108	2.414851213143643
4109	4109	5.569503935101979
4110	4110	4.37621415411085
4111	4111	2.7173623782518606
4112	4112	1.8227958877679873
4113	4113	3.5001743561650795
4114	4114	3.8390734851181048
4115	4115	1.7254765037632562
4116	4116	1.8712573392922824
4117	4117	3.924817584774981
4118	4118	5.369598797074354
4119	4119	0.4907562618692611
4120	4120	4.652894699902354
4121	4121	10.088839278860174
4122	4122	6.647815183812534
4123	4123	4.626194394338511
4124	4124	3.7582841219379803
4125	4125	7.946356430908372
4126	4126	1.897336282862051
4127	4127	0.5458525576053171
4128	4128	1.243630852685098
4129	4129	3.0137952210665504
4130	4130	1.153184350169714
4131	4131	4.424893859617224
4132	4132	3.2209213357854765
4133	4133	4.309057880863819
4134	4134	3.349680182537672
4135	4135	5.657503401484542
4136	4136	4.0913587258800534
4137	4137	10.410195266133673
4138	4138	1.7073238167315712
4139	4139	8.029186192627973
4140	4140	2.901373308968019
4141	4141	6.758040635758275
4142	4142	3.0510106215264843
4143	4143	9.652713247609714
4144	4144	2.3768043248880235
4145	4145	7.542609399554456
4146	4146	1.3903715582429441
4147	4147	3.061352261620808
4148	4148	0.7762149028141249
4149	4149	5.759402946646486
4150	4150	1.259143624464179
4151	4151	3.3441830130258676
4152	4152	2.0862205667506424
4153	4153	8.375185486655148
4154	4154	0.9881218740009123
4155	4155	10.712993885366988
4156	4156	1.4920894320405298
4157	4157	2.8381686136191866
4158	4158	2.134435335007272
4159	4159	2.4152313912874384
4160	4160	4.778420506166506
4161	4161	0.4806759988817957
4162	4162	3.806625952474217
4163	4163	1.9588128261321824
4164	4164	5.905235074288527
4165	4165	3.6870076767021764
4166	4166	4.000580440530887
4167	4167	5.724540873446793
4168	4168	7.2609954733110715
4169	4169	3.683458183467819
4170	4170	0.13589104173644154
4171	4171	3.2715353664468267
4172	4172	6.064064720610685
4173	4173	7.4433489625161515
4174	4174	6.21503534249813
4175	4175	1.2611560563270572
4176	4176	8.72135888742376
4177	4177	0.9690895049345065
4178	4178	3.413186482893894
4179	4179	3.1518738310548295
4180	4180	2.1525647416899103
4181	4181	4.95036235155623
4182	4182	3.1694747978615108
4183	4183	1.173135072284746
4184	4184	9.572502705031976
4185	4185	2.6441695791276234
4186	4186	0.5528183794959882
4187	4187	0.6416190025898805
4188	4188	4.785995464434589
4189	4189	3.6518831639790434
4190	4190	2.2975435744291834
4191	4191	2.6811252955089664
4192	4192	1.7538616631860537
4193	4193	2.3526419416675433
4194	4194	7.739557659944247
4195	4195	1.7316537234481153
4196	4196	4.141175875408155
4197	4197	3.352861602637003
4198	4198	5.831095736406432
4199	4199	10.868680266569898
4200	4200	13.01407974388272
4201	4201	1.3111486478890984
4202	4202	1.727137442641786
4203	4203	6.653868371738792
4204	4204	3.2629788240630457
4205	4205	1.0549421236158425
4206	4206	4.627747164592368
4207	4207	4.323602599182549
4208	4208	2.4678131778709917
4209	4209	11.589952494839332
4210	4210	5.015229516884564
4211	4211	2.7348077783161893
4212	4212	6.543546371673489
4213	4213	4.305887002396079
4214	4214	3.987094605877466
4215	4215	2.0993289616703477
4216	4216	1.7000944556153552
4217	4217	1.1337223011526865
4218	4218	2.1393775347631574
4219	4219	6.159376558541773
4220	4220	3.3000704692276086
4221	4221	1.4601328632563368
4222	4222	2.9903021784212425
4223	4223	4.476882939326653
4224	4224	5.435717514681951
4225	4225	0.9743065791688116
4226	4226	10.80956502404343
4227	4227	4.060379301837274
4228	4228	1.7303051055259855
4229	4229	8.455480467420706
4230	4230	5.57324968916889
4231	4231	1.5026438503381288
4232	4232	3.257115036752856
4233	4233	2.7192213232740454
4234	4234	9.008459255394364
4235	4235	4.347473609571741
4236	4236	8.750697849946294
4237	4237	3.5545881483610087
4238	4238	2.852858806801627
4239	4239	6.6075935885096895
4240	4240	3.115310936898283
4241	4241	3.3765546085879903
4242	4242	1.4231523852744181
4243	4243	3.793117734430563
4244	4244	0.931601257111542
4245	4245	2.7495351533415016
4246	4246	7.9177274858670295
4247	4247	0.8088036987588803
4248	4248	0.7567512229812705
4249	4249	7.369397317808974
4250	4250	6.473670776354557
4251	4251	7.986415399104723
4252	4252	4.539127179476839
4253	4253	1.643614305337345
4254	4254	3.1947412327517775
4255	4255	9.769378568582013
4256	4256	2.639256606267732
4257	4257	0.2755668702504686
4258	4258	10.19025309722818
4259	4259	6.497426313345374
4260	4260	1.9764376315489094
4261	4261	4.035008113355286
4262	4262	3.453335771035775
4263	4263	10.47082640237712
4264	4264	2.689358260888375
4265	4265	3.8615347506162356
4266	4266	0.8416783300607152
4267	4267	5.4293459331591585
4268	4268	4.86989716165202
4269	4269	4.366440442847106
4270	4270	2.9535400286481046
4271	4271	6.419073482229306
4272	4272	11.940258502323102
4273	4273	2.5039160548304014
4274	4274	6.113757219361868
4275	4275	9.951328139433862
4276	4276	7.084053635613032
4277	4277	3.6146972160470257
4278	4278	5.6424335145769104
4279	4279	1.9885253112082388
4280	4280	6.014306758738746
4281	4281	1.2811092716041
4282	4282	1.3136696570905053
4283	4283	4.184910417809288
4284	4284	1.2702653279683171
4285	4285	2.542145947192992
4286	4286	8.067399573030974
4287	4287	7.958343095143525
4288	4288	3.8107289598684577
4289	4289	8.111898781520209
4290	4290	5.280320050656341
4291	4291	3.916380144773013
4292	4292	1.1629468341298042
4293	4293	0.8037359581112545
4294	4294	5.333438474173383
4295	4295	2.9674405202462713
4296	4296	3.4366980538189673
4297	4297	0.4446931111143115
4298	4298	3.5817451839949044
4299	4299	0.8556658673437016
4300	4300	6.551923203570106
4301	4301	1.621933169986586
4302	4302	2.0257719644369057
4303	4303	3.6440610761124654
4304	4304	2.4960756391128736
4305	4305	3.119721016300423
4306	4306	7.952800842122203
4307	4307	3.221329623715302
4308	4308	2.692760246524951
4309	4309	5.950942198565703
4310	4310	1.0340880777334485
4311	4311	2.76804962107094
4312	4312	6.453941708933226
4313	4313	3.2863348311963243
4314	4314	1.1021223269505882
4315	4315	2.630695000910693
4316	4316	0.6530101363189008
4317	4317	5.313623864297695
4318	4318	1.8157683040249666
4319	4319	3.364936748568282
4320	4320	1.770657327063218
4321	4321	1.7399707024462279
4322	4322	1.6708053368144102
4323	4323	6.219256463730726
4324	4324	0.9654388456578913
4325	4325	2.264322554792482
4326	4326	2.8204293619370384
4327	4327	5.8457910517717835
4328	4328	1.6350512442259477
4329	4329	1.1466079947106858
4330	4330	2.3292140917135296
4331	4331	2.894050916682313
4332	4332	3.2318925173252784
4333	4333	2.2805663292108296
4334	4334	2.8307719968966327
4335	4335	1.577676949571273
4336	4336	6.819820832613234
4337	4337	1.8155053033992357
4338	4338	3.0206239174631815
4339	4339	3.1965525233095353
4340	4340	7.215381331569413
4341	4341	1.268542424095734
4342	4342	1.357153326209443
4343	4343	7.299310118624602
4344	4344	0.9228761899607635
4345	4345	1.5580119590512262
4346	4346	0.14446204032234675
4347	4347	6.454010720813326
4348	4348	1.380288009037351
4349	4349	4.5626385091279404
4350	4350	3.6538049175770224
4351	4351	0.5125292542594161
4352	4352	6.413169378856375
4353	4353	1.9140998082138543
4354	4354	2.151419639093491
4355	4355	1.7293887836748172
4356	4356	7.474055680347615
4357	4357	4.198810260741579
4358	4358	1.6695470705877262
4359	4359	4.374664185753315
4360	4360	2.5296197192378784
4361	4361	1.975965107844507
4362	4362	4.837797401935303
4363	4363	0.3286940219963424
4364	4364	1.702061099713169
4365	4365	3.5535882367375367
4366	4366	0.8052342343798852
4367	4367	8.588791686032916
4368	4368	0.971765945632968
4369	4369	2.7273839821501773
4370	4370	1.6500235074467966
4371	4371	2.9741910072079336
4372	4372	2.0043955898712076
4373	4373	7.292816161642447
4374	4374	4.114183303419571
4375	4375	2.273800692157118
4376	4376	3.8417022470525004
4377	4377	1.7815490476003224
4378	4378	2.6310879304572734
4379	4379	1.307385404919789
4380	4380	8.142819919159203
4381	4381	1.3207464434672487
4382	4382	8.466203718415239
4383	4383	1.7660138881221907
4384	4384	2.6712081156329854
4385	4385	2.858065800967616
4386	4386	5.4113220771946136
4387	4387	1.6288817264129583
4388	4388	9.784946870679846
4389	4389	0.584103588165159
4390	4390	7.274851214701998
4391	4391	3.0493078081461933
4392	4392	3.4755126899446376
4393	4393	1.6691379894479306
4394	4394	1.3134432517396435
4395	4395	4.623198705355206
4396	4396	7.176228451520774
4397	4397	14.877887654073607
4398	4398	6.881518442841118
4399	4399	9.181335539565897
4400	4400	1.2050439690557022
4401	4401	2.9429263807481263
4402	4402	4.38911025966176
4403	4403	6.572689270051678
4404	4404	1.2403296991076518
4405	4405	2.0684793796850856
4406	4406	4.4301115741355215
4407	4407	4.0250598160550135
4408	4408	7.739234226902596
4409	4409	2.67301959336635
4410	4410	3.3804041706460604
4411	4411	4.169912665365769
4412	4412	1.686726527979214
4413	4413	1.3128290042182036
4414	4414	2.390622674597073
4415	4415	1.468047288866988
4416	4416	1.1978145658834618
4417	4417	3.5230643341401935
4418	4418	1.4143818707572122
4419	4419	2.458597982095067
4420	4420	8.528174368962398
4421	4421	6.364917209359643
4422	4422	4.509216247371462
4423	4423	2.38932777211789
4424	4424	3.5281605619503393
4425	4425	2.176976357005064
4426	4426	3.6623622339583273
4427	4427	6.935515535899596
4428	4428	2.595650264240073
4429	4429	3.4724945648978007
4430	4430	2.249854581869471
4431	4431	1.0886326596033067
4432	4432	5.637131367507896
4433	4433	4.495918343888853
4434	4434	9.934650597051599
4435	4435	6.397436545579826
4436	4436	2.089685070894407
4437	4437	2.0512971439492285
4438	4438	3.3447981661387156
4439	4439	3.317354846993945
4440	4440	6.9593433588258735
4441	4441	1.0467153495167536
4442	4442	1.7628984190638706
4443	4443	0.6584500662290416
4444	4444	6.1799430252448
4445	4445	4.858914636384836
4446	4446	2.742865788528672
4447	4447	1.3658363636220847
4448	4448	2.793758046531227
4449	4449	7.485730012579354
4450	4450	2.2936022936271323
4451	4451	4.351396059548857
4452	4452	5.544203236716093
4453	4453	3.7077447239659365
4454	4454	4.109029966851572
4455	4455	5.152864348733904
4456	4456	2.5725603965178485
4457	4457	6.07618342611398
4458	4458	6.446017556689654
4459	4459	2.430518670704113
4460	4460	10.6267520624233
4461	4461	6.21487641197665
4462	4462	10.157996600108097
4463	4463	8.287999902523724
4464	4464	2.9039372131245185
4465	4465	0.1908676743024648
4466	4466	12.610527061245671
4467	4467	1.5686601093310388
4468	4468	4.014707778012643
4469	4469	11.317168320239471
4470	4470	3.943917364175924
4471	4471	15.19391492156867
4472	4472	0.8578370490009917
4473	4473	1.5171788395750192
4474	4474	7.508642494413648
4475	4475	0.31713167966083694
4476	4476	2.7818668812810916
4477	4477	2.3422791254204087
4478	4478	3.724172515727699
4479	4479	2.92012196579449
4480	4480	3.5809828930686005
4481	4481	2.0389529636735504
4482	4482	15.052421900325713
4483	4483	5.660206987567457
4484	4484	3.9123199810459464
4485	4485	3.4121096592901363
4486	4486	2.9213877311751095
4487	4487	1.7527729338706632
4488	4488	2.475203568115482
4489	4489	4.236295925191605
4490	4490	2.3096910984379933
4491	4491	6.892598879529332
4492	4492	5.3184950292245965
4493	4493	1.1574324866564312
4494	4494	1.3895966106963829
4495	4495	3.000747484694515
4496	4496	4.906178536644483
4497	4497	5.602296643261264
4498	4498	0.9743939752779182
4499	4499	1.6386879775368943
4500	4500	6.032853690961566
4501	4501	4.4953711788889805
4502	4502	8.10887850289437
4503	4503	5.586756669020017
4504	4504	5.5925869925489655
4505	4505	2.973330061635728
4506	4506	3.5677863507512595
4507	4507	3.10831497357685
4508	4508	1.5780802316246154
4509	4509	1.665694640439717
4510	4510	2.66572666202387
4511	4511	7.042729557306941
4512	4512	1.1951094639398547
4513	4513	1.2385824591474066
4514	4514	1.5726781427289556
4515	4515	9.468789682526996
4516	4516	6.516690232144117
4517	4517	10.080962697563182
4518	4518	4.992139371296583
4519	4519	3.6610751219217064
4520	4520	6.477598858078368
4521	4521	3.743087045948089
4522	4522	4.322753872063765
4523	4523	2.6968175567004136
4524	4524	0.3126889352956936
4525	4525	3.5026419329413927
4526	4526	5.054364785976065
4527	4527	3.4404736024643765
4528	4528	3.4172092762458406
4529	4529	4.771387617985318
4530	4530	4.664275900465947
4531	4531	6.975645764274954
4532	4532	4.541865091898808
4533	4533	0.4627830881229566
4534	4534	3.941230549011034
4535	4535	4.790949755258724
4536	4536	3.019533178452794
4537	4537	4.392100691164335
4538	4538	6.575769861520938
4539	4539	1.072664410791669
4540	4540	3.047544395547005
4541	4541	1.3439605922940465
4542	4542	3.8716385156224606
4543	4543	8.638371775989174
4544	4544	4.16788161723809
4545	4545	1.2194266362318023
4546	4546	1.6048514845569384
4547	4547	8.528570105610001
4548	4548	2.4718983137505233
4549	4549	1.236738296911855
4550	4550	2.80466176030266
4551	4551	3.319784527038271
4552	4552	3.49293424720597
4553	4553	5.309775095597145
4554	4554	1.154192978979481
4555	4555	3.3550750935426508
4556	4556	4.080101755636544
4557	4557	3.283977618013725
4558	4558	13.768399208714873
4559	4559	2.3586507421051857
4560	4560	5.7827498040790335
4561	4561	6.193571693746663
4562	4562	1.7246985413588427
4563	4563	2.0162694947341486
4564	4564	0.9411816855359095
4565	4565	1.3290377898638974
4566	4566	5.308830068910477
4567	4567	2.344997376416908
4568	4568	3.469306030767627
4569	4569	1.5842102076159834
4570	4570	0.7910548984313589
4571	4571	2.7523372010390585
4572	4572	7.3349931602116
4573	4573	1.5063462049100396
4574	4574	1.4382381027160789
4575	4575	8.631056063028277
4576	4576	5.014433279853484
4577	4577	6.518561812878975
4578	4578	4.947062628291995
4579	4579	6.854241740933079
4580	4580	6.160897585636477
4581	4581	0.6237754343641632
4582	4582	6.718400374387683
4583	4583	4.680663829685221
4584	4584	3.9327585622944015
4585	4585	3.187651229657924
4586	4586	4.60181305689358
4587	4587	11.687571367102002
4588	4588	0.9545479369083991
4589	4589	0.6531202882219901
4590	4590	5.195107694751945
4591	4591	7.362541005947944
4592	4592	4.1778129863318805
4593	4593	5.5387007601089335
4594	4594	2.391218680909592
4595	4595	2.565963659128124
4596	4596	10.992709756287823
4597	4597	1.5421066018190943
4598	4598	2.7561608742902783
4599	4599	2.199321194253499
4600	4600	1.0318157739175113
4601	4601	5.347414862242817
4602	4602	3.266394014295327
4603	4603	10.142144932674364
4604	4604	2.231670524524437
4605	4605	6.608312544616485
4606	4606	3.8527473958279197
4607	4607	0.3106648120398952
4608	4608	10.791353006650096
4609	4609	11.241860607911985
4610	4610	0.26221871656604717
4611	4611	3.1294075909375327
4612	4612	5.455689445944665
4613	4613	4.057931766699582
4614	4614	4.445877581644664
4615	4615	5.139420891385746
4616	4616	5.211611512979872
4617	4617	7.4028365003133985
4618	4618	11.384362235974805
4619	4619	5.796638141949798
4620	4620	5.384476718723132
4621	4621	4.059274182167683
4622	4622	2.7504208528057035
4623	4623	1.9514400081458503
4624	4624	3.747442662998529
4625	4625	0.7801821770425106
4626	4626	3.0138608207852777
4627	4627	2.8852542654760107
4628	4628	1.2492917404319794
4629	4629	1.165358483317213
4630	4630	1.8166727116191237
4631	4631	3.7264950030414323
4632	4632	3.574414220842977
4633	4633	3.6489715635435434
4634	4634	7.817223657109893
4635	4635	3.1372263320747735
4636	4636	0.3610697534897728
4637	4637	0.688468637626445
4638	4638	4.485619505507536
4639	4639	5.289078134700679
4640	4640	5.030756814974037
4641	4641	2.7894635526166724
4642	4642	1.4849003723376575
4643	4643	0.3067668327308333
4644	4644	4.699279187866399
4645	4645	5.339464495157914
4646	4646	6.756681518515668
4647	4647	3.2483828072505374
4648	4648	6.954980729134864
4649	4649	3.3354329256449375
4650	4650	9.93792404124645
4651	4651	3.3262560846688056
4652	4652	5.360186046796249
4653	4653	0.9869475858504736
4654	4654	6.398928702748231
4655	4655	1.9666986257760275
4656	4656	3.789543059630422
4657	4657	0.16145150922501164
4658	4658	4.884989201779307
4659	4659	4.551493777702967
4660	4660	2.7878836313392332
4661	4661	2.594045705577911
4662	4662	1.4803758661183852
4663	4663	4.072085017922859
4664	4664	2.3443114372996425
4665	4665	4.9828257215552005
4666	4666	0.4539184056258556
4667	4667	3.2313107088380995
4668	4668	4.1547971672793365
4669	4669	5.602052915082425
4670	4670	2.3837721253150614
4671	4671	4.126942785609335
4672	4672	3.9321194089930196
4673	4673	1.9818973996361309
4674	4674	1.0142338667781123
4675	4675	5.806872069949381
4676	4676	1.851752369752023
4677	4677	3.7633150774664244
4678	4678	2.5574600252479507
4679	4679	2.184265388200145
4680	4680	1.3510409298159562
4681	4681	1.625164394264915
4682	4682	0.6759697131840606
4683	4683	4.024343458240632
4684	4684	2.7855393720275594
4685	4685	1.578380530594081
4686	4686	4.15155727763266
4687	4687	6.5052441253244035
4688	4688	7.2841757009749815
4689	4689	1.7330039525907082
4690	4690	3.0275341363041353
4691	4691	3.9868405940782456
4692	4692	2.6296544080465463
4693	4693	1.849709592913899
4694	4694	6.8447901381867355
4695	4695	9.564487413597071
4696	4696	8.869738541344738
4697	4697	1.5253586795693008
4698	4698	2.276837451589383
4699	4699	5.3762480864266475
4700	4700	7.472687765640855
4701	4701	3.0960594046679137
4702	4702	3.410587242331753
4703	4703	9.254140242683565
4704	4704	3.965201574366035
4705	4705	2.778470213957373
4706	4706	7.1561169349959455
4707	4707	1.230756532786359
4708	4708	6.618721550986461
4709	4709	5.036931384155897
4710	4710	3.805742387704044
4711	4711	1.3719443614039382
4712	4712	3.400836088689232
4713	4713	3.2821447956724485
4714	4714	9.776729507956087
4715	4715	10.599956584707273
4716	4716	2.432168571698296
4717	4717	2.3851179930918964
4718	4718	4.377060918718127
4719	4719	4.138539640954628
4720	4720	18.50949388748088
4721	4721	0.8534548687706234
4722	4722	0.9010561758898249
4723	4723	11.183418843670324
4724	4724	2.0865907912841615
4725	4725	9.576611809231446
4726	4726	6.544119864670652
4727	4727	2.9924707669111923
4728	4728	4.05333875895658
4729	4729	1.9812523701269522
4730	4730	3.1914762662441705
4731	4731	7.206446205474874
4732	4732	2.674058346970033
4733	4733	0.6573923127475905
4734	4734	4.481824094125576
4735	4735	4.448913565921256
4736	4736	2.5117344909413886
4737	4737	3.056575535709522
4738	4738	3.750866494774725
4739	4739	2.443605164019476
4740	4740	3.6688366066066758
4741	4741	7.3820601888978805
4742	4742	4.392125128822971
4743	4743	7.369044209153608
4744	4744	2.165228630978055
4745	4745	5.260598846381165
4746	4746	3.8990676506439748
4747	4747	3.296234445243963
4748	4748	4.37762706619519
4749	4749	8.79841279130967
4750	4750	6.821472630847609
4751	4751	1.4271882242718512
4752	4752	2.22607504647478
4753	4753	1.8449257479542813
4754	4754	3.7671381191271966
4755	4755	3.5431067244998404
4756	4756	3.469662763873501
4757	4757	16.372020127960504
4758	4758	9.725796946309174
4759	4759	2.2491364539670764
4760	4760	7.407778246036411
4761	4761	3.860625826014575
4762	4762	1.7168067676232712
4763	4763	4.551716262870807
4764	4764	3.349741769072357
4765	4765	2.7803539725089266
4766	4766	6.906874253656792
4767	4767	4.053090307456913
4768	4768	3.9987954582237135
4769	4769	5.183307034282122
4770	4770	8.63522161359159
4771	4771	0.9921744342586597
4772	4772	5.11163061531119
4773	4773	10.126937659514468
4774	4774	0.6632711854913346
4775	4775	8.869999636522703
4776	4776	4.052748556862341
4777	4777	1.4875463453574718
4778	4778	0.8845682042941044
4779	4779	4.075355851572734
4780	4780	14.88596006829507
4781	4781	3.853285299273796
4782	4782	2.2622240166898786
4783	4783	6.789335836997195
4784	4784	2.827008743349051
4785	4785	4.634121379915937
4786	4786	5.113579865126944
4787	4787	10.83286999877359
4788	4788	0.7629127983565469
4789	4789	5.610789341772775
4790	4790	2.795542200173267
4791	4791	8.108188821804664
4792	4792	5.534131403801773
4793	4793	4.47621553971472
4794	4794	4.036161072516501
4795	4795	3.5900606731936855
4796	4796	2.2794140269276433
4797	4797	0.5661674637241524
4798	4798	2.7522491438935512
4799	4799	0.36710299697458393
4800	4800	2.91750245224523
4801	4801	1.178228789565702
4802	4802	10.183778339074296
4803	4803	1.4354750788148583
4804	4804	4.960031683735008
4805	4805	2.9139159705983744
4806	4806	6.77312784738786
4807	4807	5.24352293440526
4808	4808	2.864740276260122
4809	4809	1.4615630690935584
4810	4810	3.9904281926996794
4811	4811	1.813477083403032
4812	4812	5.243702637267872
4813	4813	8.394965092197236
4814	4814	3.258550588387684
4815	4815	5.2286834057212275
4816	4816	4.329296831491937
4817	4817	10.843083933269332
4818	4818	6.7050533042066665
4819	4819	3.6641261777207723
4820	4820	7.023552404359194
4821	4821	5.3494719656783944
4822	4822	3.7243007828562287
4823	4823	2.4544564549826093
4824	4824	3.4091108022642977
4825	4825	3.0887983764453764
4826	4826	3.5573737630870004
4827	4827	11.250380230265524
4828	4828	1.8777863880453554
4829	4829	2.499462656287716
4830	4830	3.1162986859740034
4831	4831	6.989210423293741
4832	4832	8.290064313776456
4833	4833	4.849775850849333
4834	4834	1.346966544512621
4835	4835	3.0767465220755628
4836	4836	9.471750592682104
4837	4837	2.908339049715346
4838	4838	3.1289779074050506
4839	4839	4.210510867272922
4840	4840	6.491846989743994
4841	4841	6.944937486397387
4842	4842	0.5624297548845356
4843	4843	9.635750034995446
4844	4844	2.0267411842545866
4845	4845	4.207819009139978
4846	4846	4.137140136799406
4847	4847	4.6484742813731925
4848	4848	8.43332936261972
4849	4849	1.5130653226976651
4850	4850	1.9745388340252157
4851	4851	1.8349992528962187
4852	4852	1.1455047767563884
4853	4853	4.650889375578074
4854	4854	4.419083001055769
4855	4855	0.8653607485583503
4856	4856	5.3004719258131505
4857	4857	7.816232933132339
4858	4858	4.233474738683717
4859	4859	2.5325149314624413
4860	4860	5.100547352653946
4861	4861	3.897319212238912
4862	4862	4.348393859889954
4863	4863	1.457598938088424
4864	4864	2.0871422436724703
4865	4865	4.318831821091606
4866	4866	7.360950313493661
4867	4867	6.174642220623622
4868	4868	1.8851304490258962
4869	4869	3.5730881464122177
4870	4870	3.364852947968645
4871	4871	2.932355416675343
4872	4872	4.044980239774444
4873	4873	5.350439049535135
4874	4874	5.653923614602936
4875	4875	2.138622214919516
4876	4876	3.8249663337351354
4877	4877	3.1801982071055566
4878	4878	9.169969552842232
4879	4879	1.2794453433486541
4880	4880	2.2404052859792305
4881	4881	1.4704060460953339
4882	4882	7.760693261883351
4883	4883	0.9515547573214352
4884	4884	4.533611079651452
4885	4885	7.149802831485438
4886	4886	2.5694920964735606
4887	4887	4.251167344439931
4888	4888	10.022117544264205
4889	4889	10.75662749446709
4890	4890	1.1287093440394658
4891	4891	8.128037005650047
4892	4892	3.21398607559998
4893	4893	2.6184372869954267
4894	4894	0.16476608880700983
4895	4895	3.893093090356947
4896	4896	6.264227110792992
4897	4897	1.6037851462323391
4898	4898	0.15832925989129995
4899	4899	0.6708577901969865
4900	4900	4.297498441725626
4901	4901	3.2520688777844784
4902	4902	3.7158464426519706
4903	4903	4.1096043442344055
4904	4904	1.638644130507479
4905	4905	1.267188379253462
4906	4906	5.958954619494287
4907	4907	4.883490963247257
4908	4908	0.8627881043478225
4909	4909	5.334586854432978
4910	4910	1.2881000224149977
4911	4911	0.9930875249547516
4912	4912	2.0355356693840827
4913	4913	4.907669395312978
4914	4914	2.9585912403652728
4915	4915	3.753753407071736
4916	4916	1.3243489384898381
4917	4917	0.8874518309552487
4918	4918	1.9322467498791212
4919	4919	3.345117189070368
4920	4920	2.3969865289920773
4921	4921	0.8655997985771108
4922	4922	4.908828100490885
4923	4923	2.1755601973616527
4924	4924	5.115780999964125
4925	4925	6.114890936192906
4926	4926	7.457243781855906
4927	4927	0.9005369234902857
4928	4928	0.28927060528640924
4929	4929	3.043421092237037
4930	4930	2.886257649562723
4931	4931	3.552522526300177
4932	4932	1.5663849629753557
4933	4933	1.2537389569801913
4934	4934	1.364289295236289
4935	4935	1.6148592527194234
4936	4936	3.319176419718541
4937	4937	0.9237061780161414
4938	4938	1.8269871991801832
4939	4939	2.32901098775725
4940	4940	6.14368616287005
4941	4941	8.721928980860683
4942	4942	1.3118409977335552
4943	4943	2.2287222470883936
4944	4944	1.5935526056524385
4945	4945	6.745424114152112
4946	4946	3.247499160733738
4947	4947	4.3673003963740396
4948	4948	7.172847053767594
4949	4949	2.604014413155057
4950	4950	2.9316401264074767
4951	4951	2.4029517116788175
4952	4952	2.0811169479204707
4953	4953	3.256889464522452
4954	4954	1.6627941730171358
4955	4955	3.6664830654872302
4956	4956	5.283166559900542
4957	4957	5.088232324354694
4958	4958	2.072190713772111
4959	4959	0.6709329376355698
4960	4960	8.35173021839573
4961	4961	1.8188818694296836
4962	4962	4.6390542856937635
4963	4963	1.3807840265260887
4964	4964	3.221848806314826
4965	4965	2.486604980548194
4966	4966	2.938097079347607
4967	4967	4.194235410023738
4968	4968	4.210584223886108
4969	4969	3.257228487103995
4970	4970	13.503868655590816
4971	4971	1.8554918566950982
4972	4972	1.7878168139613682
4973	4973	3.441982126715982
4974	4974	1.0039403299421195
4975	4975	10.352798187973235
4976	4976	2.5863427669033787
4977	4977	4.210641249970122
4978	4978	2.8186877958943364
4979	4979	2.928156189508413
4980	4980	2.4063556041986445
4981	4981	4.251121416170219
4982	4982	2.797179498152777
4983	4983	0.2398751152131443
4984	4984	1.626303353337572
4985	4985	4.418399841644239
4986	4986	3.429762832177323
4987	4987	2.6301376832421344
4988	4988	3.036623039048208
4989	4989	2.4077388713268313
4990	4990	12.542853952167807
4991	4991	1.796758134149867
4992	4992	8.49062783268501
4993	4993	2.829473955395568
4994	4994	7.511985512889547
4995	4995	1.7364219778121956
4996	4996	3.0736345086094405
4997	4997	4.553892733223475
4998	4998	1.3631365205119204
4999	4999	5.250629710504588
5000	5000	1.2633714861487237
5001	5001	9.648041427610687
5002	5002	2.8122998646508117
5003	5003	1.273231505501777
5004	5004	0.841794402887367
5005	5005	5.330052192653238
5006	5006	1.153032415042313
5007	5007	7.020683070284048
5008	5008	6.280627610896409
5009	5009	4.740638874164083
5010	5010	0.6403651480879594
5011	5011	1.2620171237080995
5012	5012	3.4900185938633395
5013	5013	1.9115864477281383
5014	5014	3.8216424826879223
5015	5015	3.920626397934372
5016	5016	4.570317197933395
5017	5017	2.7448230772599067
5018	5018	3.4559354335542767
5019	5019	5.352177653150147
5020	5020	9.770255150783496
5021	5021	3.420462554336859
5022	5022	1.674222979450286
5023	5023	5.246426967939084
5024	5024	3.338933754981508
5025	5025	2.628027068195812
5026	5026	5.582998220467982
5027	5027	2.5872446315336446
5028	5028	4.713442098729157
5029	5029	7.211958415605006
5030	5030	2.0547558153089667
5031	5031	1.5787958117655005
5032	5032	2.3902424947502685
5033	5033	5.086413683666614
5034	5034	3.7059767560217582
5035	5035	8.794708773521847
5036	5036	2.180663683735093
5037	5037	0.6746139892773174
5038	5038	5.485381868423026
5039	5039	4.479357877376698
5040	5040	8.296985063334022
5041	5041	4.454538701127287
5042	5042	0.4388699063746368
5043	5043	7.321071123858943
5044	5044	0.6122015740482526
5045	5045	1.0461623745880966
5046	5046	2.4747513695657295
5047	5047	2.1193720423928193
5048	5048	10.72328216468537
5049	5049	2.815203186111178
5050	5050	5.243110366639099
5051	5051	2.4136889472934415
5052	5052	1.5577334483859882
5053	5053	1.074787335048071
5054	5054	2.7019432972807103
5055	5055	5.539065877466291
5056	5056	1.345370196413697
5057	5057	1.8879188356156567
5058	5058	13.97614030815538
5059	5059	1.9463840984074336
5060	5060	2.1078964432298255
5061	5061	7.005902013037399
5062	5062	5.219955395982816
5063	5063	0.2233796880701548
5064	5064	4.187035900662819
5065	5065	1.3548136644071613
5066	5066	1.775205494945871
5067	5067	1.8780749484560548
5068	5068	0.5545611756089006
5069	5069	2.035089681703663
5070	5070	5.509595292408669
5071	5071	4.674706118693841
5072	5072	0.46702640080110325
5073	5073	7.03958662662695
5074	5074	2.2561031382129393
5075	5075	3.648433719088648
5076	5076	3.697102627243243
5077	5077	1.5084481014169462
5078	5078	2.3806548165799764
5079	5079	2.014630177293561
5080	5080	9.270390292986999
5081	5081	0.9052731430109295
5082	5082	4.558881143373789
5083	5083	3.9810473978064596
5084	5084	3.7531119957818366
5085	5085	1.8569341566336144
5086	5086	4.4012850820892915
5087	5087	9.615409134639254
5088	5088	3.6214731872319192
5089	5089	6.293320657537757
5090	5090	4.561701560617828
5091	5091	2.999535520802012
5092	5092	8.808472103149109
5093	5093	5.733697159039546
5094	5094	8.159829160519779
5095	5095	5.121383731944639
5096	5096	4.449833095459595
5097	5097	2.8057225948797737
5098	5098	2.089269511617578
5099	5099	2.689208226399763
5100	5100	4.978608288219062
5101	5101	1.993619225509518
5102	5102	3.869715123944026
5103	5103	2.8235291877574
5104	5104	8.732866024599673
5105	5105	2.588461228845434
5106	5106	18.93159279603523
5107	5107	2.509537348255208
5108	5108	2.1661875078104713
5109	5109	2.8182088203841156
5110	5110	5.06750226472961
5111	5111	6.190548368683624
5112	5112	3.200090489704879
5113	5113	0.6836739376016014
5114	5114	2.1924585326412567
5115	5115	1.4405932250118911
5116	5116	3.5263896460896826
5117	5117	3.0150205734374147
5118	5118	3.2833837701853517
5119	5119	4.566741373242464
5120	5120	3.2835426180908116
5121	5121	11.727423951103304
5122	5122	2.824532640357149
5123	5123	1.9310165956280738
5124	5124	8.102660256065455
5125	5125	2.5775429881844496
5126	5126	4.627266731318281
5127	5127	4.307670695853275
5128	5128	5.524708582448574
5129	5129	2.593507856371819
5130	5130	1.0890653590892898
5131	5131	3.5909527791367055
5132	5132	0.7551478342441819
5133	5133	7.013195431449155
5134	5134	1.7734969148252837
5135	5135	5.482288638420012
5136	5136	4.057706947444714
5137	5137	1.638269299436206
5138	5138	8.255316012815856
5139	5139	6.660394433177251
5140	5140	3.6421766431016067
5141	5141	9.706465771122671
5142	5142	9.47507724340134
5143	5143	7.762493435681002
5144	5144	4.1218233064619705
5145	5145	5.078610804133769
5146	5146	1.7148177943891694
5147	5147	3.3197151303150094
5148	5148	1.6602136022697722
5149	5149	5.767014202802984
5150	5150	6.8636629746125255
5151	5151	2.5329001162704303
5152	5152	7.3202126110267995
5153	5153	1.4627411524022447
5154	5154	2.988252616824398
5155	5155	7.140513142995757
5156	5156	3.4209149268737855
5157	5157	2.5554244067798826
5158	5158	2.12483236874303
5159	5159	1.8377908749391951
5160	5160	9.109993331877513
5161	5161	4.054140086375629
5162	5162	5.070810643816274
5163	5163	1.7347819245004445
5164	5164	2.316263534359044
5165	5165	2.835702875899395
5166	5166	6.67619909732076
5167	5167	7.513134115360929
5168	5168	6.2157427858773255
5169	5169	1.2820239243493334
5170	5170	3.0519636786679762
5171	5171	4.0020274747397
5172	5172	1.9215643370410818
5173	5173	2.1658669448275574
5174	5174	8.163880747638459
5175	5175	1.6790136540753957
5176	5176	4.210038652433737
5177	5177	2.78525929883639
5178	5178	7.437612146704359
5179	5179	3.2504427960576283
5180	5180	1.9388680708375199
5181	5181	2.1144969386044283
5182	5182	2.31981630858702
5183	5183	2.2997948675267024
5184	5184	7.947290371022735
5185	5185	2.520428157214832
5186	5186	2.009381204910205
5187	5187	3.837152596788973
5188	5188	5.026219360471309
5189	5189	7.7341984974533124
5190	5190	2.636335869948575
5191	5191	0.478025275475792
5192	5192	2.2711893218287824
5193	5193	2.6752425008370557
5194	5194	7.0037601291477305
5195	5195	2.8944837908163965
5196	5196	0.9457800229158727
5197	5197	1.2733799690319023
5198	5198	1.347069866372113
5199	5199	3.501671315114548
5200	5200	9.699106100835147
5201	5201	7.507684702801917
5202	5202	0.6518305858800633
5203	5203	6.752734975236847
5204	5204	14.515507103140306
5205	5205	8.325622181415344
5206	5206	9.704789471233816
5207	5207	4.978702357948574
5208	5208	8.21477243486745
5209	5209	1.2131299812579153
5210	5210	11.065219992497823
5211	5211	3.3830652131066627
5212	5212	7.01503230909426
5213	5213	5.443109516948551
5214	5214	2.1664515787006784
5215	5215	9.410820841430962
5216	5216	6.147573156549632
5217	5217	9.76924185989774
5218	5218	1.3531596773108305
5219	5219	8.08364997756772
5220	5220	4.727783733177157
5221	5221	3.926286217918896
5222	5222	2.9783115186425255
5223	5223	1.4632567914092274
5224	5224	3.938708653573299
5225	5225	5.553794844582832
5226	5226	0.966775355710219
5227	5227	1.783161778144393
5228	5228	5.054624234235255
5229	5229	7.454221163724699
5230	5230	6.368146629319468
5231	5231	2.197265754375862
5232	5232	1.3967560281170213
5233	5233	4.67031344880719
5234	5234	3.7134592385393335
5235	5235	9.731202433720446
5236	5236	5.3520590339009155
5237	5237	4.5305514062669685
5238	5238	5.33438828821793
5239	5239	2.450255176418292
5240	5240	4.190862994781285
5241	5241	3.407036197405844
5242	5242	3.1696557656960205
5243	5243	1.075527589179832
5244	5244	3.669169391476542
5245	5245	0.7372776290014149
5246	5246	1.633248375825816
5247	5247	3.4783503488903085
5248	5248	1.6671930347811603
5249	5249	3.3108650809057782
5250	5250	6.722449208044664
5251	5251	8.120296003193246
5252	5252	5.038206838527857
5253	5253	11.16032748810403
5254	5254	5.801490588184256
5255	5255	2.414919986574905
5256	5256	1.857884651803514
5257	5257	3.877082917700825
5258	5258	2.288565399102392
5259	5259	2.59308358394698
5260	5260	5.1598112018112205
5261	5261	2.834543596907204
5262	5262	23.212368865911486
5263	5263	0.9375613481095885
5264	5264	1.799537440050271
5265	5265	1.578244972821731
5266	5266	5.0467229075725335
5267	5267	0.5667353512644764
5268	5268	5.229409213096571
5269	5269	4.507778456304543
5270	5270	4.626685230236313
5271	5271	3.059298003352073
5272	5272	3.911272735846307
5273	5273	7.505521506767558
5274	5274	7.320959381927619
5275	5275	3.125596456673074
5276	5276	1.0099713569080553
5277	5277	3.650395372088687
5278	5278	4.918276201966355
5279	5279	3.968389494818081
5280	5280	4.491797318468383
5281	5281	5.464887292823762
5282	5282	8.157237003709245
5283	5283	3.8960669185778363
5284	5284	8.34483795654538
5285	5285	1.044915243265727
5286	5286	1.4681869675829533
5287	5287	4.726893412381974
5288	5288	3.1410247820730626
5289	5289	0.5145553663176555
5290	5290	2.647060400573466
5291	5291	4.8338327795826554
5292	5292	3.5480613719341165
5293	5293	4.034535351680606
5294	5294	0.6817921395175279
5295	5295	6.395918460066939
5296	5296	5.329048657693283
5297	5297	6.656987252730097
5298	5298	5.2681878424277215
5299	5299	4.25880998840443
5300	5300	1.4807020085318332
5301	5301	1.5470288619725345
5302	5302	3.85454560254142
5303	5303	11.371898288450478
5304	5304	5.045809559261077
5305	5305	4.61941673922636
5306	5306	2.2636414666995037
5307	5307	4.6239784227538046
5308	5308	5.62522133413105
5309	5309	8.702527761220868
5310	5310	3.6136414409768465
5311	5311	1.3002044278702838
5312	5312	5.106065652978472
5313	5313	2.387356377667257
5314	5314	0.8958330201283812
5315	5315	11.97232163122055
5316	5316	6.753858844413602
5317	5317	1.707060369688368
5318	5318	6.257512135499383
5319	5319	0.3827713757617349
5320	5320	6.618024802168185
5321	5321	3.0128826108381075
5322	5322	3.0482310483789803
5323	5323	3.036573775519001
5324	5324	1.132460907696462
5325	5325	3.4013730234703594
5326	5326	2.8032516305974604
5327	5327	2.242295154181263
5328	5328	3.6209226471428897
5329	5329	3.3831445636732305
5330	5330	3.728548859971159
5331	5331	3.546643781055758
5332	5332	2.5547357255271286
5333	5333	2.726287398349094
5334	5334	8.260524013337827
5335	5335	9.54910109103451
5336	5336	3.788564296358698
5337	5337	3.0118316709698503
5338	5338	3.5589296574800073
5339	5339	6.0485248224271215
5340	5340	2.1757576082156067
5341	5341	1.089357433171524
5342	5342	4.976764001497724
5343	5343	1.773609623260413
5344	5344	1.7013284415057528
5345	5345	2.4926096660802473
5346	5346	3.571359729519593
5347	5347	4.531066430383006
5348	5348	1.7265755445312414
5349	5349	6.568695201477078
5350	5350	0.9749402677589852
5351	5351	2.663498722387189
5352	5352	3.109729578480761
5353	5353	0.8593548313530271
5354	5354	8.467361904457032
5355	5355	3.675944813819383
5356	5356	2.9958547228908117
5357	5357	2.1515334114119176
5358	5358	0.6054986493886907
5359	5359	3.6329622312433907
5360	5360	5.536116538987554
5361	5361	5.354155540491678
5362	5362	1.6612961952889111
5363	5363	7.675665278902266
5364	5364	1.650136467597666
5365	5365	10.252776843215642
5366	5366	3.4702334670896926
5367	5367	6.057832256164534
5368	5368	5.581599715656555
5369	5369	2.349023273771375
5370	5370	0.6209285674678687
5371	5371	4.667005819347309
5372	5372	3.317795619146258
5373	5373	6.4695673441043
5374	5374	2.82093161753069
5375	5375	4.057328756786487
5376	5376	3.2005545763614243
5377	5377	3.575186822313692
5378	5378	2.4237205425059223
5379	5379	0.15073018745042174
5380	5380	1.6252598662563427
5381	5381	2.379770822238852
5382	5382	4.472706779653758
5383	5383	4.812622941417342
5384	5384	4.6919219733350515
5385	5385	1.884511828426525
5386	5386	2.2761415565325276
5387	5387	8.432021137608777
5388	5388	1.580560751891875
5389	5389	3.880134672503483
5390	5390	2.452994564853282
5391	5391	3.462180830123481
5392	5392	5.664962201139201
5393	5393	10.680903921534103
5394	5394	1.2902588960617416
5395	5395	4.676415327567598
5396	5396	11.392238804928805
5397	5397	1.955125724400813
5398	5398	0.8714860625534823
5399	5399	1.1797809318518369
5400	5400	3.705110895284962
5401	5401	14.202813004450356
5402	5402	0.9445884813018898
5403	5403	2.3261589006294026
5404	5404	3.476476161094299
5405	5405	1.6925383938765701
5406	5406	1.505668485010724
5407	5407	1.771456685517469
5408	5408	5.122569111243341
5409	5409	6.270622333421742
5410	5410	3.2471204500183575
5411	5411	5.939806275617982
5412	5412	3.9886700491130775
5413	5413	0.7991888191794174
5414	5414	7.694716127072498
5415	5415	3.0799111505296732
5416	5416	4.3176680388224655
5417	5417	6.099540514598037
5418	5418	3.6640382187263443
5419	5419	3.281274175699011
5420	5420	2.8058944500155807
5421	5421	3.7017354432991896
5422	5422	2.2329332699808986
5423	5423	8.850316459368326
5424	5424	4.699164838138806
5425	5425	2.2547422742099092
5426	5426	4.696577359615794
5427	5427	3.6220643976818043
5428	5428	4.447335651585299
5429	5429	3.0183473894692456
5430	5430	5.557818731447253
5431	5431	3.5025254533984294
5432	5432	11.10890887570976
5433	5433	5.241482025641861
5434	5434	2.0146354199033545
5435	5435	4.9374779028879825
5436	5436	0.44606950875747564
5437	5437	0.37884839854770574
5438	5438	2.205202994039468
5439	5439	3.9855316795121705
5440	5440	10.087129197632066
5441	5441	10.672897206174595
5442	5442	2.1813919724276816
5443	5443	4.469739468818026
5444	5444	4.439265494006656
5445	5445	7.6665701100308405
5446	5446	3.09160551103577
5447	5447	5.283426897811071
5448	5448	1.1998915461414148
5449	5449	1.3394203369098237
5450	5450	2.994935176710048
5451	5451	3.015455786025509
5452	5452	2.1720324966701856
5453	5453	1.0234154971353724
5454	5454	3.6614747668649783
5455	5455	8.847271835564216
5456	5456	3.0501707853087425
5457	5457	1.4055310266324565
5458	5458	3.163303620851949
5459	5459	5.246981570149435
5460	5460	0.9591328434396226
5461	5461	2.7731190533139234
5462	5462	5.883256126932178
5463	5463	6.893564826592417
5464	5464	1.615578367889445
5465	5465	3.64834105538518
5466	5466	5.0877813540048145
5467	5467	4.494977762460279
5468	5468	1.2702950199407559
5469	5469	2.555622698121346
5470	5470	2.562636564559244
5471	5471	6.984403564109204
5472	5472	7.300974729094673
5473	5473	2.2194405866415763
5474	5474	1.0966452586047564
5475	5475	7.694952790991376
5476	5476	1.323104771478152
5477	5477	2.432875036552428
5478	5478	1.2621400002368441
5479	5479	2.9400144123837686
5480	5480	8.216639525190846
5481	5481	1.4362104199526946
5482	5482	0.6614619170286437
5483	5483	0.5961679768580684
5484	5484	3.7419981295770985
5485	5485	5.57749698413728
5486	5486	4.946049661828244
5487	5487	6.632412107995781
5488	5488	0.2741808490807642
5489	5489	4.197191941411681
5490	5490	7.5399481168216544
5491	5491	1.363836514705759
5492	5492	1.5856767758970316
5493	5493	3.2322795784011356
5494	5494	0.44833732551025185
5495	5495	1.2863037267214263
5496	5496	1.9470395236582103
5497	5497	1.5159763745004486
5498	5498	6.3341028550758995
5499	5499	2.1110447627537794
5500	5500	1.5701592957241426
5501	5501	2.332919292244445
5502	5502	15.597631616950837
5503	5503	5.364447511069756
5504	5504	3.8872460160691267
5505	5505	1.8749262715760466
5506	5506	8.478354833332647
5507	5507	0.8121380384007036
5508	5508	8.982146059276312
5509	5509	5.995794540800453
5510	5510	6.7296889154178565
5511	5511	1.6289971913854195
5512	5512	6.956149736436585
5513	5513	1.636831451113393
5514	5514	1.8464136971813958
5515	5515	1.6412963497934543
5516	5516	5.389042795695136
5517	5517	2.7031057309861297
5518	5518	0.10786843243516543
5519	5519	4.957521486062547
5520	5520	3.5995993501628174
5521	5521	1.4456111632300515
5522	5522	2.8671349110544404
5523	5523	1.1263252114466114
5524	5524	3.8818470490479196
5525	5525	3.9883236697076274
5526	5526	1.8627733271415796
5527	5527	2.197398942250937
5528	5528	3.2950969486852255
5529	5529	4.467735178884649
5530	5530	1.3709553519296325
5531	5531	7.255660671864472
5532	5532	3.964500202359341
5533	5533	1.8806269603650954
5534	5534	3.2540754330124364
5535	5535	4.997139197251716
5536	5536	0.3389995003533155
5537	5537	0.5009154064490977
5538	5538	2.319061266351545
5539	5539	5.990717508112625
5540	5540	6.987890131816177
5541	5541	4.521521238648618
5542	5542	3.608972527159095
5543	5543	3.7606389155131965
5544	5544	4.7120513635004775
5545	5545	4.9603217115284695
5546	5546	4.683185998496574
5547	5547	5.243239720136974
5548	5548	2.9660088475631174
5549	5549	4.2648816885959935
5550	5550	2.960306912445127
5551	5551	6.662318912479401
5552	5552	6.763671591732305
5553	5553	2.588954720886583
5554	5554	1.4704245258872548
5555	5555	6.592868300927503
5556	5556	1.4847133751734027
5557	5557	4.227321227065971
5558	5558	5.125828504332376
5559	5559	2.876755164684322
5560	5560	5.898980992419659
5561	5561	1.4881571762727388
5562	5562	12.68814041608889
5563	5563	7.102721797302666
5564	5564	1.7050152320198864
5565	5565	1.5858710043127988
5566	5566	2.8491011933412875
5567	5567	6.138435780262807
5568	5568	5.139036594098473
5569	5569	5.423090314219973
5570	5570	2.724556717388434
5571	5571	5.012768754247028
5572	5572	2.4847318778972944
5573	5573	4.9278268041147575
5574	5574	10.266725462328871
5575	5575	7.078288564274761
5576	5576	6.567020348979792
5577	5577	3.8922563640325376
5578	5578	5.053929886535675
5579	5579	1.0009358435068765
5580	5580	15.998443078731793
5581	5581	1.2717859947815413
5582	5582	5.498860727691465
5583	5583	1.9353272041980238
5584	5584	3.615723656735672
5585	5585	6.6046367655896665
5586	5586	4.809233626100147
5587	5587	1.4618793702615698
5588	5588	2.1286901588884284
5589	5589	5.585512850050355
5590	5590	5.604758519078067
5591	5591	3.577488417442251
5592	5592	9.447454177073867
5593	5593	2.2288973760855053
5594	5594	5.788181329912907
5595	5595	4.637730984025651
5596	5596	1.7850936587873532
5597	5597	3.5367483599679503
5598	5598	1.309223984115616
5599	5599	6.62775058453773
5600	5600	2.1120935187769696
5601	5601	4.784821871544065
5602	5602	1.6407653901647985
5603	5603	1.4460035526329695
5604	5604	3.1305717788179694
5605	5605	3.6711765970716415
5606	5606	0.8391633355990235
5607	5607	5.296729584339433
5608	5608	10.775630050477634
5609	5609	0.6808409888741341
5610	5610	1.0337964713131096
5611	5611	8.95490080385688
5612	5612	12.445554839245512
5613	5613	4.249889159717679
5614	5614	5.669712372354676
5615	5615	10.485953957742591
5616	5616	2.6375697869468357
5617	5617	5.980062678387038
5618	5618	0.14438656188710045
5619	5619	6.8897335395347925
5620	5620	4.983775210121644
5621	5621	3.4229317306437266
5622	5622	5.382218992731352
5623	5623	2.4453424281230625
5624	5624	0.9442048281212762
5625	5625	2.599515078406362
5626	5626	1.705873431467053
5627	5627	1.1479590840961105
5628	5628	11.200559829755848
5629	5629	5.168385954596271
5630	5630	5.039962501289609
5631	5631	1.021878431914906
5632	5632	3.773379108922341
5633	5633	12.022427100778687
5634	5634	2.0355471018231523
5635	5635	1.8377290086731222
5636	5636	5.2755151809697844
5637	5637	9.56360493586013
5638	5638	2.4794157674495687
5639	5639	0.8494615936965942
5640	5640	4.6235140496749425
5641	5641	6.319938407204121
5642	5642	6.487816323338117
5643	5643	7.537138959531058
5644	5644	2.220986009612948
5645	5645	1.43655840076797
5646	5646	2.19953946949787
5647	5647	2.9477035972684185
5648	5648	2.8395044132036524
5649	5649	3.941072406448536
5650	5650	1.0500965307756862
5651	5651	0.6666528175056404
5652	5652	2.779645909969689
5653	5653	0.906180508640872
5654	5654	1.5413864187276194
5655	5655	1.4366182528087306
5656	5656	1.214137732718353
5657	5657	4.393629167023086
5658	5658	0.7997908744654848
5659	5659	1.7928265100208283
5660	5660	7.002914814008203
5661	5661	1.1651711375556462
5662	5662	8.459144319262089
5663	5663	4.22139677269332
5664	5664	7.654906285516993
5665	5665	4.188357085345217
5666	5666	2.694794656785912
5667	5667	3.15373104286397
5668	5668	1.8640930602537618
5669	5669	1.9769784334593032
5670	5670	0.09129155125304036
5671	5671	5.203545747947085
5672	5672	5.396085764616536
5673	5673	7.299301792858581
5674	5674	1.139774658477935
5675	5675	6.167635403649673
5676	5676	10.671448288311312
5677	5677	1.7017919743150627
5678	5678	5.18935430922128
5679	5679	5.073584288623145
5680	5680	5.067471434693748
5681	5681	3.997753749702986
5682	5682	0.10017534211489684
5683	5683	3.200783851128263
5684	5684	2.8089771684678437
5685	5685	0.4936396619200944
5686	5686	1.2152033854753308
5687	5687	0.24843615135911476
5688	5688	5.155381509877949
5689	5689	1.827849153521457
5690	5690	3.302145004043905
5691	5691	2.972838178559747
5692	5692	3.063888718694829
5693	5693	3.9547570933775154
5694	5694	2.7797894923567186
5695	5695	3.3098708433945743
5696	5696	2.841833583123723
5697	5697	2.2487951324676323
5698	5698	8.363876881289022
5699	5699	8.690773823864781
5700	5700	3.1705981241417898
5701	5701	1.983856772669754
5702	5702	1.6215251775891364
5703	5703	7.833987357052072
5704	5704	0.43482114095829427
5705	5705	6.320065024352582
5706	5706	4.996244541430935
5707	5707	4.962247974861621
5708	5708	2.0754407457741406
5709	5709	2.537468017712001
5710	5710	7.047222069793632
5711	5711	2.3699340101814688
5712	5712	7.5868686240376295
5713	5713	2.3246439991731096
5714	5714	2.1806291762287096
5715	5715	4.496793358019305
5716	5716	4.162881347814555
5717	5717	11.927227322291081
5718	5718	3.746699615156279
5719	5719	1.7694141612605383
5720	5720	2.6972842537616675
5721	5721	4.97315955114966
5722	5722	0.7973117777276653
5723	5723	0.4558851003066273
5724	5724	3.5566291174987663
5725	5725	4.4156514978219334
5726	5726	2.8141347581285028
5727	5727	3.382334910376492
5728	5728	4.576923787015092
5729	5729	4.8290968098326905
5730	5730	1.1962484103197233
5731	5731	2.914498342174367
5732	5732	3.595136713133824
5733	5733	2.2681270728025735
5734	5734	0.6084895152864979
5735	5735	4.090317484208694
5736	5736	0.9375741295956707
5737	5737	2.4666552151474326
5738	5738	1.8229442369670124
5739	5739	0.9369468478549591
5740	5740	5.612596452541693
5741	5741	10.787276067399675
5742	5742	1.8413675029776382
5743	5743	0.2630783866500246
5744	5744	3.6278979529819533
5745	5745	1.1292697088368926
5746	5746	4.183620854210209
5747	5747	1.0334570625770798
5748	5748	9.953937521110603
5749	5749	2.5304156506006095
5750	5750	9.31707250493029
5751	5751	3.0906047383029893
5752	5752	1.3805613958979097
5753	5753	1.9974814436005865
5754	5754	5.219379122606655
5755	5755	2.447323439464325
5756	5756	1.0786308841234125
5757	5757	0.31755527343441176
5758	5758	2.6059052203831166
5759	5759	9.659816178665059
5760	5760	0.5057012676191138
5761	5761	6.180944415074894
5762	5762	2.6565302012878065
5763	5763	1.5479945135371622
5764	5764	2.0544886320041718
5765	5765	7.77061432099337
5766	5766	1.4534827374991997
5767	5767	7.83261562031851
5768	5768	2.598428512569149
5769	5769	14.331308351847401
5770	5770	2.7363226899104687
5771	5771	2.0026487847441037
5772	5772	3.4578298064387125
5773	5773	2.8478813683779176
5774	5774	8.49580791533506
5775	5775	3.169993645666147
5776	5776	2.8096045767338986
5777	5777	3.3688078518747284
5778	5778	2.303881294119503
5779	5779	1.6225596869253787
5780	5780	1.1129432017598906
5781	5781	2.1937754267539837
5782	5782	3.5163684123646295
5783	5783	3.7085200401457583
5784	5784	8.756080925703388
5785	5785	1.610518836233781
5786	5786	2.318429609649994
5787	5787	1.0443261854472905
5788	5788	6.659495593464422
5789	5789	2.030449792357164
5790	5790	3.753000706997451
5791	5791	2.0210243731094093
5792	5792	6.895862314044192
5793	5793	2.3703172877410488
5794	5794	4.2644291804526935
5795	5795	4.165243059662716
5796	5796	6.155996730252638
5797	5797	4.346908184675884
5798	5798	1.8356093797000648
5799	5799	4.625373941724298
5800	5800	5.5738936117688755
5801	5801	5.567316258797556
5802	5802	13.06735875681725
5803	5803	2.5599236801895766
5804	5804	2.4445612743786533
5805	5805	2.7597032444166527
5806	5806	7.982572757757153
5807	5807	1.2356601758224146
5808	5808	4.743862354308093
5809	5809	5.908666000177371
5810	5810	0.8504129738432541
5811	5811	10.468096153303442
5812	5812	1.83363892772581
5813	5813	4.725652869299877
5814	5814	6.836881792854687
5815	5815	2.573956179745094
5816	5816	2.2032335654018427
5817	5817	1.1847342785570862
5818	5818	9.27866716448866
5819	5819	2.3856012423102464
5820	5820	0.8107068327254447
5821	5821	3.715343122971911
5822	5822	1.5753094494859685
5823	5823	0.4090142916111019
5824	5824	2.6914781141764097
5825	5825	8.851901266262633
5826	5826	2.782457353411202
5827	5827	10.932198046762679
5828	5828	0.23201913240624886
5829	5829	5.042579771583914
5830	5830	1.8187697307424127
5831	5831	4.644365983799879
5832	5832	3.9084523381418133
5833	5833	1.518768680793113
5834	5834	4.925168958093637
5835	5835	3.165621616083247
5836	5836	3.493624977348959
5837	5837	1.8601451230661863
5838	5838	3.4751681976750226
5839	5839	6.410646469749765
5840	5840	3.7941380367118813
5841	5841	8.576919612972711
5842	5842	16.790159079218018
5843	5843	4.696367187356009
5844	5844	0.6139604960048893
5845	5845	0.8941869418258416
5846	5846	0.9522413851416428
5847	5847	1.7567881634329539
5848	5848	2.2644469835026344
5849	5849	3.7267532238810785
5850	5850	2.831991943188357
5851	5851	1.8109079154150036
5852	5852	9.524247089168878
5853	5853	7.075158132285566
5854	5854	4.431584245114278
5855	5855	3.7050325884968593
5856	5856	0.6595030009509619
5857	5857	0.8992583917692439
5858	5858	1.0522680722851672
5859	5859	7.047975837224809
5860	5860	4.363390921250138
5861	5861	0.5450389473804732
5862	5862	5.131097199764715
5863	5863	4.137233389919412
5864	5864	11.83755666908304
5865	5865	0.7127578815201501
5866	5866	1.181274965115495
5867	5867	9.077622978177656
5868	5868	2.2743265577017966
5869	5869	1.7213337107077906
5870	5870	8.587397641265838
5871	5871	5.662119702726688
5872	5872	3.9540819400186997
5873	5873	2.6574757291620372
5874	5874	15.796794359684457
5875	5875	3.317972521445934
5876	5876	3.481242495680575
5877	5877	0.7972813172855185
5878	5878	2.104995484664324
5879	5879	1.4250021869427805
5880	5880	9.03369491976457
5881	5881	2.5978777155218125
5882	5882	3.7386327326796795
5883	5883	2.1680978355995206
5884	5884	4.214938501655036
5885	5885	3.2069131789004706
5886	5886	7.067243010752879
5887	5887	1.7490879777774408
5888	5888	5.377252667057607
5889	5889	1.657919554989589
5890	5890	3.8896791529584336
5891	5891	5.432731157126421
5892	5892	1.7829221443146441
5893	5893	6.015922299500688
5894	5894	5.1940399250906735
5895	5895	13.270963319120124
5896	5896	1.623878103648408
5897	5897	4.561673142128384
5898	5898	0.5201580412696039
5899	5899	3.4232175283027795
5900	5900	8.788983385267604
5901	5901	6.810746308841195
5902	5902	0.595214883033014
5903	5903	3.4208846402109203
5904	5904	4.418773797526269
5905	5905	1.0100070943647064
5906	5906	3.80715582447113
5907	5907	1.8695937463000845
5908	5908	1.515198757677388
5909	5909	2.2584990011588886
5910	5910	1.9640469116829515
5911	5911	7.8916805523840505
5912	5912	5.3616405590567
5913	5913	5.571945501749065
5914	5914	1.296253652553144
5915	5915	5.5439326051875035
5916	5916	6.597808287205872
5917	5917	1.4358751260654616
5918	5918	3.8136956774468334
5919	5919	0.4992415354317089
5920	5920	3.394264994744058
5921	5921	3.439270421768031
5922	5922	1.688216151053037
5923	5923	2.4981382791901625
5924	5924	3.417034305889577
5925	5925	4.558274409333099
5926	5926	1.5040855949289174
5927	5927	2.031161262639725
5928	5928	1.8459678879714425
5929	5929	3.884338140661587
5930	5930	3.378358445008815
5931	5931	4.4451000247722385
5932	5932	6.649197042708289
5933	5933	4.210557025676004
5934	5934	0.863080340304313
5935	5935	7.459095874629966
5936	5936	0.7376209431075732
5937	5937	8.891000108114206
5938	5938	2.7586974020512556
5939	5939	8.366641419529444
5940	5940	1.3425108421396938
5941	5941	0.8376568571394979
5942	5942	0.775978645675756
5943	5943	7.430257995763007
5944	5944	3.728071355487611
5945	5945	4.227502063715417
5946	5946	0.5675772514509236
5947	5947	0.8638528928656455
5948	5948	4.9712595659191114
5949	5949	0.6217754732187323
5950	5950	3.0199197278609105
5951	5951	2.1499135096967597
5952	5952	6.188285563454306
5953	5953	4.474476181400339
5954	5954	0.42271238479316214
5955	5955	4.2776437617280445
5956	5956	1.7934242097968582
5957	5957	2.74994727871187
5958	5958	2.4403255660047494
5959	5959	4.960538924907939
5960	5960	12.33994432591445
5961	5961	2.0213064992211223
5962	5962	4.244381940705426
5963	5963	0.25600820504437916
5964	5964	1.300212415860441
5965	5965	3.568016747092387
5966	5966	1.2411091809377106
5967	5967	4.8908666330219654
5968	5968	2.273351827906587
5969	5969	5.331230973544011
5970	5970	14.150671780805876
5971	5971	1.412400240774364
5972	5972	2.251343959372594
5973	5973	2.184828330635077
5974	5974	15.139689522509281
5975	5975	2.516643684125432
5976	5976	0.4248753179490982
5977	5977	0.6478028751632607
5978	5978	3.317917279564204
5979	5979	4.24920008698106
5980	5980	2.5946341382399853
5981	5981	4.998145553134475
5982	5982	1.6555643649340643
5983	5983	3.6527511602152574
5984	5984	1.787379648217629
5985	5985	3.497121900960718
5986	5986	0.3292156137806536
5987	5987	0.5643665333944464
5988	5988	2.2866976808362076
5989	5989	1.8092651494357648
5990	5990	3.59371782315414
5991	5991	1.8404559643446559
5992	5992	2.8640028824629424
5993	5993	9.233222820027072
5994	5994	6.459111122929979
5995	5995	3.738599094312909
5996	5996	2.6340756531535763
5997	5997	8.732983146619365
5998	5998	2.786711584817868
5999	5999	5.977780963999742
6000	6000	1.0001709905325629
6001	6001	2.015860579481858
6002	6002	1.2417476343064324
6003	6003	0.9776291893786203
6004	6004	5.158413596821348
6005	6005	8.160658102628757
6006	6006	0.4824996137871792
6007	6007	3.2385532478847385
6008	6008	5.851549641137365
6009	6009	1.050243573431302
6010	6010	3.268481510462042
6011	6011	8.299396928977806
6012	6012	5.31803477902032
6013	6013	2.230817779915239
6014	6014	0.3343620600013547
6015	6015	8.536055445850993
6016	6016	1.623354976260273
6017	6017	6.9784022542144175
6018	6018	1.5985810624602779
6019	6019	9.493399571951276
6020	6020	2.7958045117221473
6021	6021	1.290166998447134
6022	6022	2.5040279654469852
6023	6023	7.2627501499950355
6024	6024	1.0011863212066914
6025	6025	1.0930748320792376
6026	6026	0.6085757874720257
6027	6027	3.0625793804270627
6028	6028	8.267902097127038
6029	6029	4.190708796917498
6030	6030	4.355354188443611
6031	6031	2.9443691201290574
6032	6032	5.97509065212413
6033	6033	2.3824595655799543
6034	6034	0.6270280152070432
6035	6035	4.840898787304594
6036	6036	5.402195015065946
6037	6037	6.948066627472477
6038	6038	1.6835802759440703
6039	6039	1.471547170572732
6040	6040	1.3460320768391896
6041	6041	0.16398597023450182
6042	6042	2.4268639162145367
6043	6043	3.619196119850927
6044	6044	7.435096782624097
6045	6045	3.6292912209277084
6046	6046	4.802418281002826
6047	6047	1.5552952313236483
6048	6048	1.226561151869759
6049	6049	2.296973947770173
6050	6050	1.4866681919293976
6051	6051	8.162326874440334
6052	6052	3.3101725832935163
6053	6053	1.5614891181850457
6054	6054	2.209805020242926
6055	6055	3.3122005407481288
6056	6056	3.1094192365479425
6057	6057	6.36155385155638
6058	6058	5.917514796423302
6059	6059	3.559458265880921
6060	6060	6.931804464716349
6061	6061	5.018423627710086
6062	6062	1.228708045503656
6063	6063	1.7042736569215726
6064	6064	0.7481511986303253
6065	6065	9.109063099366304
6066	6066	6.865754630483617
6067	6067	2.2500891952210886
6068	6068	2.5265593336427634
6069	6069	1.105412136126529
6070	6070	5.207865742081521
6071	6071	1.4822624469918078
6072	6072	5.150086152760827
6073	6073	0.850523182805667
6074	6074	4.714484684803411
6075	6075	1.3150985512432256
6076	6076	3.206164072125168
6077	6077	4.5277894268645325
6078	6078	1.6343556150471823
6079	6079	3.4908865559066378
6080	6080	1.462394449086155
6081	6081	4.706618254824777
6082	6082	2.2180954892714273
6083	6083	4.984856044600717
6084	6084	1.2893679777778124
6085	6085	6.980206379033315
6086	6086	7.808082568891574
6087	6087	5.456558318529789
6088	6088	6.645654497028747
6089	6089	8.611208357028335
6090	6090	6.498426924417324
6091	6091	7.9336217906332935
6092	6092	4.946078083254773
6093	6093	2.9319017320304877
6094	6094	3.699916097881843
6095	6095	11.498670385274224
6096	6096	1.0493269065043813
6097	6097	1.459840986983098
6098	6098	3.409393003853862
6099	6099	0.7349371406329708
6100	6100	9.729143768777302
6101	6101	0.3763521753080756
6102	6102	2.8873861786188555
6103	6103	9.844055232649012
6104	6104	5.353061468627964
6105	6105	2.059585914264607
6106	6106	1.0175665151836064
6107	6107	6.076204840480524
6108	6108	2.2998766648061597
6109	6109	1.6796625183867406
6110	6110	8.098688053506242
6111	6111	11.1816578967143
6112	6112	4.0572655943822244
6113	6113	1.3855318794370342
6114	6114	2.1098421086142394
6115	6115	8.84486283703631
6116	6116	3.580146863180324
6117	6117	2.6850704005164925
6118	6118	0.6710010288224051
6119	6119	2.9575517198498105
6120	6120	0.3842335792632103
6121	6121	0.5185434693383492
6122	6122	1.7438710120944623
6123	6123	5.679611402426092
6124	6124	5.956760613358089
6125	6125	2.3559029116303103
6126	6126	1.8397232300543362
6127	6127	7.838363559618626
6128	6128	3.268823045401167
6129	6129	2.507199397158013
6130	6130	1.9709644765988699
6131	6131	5.493432779688857
6132	6132	5.163325857008793
6133	6133	7.299636151969062
6134	6134	1.3544167140476415
6135	6135	6.0609450424203875
6136	6136	3.7635478931449695
6137	6137	3.3751773609273856
6138	6138	8.146247922336608
6139	6139	2.3553751522278255
6140	6140	3.2136144947033336
6141	6141	1.7043881578622408
6142	6142	2.7531991893039525
6143	6143	1.1600385480810604
6144	6144	3.458095176872455
6145	6145	2.3747948648965314
6146	6146	1.969824206889007
6147	6147	0.9680035949394499
6148	6148	2.205667963607959
6149	6149	6.602134066665638
6150	6150	5.5869321528797515
6151	6151	3.1047774763225773
6152	6152	13.015042730700877
6153	6153	2.5950452835796476
6154	6154	1.743577109600966
6155	6155	0.9644705944365944
6156	6156	9.741120075977205
6157	6157	1.4066422217148364
6158	6158	6.12680943154791
6159	6159	4.92472385186831
6160	6160	6.556369906689743
6161	6161	1.04332243572355
6162	6162	3.4500224435430056
6163	6163	2.582346070406489
6164	6164	5.017912339264453
6165	6165	6.119938828152485
6166	6166	0.7488390976723247
6167	6167	1.2294661392136907
6168	6168	1.639613603857235
6169	6169	1.2454972178800743
6170	6170	0.4358031616516407
6171	6171	5.624779441822378
6172	6172	5.206764350211767
6173	6173	1.1719587584555942
6174	6174	1.3980484097521317
6175	6175	4.947323927045079
6176	6176	8.459074191288995
6177	6177	3.4413523374701502
6178	6178	2.1114317001304137
6179	6179	4.037243527361591
6180	6180	0.9929770391971003
6181	6181	1.5900363188178255
6182	6182	3.423075772132273
6183	6183	1.3410864270855116
6184	6184	6.64910251061157
6185	6185	5.141856139718895
6186	6186	5.305519146204698
6187	6187	3.652365801101096
6188	6188	5.860309306721146
6189	6189	4.92666554015161
6190	6190	1.1435015354044948
6191	6191	3.61980106737105
6192	6192	2.8332703194514495
6193	6193	6.177970617168449
6194	6194	4.445220414241925
6195	6195	4.109785519803652
6196	6196	7.256419723353224
6197	6197	3.6561412125759762
6198	6198	2.5420750669172913
6199	6199	0.151119818345401
6200	6200	1.6521831940844138
6201	6201	4.066309537576796
6202	6202	11.35564346538287
6203	6203	3.0845070167080912
6204	6204	8.596329375271026
6205	6205	2.393818365134965
6206	6206	1.1189728947252944
6207	6207	6.384624909338276
6208	6208	15.594037073705447
6209	6209	2.205080787591348
6210	6210	3.255988820151606
6211	6211	1.1263628507552734
6212	6212	3.891552782762955
6213	6213	0.8090418048397006
6214	6214	2.0756204539109047
6215	6215	0.5637006226752911
6216	6216	0.801975612471301
6217	6217	4.785763705840189
6218	6218	5.148356317098605
6219	6219	2.3901114781352235
6220	6220	1.6014883467891494
6221	6221	2.4230256084024044
6222	6222	2.1094885859473407
6223	6223	1.1990963823633383
6224	6224	4.325368683603026
6225	6225	2.9416136702699993
6226	6226	9.876098055489802
6227	6227	1.3864885442332684
6228	6228	0.8561643222413897
6229	6229	2.1345905405186016
6230	6230	0.9420997808050906
6231	6231	4.795501901958689
6232	6232	1.2053676134370426
6233	6233	5.0421485992582
6234	6234	1.129360562861647
6235	6235	0.810011138923202
6236	6236	1.2163030013160536
6237	6237	2.1662452412011763
6238	6238	3.7357792533677547
6239	6239	4.802986241496907
6240	6240	1.0327761872031007
6241	6241	2.9137970505281396
6242	6242	3.492800359837251
6243	6243	5.63179829489594
6244	6244	3.639656214370126
6245	6245	14.183249650387902
6246	6246	3.1837327799513884
6247	6247	6.237629718202803
6248	6248	8.579699960894146
6249	6249	2.9126046121420734
6250	6250	3.3333771881462844
6251	6251	1.7062603464374615
6252	6252	8.722100441196991
6253	6253	2.5760516262633106
6254	6254	5.2080759697346535
6255	6255	12.014492580294245
6256	6256	1.2257288438076361
6257	6257	8.152686797429348
6258	6258	4.623409311911454
6259	6259	0.6629819578888717
6260	6260	0.6372786536146152
6261	6261	0.37600718034176467
6262	6262	0.991184570570775
6263	6263	2.0017404938832684
6264	6264	2.148678579721087
6265	6265	7.105111318804124
6266	6266	8.52128298560934
6267	6267	4.236293016327993
6268	6268	4.565166305150432
6269	6269	8.836093568975382
6270	6270	0.9439589134699489
6271	6271	3.6288344112786772
6272	6272	0.26958037430177434
6273	6273	4.21130600187661
6274	6274	6.13675097509118
6275	6275	3.9988110320861368
6276	6276	2.922214875362424
6277	6277	1.0402561502796068
6278	6278	1.3475445315036432
6279	6279	1.708465060670796
6280	6280	1.9347941827034287
6281	6281	5.077455443956237
6282	6282	5.658080454261909
6283	6283	12.691796042101243
6284	6284	7.916428936182924
6285	6285	4.291477734594488
6286	6286	4.855103622279925
6287	6287	5.778862519182157
6288	6288	2.592338546618376
6289	6289	5.138711906376928
6290	6290	3.101571245531731
6291	6291	4.45886150997869
6292	6292	7.714929965399655
6293	6293	1.8881134392330927
6294	6294	4.135497220640984
6295	6295	2.0575994083740423
6296	6296	2.215020407629423
6297	6297	8.19521090638976
6298	6298	3.9406394457395417
6299	6299	4.7152482269649765
6300	6300	4.41848585152945
6301	6301	0.617057127908509
6302	6302	1.4587217393019771
6303	6303	3.2410901608703266
6304	6304	0.9105652129511501
6305	6305	5.312789754750774
6306	6306	2.132667826197247
6307	6307	4.6513814714536235
6308	6308	7.4420973417548915
6309	6309	3.6160859056851042
6310	6310	4.590790181445778
6311	6311	6.564639120885081
6312	6312	1.2292000517107324
6313	6313	1.8697507652984513
6314	6314	0.6673938945777337
6315	6315	11.215614145826136
6316	6316	1.1919341659478473
6317	6317	5.511751127398127
6318	6318	1.2554782575661756
6319	6319	2.4818885606737453
6320	6320	1.3940505683500524
6321	6321	3.5255023926955262
6322	6322	1.1876531688529208
6323	6323	8.993389813556874
6324	6324	0.13360160375243255
6325	6325	2.280548747099407
6326	6326	4.126367511801944
6327	6327	6.872765036928298
6328	6328	4.50304565165346
6329	6329	1.510703437999859
6330	6330	5.122049390859854
6331	6331	2.1837397422349354
6332	6332	5.3580242947961345
6333	6333	5.630686147525258
6334	6334	2.2335942327298435
6335	6335	2.158517159556724
6336	6336	3.5397969255224435
6337	6337	2.6615783305217167
6338	6338	3.8367027060163417
6339	6339	1.8644845293465984
6340	6340	3.3442051365293186
6341	6341	6.591161032084494
6342	6342	14.101050457174933
6343	6343	3.407043676258163
6344	6344	1.5740756889429395
6345	6345	6.021042684636284
6346	6346	3.0846293452296183
6347	6347	0.968956439886448
6348	6348	3.3436139160532905
6349	6349	1.3661513406585988
6350	6350	6.729185490020071
6351	6351	6.238975112582182
6352	6352	3.2172945979138885
6353	6353	2.8047293180825275
6354	6354	3.746500118196857
6355	6355	4.447710838396613
6356	6356	7.184020739982676
6357	6357	2.3257257328225927
6358	6358	6.003615122990502
6359	6359	4.465602860838644
6360	6360	2.2024673041866003
6361	6361	9.558156453483537
6362	6362	1.4044622884539715
6363	6363	2.5276654827550367
6364	6364	3.8498383952642143
6365	6365	6.370612707700997
6366	6366	0.9020938481689047
6367	6367	3.6225973359510832
6368	6368	5.994389340083014
6369	6369	2.168792268359157
6370	6370	8.676125482975365
6371	6371	3.35853633016576
6372	6372	5.306496384454913
6373	6373	6.123386831427059
6374	6374	1.7258706534221422
6375	6375	3.6496110556481476
6376	6376	8.469930884694495
6377	6377	3.4489540357474158
6378	6378	1.7483594012404255
6379	6379	2.6370049456092355
6380	6380	1.227574004299425
6381	6381	5.202985177308068
6382	6382	5.679488273531391
6383	6383	4.1482031709725025
6384	6384	5.857004713760533
6385	6385	2.3859524048163374
6386	6386	2.0357880816121146
6387	6387	0.6220025496234612
6388	6388	1.9175267425549118
6389	6389	3.9571466470480052
6390	6390	3.874309414827076
6391	6391	2.809999556426869
6392	6392	2.6591915525807437
6393	6393	6.495831543421947
6394	6394	7.625208842186607
6395	6395	2.1710562919522784
6396	6396	0.7859247084786092
6397	6397	2.465258067763166
6398	6398	2.292509978058546
6399	6399	9.448899485981439
6400	6400	4.609452316974707
6401	6401	5.948760232326618
6402	6402	8.201286015878889
6403	6403	3.8823948653051965
6404	6404	7.213664923506786
6405	6405	8.23211357668948
6406	6406	14.966979949434206
6407	6407	2.15681713574334
6408	6408	3.8002423675243477
6409	6409	8.09642130215893
6410	6410	14.179649689617326
6411	6411	3.2437543680840712
6412	6412	4.848822129238397
6413	6413	3.6630471707416334
6414	6414	2.5356374229482874
6415	6415	5.156446726210691
6416	6416	7.952928212944719
6417	6417	3.579065675804922
6418	6418	1.662102839206877
6419	6419	3.4562798015629337
6420	6420	6.317331704858485
6421	6421	2.5823974771892617
6422	6422	10.608782488923625
6423	6423	3.7994655743870216
6424	6424	2.709688659887486
6425	6425	1.3814173369804243
6426	6426	1.795311076510388
6427	6427	8.218816424697842
6428	6428	6.104647683360992
6429	6429	1.8569068736807475
6430	6430	7.679618876235699
6431	6431	5.768093028471647
6432	6432	4.746755522837919
6433	6433	2.669459817117596
6434	6434	2.249747910930579
6435	6435	1.8593650873326195
6436	6436	2.5167502236566848
6437	6437	7.404892910908222
6438	6438	2.8945537034795565
6439	6439	7.5446992601653236
6440	6440	7.04807272935221
6441	6441	0.8365836065028714
6442	6442	1.521619877378693
6443	6443	4.094217048635626
6444	6444	4.77817536465987
6445	6445	2.9896812631098744
6446	6446	5.934852185354637
6447	6447	3.101947221363774
6448	6448	0.8059278185577867
6449	6449	3.5128023261088277
6450	6450	1.772290945713948
6451	6451	1.7148166806429763
6452	6452	5.2416220574581
6453	6453	3.2122162049884193
6454	6454	2.947029214992787
6455	6455	2.6341744451384317
6456	6456	7.089994110492634
6457	6457	3.1853034456354385
6458	6458	7.787544585098888
6459	6459	5.293130589960135
6460	6460	2.2055548755197494
6461	6461	3.791505168787751
6462	6462	9.061489890179434
6463	6463	4.388462843045441
6464	6464	4.428174961986695
6465	6465	1.055550974997475
6466	6466	7.337783787695882
6467	6467	20.377077821566424
6468	6468	5.681611976323999
6469	6469	4.0928290438134205
6470	6470	2.592123810251315
6471	6471	4.485571155660732
6472	6472	0.5043895523128161
6473	6473	0.9831366905443127
6474	6474	6.920703982543861
6475	6475	8.2790172040234
6476	6476	11.49104912239948
6477	6477	2.920350929657201
6478	6478	4.841531824475353
6479	6479	0.42559468898924674
6480	6480	1.1764948256101588
6481	6481	2.9214317131200254
6482	6482	2.469845573719598
6483	6483	2.945140490335672
6484	6484	0.43891211005872827
6485	6485	5.320066652070991
6486	6486	1.7021285644943671
6487	6487	7.041845550933665
6488	6488	2.616026796271803
6489	6489	0.5110690554525528
6490	6490	2.8992295277265656
6491	6491	6.389669314851199
6492	6492	6.418541187723865
6493	6493	3.5587393250194954
6494	6494	4.334123637378297
6495	6495	7.928410598622881
6496	6496	4.798675540377853
6497	6497	2.462915574647239
6498	6498	2.8393361027614756
6499	6499	5.032393768257214
6500	6500	4.82670597803721
6501	6501	1.5318579970595565
6502	6502	1.0240812661094243
6503	6503	2.655512987744411
6504	6504	8.443024471499667
6505	6505	3.1722619311300746
6506	6506	1.5226213341163146
6507	6507	1.2358121839830145
6508	6508	2.4117074142237978
6509	6509	1.8787315857595543
6510	6510	5.712885811291536
6511	6511	4.4090455241521305
6512	6512	3.1278978000690567
6513	6513	2.009043813764397
6514	6514	3.383154031739568
6515	6515	3.68166970441083
6516	6516	1.8250624282542465
6517	6517	4.039775462833108
6518	6518	6.465347616309315
6519	6519	3.9390418646874648
6520	6520	3.3910433199964216
6521	6521	3.586465314868474
6522	6522	6.5204154382144335
6523	6523	4.280130935111147
6524	6524	5.405021086170275
6525	6525	2.0440105931430854
6526	6526	1.8975610328055075
6527	6527	3.007856563741324
6528	6528	0.5398136746388931
6529	6529	7.640462520647331
6530	6530	4.015094612282202
6531	6531	2.615715847598469
6532	6532	4.605937268186328
6533	6533	6.386226116403958
6534	6534	3.8200159123123343
6535	6535	1.1415697495097812
6536	6536	11.170865964356588
6537	6537	2.182655378751901
6538	6538	2.843749711535897
6539	6539	2.9570624838922863
6540	6540	1.6388514505449112
6541	6541	9.161201235978139
6542	6542	2.8866497284867307
6543	6543	0.6308165271819014
6544	6544	2.6967995958322835
6545	6545	15.841393520328108
6546	6546	0.6629719850545772
6547	6547	4.908109913257486
6548	6548	0.6090601179327371
6549	6549	2.6124200168907956
6550	6550	5.958540027506722
6551	6551	2.105574639930878
6552	6552	6.957157437313142
6553	6553	6.543756311318367
6554	6554	3.2357077055916346
6555	6555	12.125409080345191
6556	6556	8.173649815090556
6557	6557	4.045261994146717
6558	6558	2.1108412071656746
6559	6559	3.1839879749986406
6560	6560	0.9770478155893431
6561	6561	3.61157714364013
6562	6562	2.0779944241148343
6563	6563	0.8101293793784541
6564	6564	4.766452444421194
6565	6565	4.497196859309009
6566	6566	10.54782742011682
6567	6567	2.312632429622946
6568	6568	13.017903605288105
6569	6569	4.065095422944974
6570	6570	2.8313904734291424
6571	6571	3.6311066953836977
6572	6572	7.865056362952466
6573	6573	6.399164663606699
6574	6574	3.407916836977054
6575	6575	2.047864950621234
6576	6576	4.868860568282433
6577	6577	0.9437880262682902
6578	6578	1.1993633582771748
6579	6579	1.3323862330985612
6580	6580	5.4273838439779425
6581	6581	7.757506038246524
6582	6582	1.3695538735442145
6583	6583	5.1587089405008095
6584	6584	1.602287646801941
6585	6585	11.117841917235227
6586	6586	8.440872017034415
6587	6587	4.57716281740271
6588	6588	0.7796726336121583
6589	6589	7.23792849871232
6590	6590	5.7558646836588325
6591	6591	5.6894871092178025
6592	6592	3.461200065384706
6593	6593	1.794746586813468
6594	6594	4.968053057344982
6595	6595	1.330693284538096
6596	6596	6.4421321739715545
6597	6597	6.009397383169564
6598	6598	9.863149103769523
6599	6599	5.289897361161449
6600	6600	2.9101721634810986
6601	6601	3.3854034610530523
6602	6602	1.4116401469341409
6603	6603	4.150001567700085
6604	6604	3.722157601273951
6605	6605	2.828906397065197
6606	6606	2.0051794892011805
6607	6607	3.067340142560629
6608	6608	3.71393427148504
6609	6609	7.558333310184149
6610	6610	6.946602946348971
6611	6611	2.2561034189658655
6612	6612	6.057515172156808
6613	6613	1.400505973217991
6614	6614	2.1296340773341744
6615	6615	12.809478578711333
6616	6616	3.672097514645198
6617	6617	7.630771123816439
6618	6618	3.5420983983434517
6619	6619	5.690094915986681
6620	6620	9.110979868756033
6621	6621	3.351595184003678
6622	6622	1.9116309493278947
6623	6623	4.269864565601203
6624	6624	0.9147940507136992
6625	6625	7.681097688253846
6626	6626	0.6941648135583077
6627	6627	0.15381730922847608
6628	6628	12.056572673034227
6629	6629	1.232343023173684
6630	6630	3.040479442267548
6631	6631	3.6756129477162665
6632	6632	7.6531796805406795
6633	6633	3.5347317146368504
6634	6634	3.3262561643817925
6635	6635	5.3601595254657965
6636	6636	6.7969088891513
6637	6637	2.565644401652782
6638	6638	1.4904273954070892
6639	6639	3.696884898100182
6640	6640	11.787872582032032
6641	6641	2.862297637500959
6642	6642	9.042304567002269
6643	6643	6.48615517829426
6644	6644	2.4468057403130645
6645	6645	1.290931237088199
6646	6646	6.569230661087869
6647	6647	5.221316854113306
6648	6648	0.3352026207467542
6649	6649	5.904710109217323
6650	6650	0.9311906495823241
6651	6651	2.0234041745407034
6652	6652	1.447400244261202
6653	6653	3.3473616110117894
6654	6654	2.1720671397960643
6655	6655	1.1146240455213754
6656	6656	1.3390101022502925
6657	6657	6.5329282324270945
6658	6658	0.8512417608482342
6659	6659	4.6375825080274895
6660	6660	4.8120457732547885
6661	6661	1.928713047240092
6662	6662	0.8237677902029549
6663	6663	8.149703713103552
6664	6664	2.207750886763364
6665	6665	2.8328634295348616
6666	6666	7.639045334237595
6667	6667	4.382032770653064
6668	6668	1.0762816170995069
6669	6669	3.9972249960984536
6670	6670	7.217388104370727
6671	6671	2.357603465297817
6672	6672	4.775141924540227
6673	6673	0.6514541666834579
6674	6674	7.448698798662904
6675	6675	3.5303283680237096
6676	6676	3.9481597747307693
6677	6677	3.6553848547990064
6678	6678	5.929422671761112
6679	6679	1.3978893425246361
6680	6680	4.29613921423761
6681	6681	1.2790167649913922
6682	6682	3.2025805989328284
6683	6683	4.7294831418805545
6684	6684	3.584554263547932
6685	6685	4.5743774631774805
6686	6686	1.342073345147384
6687	6687	1.980045439676059
6688	6688	3.039366025495336
6689	6689	1.3509751170061497
6690	6690	0.6816514518276496
6691	6691	5.0879103682118
6692	6692	4.651949870986282
6693	6693	0.5309123160810656
6694	6694	0.8744152572301933
6695	6695	1.2935650144579276
6696	6696	4.953439302203028
6697	6697	6.158800551701092
6698	6698	5.4547514430494966
6699	6699	2.717824383788658
6700	6700	1.3481024472755367
6701	6701	9.776106781938742
6702	6702	0.6762354441464493
6703	6703	4.136676523996176
6704	6704	7.610735160604227
6705	6705	1.2733838049267
6706	6706	1.8902266443310176
6707	6707	3.1965556541505564
6708	6708	11.303831653266478
6709	6709	4.194827569778904
6710	6710	1.435129118954452
6711	6711	1.0300635818310535
6712	6712	2.762551356301878
6713	6713	1.5137359276385254
6714	6714	3.9910488425228596
6715	6715	0.9053958335605075
6716	6716	6.797118114304004
6717	6717	1.5711023782670288
6718	6718	1.5240606366605518
6719	6719	1.1076817852718541
6720	6720	1.2885638528540284
6721	6721	5.184057793125871
6722	6722	2.3071351043490305
6723	6723	2.4369170273389225
6724	6724	2.115188547290628
6725	6725	5.363919410698162
6726	6726	4.013092171122483
6727	6727	4.4268766913310165
6728	6728	7.580686205515076
6729	6729	4.311554694863933
6730	6730	3.4974033017517776
6731	6731	5.4581060904473535
6732	6732	0.6408615617072082
6733	6733	13.127035643843081
6734	6734	1.043126802167153
6735	6735	4.698162880771116
6736	6736	4.877122219827581
6737	6737	9.80556730712451
6738	6738	3.986855010569995
6739	6739	0.7960933173129554
6740	6740	5.553732454985271
6741	6741	1.6535890413154575
6742	6742	4.786839491790043
6743	6743	1.4037004756445535
6744	6744	1.8374930011612043
6745	6745	3.5591729603195796
6746	6746	4.15634714874788
6747	6747	2.8912138192403676
6748	6748	3.6215178717885697
6749	6749	3.7575638483491955
6750	6750	4.573700943402107
6751	6751	6.611094068529468
6752	6752	2.8122839662062193
6753	6753	7.523174520896293
6754	6754	6.798946826913149
6755	6755	0.8458782277522098
6756	6756	0.89026623543009
6757	6757	5.901638175265679
6758	6758	3.419096096134981
6759	6759	4.489840458497102
6760	6760	0.3381601984683648
6761	6761	5.840674092150987
6762	6762	6.770205588447631
6763	6763	0.6520845243900953
6764	6764	3.7964645044379948
6765	6765	11.605188960576513
6766	6766	5.194136821374844
6767	6767	8.246088513468717
6768	6768	3.313218591200478
6769	6769	4.842438241641093
6770	6770	5.7147207854638875
6771	6771	0.8769064697790473
6772	6772	2.115751216917427
6773	6773	3.081953332380995
6774	6774	2.8975820048360426
6775	6775	4.384527762963605
6776	6776	2.057427825707498
6777	6777	4.402728552312454
6778	6778	3.8719361809569537
6779	6779	3.0676977970985133
6780	6780	2.503972228385128
6781	6781	0.5295988464916338
6782	6782	7.7334527059059965
6783	6783	0.7505659784032673
6784	6784	3.904768290678697
6785	6785	2.0137339637599543
6786	6786	6.325927638223268
6787	6787	3.6390081688988047
6788	6788	4.274459383989541
6789	6789	0.798246024228521
6790	6790	10.528401956117674
6791	6791	1.7426496887423015
6792	6792	0.4851992196696879
6793	6793	5.4534444605473205
6794	6794	6.69121446861898
6795	6795	0.43846352482905526
6796	6796	7.5759347496099245
6797	6797	4.096839456714583
6798	6798	1.043851069490973
6799	6799	6.965648738063794
6800	6800	4.5042504313171845
6801	6801	3.7160485593613855
6802	6802	5.774103899718847
6803	6803	8.696599808981869
6804	6804	4.395200018377005
6805	6805	3.2317707198619514
6806	6806	4.664804194717428
6807	6807	7.131533697938652
6808	6808	8.278272610170028
6809	6809	3.521283969452612
6810	6810	1.7515234034279237
6811	6811	8.18449409490862
6812	6812	2.379656921400859
6813	6813	2.1959827773647853
6814	6814	4.345746784188912
6815	6815	3.5295884225428127
6816	6816	0.42723298720240577
6817	6817	2.680305410751789
6818	6818	2.7836006010970316
6819	6819	0.17119041623223266
6820	6820	0.7509355202107542
6821	6821	3.260702779252111
6822	6822	2.5349837283783705
6823	6823	4.874507412939385
6824	6824	1.592395012220182
6825	6825	4.4694436911032245
6826	6826	1.2117261043922205
6827	6827	3.39259569972415
6828	6828	2.506093625833396
6829	6829	2.637290802425893
6830	6830	2.00398205699394
6831	6831	5.281522518138316
6832	6832	5.652498808837699
6833	6833	8.42442393786145
6834	6834	2.7775618210873256
6835	6835	1.6061654080124184
6836	6836	8.94876352845011
6837	6837	3.5129410768523384
6838	6838	4.72453520390527
6839	6839	4.085188116841223
6840	6840	7.06516530714568
6841	6841	6.919263792191326
6842	6842	2.703699006071182
6843	6843	13.141931461457517
6844	6844	9.3617193106337
6845	6845	3.8607569805083397
6846	6846	1.248581902841003
6847	6847	0.3423346181909514
6848	6848	1.8839594488946587
6849	6849	5.774139183106217
6850	6850	3.375848039937942
6851	6851	2.627029827599531
6852	6852	9.364163011972373
6853	6853	9.863072906179143
6854	6854	1.6439947646259352
6855	6855	3.7458894769607207
6856	6856	7.181844654339204
6857	6857	6.099611452024227
6858	6858	1.3894046626457315
6859	6859	4.959387548561795
6860	6860	6.3318149359500095
6861	6861	2.2457443057896582
6862	6862	2.390918065086538
6863	6863	6.256664821292021
6864	6864	3.6584639711889255
6865	6865	4.457879232633835
6866	6866	6.832800906004923
6867	6867	2.777797285919993
6868	6868	3.0225778972630373
6869	6869	11.742975399355904
6870	6870	2.98875256155906
6871	6871	2.319486582267159
6872	6872	4.8514707675575846
6873	6873	4.051222993047333
6874	6874	4.483156542279667
6875	6875	4.653251787406825
6876	6876	0.9850519218491626
6877	6877	2.1544411219247115
6878	6878	1.5194656493773797
6879	6879	3.580966973443835
6880	6880	10.924221794814995
6881	6881	11.620962660284716
6882	6882	2.7619425117315375
6883	6883	4.468658488351033
6884	6884	2.027202350854857
6885	6885	0.5218034240940391
6886	6886	1.8949934966434177
6887	6887	5.735763776508949
6888	6888	1.865996264725041
6889	6889	3.7378223060069593
6890	6890	2.6797192405302184
6891	6891	4.0244245767532085
6892	6892	1.310320877784839
6893	6893	3.4270149070844798
6894	6894	3.138557004314941
6895	6895	7.701361515850966
6896	6896	9.128535070018089
6897	6897	2.9597967257252797
6898	6898	0.9948770922840965
6899	6899	0.8505234443816351
6900	6900	1.0776101986434286
6901	6901	7.358351396642166
6902	6902	7.071842230512286
6903	6903	2.801662139596638
6904	6904	1.1460043153618191
6905	6905	2.6788226666889154
6906	6906	1.0777624071372789
6907	6907	4.4265970945901545
6908	6908	4.36049160933821
6909	6909	4.580091652952792
6910	6910	3.2234499385223376
6911	6911	2.02539840603072
6912	6912	0.10292717507469232
6913	6913	2.061827451058376
6914	6914	5.624339022361605
6915	6915	3.023936582043217
6916	6916	0.5213951985271341
6917	6917	4.624629549635935
6918	6918	12.126873049196304
6919	6919	5.13508416010882
6920	6920	1.6412227733329838
6921	6921	2.85730168018359
6922	6922	1.5585191369766054
6923	6923	1.5062167042144103
6924	6924	3.367342934243236
6925	6925	3.513377241401164
6926	6926	0.5781967066554735
6927	6927	1.6377799451580555
6928	6928	1.355721170440533
6929	6929	2.551618283005332
6930	6930	2.0649770922297157
6931	6931	4.07425038924113
6932	6932	10.917957622091697
6933	6933	1.0343324848215882
6934	6934	2.284688636058804
6935	6935	2.49209130805854
6936	6936	11.857245794465033
6937	6937	2.383682947142939
6938	6938	3.6225273904545627
6939	6939	0.866143911763641
6940	6940	3.3467679913987913
6941	6941	3.069095608901898
6942	6942	5.832096638639942
6943	6943	6.58990557070873
6944	6944	4.353774223732438
6945	6945	1.4077936699457334
6946	6946	0.8451763667277906
6947	6947	3.743253445451936
6948	6948	17.737040281474595
6949	6949	9.534312444650162
6950	6950	1.3364851091399486
6951	6951	3.954037929167036
6952	6952	2.7133832775763063
6953	6953	8.261521659575822
6954	6954	0.9868044221949783
6955	6955	4.655815653128647
6956	6956	6.459524366704513
6957	6957	3.7240888667065617
6958	6958	2.608614677192869
6959	6959	1.0035938007930285
6960	6960	0.42619457550053946
6961	6961	2.563154558936998
6962	6962	4.940076097170279
6963	6963	1.9870033934936515
6964	6964	2.446908470478858
6965	6965	4.258262613906866
6966	6966	12.519851953319757
6967	6967	6.390564710399371
6968	6968	4.811109455798693
6969	6969	1.0950793980577322
6970	6970	3.2823359218380874
6971	6971	0.21648074476745255
6972	6972	6.899962158810754
6973	6973	2.0850075566765933
6974	6974	8.21190120935655
6975	6975	0.9395000522825558
6976	6976	2.1720035506593365
6977	6977	2.9575948964348604
6978	6978	5.315455780832744
6979	6979	6.503044153232185
6980	6980	7.064109840837545
6981	6981	1.9752255631594373
6982	6982	0.9329030833742291
6983	6983	4.548017165299728
6984	6984	4.712663218385209
6985	6985	1.8172719349872035
6986	6986	5.656207863668312
6987	6987	2.674530274591185
6988	6988	0.6757777857301269
6989	6989	2.072954982141208
6990	6990	0.6259229331825695
6991	6991	9.214142936409646
6992	6992	2.99497795755854
6993	6993	2.173304083057719
6994	6994	1.846738059611348
6995	6995	11.492786515181058
6996	6996	3.244698257248709
6997	6997	3.529438429969579
6998	6998	2.3351476570887955
6999	6999	1.9124939082818448
7000	7000	3.874040751026952
7001	7001	2.4093141349331706
7002	7002	2.4822435578521724
7003	7003	0.26965911945523524
7004	7004	6.167828160222325
7005	7005	1.3777123906450974
7006	7006	3.6966452759384567
7007	7007	1.0708731870264177
7008	7008	5.983933096857176
7009	7009	2.3279975499229657
7010	7010	1.6697997752743865
7011	7011	0.8176549248316035
7012	7012	1.6598839390551057
7013	7013	1.7177191255582944
7014	7014	1.7657109807634372
7015	7015	2.373406633634278
7016	7016	2.846334165322347
7017	7017	6.9540290106627545
7018	7018	1.898504966353579
7019	7019	2.041919590711105
7020	7020	3.752188015784583
7021	7021	4.783764987187368
7022	7022	3.220512127225902
7023	7023	7.763766794406479
7024	7024	3.756898634365221
7025	7025	1.9952275107260191
7026	7026	0.8717823838156826
7027	7027	3.5561992027394225
7028	7028	0.9057878076973107
7029	7029	5.387845158684889
7030	7030	1.3840554060811983
7031	7031	1.5245959792822648
7032	7032	1.5418863564186323
7033	7033	2.785847640088521
7034	7034	1.3560088143113167
7035	7035	0.08050566985010857
7036	7036	2.630382498065321
7037	7037	3.7336176005107764
7038	7038	5.893495481134374
7039	7039	6.826786982059407
7040	7040	3.0234735723441655
7041	7041	2.763938055700576
7042	7042	1.5121863198556262
7043	7043	3.6038883008629807
7044	7044	2.8986533187862444
7045	7045	4.88561433937417
7046	7046	3.9763824047441076
7047	7047	2.463938603254878
7048	7048	4.38319368522308
7049	7049	2.3461495947663855
7050	7050	3.0339743797392247
7051	7051	2.8624611313838884
7052	7052	2.574169085528559
7053	7053	4.5040859662783514
7054	7054	6.473928827883708
7055	7055	5.477577482732031
7056	7056	1.424187989062898
7057	7057	13.5919726786393
7058	7058	2.9072266302850096
7059	7059	0.929356076787198
7060	7060	7.71620621558621
7061	7061	1.0361455752691702
7062	7062	3.5166374464544643
7063	7063	3.595616313258631
7064	7064	1.0563546550509137
7065	7065	1.5068016312271615
7066	7066	1.1782482128982155
7067	7067	16.02768634294078
7068	7068	2.087694094745517
7069	7069	3.7450436323671306
7070	7070	2.2754264414808962
7071	7071	3.7046965824964215
7072	7072	8.46358658029049
7073	7073	0.4840689026585629
7074	7074	2.9761804720355567
7075	7075	1.3391494085935673
7076	7076	0.7501877080701751
7077	7077	5.058592880275926
7078	7078	12.029053606984126
7079	7079	6.461385944266142
7080	7080	10.690244198941901
7081	7081	7.854907280982759
7082	7082	3.51220116737302
7083	7083	5.331144724714368
7084	7084	7.554575301821515
7085	7085	4.375664979509816
7086	7086	1.8895074920225696
7087	7087	6.547874626988701
7088	7088	2.2508017585039752
7089	7089	3.980808772307893
7090	7090	3.9025143178810917
7091	7091	1.6002465600715408
7092	7092	3.1010659019167206
7093	7093	2.4572081339280953
7094	7094	6.687177067902507
7095	7095	2.4339953220450767
7096	7096	3.356331076181382
7097	7097	9.57654267399536
7098	7098	3.217720980525375
7099	7099	3.2373919621453036
7100	7100	8.078787336700138
7101	7101	0.790037973956832
7102	7102	3.6491526680248243
7103	7103	3.497938117485895
7104	7104	2.345299111381957
7105	7105	2.851980869230092
7106	7106	1.4998239589317528
7107	7107	3.247549663713633
7108	7108	3.0451658491208926
7109	7109	2.7066981732294724
7110	7110	2.9286097355055896
7111	7111	2.458845282800908
7112	7112	3.005234465239341
7113	7113	5.042169981672883
7114	7114	7.8554433501519245
7115	7115	13.462907920133297
7116	7116	1.1426411338162588
7117	7117	4.820400751128618
7118	7118	4.019858335690859
7119	7119	1.1228433014830237
7120	7120	3.8240692686874387
7121	7121	3.358464488945976
7122	7122	3.565335517886268
7123	7123	5.133529815197714
7124	7124	6.338566672561473
7125	7125	1.9144581125184184
7126	7126	8.182247458058677
7127	7127	4.279533412665034
