0	0	2.6684773385933296
1	1	2.2212378886487336
2	2	2.0952956227891164
3	3	1.9556135365532246
4	4	2.292629765166377
5	5	1.7423483963576691
6	6	3.845690040097833
7	7	6.637107783177602
8	8	6.888231077268349
9	9	3.433776479508187
10	10	2.4489517392941655
11	11	5.396392518666031
12	12	3.928360630047321
13	13	2.71919523383139
14	14	3.6018923905497227
15	15	2.127611331610354
16	16	1.9330067019247972
17	17	0.5017336095723578
18	18	1.4360374194289236
19	19	4.971448712904999
20	20	4.756781327146638
21	21	5.412689181792391
22	22	5.639859021838401
23	23	1.9307965821974942
24	24	3.4447090518289585
25	25	7.182647063547481
26	26	2.42867645742427
27	27	1.1378219997814396
28	28	1.9261880733798251
29	29	0.2560255706108464
30	30	2.5735766765621726
31	31	4.130634528525549
32	32	1.4515218181033414
33	33	2.3141499110752064
34	34	1.9389134544912887
35	35	2.098444968969892
36	36	0.6692461991613153
37	37	3.260844400679799
38	38	2.0886936170654624
39	39	2.8495571415555205
40	40	3.904274092698057
41	41	4.087352960535904
42	42	2.7250582496979563
43	43	4.305473782724766
44	44	2.9417965932968864
45	45	5.167307287904986
46	46	4.710423262430991
47	47	1.7361218474217628
48	48	4.479846104820168
49	49	2.7435041643470326
50	50	5.582452640387803
51	51	2.7078754609501923
52	52	2.07157933936708
53	53	5.362001728352521
54	54	3.692249249760172
55	55	3.077605335308087
56	56	1.2727017879397264
57	57	1.081066548339121
58	58	3.6498341603650304
59	59	3.2038749304626615
60	60	3.4180285534778134
61	61	4.653800866649366
62	62	4.22932061396024
63	63	1.3238635358801907
64	64	2.0629216876268868
65	65	7.255825701627555
66	66	2.2924417679686027
67	67	3.133789003615459
68	68	2.235195058548717
69	69	7.547624131272864
70	70	2.5350856244494295
71	71	1.1306295253646217
72	72	1.8289671164160073
73	73	2.802914570003387
74	74	1.3272689450255766
75	75	2.21769176800821
76	76	4.56298617613006
77	77	3.0266556616494915
78	78	1.8040091111454324
79	79	2.872723053667234
80	80	2.5704392271032876
81	81	4.453273429005778
82	82	4.811951721403698
83	83	5.240255106922387
84	84	1.6405153435895938
85	85	3.4520850670192704
86	86	3.9962847776693096
87	87	2.015283581865029
88	88	1.517090221162967
89	89	0.9066775946107486
90	90	4.914610154605379
91	91	1.1509076910512583
92	92	1.3163560028549108
93	93	0.8358788154474763
94	94	1.563523632994782
95	95	0.6589387328553284
96	96	1.9473925648796437
97	97	3.3276095840748283
98	98	3.3458416177077237
99	99	3.2882696651381083
100	100	2.370466817053016
101	101	3.9815678170887083
102	102	1.0348579635476756
103	103	4.508161756102657
104	104	0.6714636904110307
105	105	3.43306090123287
106	106	2.473899764226009
107	107	1.3106789294818282
108	108	1.161959251570855
109	109	1.3127678064502029
110	110	1.6347383203948578
111	111	4.326505350077129
112	112	7.12222778288184
113	113	3.6187239345326203
114	114	1.964415321054614
115	115	2.6567736095353762
116	116	5.424183881659397
117	117	1.7379099292959872
118	118	2.267059192236269
119	119	2.1220228937734524
120	120	1.2397911255965897
121	121	1.8479164015128524
122	122	3.9665331176402017
123	123	6.296401643371011
124	124	0.9017341395667043
125	125	1.2663497215968518
126	126	5.33884521891248
127	127	3.026229108576042
128	128	3.8123207330468674
129	129	1.3419529199835936
130	130	2.970229249636753
131	131	2.606688082779578
132	132	0.7614855400446172
133	133	1.5049116887317728
134	134	1.3869781080806205
135	135	4.035278754819543
136	136	5.8563606960318
137	137	2.660429779517233
138	138	4.7931160227518435
139	139	1.361293710850557
140	140	1.2504186670331636
141	141	0.42807959389178085
142	142	8.170522549727169
143	143	8.297118122788333
144	144	2.468946178195347
145	145	2.425355681554426
146	146	3.3199432740766914
147	147	1.7755127321234847
148	148	3.91488365194352
149	149	2.8701305619763646
150	150	3.511942816159258
151	151	2.9340140661720007
152	152	1.8535691904781832
153	153	4.098682821367422
154	154	7.502849313065878
155	155	4.073720798419614
156	156	2.7143204718441414
157	157	3.014601573096747
158	158	3.0929510481540174
159	159	5.387392623910223
160	160	1.6932875398721983
161	161	3.5325099810149343
162	162	1.1540832596837896
163	163	3.4873463752919722
164	164	3.7691747121334895
165	165	3.861893176811448
166	166	2.7527539165243056
167	167	2.2027151908919422
168	168	1.7681653705139864
169	169	1.3063653956817725
170	170	1.2848037025319177
171	171	4.427167011821128
172	172	0.6185246641735012
173	173	1.0198518156500422
174	174	3.3087463193238063
175	175	2.6110362005995085
176	176	1.9316130103433056
177	177	3.1809246713439983
178	178	1.8684398629317283
179	179	3.1815633648421646
180	180	6.5286016356647325
181	181	1.0093142879239947
182	182	2.4259271014438766
183	183	3.7586307237190426
184	184	2.7048683746096485
185	185	1.8995894689116286
186	186	2.7452999214851257
187	187	0.8285840527116017
188	188	6.81236365663781
189	189	1.6565289438304671
190	190	4.50504748253924
191	191	0.8608203051461892
192	192	6.214794770636094
193	193	0.7527746705451226
194	194	3.3137912453474305
195	195	1.8728777421547185
196	196	1.27616204972691
197	197	2.923900519736793
198	198	5.101627559509382
199	199	3.222934666402243
200	200	3.2940576651260605
201	201	0.9222566464945219
202	202	2.199605373333947
203	203	3.730439863654271
204	204	3.6288941334532376
205	205	2.7109362199380698
206	206	3.403176862572196
207	207	6.246578977697923
208	208	1.0873137783124414
209	209	0.863230271371124
210	210	5.049370167610181
211	211	2.3269655064995156
212	212	2.1022576537891187
213	213	0.4154958378781429
214	214	5.515551927935853
215	215	2.1866771442049995
216	216	2.106276902628779
217	217	2.4713065114355883
218	218	0.8399881635363284
219	219	3.8320754337309797
220	220	2.9195683835834405
221	221	2.557967337240739
222	222	3.1022206995248496
223	223	2.578329907158711
224	224	4.501584843578076
225	225	1.2212411093148774
226	226	2.5067026847893707
227	227	2.034127423982683
228	228	3.7976021682946137
229	229	2.3747402419519243
230	230	3.4875320966184113
231	231	3.670762976234359
232	232	3.0701151097229453
233	233	0.625725053940931
234	234	2.3863786257658974
235	235	1.8886370860754815
236	236	4.265000764822121
237	237	3.391645927941936
238	238	1.6728959367373277
239	239	3.756890016196034
240	240	2.1991184965019523
241	241	8.326536902038512
242	242	0.5647389882855847
243	243	2.3481516327637593
244	244	2.050521488734711
245	245	1.045918895189252
246	246	2.438232325175959
247	247	5.66681258516947
248	248	5.692481283833713
249	249	7.243732894266255
250	250	3.861399759550123
251	251	2.5764832625208127
252	252	8.219223584117243
253	253	4.771351298349538
254	254	1.6567795044103337
255	255	2.178132887506017
256	256	2.762078707849292
257	257	3.7240781323760093
258	258	8.045867946735925
259	259	1.407208612294951
260	260	0.8081642040732958
261	261	5.111033401044509
262	262	1.2460693722273244
263	263	3.420434055280129
264	264	7.826503954815765
265	265	5.738025525710698
266	266	4.669442242110898
267	267	1.5995901982507112
268	268	6.691626321237266
269	269	2.4779065833256158
270	270	2.3908522673525945
271	271	2.1641494855132377
272	272	3.8322200676647946
273	273	2.294363413539469
274	274	0.30631165240431923
275	275	1.3333832741961524
276	276	4.597178072570956
277	277	6.143865993428759
278	278	4.184653399460031
279	279	2.595941768849684
280	280	5.518304805060538
281	281	4.259664496974228
282	282	3.3803139163958926
283	283	3.3463057691375586
284	284	3.3250285365488748
285	285	0.2762988585444827
286	286	3.9899168154621387
287	287	2.6495842938739607
288	288	2.401196044352484
289	289	3.48185006100932
290	290	6.003935363673044
291	291	6.131965555268486
292	292	2.6992697841697706
293	293	0.27611730801882867
294	294	2.721608412672877
295	295	1.0483755520423084
296	296	1.5223091813471714
297	297	3.5408917565879734
298	298	1.5084803391719714
299	299	2.3745519918264506
300	300	3.662158357477556
301	301	1.2569179521389395
302	302	4.123489635690997
303	303	4.661176468225584
304	304	0.38896670102578434
305	305	0.9295749540837207
306	306	1.7527650190973936
307	307	2.83920597914544
308	308	3.807892617429731
309	309	1.5014772299590096
310	310	1.2426662046338364
311	311	3.008665646225338
312	312	7.050072344340224
313	313	5.9302855068372375
314	314	1.185603521890601
315	315	0.3063487144095628
316	316	1.1104461178247633
317	317	5.691131922598096
318	318	1.376578585815537
319	319	2.652130520060837
320	320	6.052417783350856
321	321	7.392725938341403
322	322	3.978760310541029
323	323	8.62006517251109
324	324	1.8318597531716483
325	325	4.305663260636285
326	326	6.048284808395228
327	327	2.508420416545274
328	328	5.967834462834433
329	329	3.9869279978124514
330	330	1.8344746159149248
331	331	4.0369371690565625
332	332	6.101244899721033
333	333	0.5394034033209216
334	334	3.6151110436631875
335	335	2.388258329521502
336	336	6.777299592117485
337	337	1.6945978697661306
338	338	3.0910809682201794
339	339	3.0410648180348723
340	340	4.368281524531799
341	341	6.003973460689227
342	342	0.4597843720992749
343	343	3.575113189015286
344	344	4.608106611413745
345	345	5.566305093702519
346	346	6.142025027381617
347	347	8.948043436816075
348	348	1.315205962531055
349	349	1.6548682421342376
350	350	2.893015903937148
351	351	1.8717344288881048
352	352	1.1837238057534991
353	353	7.566786722502229
354	354	7.247944432723417
355	355	2.2232917092116766
356	356	4.103297881058196
357	357	2.2816316373652397
358	358	6.01931134560664
359	359	4.7490834191045295
360	360	3.2290397689940926
361	361	6.399185758078248
362	362	1.9621930865897146
363	363	4.837347671176383
364	364	2.5193915519523316
365	365	1.8860659815823948
366	366	1.1111201968227244
367	367	1.141659567774209
368	368	0.7382279073970592
369	369	1.854367591879399
370	370	2.0261120480315506
371	371	3.0549281655071248
372	372	2.4490954703546963
373	373	1.360445986746088
374	374	2.609468620096054
375	375	2.2774241224064036
376	376	3.2998457981812774
377	377	0.8273663146490638
378	378	0.9412225232454846
379	379	3.7610204577802664
380	380	3.9740831200965854
381	381	2.820140710174668
382	382	1.9155278675998315
383	383	2.2092447154622357
384	384	2.067816931418447
385	385	1.0241756167735723
386	386	1.3244471815801975
387	387	2.788988209042719
388	388	2.3257089110931988
389	389	3.6967619694834113
390	390	4.562604134041177
391	391	5.827711925006924
392	392	2.780338491093219
393	393	0.6709540950434769
394	394	6.176988411633317
395	395	2.8044603398270027
396	396	4.9677496337397695
397	397	4.617242928110893
398	398	5.990374911968615
399	399	4.137161650545822
400	400	1.846025013564352
401	401	1.1834999511815787
402	402	1.5648760901063494
403	403	2.9043144722093412
404	404	6.269263178720512
405	405	4.125379246927925
406	406	2.340127937136484
407	407	1.0424449266945168
408	408	6.428150754374415
409	409	1.9783452930237726
410	410	7.1246796049619245
411	411	1.230849576551841
412	412	4.592475151674673
413	413	5.0602214839367825
414	414	5.227954357012623
415	415	2.7175308309103117
416	416	3.657926057423559
417	417	0.7022372554233367
418	418	2.879399572401624
419	419	5.8089604924353
420	420	1.450216251080522
421	421	3.8084323312650357
422	422	1.9810736125520014
423	423	2.829277632878757
424	424	1.5604536824581756
425	425	2.053065916920156
426	426	2.2711179472548677
427	427	4.704190466825699
428	428	3.031367708815477
429	429	3.440350879336308
430	430	5.258146670287087
431	431	4.219455533067948
432	432	3.8147540216957165
433	433	2.352643165722444
434	434	0.6135382960265019
435	435	5.948110500536868
436	436	1.4856441847685522
437	437	2.368457983815141
438	438	1.0741087279049422
439	439	1.660609167775145
440	440	2.898276852234741
441	441	3.264339844923303
442	442	2.7145296004970385
443	443	3.256795427962805
444	444	5.499674168630705
445	445	0.9725425722859196
446	446	1.82303732968382
447	447	1.7202293232160832
448	448	5.283434398222522
449	449	3.536858453639658
450	450	4.10108295093784
451	451	4.930912957260367
452	452	1.7234303733747391
453	453	7.953185312405993
454	454	0.7406580810881987
455	455	0.9214524440638372
456	456	1.9742670964356317
457	457	6.5364879858067635
458	458	0.9616518863229105
459	459	1.3108973713391205
460	460	0.9485289589648986
461	461	2.985603419577429
462	462	3.8738914417398416
463	463	3.1668711774046465
464	464	1.9340053712810654
465	465	1.8156680026161531
466	466	1.2616061188834746
467	467	6.367354706593035
468	468	2.329248100027616
469	469	1.6910728214289847
470	470	1.7473902609126652
471	471	2.559820192747391
472	472	2.2517226561922064
473	473	2.472895039930381
474	474	3.9164360305974992
475	475	2.1634264157879044
476	476	1.3084987586143892
477	477	3.3006990300710766
478	478	1.5250476782347429
479	479	2.6206628860976533
480	480	2.2614456783895975
481	481	4.905360150750042
482	482	2.8586262981471844
483	483	2.7680244439436246
484	484	3.584822835058841
485	485	4.663873841694118
486	486	3.5156180907129704
487	487	1.8043722083753793
488	488	1.3961906002628468
489	489	1.96653644538986
490	490	1.23718818814252
491	491	4.904764562593057
492	492	5.701242450833476
493	493	5.330761339076518
494	494	1.8334900433669976
495	495	4.645117835319941
496	496	4.7524339699922145
497	497	1.8147554561875412
498	498	3.3396667137043066
499	499	2.7972305547776912
500	500	1.0001969031690865
501	501	1.449279945327673
502	502	7.7008718154170435
503	503	2.6854931012729133
504	504	6.064443819833177
505	505	3.6540053198724465
506	506	3.322864429847874
507	507	2.3588435431001065
508	508	1.5000684486199565
509	509	6.68596486153732
510	510	2.909613050024993
511	511	2.3884691021353004
512	512	0.6131343696614495
513	513	3.2566163972884845
514	514	2.934625082486969
515	515	1.073040209923061
516	516	2.9490302512388618
517	517	10.318121979449986
518	518	2.355581061672658
519	519	3.6976081237050242
520	520	3.0793468103396657
521	521	1.5091363530371897
522	522	1.3686715327800996
523	523	1.8620752372628806
524	524	1.3604829458496703
525	525	3.991144835393135
526	526	6.153925050625966
527	527	3.3037437007372645
528	528	4.3906376844194694
529	529	2.524795074228527
530	530	2.0818153612418966
531	531	1.432837196516262
532	532	1.6780472226917251
533	533	5.437387597776421
534	534	2.4892401925792473
535	535	6.1945638284386
536	536	0.978051628696734
537	537	0.25952164829966473
538	538	1.1509260304933238
539	539	1.8960321815427843
540	540	2.836821841994285
541	541	0.4603706172748562
542	542	0.9664669459828426
543	543	2.8015584269078713
544	544	2.1803424949046746
545	545	3.6728902895708995
546	546	4.3046251498278
547	547	2.8134303994488072
548	548	5.317070604943762
549	549	1.901838920239625
550	550	1.8692908888919828
551	551	1.3449991259537764
552	552	3.710747107816389
553	553	2.9907083446940064
554	554	3.6143164862221724
555	555	5.806694501356988
556	556	2.908351407964675
557	557	2.212341880379735
558	558	2.638101777618471
559	559	0.9443399274045899
560	560	4.258965635565996
561	561	5.011554508501152
562	562	2.6698222829348173
563	563	3.2862064537667335
564	564	5.112579367956923
565	565	0.6161303196901592
566	566	5.313366122276165
567	567	1.0899135377169735
568	568	1.5576280576610482
569	569	2.8627752498333185
570	570	6.795062826191978
571	571	3.5932507920355423
572	572	2.6319892947109196
573	573	3.8431065844849908
574	574	2.071655414316107
575	575	3.187408927415041
576	576	3.858156593459019
577	577	3.2306490089941637
578	578	3.6142812713027572
579	579	1.962556413651943
580	580	1.966364557872818
581	581	3.279605843716564
582	582	2.428825449173196
583	583	2.186714193325123
584	584	1.0544896937288062
585	585	1.9977626217265387
586	586	2.273979185205934
587	587	4.721980311718791
588	588	1.5908963070440247
589	589	2.4654421540997524
590	590	3.0028380867231363
591	591	1.919053158793814
592	592	2.727962063819412
593	593	2.873172844887793
594	594	5.916872320107824
595	595	4.513131875998889
596	596	4.539811720517179
597	597	0.933509499210287
598	598	1.970562405213887
599	599	1.4512077604924296
600	600	3.5606153915927115
601	601	2.6019002159225653
602	602	3.54637984835675
603	603	2.0266030721350257
604	604	4.403422617577137
605	605	2.821022151131662
606	606	3.145846183121872
607	607	1.5503576336021556
608	608	2.6326583516249276
609	609	2.5260445663386215
610	610	1.9833535357162513
611	611	1.675337493403803
612	612	3.0742233545534554
613	613	1.9366348388677612
614	614	4.673850830604305
615	615	6.73309348401075
616	616	6.29243219108797
617	617	4.286591626122743
618	618	1.6011433403627389
619	619	3.5990096565376124
620	620	3.631650383110859
621	621	2.14670893813437
622	622	3.0435945895249774
623	623	0.69573627810136
624	624	2.6245872284476297
625	625	0.5043788045758396
626	626	0.8276394578994434
627	627	1.8414836436949031
628	628	3.084842370986854
629	629	4.6615497912180075
630	630	2.7274238440518954
631	631	5.953677983232355
632	632	1.0913410970630437
633	633	4.09520648191511
634	634	2.0290938990727696
635	635	4.979874136486656
636	636	3.050293896950079
637	637	4.4471805212519335
638	638	1.761313724156286
639	639	6.5121020560882865
640	640	4.162864527408736
641	641	1.6834433651774037
642	642	1.5218722512593008
643	643	3.543122006851008
644	644	3.16688439425305
645	645	2.753532605899974
646	646	0.37251744906615697
647	647	2.5911018580226157
648	648	5.929629824421744
649	649	1.8598548860522
650	650	2.6179836554197378
651	651	1.6739847859506258
652	652	3.6502827399825595
653	653	3.7669455069855218
654	654	2.3008414811711235
655	655	5.771403010108312
656	656	2.2274338515525827
657	657	3.3813693254129356
658	658	2.339641783213127
659	659	3.35210151292034
660	660	1.5799028016780394
661	661	3.3416887034591847
662	662	0.5950652504315288
663	663	1.533378476989258
664	664	5.172094036885697
665	665	3.1498278161900495
666	666	1.8635965891132007
667	667	3.2496113797649375
668	668	6.421366475909283
669	669	1.0343346193202154
670	670	1.453758782680742
671	671	0.9932808810272525
672	672	0.6714226076017639
673	673	6.211982489274277
674	674	2.0680794290762528
675	675	3.6279234247472267
676	676	2.1813322880012986
677	677	3.3944686147476713
678	678	3.5247090474971743
679	679	4.186390162623761
680	680	2.1401291345993805
681	681	0.8177912984529506
682	682	3.0518267763240776
683	683	1.230375472414757
684	684	3.849655608638141
685	685	6.01474399819086
686	686	5.729316534588607
687	687	7.5059049309837755
688	688	3.366236403702166
689	689	7.367684324277539
690	690	2.48116293233104
691	691	0.5510613607551078
692	692	1.461653035051267
693	693	1.5688405372348426
694	694	0.9588356940455276
695	695	6.262581978597732
696	696	1.923713556979861
697	697	1.6138471331578454
698	698	4.618739488975731
699	699	4.551381085006073
700	700	1.6334973954520922
701	701	3.164148754977705
702	702	2.2123378555370863
703	703	4.19120746245199
704	704	2.074002306202133
705	705	2.407292744870715
706	706	1.9077194208093122
707	707	2.9337823191920336
708	708	2.226071971401236
709	709	1.7670697721709003
710	710	0.9587915998712131
711	711	5.268619012667826
712	712	1.1333158987801084
713	713	2.0297531466827357
714	714	4.1134622054150904
715	715	7.334356567531268
716	716	2.7795510970768817
717	717	1.3242420776867625
718	718	2.8927684132758236
719	719	7.065517212489009
720	720	0.33704237364523626
721	721	3.219618724912964
722	722	1.5756119515496885
723	723	1.6739375429735592
724	724	2.3748842288090137
725	725	3.6090061556238577
726	726	2.8780217441642817
727	727	2.579300440229155
728	728	3.5312589755607062
729	729	8.057074219363713
730	730	3.1328783600942804
731	731	3.799399623761267
732	732	0.9214133493473016
733	733	2.2036734567644944
734	734	3.436647292323887
735	735	0.9767462436848944
736	736	1.3944131855490371
737	737	6.881108533184375
738	738	2.724700674106071
739	739	0.9984097918083226
740	740	2.567278895069146
741	741	1.157118886114514
742	742	5.725974004326707
743	743	3.227038677302929
744	744	1.3781744147357982
745	745	0.9639260298359267
746	746	2.9821893880841728
747	747	4.636927290465828
748	748	5.7676036106760815
749	749	5.270710986678333
750	750	1.020765607176747
751	751	3.3017709254873755
752	752	2.1076308525320355
753	753	1.5502119556841418
754	754	4.13464340173276
755	755	2.2045593440903493
756	756	1.6367355853502983
757	757	3.6871414335298724
758	758	0.9413378150173584
759	759	3.6346527187635336
760	760	3.5748567068890726
761	761	8.061154493404125
762	762	3.121861084648488
763	763	5.239250518187907
764	764	3.642254803729437
765	765	5.152851097650367
766	766	1.8808208855936386
767	767	2.4108533724666463
768	768	3.0966619604403705
769	769	2.4995395198746726
770	770	8.02174959545476
771	771	2.133069079558291
772	772	1.9060826720232296
773	773	5.21544248663254
774	774	3.400072144979735
775	775	1.813105634220173
776	776	4.915412094683513
777	777	4.0347089808511285
778	778	3.964473211586237
779	779	2.967365127453505
780	780	1.2107018445000939
781	781	1.5346913032967884
782	782	2.4894909593172754
783	783	1.408087575483349
784	784	2.1438154976255683
785	785	2.83975596526923
786	786	2.264287402477928
787	787	4.032629319382558
788	788	0.6174609553179913
789	789	3.1910203362153933
790	790	1.2687467805222155
791	791	9.69744458566424
792	792	0.947853188214044
793	793	1.138921447290155
794	794	1.7855160275936042
795	795	0.4379241395573546
796	796	1.6981218106891585
797	797	2.5329855466793783
798	798	2.4887536987405587
799	799	1.60984382984607
800	800	1.865019537226138
801	801	3.337099760159886
802	802	3.674313016511576
803	803	4.325606957624753
804	804	0.7802780126299119
805	805	1.8116570483240868
806	806	1.515072873927313
807	807	1.3692750279603678
808	808	0.9314977882961064
809	809	2.7694863603708777
810	810	1.3948229688447287
811	811	2.6387908962898727
812	812	2.424761445408505
813	813	1.2746432948448068
814	814	3.163659842802098
815	815	3.5454571957367635
816	816	2.341062527879469
817	817	1.421728409219663
818	818	3.2188440439368016
819	819	3.983455103197854
820	820	6.363204790180241
821	821	0.7965331969677836
822	822	2.5586587181977234
823	823	3.3040398684213526
824	824	1.2778020335336078
825	825	4.075263103049425
826	826	2.0167738628694467
827	827	5.153907513477028
828	828	2.1640169318887765
829	829	1.1390971613819134
830	830	5.775047041061914
831	831	0.6129112034541688
832	832	1.6663137774491057
833	833	3.116203394892834
834	834	4.360954796853795
835	835	0.4552044588092903
836	836	5.215203958198476
837	837	0.2278422137373735
838	838	6.205028664685262
839	839	3.2797650096983153
840	840	0.9476346211235407
841	841	1.2538238002247362
842	842	1.9624240900429943
843	843	4.33651240968724
844	844	2.1815185495067744
845	845	0.31270686535237313
846	846	1.9030055705785032
847	847	0.9084445107646829
848	848	4.045316711417505
849	849	2.1114546079849714
850	850	0.7120243630149017
851	851	1.2834471325994097
852	852	1.4767978822718444
853	853	2.5025198346451694
854	854	4.270011977065293
855	855	1.7537148242902987
856	856	0.5813713795011792
857	857	0.8469312016592752
858	858	4.426323137557311
859	859	2.5579712558311742
860	860	3.0198587374031796
861	861	4.639552780196698
862	862	7.136448330949254
863	863	2.1000662640344663
864	864	1.8347399010043124
865	865	2.2555200423981967
866	866	2.04287286643477
867	867	1.4217774165284833
868	868	8.954233753166427
869	869	4.55115481149421
870	870	1.1799972186280285
871	871	2.817368603287824
872	872	2.7042657372497705
873	873	7.997664588737235
874	874	1.2142764848087162
875	875	7.679154613937525
876	876	1.9009328507869285
877	877	3.2005127132117757
878	878	3.5711325113291323
879	879	5.107166765563879
880	880	2.6226134228179614
881	881	0.5049755558124137
882	882	3.7028932596899424
883	883	0.8491415575592397
884	884	3.2398603294584913
885	885	2.4991585189590757
886	886	2.4037751039012463
887	887	5.503071269875948
888	888	2.391851434162919
889	889	1.9473003109664355
890	890	1.2292003368022648
891	891	4.379776076914155
892	892	3.469447061794544
893	893	1.4312989829380147
894	894	4.297119693098315
895	895	2.2259503636651465
896	896	4.795478099595167
897	897	2.1898901551438623
898	898	2.986689342095696
899	899	1.3599342255502782
900	900	2.282991701430822
901	901	1.8375510909057393
902	902	5.617052222773722
903	903	2.3858570946703503
904	904	1.9739973291145223
905	905	1.6033539826919514
906	906	4.353753492627443
907	907	5.162366638185858
908	908	5.067587543736684
909	909	4.879837959906203
910	910	2.5542414451899487
911	911	3.2846591212688674
912	912	3.226010674453209
913	913	1.0921795471186118
914	914	5.190385116327958
915	915	1.7783270716176651
916	916	0.5772065847290813
917	917	1.1500713266069915
918	918	4.374311324111133
919	919	3.0254728794791754
920	920	3.1005971334857705
921	921	1.1329965411169793
922	922	2.5717872528197137
923	923	2.4684122964227178
924	924	4.595924574759872
925	925	2.335563982644334
926	926	3.1153633309194744
927	927	2.5253258208483444
928	928	2.539712443746575
929	929	4.522328231093123
930	930	2.6663096249653675
931	931	3.346977721101448
932	932	4.7672893204739655
933	933	5.181296151260103
934	934	5.923711290517636
935	935	5.791488551767724
936	936	3.814116056838238
937	937	3.26266612196852
938	938	3.8697644786498158
939	939	3.1068084926374664
940	940	2.307239629872335
941	941	1.7059000652508183
942	942	3.269192443400337
943	943	2.7225696712000613
944	944	3.7626723869434686
945	945	2.6636283613344007
946	946	1.4565040236471871
947	947	3.121178919527458
948	948	4.370203810317188
949	949	1.4543645493249038
950	950	1.711282937807026
951	951	1.6782366546391227
952	952	0.7130858665167386
953	953	1.7391102917506294
954	954	3.5511996839548416
955	955	2.874091690529605
956	956	3.6373552485090626
957	957	0.5578132016236261
958	958	0.2227343061188216
959	959	4.5529118861033915
960	960	1.0251462567362692
961	961	4.5488994683058905
962	962	2.7902974749998095
963	963	1.4844593681192952
964	964	2.738534946247756
965	965	4.2411381165788615
966	966	3.1957955354026195
967	967	4.885975264141992
968	968	1.4372274392617044
969	969	3.8027842778639895
970	970	2.4358974839635685
971	971	3.211032115582324
972	972	2.3956911283739304
973	973	2.4107494791449535
974	974	2.9560498485418547
975	975	2.9059801076401435
976	976	5.813038590854963
977	977	3.297082866660013
978	978	4.15679227508252
979	979	1.2316851647052063
980	980	5.843718876460152
981	981	4.906612016565582
982	982	4.043349572808358
983	983	5.951211271862364
984	984	1.6870483018003966
985	985	4.966980318145637
986	986	2.3625071016863792
987	987	3.308692051543201
988	988	4.378216422635133
989	989	6.474807357110411
990	990	0.6747763358593608
991	991	1.5264337489956108
992	992	4.042121710175049
993	993	2.0930731806227834
994	994	1.9415372327838987
995	995	1.3757550442282578
996	996	3.6628221567354
997	997	2.5103039186725318
998	998	4.2761918809431485
999	999	2.2670976937199745
1000	1000	3.183251952060946
1001	1001	2.8662215893643355
1002	1002	3.3615392847433974
1003	1003	0.5869639236259387
1004	1004	1.4796548631033197
1005	1005	1.2214876834941153
1006	1006	6.351052191363409
1007	1007	1.4981773019148286
1008	1008	3.692617999990502
1009	1009	1.0236951221209103
1010	1010	2.2302248812150998
1011	1011	0.9765527075180915
1012	1012	1.541831018406917
1013	1013	3.126210842201067
1014	1014	0.7974265575725044
1015	1015	2.877939069051451
1016	1016	3.758903513584462
1017	1017	1.039860882358293
1018	1018	1.772332441061224
1019	1019	1.7664287962851832
1020	1020	0.9654126477787524
1021	1021	2.7531893019983973
1022	1022	2.298939273786145
1023	1023	3.164280120180207
1024	1024	0.7442322506768739
1025	1025	2.0236730147847757
1026	1026	1.9083835985870732
1027	1027	1.5808644395822649
1028	1028	1.731925344531079
1029	1029	3.990211633432412
1030	1030	5.816597604079034
1031	1031	1.3981356192288736
1032	1032	0.22213664449948492
1033	1033	4.624765752589517
1034	1034	6.595665799714333
1035	1035	2.4150031557300644
1036	1036	2.2607041506083396
1037	1037	2.658720262604432
1038	1038	1.3716040775282239
1039	1039	1.8383611880707857
1040	1040	2.0296993359485622
1041	1041	0.8120727670063826
1042	1042	2.229213216388085
1043	1043	2.3517779907370002
1044	1044	6.1388207684509135
1045	1045	2.7731150342771564
1046	1046	7.983327546753543
1047	1047	8.477223016479718
1048	1048	2.8130417951918893
1049	1049	12.007798508739878
1050	1050	2.438019013627536
1051	1051	5.435228894692093
1052	1052	1.5773766905476585
1053	1053	1.046200849316754
1054	1054	3.6326758362759737
1055	1055	1.8531292874727363
1056	1056	3.0939512239215974
1057	1057	1.241602831745764
1058	1058	4.3267144853050805
1059	1059	2.889065116146688
1060	1060	2.3545644306874554
1061	1061	3.6409053400723685
1062	1062	2.3084030292161923
1063	1063	1.605681701336076
1064	1064	2.7453442187351804
1065	1065	5.417422487826277
1066	1066	3.517935922700042
1067	1067	1.770567630027989
1068	1068	2.4543074967439242
1069	1069	8.437399091283218
1070	1070	2.1511831110517066
1071	1071	7.621336004875358
1072	1072	1.0146486251124436
1073	1073	1.5844602412434066
1074	1074	2.2527991865548183
1075	1075	0.5739290816094014
1076	1076	1.0007742424488424
1077	1077	2.131557484400334
1078	1078	2.8435269747021277
1079	1079	1.2714336985489614
1080	1080	5.131263954145437
1081	1081	0.8771123189399512
1082	1082	4.22564175548159
1083	1083	5.084926964453743
1084	1084	3.8067312968008604
1085	1085	2.158039155637751
1086	1086	2.6349809064947074
1087	1087	7.7531528071592835
1088	1088	0.49211772174487184
1089	1089	2.743575637075108
1090	1090	2.691503551514944
1091	1091	2.3473656043378135
1092	1092	2.28192982996105
1093	1093	3.7582098542777045
1094	1094	0.8047318872169726
1095	1095	2.7980986250193625
1096	1096	3.365362895125757
1097	1097	3.176357497448729
1098	1098	1.4372749590967973
1099	1099	1.8100272261993657
1100	1100	1.4793606491312439
1101	1101	2.4989188570122094
1102	1102	1.3401773159199477
1103	1103	4.764664021710158
1104	1104	3.373084611047121
1105	1105	2.8962076978562017
1106	1106	2.3949268492759006
1107	1107	2.6675520479770904
1108	1108	2.617707007139361
1109	1109	6.03936939406859
1110	1110	1.6887535002695708
1111	1111	3.5222292540810956
1112	1112	2.7531455922351515
1113	1113	1.4542380777849815
1114	1114	1.5275219738663914
1115	1115	3.0292772987874708
1116	1116	0.9009998415586744
1117	1117	4.821332451368188
1118	1118	6.313168672816296
1119	1119	2.3093999213138883
1120	1120	3.4088434791023667
1121	1121	4.364255127230221
1122	1122	1.7711833741726255
1123	1123	1.637384216858337
1124	1124	2.2007740225196244
1125	1125	3.565831300368443
1126	1126	2.6815022761705003
1127	1127	4.063692004631514
1128	1128	1.2039111037094263
1129	1129	1.4740606412565351
1130	1130	8.991361716086734
1131	1131	1.4621929013490846
1132	1132	0.8536839302384345
1133	1133	2.3742152557522873
1134	1134	1.2966539287894179
1135	1135	2.479488249465066
1136	1136	3.698923151173636
1137	1137	3.2437219545975804
1138	1138	0.41157275099285534
1139	1139	4.065649361878208
1140	1140	2.1945350143479523
1141	1141	1.5857152018216838
1142	1142	1.4291145774814482
1143	1143	4.606297153237079
1144	1144	4.227553562545478
1145	1145	6.330108057479668
1146	1146	1.9420786754104102
1147	1147	9.381540110643744
1148	1148	2.3814323158014905
1149	1149	2.884958390512559
1150	1150	1.4401598006922447
1151	1151	2.752605787950167
1152	1152	3.0826194712682975
1153	1153	1.6775998973060064
1154	1154	4.713120449661961
1155	1155	0.6850297504492187
1156	1156	1.4858199371798042
1157	1157	2.1171707461840596
1158	1158	3.0006073022162205
1159	1159	1.135923661097638
1160	1160	4.669033522729352
1161	1161	1.9850286824455288
1162	1162	2.4681881564677477
1163	1163	1.6299020090475946
1164	1164	5.212991558629851
1165	1165	2.18188024522651
1166	1166	1.1080508788815058
1167	1167	3.828750815962625
1168	1168	3.6589193215421982
1169	1169	3.5836750167578435
1170	1170	3.7042319085906756
1171	1171	3.4590970801101073
1172	1172	3.946591603652732
1173	1173	3.3546318527034193
1174	1174	1.3928926240618584
1175	1175	5.1633905823150785
1176	1176	1.187795314767774
1177	1177	2.237002802540913
1178	1178	3.135769474413712
1179	1179	1.0578334211173175
1180	1180	2.4887786478061553
1181	1181	3.1870790585627358
1182	1182	2.4820892537225796
1183	1183	4.00341657497087
1184	1184	0.35813398090853493
1185	1185	6.6807041201331
1186	1186	6.4682109605005325
1187	1187	1.2564846235195128
1188	1188	3.3179150685903225
1189	1189	1.7183044184782788
1190	1190	3.036199539401727
1191	1191	2.861504549354786
1192	1192	7.159700893588781
1193	1193	5.59350282277324
1194	1194	2.0112696815666844
1195	1195	6.1484412120373
1196	1196	0.49070998152862916
1197	1197	3.372726003746673
1198	1198	2.4798784034826427
1199	1199	2.486549334173456
1200	1200	1.6003963939374073
1201	1201	3.1936611422964862
1202	1202	3.534475505279744
1203	1203	0.7026786980256429
1204	1204	3.4033553504496017
1205	1205	1.7640252106729437
1206	1206	2.9875301067631908
1207	1207	3.5580739574200466
1208	1208	4.963397860806188
1209	1209	2.7411726658200477
1210	1210	2.7249592079116978
1211	1211	2.5338392655303372
1212	1212	4.4792313423312535
1213	1213	1.7585061932242694
1214	1214	2.7380052167610796
1215	1215	0.6453569168882878
1216	1216	2.032700637638562
1217	1217	0.9993690275173632
1218	1218	2.0969070147440503
1219	1219	2.876483861303712
1220	1220	3.5327898136576565
1221	1221	2.4700683203179703
1222	1222	2.6178416204018276
1223	1223	2.21211703355735
1224	1224	2.8770185992320254
1225	1225	2.244243011903065
1226	1226	3.707792244675521
1227	1227	1.8483282559398595
1228	1228	4.199385306157575
1229	1229	2.4695794636288895
1230	1230	3.4112720023004988
1231	1231	2.2388763917517562
1232	1232	3.4316063167935997
1233	1233	3.0811610358974013
1234	1234	2.8703955492462825
1235	1235	2.4432638836204217
1236	1236	6.0227213937461155
1237	1237	1.468666154717277
1238	1238	3.995310302769675
1239	1239	1.785168800384999
1240	1240	4.18307035984094
1241	1241	0.6962713107745848
1242	1242	3.159457927263994
1243	1243	5.53434914180749
1244	1244	2.5913018043592553
1245	1245	1.0604513332659309
1246	1246	3.531622575981176
1247	1247	0.9191506626384355
1248	1248	2.7650568585088413
1249	1249	9.324841927321824
1250	1250	2.2977895406732465
1251	1251	1.8155455366095836
1252	1252	1.7981056490185507
1253	1253	1.362325888889349
1254	1254	3.8823609819078015
1255	1255	3.5990471649181455
1256	1256	2.698358040300068
1257	1257	0.4698391297158391
1258	1258	2.122537311283628
1259	1259	3.687610182314464
1260	1260	1.9632667983894936
1261	1261	5.732827786222083
1262	1262	0.9567100891010357
1263	1263	3.3988534343700025
1264	1264	4.6362065220934765
1265	1265	2.7058013965152377
1266	1266	2.7267763340378597
1267	1267	1.8258469655227894
1268	1268	1.5356720012328329
1269	1269	3.489894910563952
1270	1270	3.116650597297859
1271	1271	3.446762882123331
1272	1272	3.143981586148799
1273	1273	2.94885132959165
1274	1274	6.0127671554305415
1275	1275	1.9137377760106364
1276	1276	0.7674681739989017
1277	1277	3.2083682682037526
1278	1278	5.129369103077594
1279	1279	4.171187360326877
1280	1280	2.20401003209683
1281	1281	4.570820125024509
1282	1282	3.92222850262095
1283	1283	1.929181570590499
1284	1284	4.961991696798988
1285	1285	1.3766432584244275
1286	1286	9.008107159223659
1287	1287	2.473988898445355
1288	1288	3.4891250613189726
1289	1289	2.339853387615704
1290	1290	2.5022482517947053
1291	1291	6.118505780480096
1292	1292	1.861678876058396
1293	1293	3.6921872548208494
1294	1294	3.531778827107466
1295	1295	2.0435208952494746
1296	1296	2.8989321805642003
1297	1297	5.17311941684822
1298	1298	3.250485854377213
1299	1299	1.8292579727794118
1300	1300	4.174780611000378
1301	1301	2.225362993649941
1302	1302	2.137233397955436
1303	1303	1.7113278954405673
1304	1304	3.0484068232229617
1305	1305	2.1123224340828792
1306	1306	0.576203337882524
1307	1307	3.1357838613037394
1308	1308	1.8071430949276277
1309	1309	3.575667198749299
1310	1310	3.025912292932307
1311	1311	1.4025932054925898
1312	1312	1.560583290057685
1313	1313	3.6503209993186587
1314	1314	3.009631423626119
1315	1315	2.0782561850160794
1316	1316	0.5584434701158039
1317	1317	4.4881845557198154
1318	1318	1.6588477444770595
1319	1319	1.4597449968671432
1320	1320	5.5899501509522915
1321	1321	3.378069939298853
1322	1322	2.444205534633753
1323	1323	1.6094067108167418
1324	1324	1.846829973209934
1325	1325	4.170186826730634
1326	1326	1.0804651023416585
1327	1327	3.0727330409753226
1328	1328	1.6348791900451989
1329	1329	3.4660477296679018
1330	1330	3.435776608781147
1331	1331	6.956216380100366
1332	1332	2.9931055771234694
1333	1333	4.034734882860496
1334	1334	2.5377357962919795
1335	1335	1.9835097682824103
1336	1336	4.72425490433635
1337	1337	3.3163586673208916
1338	1338	3.343267798065052
1339	1339	1.4565307643743028
1340	1340	2.1308509179795125
1341	1341	2.293588124145603
1342	1342	2.44076056376304
1343	1343	5.81524794608284
1344	1344	2.117687427366681
1345	1345	3.4398688654396192
1346	1346	2.6023472094172106
1347	1347	4.7736719501755465
1348	1348	1.7221432687643934
1349	1349	4.501962978338414
1350	1350	4.2257212078952495
1351	1351	5.1662941781460106
1352	1352	4.104195663714711
1353	1353	1.5296437815658805
1354	1354	2.780608817051154
1355	1355	1.511610317838319
1356	1356	4.184000960632742
1357	1357	5.270477198515279
1358	1358	5.6498813926661295
1359	1359	4.073328680335029
1360	1360	2.73752334727617
1361	1361	2.2080266854788793
1362	1362	2.356399734701787
1363	1363	2.4740272533704775
1364	1364	2.7138649046102707
1365	1365	1.3233871353040803
1366	1366	1.3792432094361398
1367	1367	2.074301235581352
1368	1368	0.9402352988078202
1369	1369	2.4763433466923654
1370	1370	5.60550835203008
1371	1371	3.065373075938096
1372	1372	3.177433477120945
1373	1373	3.9836428589170656
1374	1374	4.579298228268515
1375	1375	2.662140532254422
1376	1376	0.9119649506004024
1377	1377	2.0711806660792194
1378	1378	0.9376232162848954
1379	1379	2.7790418447973657
1380	1380	2.7856449390811857
1381	1381	2.0320319535217806
1382	1382	5.197866789767582
1383	1383	1.9351878218350722
1384	1384	3.921006842987526
1385	1385	1.0859687334402754
1386	1386	3.4586682207617607
1387	1387	2.1061044834872518
1388	1388	4.361142360067872
1389	1389	0.7333994553458575
1390	1390	3.111089367978473
1391	1391	1.9288157094429157
1392	1392	2.379289214458736
1393	1393	4.007065667013212
1394	1394	7.4278170369582
1395	1395	1.6001849332276228
1396	1396	1.1216788818878365
1397	1397	1.6490175677321126
1398	1398	4.829774251543376
1399	1399	0.5940791252067399
1400	1400	1.5017921479910266
1401	1401	3.7903348315915766
1402	1402	3.935083895342795
1403	1403	4.628199803811986
1404	1404	1.1446500829349686
1405	1405	2.2607776555366117
1406	1406	6.757089794735057
1407	1407	8.102627533348944
1408	1408	2.6034852729261497
1409	1409	2.67136023461856
1410	1410	4.329144204370397
1411	1411	1.1338807649991902
1412	1412	3.1968494412879243
1413	1413	0.9619862512091799
1414	1414	1.4981562491918172
1415	1415	3.592746969104811
1416	1416	4.856586392888513
1417	1417	2.486214417666603
1418	1418	5.08178992436694
1419	1419	5.313114928935491
1420	1420	3.6964869065137647
1421	1421	4.1490152057328835
1422	1422	3.167404499388005
1423	1423	2.502513456205368
1424	1424	1.6203563800081178
1425	1425	1.3221628963717438
1426	1426	3.123245359686866
1427	1427	2.6179884882741926
1428	1428	3.6210343082803207
1429	1429	3.27047974569249
1430	1430	5.70844163101031
1431	1431	0.8188157535753198
1432	1432	1.7549583285624673
1433	1433	6.414051442765713
1434	1434	1.0294454957591233
1435	1435	6.190165454735241
1436	1436	2.4516401219796524
1437	1437	3.186330370981274
1438	1438	3.8494446470275934
1439	1439	1.9044646577499595
1440	1440	1.94095822246758
1441	1441	1.8733954427849642
1442	1442	4.339846765128663
1443	1443	3.7499886496431944
1444	1444	1.2490017314155917
1445	1445	5.182142500018319
1446	1446	3.3003499967940977
1447	1447	1.8440433823738562
1448	1448	4.488703936703208
1449	1449	3.519751683984384
1450	1450	3.0065085341028492
1451	1451	2.617119806448408
1452	1452	1.5888046000719334
1453	1453	5.070197447830072
1454	1454	1.271187203840662
1455	1455	0.9856775576410631
1456	1456	2.251469354468609
1457	1457	0.9391886204507527
1458	1458	3.918118817331777
1459	1459	2.843808333936419
1460	1460	0.8914730167978793
1461	1461	4.160534481319325
1462	1462	6.174890755516021
1463	1463	2.577423498080033
1464	1464	1.6036277558401317
1465	1465	1.0090396148373475
1466	1466	1.9900375486193518
1467	1467	1.0917980639521982
1468	1468	1.9228499174992097
1469	1469	1.5686751169567001
1470	1470	3.850436448719292
1471	1471	3.03696570048644
1472	1472	0.328084457570914
1473	1473	0.8184477351024496
1474	1474	8.263684161953686
1475	1475	1.4067539534436242
1476	1476	1.1427366435857786
1477	1477	2.658703420502268
1478	1478	2.8022579586920564
1479	1479	4.660671916344722
1480	1480	3.0519037067938033
1481	1481	3.1129319353009
1482	1482	1.841626731747664
1483	1483	0.3874634408312763
1484	1484	4.4995093325629405
1485	1485	3.8188448513649735
1486	1486	2.8457302414285834
1487	1487	0.7016196439219443
1488	1488	2.3054788078787776
1489	1489	6.047477482297091
1490	1490	4.196120750044557
1491	1491	1.4398676761602591
1492	1492	1.8652432134453598
1493	1493	2.112807124892114
1494	1494	5.1606190736953295
1495	1495	2.59676128856178
1496	1496	1.676667040566513
1497	1497	4.762318294239391
1498	1498	4.42411318712454
1499	1499	6.872050465816344
1500	1500	1.9985302670394856
1501	1501	4.016029426460364
1502	1502	3.1095710111149835
1503	1503	4.2165076812578715
1504	1504	1.7808230177649502
1505	1505	1.6814377459580918
1506	1506	4.134048410947566
1507	1507	5.4450142630612435
1508	1508	2.0607679871110602
1509	1509	2.6744201732671113
1510	1510	1.9955090873520702
1511	1511	4.1184233896731195
1512	1512	2.305239661930138
1513	1513	0.8682766632373733
1514	1514	4.810610025389307
1515	1515	2.531086372204798
1516	1516	1.2374855744145328
1517	1517	0.9125132730638442
1518	1518	1.3564817586157727
1519	1519	2.686243300304894
1520	1520	0.9929780809559143
1521	1521	1.7678478138717404
1522	1522	4.680074220291144
1523	1523	7.0110073449992
1524	1524	1.6304042802490804
1525	1525	1.406374948477069
1526	1526	2.9788014668467966
1527	1527	2.166954723169744
1528	1528	4.779336479800538
1529	1529	3.4492710871690404
1530	1530	2.516053226820097
1531	1531	1.9179063569193175
1532	1532	1.723598119249396
1533	1533	6.157102503460991
1534	1534	5.345333902654593
1535	1535	2.3715849019479194
1536	1536	1.3117715662675833
1537	1537	2.7856706514466474
1538	1538	2.8677687041180904
1539	1539	3.105691940273673
1540	1540	2.2219112318112964
1541	1541	2.598110254820938
1542	1542	5.4908865023803575
1543	1543	2.310118066873473
1544	1544	3.2349649745757265
1545	1545	1.8354223948864397
1546	1546	0.7116861235179863
1547	1547	3.4947687890521113
1548	1548	2.0930196162796806
1549	1549	2.2132564803842985
1550	1550	2.8976290951774435
1551	1551	1.7142630687012015
1552	1552	2.6782311357416604
1553	1553	1.5541841173258313
1554	1554	0.13934158014990242
1555	1555	2.7518187184742633
1556	1556	4.652458962203104
1557	1557	1.3913261651301445
1558	1558	1.7384893655601001
1559	1559	1.309864841318897
1560	1560	2.1603924589564283
1561	1561	2.7318115217577756
1562	1562	1.5316904029759528
1563	1563	4.18191734176404
1564	1564	3.33718245697615
1565	1565	2.704939313321259
1566	1566	3.9189749119061017
1567	1567	2.9298318897693907
1568	1568	2.049210112382567
1569	1569	1.938065379838192
1570	1570	1.4413945210644261
1571	1571	3.6547338429561904
1572	1572	2.1751333465904183
1573	1573	2.2971074956675377
1574	1574	2.674841453846208
1575	1575	4.69857036457218
1576	1576	2.2931362607443906
1577	1577	7.517104562447763
1578	1578	2.5471577095169646
1579	1579	3.0985932645789847
1580	1580	2.574680697916338
1581	1581	3.3049240023219006
1582	1582	1.6183357637263118
1583	1583	1.6113423922071815
1584	1584	6.798052351129451
1585	1585	3.8570489232957645
1586	1586	5.440484920111045
1587	1587	3.1926555266751646
1588	1588	1.0688995121996292
1589	1589	2.853693118474907
1590	1590	1.4331309145365494
1591	1591	2.8835885904345084
1592	1592	2.6153483369325023
1593	1593	2.2408618926083115
1594	1594	3.596340484039839
1595	1595	3.8540658973993613
1596	1596	4.301866709582135
1597	1597	2.9946679387524116
1598	1598	3.54356064271992
1599	1599	2.549443005801045
1600	1600	3.3496598370302824
1601	1601	2.418765758444179
1602	1602	5.987789633375429
1603	1603	4.389247967658742
1604	1604	2.224824092781261
1605	1605	1.152933289577611
1606	1606	3.6197419060752596
1607	1607	1.8919777461479843
1608	1608	3.4070138196604693
1609	1609	3.076298518217277
1610	1610	1.9574576000849704
1611	1611	2.018375038549267
1612	1612	3.4414668640911814
1613	1613	2.2045442514226834
1614	1614	0.8826754442701366
1615	1615	0.8833553893196473
1616	1616	7.3263214000469095
1617	1617	2.4657710645273196
1618	1618	3.633695451416715
1619	1619	1.24139095289538
1620	1620	2.3922028743739623
1621	1621	1.2079336809945933
1622	1622	2.518170847028105
1623	1623	1.6774168096606807
1624	1624	3.0147993404930826
1625	1625	3.1470756732129392
1626	1626	1.3472272117732769
1627	1627	2.3430715354063745
1628	1628	2.5587007666218984
1629	1629	1.6192323531688253
1630	1630	2.8758786034048467
1631	1631	4.352122181835052
1632	1632	5.922669533278102
1633	1633	2.781522752902336
1634	1634	1.1427690647413815
1635	1635	1.7948583005644727
1636	1636	6.176654367889563
1637	1637	2.196731963214148
1638	1638	2.8571678802749934
1639	1639	1.9571698798622572
1640	1640	3.693953163431447
1641	1641	8.163644481041395
1642	1642	2.624019750954214
1643	1643	1.059010711299158
1644	1644	2.00094165098857
1645	1645	1.4683508810200587
1646	1646	2.9045222622810067
1647	1647	3.331020885025832
1648	1648	1.386176134837694
1649	1649	3.9552757948077923
1650	1650	4.2832563286812455
1651	1651	3.7926790108174253
1652	1652	3.9683257192283965
1653	1653	3.5215056799016518
1654	1654	4.859768036658238
1655	1655	3.0399035117225646
1656	1656	2.52399258650612
1657	1657	2.374693649950193
1658	1658	6.039978099116098
1659	1659	4.450615186570256
1660	1660	5.532564286953269
1661	1661	2.6276439095618063
1662	1662	2.2125567871020193
1663	1663	6.045972065809214
1664	1664	2.624250981032539
1665	1665	3.4880308405919824
1666	1666	2.9880943912477242
1667	1667	2.723124633568663
1668	1668	1.7653830613231545
1669	1669	0.1441950443622372
1670	1670	2.177680541153695
1671	1671	2.76086962002433
1672	1672	2.3020663558070886
1673	1673	5.706811640543308
1674	1674	2.336408011485247
1675	1675	1.8078874749856395
1676	1676	2.6519532996997333
1677	1677	1.257706621360699
1678	1678	1.976071652845035
1679	1679	4.539384966130443
1680	1680	2.8993643548431436
1681	1681	0.6222073104217639
1682	1682	1.5863195285654128
1683	1683	1.1922594858913378
1684	1684	2.633241853950855
1685	1685	4.694092886818776
1686	1686	3.244350288782371
1687	1687	4.452565404525693
1688	1688	2.4646698913082385
1689	1689	1.2886911930432086
1690	1690	1.02544154127345
1691	1691	4.39090626824001
1692	1692	3.3138534836090026
1693	1693	1.3401526004088407
1694	1694	2.9751324249451643
1695	1695	2.566749452288341
1696	1696	2.282367082323125
1697	1697	3.861775111250101
1698	1698	3.7945828672742223
1699	1699	1.0440757874439495
1700	1700	1.142052854914705
1701	1701	2.2178324844207298
1702	1702	1.514352787294308
1703	1703	4.55958492200554
1704	1704	3.8103795156273916
1705	1705	1.6959290350882577
1706	1706	3.6711095946324375
1707	1707	1.6465761902988927
1708	1708	0.6764434276502871
1709	1709	2.636795688908954
1710	1710	2.227135493280624
1711	1711	3.1411019545911825
1712	1712	3.100266781747714
1713	1713	0.949718042699619
1714	1714	1.7040487655007193
1715	1715	7.5447015133547115
1716	1716	1.9540030002263014
1717	1717	6.002553788836783
1718	1718	1.0002630447543592
1719	1719	1.3530316919793404
1720	1720	2.569974340091799
1721	1721	4.05050826606955
1722	1722	5.240910100261527
1723	1723	2.968051309164145
1724	1724	3.748574218701798
1725	1725	1.6573581272449696
1726	1726	4.8494357916506825
1727	1727	5.095009066098617
1728	1728	7.006888691313657
1729	1729	1.6998837951256425
1730	1730	1.3810076858381486
1731	1731	6.132216971149683
1732	1732	2.6170233526786806
1733	1733	2.566456199621785
1734	1734	6.380872182476278
1735	1735	2.937187802717345
1736	1736	2.473150173465501
1737	1737	0.9606060648308065
1738	1738	1.3011948893364713
1739	1739	7.162073994804925
1740	1740	4.306826617895233
1741	1741	4.935410903549611
1742	1742	3.0596798522080535
1743	1743	3.8330861244368757
1744	1744	4.76093702147723
1745	1745	4.892802541946995
1746	1746	6.125785545738649
1747	1747	3.166867746942997
1748	1748	2.843739063075889
1749	1749	3.300386157473288
1750	1750	3.0082942992235955
1751	1751	1.649782962635679
1752	1752	1.2932203756825675
1753	1753	0.45786285948310274
1754	1754	5.323959631954503
1755	1755	1.5940468468632223
1756	1756	1.9472600513217784
1757	1757	5.107266057028324
1758	1758	2.9400564570753858
1759	1759	1.747167379923438
1760	1760	2.882092340093486
1761	1761	1.5000194251960715
1762	1762	0.9316114590918445
1763	1763	4.8014435626239145
1764	1764	6.241535856518543
1765	1765	2.740797430894958
1766	1766	3.2266359632202937
1767	1767	3.3606857750331303
1768	1768	3.0491960455422746
1769	1769	1.7460512516381548
1770	1770	1.1131127614544791
1771	1771	2.0031761357589626
1772	1772	2.0854628544875484
1773	1773	2.0324273700188855
1774	1774	2.7832954405806625
1775	1775	1.694702312112733
1776	1776	3.829541155861247
1777	1777	6.48920158109025
1778	1778	1.3165833516692667
1779	1779	8.444091916012827
1780	1780	4.139319750757084
1781	1781	9.588646191713329
1782	1782	1.7905653127303753
1783	1783	5.6612858978350715
1784	1784	2.2552968073460393
1785	1785	1.0030785623859353
1786	1786	4.488688253222225
1787	1787	5.731976835547689
1788	1788	1.7835067105956208
1789	1789	4.593143222068948
1790	1790	5.9463173394244535
1791	1791	0.9196028678962138
1792	1792	0.9466672573190333
1793	1793	1.7412253042570858
1794	1794	3.9172135210003667
1795	1795	2.730636825608422
1796	1796	2.8132916735871363
1797	1797	2.358336900556707
1798	1798	1.2522228129997268
1799	1799	1.367823328058812
1800	1800	0.8800714177613611
1801	1801	0.7477567604786626
1802	1802	0.7123866913979727
1803	1803	4.231123729713269
1804	1804	3.4236545013382114
1805	1805	3.6497057731412554
1806	1806	2.952221245367375
1807	1807	2.113421663954714
1808	1808	1.584020856937165
1809	1809	1.389924218217185
1810	1810	3.8823807227379517
1811	1811	3.052264826222624
1812	1812	3.6130653056370035
1813	1813	3.344752676097735
1814	1814	6.535391146371584
1815	1815	2.5034833504663583
1816	1816	2.3932889424299573
1817	1817	1.5801889688724524
1818	1818	6.481388732349306
1819	1819	2.110435459798688
1820	1820	4.1863693969037525
1821	1821	1.5372846135270541
1822	1822	4.063158047944514
1823	1823	5.003740835465036
1824	1824	4.014635535991875
1825	1825	1.6967662194734316
1826	1826	5.10649800063027
1827	1827	5.464365420829211
1828	1828	2.2666413506897056
1829	1829	5.602214407742418
1830	1830	4.987336385933293
1831	1831	2.139734813026462
1832	1832	3.1325170244364697
1833	1833	3.826223379319204
1834	1834	2.4467813051279808
1835	1835	1.3584757062391777
1836	1836	3.2696709912368522
1837	1837	2.418591011505039
1838	1838	2.4693602806236603
1839	1839	3.976037033964261
1840	1840	4.15622207960517
1841	1841	3.4333325054664634
1842	1842	8.018442953703207
1843	1843	2.5117430686769704
1844	1844	2.2705206675169265
1845	1845	1.0713852611190608
1846	1846	0.7864915426060695
1847	1847	1.4773691899945525
1848	1848	1.3317171217369534
1849	1849	5.825796118462887
1850	1850	6.35580381780772
1851	1851	4.316553667624546
1852	1852	6.11220858979989
1853	1853	0.6307361548552632
1854	1854	3.6586948270646458
1855	1855	3.1075551515686173
1856	1856	5.595469291119859
1857	1857	1.9094024948078705
1858	1858	1.2890951033800377
1859	1859	4.800198876106673
1860	1860	3.1916185409634967
1861	1861	2.414330937877575
1862	1862	0.5588247516425565
1863	1863	5.60369457781451
1864	1864	0.5699803680256541
1865	1865	3.5807707516454377
1866	1866	2.298493215391521
1867	1867	2.067933658995045
1868	1868	3.256942684844797
1869	1869	7.4061233132822775
1870	1870	0.39406303737571236
1871	1871	2.5382950593495877
1872	1872	4.376898361602773
1873	1873	1.0391880678983052
1874	1874	4.548098163996279
1875	1875	1.1153957256878315
1876	1876	3.8526054762091477
1877	1877	2.0717358045942884
1878	1878	1.8318660187315206
1879	1879	1.647161610879363
1880	1880	3.519346007052754
1881	1881	1.8603832301000607
1882	1882	1.79057120641788
1883	1883	7.010122093151589
1884	1884	1.8429648125919291
1885	1885	0.2731038903753439
1886	1886	4.166490029760661
1887	1887	0.8784537172568401
1888	1888	3.1508345812845597
1889	1889	2.973022248707221
1890	1890	4.756910370165608
1891	1891	2.012687718519561
1892	1892	6.453939817955392
1893	1893	1.7165735805518008
1894	1894	0.3590430283740713
1895	1895	1.125022486917152
1896	1896	4.736842769414878
1897	1897	1.9538500494024282
1898	1898	1.2721120308441582
1899	1899	5.232826595875489
1900	1900	5.035094425022654
1901	1901	0.3463877132032195
1902	1902	3.642151066949222
1903	1903	7.806449901748188
1904	1904	2.0157840892646086
1905	1905	2.6850559976718245
1906	1906	0.7495966653341558
1907	1907	3.94908481820317
1908	1908	1.2935566673029486
1909	1909	1.130165562526635
1910	1910	0.25683550655194703
1911	1911	2.142764389523237
1912	1912	0.813286664436601
1913	1913	1.344306166601511
1914	1914	3.005674675142192
1915	1915	5.4612210886238906
1916	1916	3.614187341006567
1917	1917	2.587458993385203
1918	1918	2.474294205408129
1919	1919	2.4008542000004525
1920	1920	0.6647889048977002
1921	1921	4.246657765454687
1922	1922	2.8771784141317074
1923	1923	1.893425583257684
1924	1924	1.981946414395348
1925	1925	5.20673410693838
1926	1926	2.5813982964731377
1927	1927	0.20321202409348352
1928	1928	1.4110033827763424
1929	1929	4.302864817123654
1930	1930	0.9392087448272345
1931	1931	2.3244583605732623
1932	1932	8.634726682560935
1933	1933	1.765291737376142
1934	1934	1.568676293928901
1935	1935	1.6883109682297484
1936	1936	0.6058258792333575
1937	1937	2.2312153299546025
1938	1938	6.8757394260604245
1939	1939	0.6855966881440507
1940	1940	1.374404039270065
1941	1941	2.8108826170448777
1942	1942	4.61664447184778
1943	1943	1.7610504282488124
1944	1944	3.4392200417394925
1945	1945	2.418196960330862
1946	1946	3.420300234501838
1947	1947	3.6506672076681217
1948	1948	0.9377948207313718
1949	1949	1.9228971185017438
1950	1950	0.44309097972569506
1951	1951	1.3956657477607106
1952	1952	1.4881020479372378
1953	1953	3.1136917776160544
1954	1954	5.300629072362886
1955	1955	1.6955004834542136
1956	1956	3.398463368797149
1957	1957	0.847734471321617
1958	1958	7.736625088012222
1959	1959	1.9304497112700392
1960	1960	2.1728094974814356
1961	1961	1.6010915931054117
1962	1962	2.501189725982584
1963	1963	1.4383609969863862
1964	1964	4.123900511641747
1965	1965	3.8735823449545337
1966	1966	2.391836808267036
1967	1967	7.802924792046864
1968	1968	2.2327273192866577
1969	1969	2.1662935986982506
1970	1970	3.3026166000140247
1971	1971	4.324562098349983
1972	1972	1.1394864962643299
1973	1973	4.700994270173258
1974	1974	2.712186665687837
1975	1975	0.87511845193553
1976	1976	2.3018208992097184
1977	1977	3.3337580969881615
1978	1978	3.2154272039200666
1979	1979	1.8689841025579148
1980	1980	1.4803577100778524
1981	1981	4.4074358812704855
1982	1982	1.087740480211003
1983	1983	2.051175557478005
1984	1984	1.780733465755698
1985	1985	4.471433590419496
1986	1986	0.7230274164383116
1987	1987	5.072020280698296
1988	1988	0.2202506678103842
1989	1989	1.2381908704065463
1990	1990	2.2008684869439166
1991	1991	1.518684995079065
1992	1992	1.0611658716396193
1993	1993	0.43247359216883635
1994	1994	1.3527312519242791
1995	1995	5.075320826735682
1996	1996	1.7497239286072637
1997	1997	3.2847519558107505
1998	1998	2.3804403164031496
1999	1999	2.461060420601237
2000	2000	0.6239729272811303
2001	2001	3.6927887225224927
2002	2002	5.153457669435726
2003	2003	4.726567360628771
2004	2004	2.9891352495178447
2005	2005	1.703958130246356
2006	2006	3.2787100773541398
2007	2007	3.485130846861742
2008	2008	1.04910365440488
2009	2009	1.7769883161754614
2010	2010	3.28343461716526
2011	2011	4.377934733542139
2012	2012	3.777204207682881
2013	2013	2.1602557454509954
2014	2014	2.974467297406515
2015	2015	2.157491852375461
2016	2016	0.44086754344376283
2017	2017	6.093674672644957
2018	2018	4.052418322985553
2019	2019	6.0620099081758925
2020	2020	2.568467469680587
2021	2021	2.571332597196257
2022	2022	1.1228802004027227
2023	2023	1.4394026731005312
2024	2024	1.3031280470019369
2025	2025	2.220294535208839
2026	2026	3.480707642109338
2027	2027	3.6049117192058557
2028	2028	2.1984818482868604
2029	2029	2.187045256348581
2030	2030	6.431154819017641
2031	2031	2.932489759145064
2032	2032	3.134992932046217
2033	2033	1.4030232505616935
2034	2034	2.0610279853982196
2035	2035	1.866937651745122
2036	2036	1.1341476938144897
2037	2037	1.799916518774075
2038	2038	4.165709471672396
2039	2039	4.152195143530815
2040	2040	2.2850937875013635
2041	2041	4.294378805833209
2042	2042	5.798303532297788
2043	2043	1.901330468926471
2044	2044	2.605655913342239
2045	2045	6.3612132695383
2046	2046	2.033677999198722
2047	2047	3.9279629266532377
2048	2048	2.471913502571458
2049	2049	4.554573670725196
2050	2050	3.521378853230442
2051	2051	2.0857220595839374
2052	2052	2.3333010452966527
2053	2053	0.4212825985569616
2054	2054	1.7467386732765458
2055	2055	1.6822491751233182
2056	2056	3.8769859846015677
2057	2057	2.4843392083986493
2058	2058	1.551871223302581
2059	2059	0.9980876580605732
2060	2060	1.4558695445676562
2061	2061	2.667177586269754
2062	2062	2.985413464935276
2063	2063	1.7863682556062985
2064	2064	4.911822286009302
2065	2065	1.9826305742277262
2066	2066	4.469475119330067
2067	2067	1.6760829715120082
2068	2068	1.5108398941554066
2069	2069	3.7637164475542386
2070	2070	1.8125322025621151
2071	2071	3.3359033284005535
2072	2072	3.4925024753524667
2073	2073	1.3339242637355018
2074	2074	2.4384959434013433
2075	2075	1.1463352670930878
2076	2076	1.461697994568385
2077	2077	3.6760365798454266
2078	2078	3.0836537257742607
2079	2079	1.3517212208601093
2080	2080	0.27718551135961744
2081	2081	0.7210938475232337
2082	2082	4.5584583941950205
2083	2083	4.577761188938375
2084	2084	1.7553468676114998
2085	2085	1.5229691314373934
2086	2086	5.2079426356932945
2087	2087	2.5006954660072473
2088	2088	2.566253382818629
2089	2089	0.7987616445623984
2090	2090	2.46078857288947
2091	2091	1.4364446658296868
2092	2092	5.302692701744066
2093	2093	5.2397836838134015
2094	2094	4.411571038385624
2095	2095	3.5883792865872826
2096	2096	2.1277105338064435
2097	2097	6.8578135720114854
2098	2098	2.7765334824788477
2099	2099	4.337592969573322
2100	2100	2.5190270863591433
2101	2101	1.5472987283017368
2102	2102	2.36589311645217
2103	2103	2.339794807569333
2104	2104	3.868467299638887
2105	2105	1.2857131398169384
2106	2106	0.5438811690637652
2107	2107	1.2961495428218788
2108	2108	4.809329787985535
2109	2109	0.2505269635365468
2110	2110	1.634810240528797
2111	2111	2.8648928628413026
2112	2112	1.9532533351277321
2113	2113	5.8232481375312135
2114	2114	0.801069465439685
2115	2115	3.207292922230325
2116	2116	7.161744254818858
2117	2117	11.044255747550068
2118	2118	1.39386337417166
2119	2119	2.297261783606559
2120	2120	2.3029370684327413
2121	2121	4.328098999352814
2122	2122	4.529516258586279
2123	2123	1.351588418975368
2124	2124	0.3656844453555548
2125	2125	4.406164434695238
2126	2126	3.4530043537973905
2127	2127	3.9012798444423624
2128	2128	1.2608335360571037
2129	2129	1.9070048203978847
2130	2130	2.100230897535207
2131	2131	0.7601712838389307
2132	2132	2.21418478602551
2133	2133	6.689419111297093
2134	2134	3.335461389052878
2135	2135	1.6785531254968253
2136	2136	0.9202623683087086
2137	2137	2.211174924328147
2138	2138	2.176681818300162
2139	2139	1.2566770150335147
2140	2140	4.4770386507376925
2141	2141	2.9825780929085135
2142	2142	4.402618997165539
2143	2143	2.6747605489488926
2144	2144	2.9177325095567683
2145	2145	1.9166483809205466
2146	2146	4.313470791452336
2147	2147	5.5026303385915725
2148	2148	0.9187099505545111
2149	2149	1.6436774846202584
2150	2150	1.0997946315830784
2151	2151	2.2377636546659945
2152	2152	1.8023159944652858
2153	2153	2.355606496884122
2154	2154	2.3849283178922778
2155	2155	1.1907291587304827
2156	2156	1.2365845727908387
2157	2157	2.105889565609443
2158	2158	2.3754509556134744
2159	2159	3.2335810860794183
2160	2160	2.7075752320067537
2161	2161	3.4547110083322927
2162	2162	5.632624191873996
2163	2163	1.4896768537072564
2164	2164	1.7139691751504567
2165	2165	1.1485482399992506
2166	2166	1.686385564115452
2167	2167	4.16450670603742
2168	2168	3.038081343615485
2169	2169	2.759263548419583
2170	2170	5.441243624933707
2171	2171	3.0165004580169215
2172	2172	5.108146570354901
2173	2173	0.9297738236694412
2174	2174	1.3254339061425155
2175	2175	2.763205957436082
2176	2176	3.3840903409224876
2177	2177	5.025715904721842
2178	2178	2.0102102095426755
2179	2179	2.8424516785893905
2180	2180	1.1155988580726612
2181	2181	2.7317255418553423
2182	2182	2.64498821090246
2183	2183	1.6246587842158198
2184	2184	2.603155650260547
2185	2185	2.960399121403568
2186	2186	3.290254887818497
2187	2187	0.4636360603137488
2188	2188	2.7386404511045237
2189	2189	4.035339372184907
2190	2190	2.053759636399808
2191	2191	0.6345202493235653
2192	2192	3.006765276299757
2193	2193	1.796441511061784
2194	2194	1.3371891743721194
2195	2195	0.7336792011501451
2196	2196	4.774237881311298
2197	2197	9.803801529932104
2198	2198	1.3752858778385888
2199	2199	0.8712033870900917
2200	2200	2.1500975145767773
2201	2201	1.9886469050546938
2202	2202	2.0882845724448886
2203	2203	4.701735558802857
2204	2204	3.30343206689136
2205	2205	2.883517643865933
2206	2206	3.751226121729699
2207	2207	5.998489942775485
2208	2208	3.106485100004045
2209	2209	6.6656243156797785
2210	2210	2.970551838486266
2211	2211	1.3390248250562928
2212	2212	2.1328883404518812
2213	2213	2.082197514619982
2214	2214	3.3795943728759754
2215	2215	2.8875748705978133
2216	2216	2.5652329455951453
2217	2217	1.8166886613896374
2218	2218	1.5302347816355717
2219	2219	3.674420078127035
2220	2220	0.9103878654652348
2221	2221	1.8224331694589404
2222	2222	4.556159888618996
2223	2223	2.147112593981264
2224	2224	3.1417596880001266
2225	2225	3.326057904002955
2226	2226	1.9905463871566096
2227	2227	4.847108799761775
2228	2228	4.6318507292485425
2229	2229	2.9222442171329615
2230	2230	1.7823988980145287
2231	2231	0.8712262899682948
2232	2232	1.0875992415797433
2233	2233	2.047172584685156
2234	2234	4.258316726784582
2235	2235	7.1720518412688925
2236	2236	1.4073327539164338
2237	2237	5.642091316362856
2238	2238	3.619375444188116
2239	2239	1.5335675720112685
2240	2240	4.213811605681164
2241	2241	2.2673580437447036
2242	2242	1.3525896340384282
2243	2243	4.142680289371453
2244	2244	1.5770803465546375
2245	2245	4.953255514271901
2246	2246	4.991897601193651
2247	2247	3.3377640005840297
2248	2248	1.083545252271791
2249	2249	1.668807994209882
2250	2250	3.4280772386104243
2251	2251	3.9432576750740513
2252	2252	2.464764605504208
2253	2253	1.3917309847244672
2254	2254	5.129724403882079
2255	2255	3.7289782373747062
2256	2256	2.100235316624604
2257	2257	11.074008278934041
2258	2258	2.147290903908388
2259	2259	1.9823634564296075
2260	2260	1.8001914270278006
2261	2261	1.3810139051554544
2262	2262	0.8266840476639287
2263	2263	1.2270683445257897
2264	2264	4.881708249749349
2265	2265	2.715012935770217
2266	2266	1.6471192698422992
2267	2267	3.1174471422531984
2268	2268	1.2973544739286007
2269	2269	4.846590291862334
2270	2270	3.2453469334132583
2271	2271	2.4386608050256546
2272	2272	1.632344132272174
2273	2273	3.1963439348147853
2274	2274	0.4956015552819278
2275	2275	1.618391310186799
2276	2276	1.0757582224210958
2277	2277	3.1006340458187
2278	2278	0.7414551191220854
2279	2279	2.788997232793081
2280	2280	8.686084606692672
2281	2281	1.0586333435106186
2282	2282	3.314843532065926
2283	2283	1.8534018627395732
2284	2284	3.9598366133901983
2285	2285	2.033951659400322
2286	2286	0.4436068704674557
2287	2287	3.8787387400006503
2288	2288	4.681259735497863
2289	2289	3.318809542342213
2290	2290	0.8762801145004961
2291	2291	1.6168088647992
2292	2292	1.2549734301185365
2293	2293	1.7571953945455427
2294	2294	0.8045728756210424
2295	2295	2.95228450496131
2296	2296	1.0769055395959608
2297	2297	4.415414913672534
2298	2298	2.876872337124381
2299	2299	2.0751358001548255
2300	2300	2.8656525375924717
2301	2301	2.282146576874278
2302	2302	0.78631980923262
2303	2303	3.5773795460274873
2304	2304	3.5006657414071407
2305	2305	1.8256813634069453
2306	2306	2.115694671061486
2307	2307	0.8806961081458253
2308	2308	1.7826496478353948
2309	2309	3.473292200859759
2310	2310	1.4307195422964072
2311	2311	6.753814253574739
2312	2312	1.1874113913976772
2313	2313	3.306019682370192
2314	2314	3.6773062217643115
2315	2315	2.595652205118941
2316	2316	2.3159436714080277
2317	2317	0.23928918253036935
2318	2318	5.5127291605156294
2319	2319	4.727316252544004
2320	2320	5.799642099536298
2321	2321	2.147401066668495
2322	2322	5.0448826248455845
2323	2323	2.4137294512696212
2324	2324	1.8400345993246052
2325	2325	4.435273119605821
2326	2326	2.0913168622234095
2327	2327	1.3280043798391752
2328	2328	1.9658311215044835
2329	2329	2.1795301042205812
2330	2330	2.0694515903554667
2331	2331	7.422301489420864
2332	2332	3.4550577102396653
2333	2333	4.213534513694772
2334	2334	1.481029398331444
2335	2335	2.731310677593571
2336	2336	0.4593779955773549
2337	2337	3.1497082816207254
2338	2338	2.588931238813645
2339	2339	2.8295837775282937
2340	2340	0.8521769652354628
2341	2341	6.707375884717793
2342	2342	5.1095730827881125
2343	2343	2.067193236947671
2344	2344	7.7400557596098425
2345	2345	3.7800265447833437
2346	2346	1.3860509734604958
2347	2347	5.599990327565493
2348	2348	4.290531606523708
2349	2349	0.4666022318485018
2350	2350	2.623779090437453
2351	2351	6.701371964273022
2352	2352	2.8978559239400354
2353	2353	2.143787956182463
2354	2354	7.1978149746199005
2355	2355	5.504149276802765
2356	2356	0.9678848094280591
2357	2357	1.445720269682028
2358	2358	2.5358832975746712
2359	2359	3.5332670199964604
2360	2360	4.630118537303801
2361	2361	2.664170184275529
2362	2362	3.170998892667616
2363	2363	1.7936470209136455
2364	2364	1.3780520342709512
2365	2365	2.42979835443274
2366	2366	3.111640881065833
2367	2367	1.0550197866143185
2368	2368	4.812413373326204
2369	2369	4.4554096539572505
2370	2370	3.034247927819578
2371	2371	3.051178733290675
2372	2372	1.7009168098049154
2373	2373	3.005038166088049
2374	2374	4.937841180870446
2375	2375	4.513267309220122
2376	2376	1.0065740698961063
2377	2377	2.721765787370381
2378	2378	1.4832787397634442
2379	2379	2.404751439032298
2380	2380	1.7208367570401235
2381	2381	2.6648528026229465
2382	2382	2.162512561537132
2383	2383	4.879919425826676
2384	2384	1.58321626985169
2385	2385	2.4108345970210436
2386	2386	1.2444962144295337
2387	2387	5.699613714720393
2388	2388	4.002942142748684
2389	2389	3.457859143473537
2390	2390	2.111520331454367
2391	2391	1.9177655166224012
2392	2392	1.5107394655922826
2393	2393	1.9606547026507972
2394	2394	4.0319652569986575
2395	2395	2.863764543009066
2396	2396	1.8387794178352508
2397	2397	6.20468926667261
2398	2398	7.405240459564576
2399	2399	1.0343534608984493
2400	2400	5.613764996654354
2401	2401	6.770737200460008
2402	2402	3.4781647185819917
2403	2403	1.535850606225423
2404	2404	2.3056311916346464
2405	2405	2.0107729236400735
2406	2406	1.4798554339208203
2407	2407	1.6902280559005733
2408	2408	2.4002881422151052
2409	2409	6.7398112398669925
2410	2410	5.562168930516212
2411	2411	1.2901117384964986
2412	2412	1.267249794362602
2413	2413	2.3643947406723105
2414	2414	4.69541022193716
2415	2415	3.645186935370787
2416	2416	3.5036852083262335
2417	2417	6.679535563717377
2418	2418	3.07040709123968
2419	2419	4.185343485865099
2420	2420	2.68298737523916
2421	2421	3.9691506559107514
2422	2422	1.618776308601075
2423	2423	0.3030855458104116
2424	2424	2.4196713084517247
2425	2425	0.7044196939865787
2426	2426	4.525395992693201
2427	2427	2.4657056191875806
2428	2428	4.0048715322961
2429	2429	1.3868115163822996
2430	2430	2.3813341148881397
2431	2431	2.601921226156291
2432	2432	4.423867253223775
2433	2433	1.0131987995607252
2434	2434	3.71734044876302
2435	2435	2.245798225667029
2436	2436	3.1925184261786623
2437	2437	2.67614298102097
2438	2438	1.5081125186191606
2439	2439	0.9712066370816378
2440	2440	1.8269010401668808
2441	2441	3.8808965236598483
2442	2442	2.806735313347583
2443	2443	4.734652766781972
2444	2444	1.749382264492816
2445	2445	3.390125187406417
2446	2446	2.419348713577868
2447	2447	1.8027767397752528
2448	2448	1.6583836476308855
2449	2449	3.8150395437691604
2450	2450	1.049647128627501
2451	2451	6.605119968757724
2452	2452	2.373030816777233
2453	2453	3.1346470326184233
2454	2454	2.550547055812733
2455	2455	2.7214160700801555
2456	2456	3.4807619192384927
2457	2457	0.7876062199201694
2458	2458	2.7664733608747367
2459	2459	2.032166269066992
2460	2460	1.8869919404878774
2461	2461	0.4086075365562236
2462	2462	2.20295262071516
2463	2463	0.6406496829577809
2464	2464	1.9763458025902412
2465	2465	1.7829738180199453
2466	2466	1.6689532883482983
2467	2467	2.7000492096202824
2468	2468	2.020502476266474
2469	2469	3.7565176755508785
2470	2470	4.056079717595911
2471	2471	3.864572650968285
2472	2472	6.091833970612845
2473	2473	5.173983992658729
2474	2474	1.674227553861166
2475	2475	2.9054588236972507
2476	2476	4.772501001221245
2477	2477	4.728101301184625
2478	2478	2.509534053402511
2479	2479	4.776076770807436
2480	2480	1.5140165366850775
2481	2481	2.459085156301399
2482	2482	0.8278495290022804
2483	2483	2.0500949327301563
2484	2484	1.548126356218009
2485	2485	4.929642691139365
2486	2486	1.6381083916385482
2487	2487	2.4883607807400927
2488	2488	2.819130678932441
2489	2489	7.726586292167863
2490	2490	0.9728667817154092
2491	2491	2.7207918362324026
2492	2492	2.7903769517302757
2493	2493	4.03751767649012
2494	2494	2.1814599307873284
2495	2495	4.17118279262107
2496	2496	1.1579170196475335
2497	2497	1.7714549502038262
2498	2498	2.9570885302907506
2499	2499	2.1113443496222315
2500	2500	1.9933622924929018
2501	2501	2.140659019873328
2502	2502	2.2023500943792986
2503	2503	3.3676300432887722
2504	2504	6.7414764412865695
2505	2505	5.527126307489828
2506	2506	4.2304572183994456
2507	2507	4.66589853139471
2508	2508	3.9300368578044846
2509	2509	6.779093094399795
2510	2510	3.3804681229475975
2511	2511	2.436898795742403
2512	2512	1.8224161126116496
2513	2513	3.2066564282178427
2514	2514	2.855328426123578
2515	2515	7.483842766573103
2516	2516	2.0019373101920883
2517	2517	1.3883290861061912
2518	2518	4.4854513134876814
2519	2519	5.159570415951479
2520	2520	5.713989087589149
2521	2521	1.2616538465426772
2522	2522	2.9120267788339067
2523	2523	3.061269922372208
2524	2524	2.0722928453183886
2525	2525	2.8951531372811936
2526	2526	0.70194008270909
2527	2527	1.3439240806058286
2528	2528	5.976617863716788
2529	2529	4.343239999553045
2530	2530	0.8791323845654545
2531	2531	5.6112318587184875
2532	2532	3.5907970025435434
2533	2533	2.507393055391131
2534	2534	5.284590212102771
2535	2535	5.12492656759935
2536	2536	7.258459997876906
2537	2537	2.9986474272381116
2538	2538	2.9377448235962094
2539	2539	1.20550737495026
2540	2540	2.7578076520758477
2541	2541	3.6996495968131535
2542	2542	0.9235238350223058
2543	2543	1.8808174387589287
2544	2544	1.1878935876133911
2545	2545	3.0515162717833926
2546	2546	2.8635140655765925
2547	2547	4.088593824767634
2548	2548	2.3382073102499383
2549	2549	4.935325676780159
2550	2550	2.8309333447615512
2551	2551	3.401254042806711
2552	2552	1.8312909212377928
2553	2553	1.8174822077468689
2554	2554	1.8215468413415028
2555	2555	4.527150996554404
2556	2556	6.695985234953686
2557	2557	2.07794489442244
2558	2558	1.4568656263544553
2559	2559	3.3560535524965776
2560	2560	4.144301248018639
2561	2561	2.139231341626376
2562	2562	3.5808036257844806
2563	2563	2.3865273627784456
2564	2564	6.832331517942213
2565	2565	2.0432366008018947
2566	2566	3.1951400136218955
2567	2567	3.1777549268556093
2568	2568	4.147634265870078
2569	2569	2.6442736642323172
2570	2570	5.586835851218741
2571	2571	3.3405457158874237
2572	2572	0.8120827155425518
2573	2573	2.9090236955814306
2574	2574	2.698775508329205
2575	2575	2.2270643275867097
2576	2576	1.7267144294712322
2577	2577	4.739855000345338
2578	2578	3.1441012903707746
2579	2579	1.0600041488804464
2580	2580	1.9790998221934375
2581	2581	1.312044979812871
2582	2582	0.7704991097999916
2583	2583	1.4971837377119361
2584	2584	1.182977351029785
2585	2585	2.0648035291867486
2586	2586	7.4365287376264
2587	2587	6.836056702466597
2588	2588	5.42841677471752
2589	2589	1.1966294126992847
2590	2590	1.7200745345040702
2591	2591	4.352907858367868
2592	2592	2.4137429551206893
2593	2593	8.831641919975915
2594	2594	1.944115895442549
2595	2595	4.041824856882824
2596	2596	2.737955168263058
2597	2597	1.553263376253792
2598	2598	1.1000219306852812
2599	2599	2.182485124992848
2600	2600	3.908719100626377
2601	2601	1.9432193471440478
2602	2602	2.138767381094999
2603	2603	2.2410589248850505
2604	2604	3.7724263471677384
2605	2605	2.571590531146318
2606	2606	2.024191180829103
2607	2607	2.7404123304719428
2608	2608	5.085516372758523
2609	2609	2.365836609826922
2610	2610	2.2976616072127594
2611	2611	1.144600147274622
2612	2612	2.6901237559314506
2613	2613	5.593259020313686
2614	2614	1.9000208213310423
2615	2615	4.28179475566464
2616	2616	5.500473714624758
2617	2617	0.7143940227306539
2618	2618	2.050581973104474
2619	2619	2.8818121450774834
2620	2620	1.237909961815981
2621	2621	1.7478837481502973
2622	2622	5.000182795466905
2623	2623	3.553365796843954
2624	2624	15.505918953328784
2625	2625	5.398355009247966
2626	2626	4.752694998386501
2627	2627	2.989935713935376
2628	2628	4.371615465355884
2629	2629	3.9104412311250365
2630	2630	7.471258496554514
2631	2631	1.5763689675012453
2632	2632	1.548565310995916
2633	2633	1.5945992239486095
2634	2634	3.063489203246047
2635	2635	3.2765206508866918
2636	2636	1.2601130854781757
2637	2637	1.3733531904191292
2638	2638	3.0120891200875612
2639	2639	1.2033298576195521
2640	2640	2.162564874734578
2641	2641	0.6849228187764541
2642	2642	3.3522948782079425
2643	2643	3.096739313533729
2644	2644	0.3690751577455678
2645	2645	3.979865031508645
2646	2646	2.306239713875833
2647	2647	0.5441244288841522
2648	2648	1.644365551897597
2649	2649	2.2650194941787127
2650	2650	5.464343638481787
2651	2651	4.911065943033966
2652	2652	2.9336699379467115
2653	2653	1.9325060996598922
2654	2654	1.441860147588054
2655	2655	2.459305116956867
2656	2656	1.7387769319255413
2657	2657	1.3098472829028789
2658	2658	6.092242001310369
2659	2659	2.083823041329203
2660	2660	1.5075248309029983
2661	2661	2.2897213271249823
2662	2662	2.6225473953458303
2663	2663	2.3776540459749773
2664	2664	7.909748814437803
2665	2665	3.609746513869611
2666	2666	4.523002025876447
2667	2667	0.9162272972676286
2668	2668	2.3075690488041927
2669	2669	2.812986877136481
2670	2670	1.5145798075183556
2671	2671	8.356880916321554
2672	2672	2.3843013677924945
2673	2673	2.43611649903623
2674	2674	0.9871657047779052
2675	2675	1.8626797302444595
2676	2676	4.056530359872893
2677	2677	2.8836673125359966
2678	2678	4.14824106315049
2679	2679	1.8318687611695932
2680	2680	2.1359724661073587
2681	2681	1.213246012759157
2682	2682	2.888305939020751
2683	2683	2.653396464318776
2684	2684	1.4382061766920522
2685	2685	2.347255377720523
2686	2686	3.1889402934056257
2687	2687	4.906516863823126
2688	2688	4.21408595714818
2689	2689	2.634213972248606
2690	2690	3.327509775243504
2691	2691	2.665300981644826
2692	2692	2.7682164346421843
2693	2693	2.452361061363442
2694	2694	3.7164439213335734
2695	2695	4.013867253966668
2696	2696	2.0111651311297045
2697	2697	2.1707565304396494
2698	2698	2.0648590117544954
2699	2699	1.8709167549196641
2700	2700	1.13057722929424
2701	2701	1.3046003942080686
2702	2702	0.7461424580878349
2703	2703	2.558442642316711
2704	2704	4.046858607290682
2705	2705	4.525534757684159
2706	2706	5.625305948522759
2707	2707	1.587485022708373
2708	2708	4.072639410334142
2709	2709	1.7663563807323692
2710	2710	2.2387326473856897
2711	2711	3.1025613237411283
2712	2712	3.9500167185630795
2713	2713	2.8929676900340984
2714	2714	3.6636862345367085
2715	2715	1.4143723310744063
2716	2716	1.5902483736296298
2717	2717	2.7181440830577346
2718	2718	1.680216497190489
2719	2719	0.9398963466483977
2720	2720	0.971968952944372
2721	2721	5.15701195142211
2722	2722	2.7749069411521305
2723	2723	3.766916022483541
2724	2724	2.142251087306968
2725	2725	3.596421454164002
2726	2726	2.925393841090771
2727	2727	0.6656928635042124
2728	2728	2.258383108240956
2729	2729	8.115212530548813
2730	2730	1.7933141924072422
2731	2731	2.931064688828958
2732	2732	4.08781125591671
2733	2733	0.6065983704557235
2734	2734	2.4362304367513907
2735	2735	1.2929117615878187
2736	2736	3.780914998672801
2737	2737	2.0755200883547715
2738	2738	10.171363568936963
2739	2739	4.553248233227794
2740	2740	5.132629799227157
2741	2741	0.6005013341359574
2742	2742	8.1125055975137
2743	2743	1.648798978504978
2744	2744	2.3284863714815147
2745	2745	5.53726297476892
2746	2746	3.958976936505615
2747	2747	2.5270358969625804
2748	2748	1.2307593304216184
2749	2749	2.7906400587154554
2750	2750	3.5833593723736437
2751	2751	1.9771056522676727
2752	2752	1.0284430541215626
2753	2753	3.6973925446554294
2754	2754	1.9924300164103868
2755	2755	4.920491979035646
2756	2756	1.6226347783083048
2757	2757	0.7853723804746899
2758	2758	3.504149261137654
2759	2759	1.1832892218670663
2760	2760	2.4679365693645896
2761	2761	2.812529288377302
2762	2762	0.5133874951319095
2763	2763	2.0356281700717194
2764	2764	2.9475703739956676
2765	2765	3.678635971143898
2766	2766	2.319307522021509
2767	2767	1.202153893519189
2768	2768	2.276321761862347
2769	2769	2.240162528193612
2770	2770	6.14921457715873
2771	2771	1.5235100229702665
2772	2772	2.7601674060859893
2773	2773	0.42327212329004477
2774	2774	3.0666973595906453
2775	2775	0.6380754739227409
2776	2776	1.6312687297535045
2777	2777	4.013211944074161
2778	2778	4.777852908753704
2779	2779	3.0421363887899187
2780	2780	2.72009839411661
2781	2781	2.371460706632636
2782	2782	3.8559439457677342
2783	2783	3.922267204331728
2784	2784	3.951086100534671
2785	2785	0.799909757538684
2786	2786	2.463459866627302
2787	2787	2.671706961343249
2788	2788	2.562780747632228
2789	2789	0.572879578329299
2790	2790	3.8691098483083506
2791	2791	4.925285317812053
2792	2792	4.2755794970627585
2793	2793	2.9716622648532267
2794	2794	2.606721732983799
2795	2795	4.535243657628847
2796	2796	1.0297879304139255
2797	2797	3.0170242678102785
2798	2798	1.5038689250872386
2799	2799	0.9576578658419295
2800	2800	2.2204942531367546
2801	2801	1.029354861891399
2802	2802	1.2360800048241245
2803	2803	2.7463696993360878
2804	2804	5.5610430363005685
2805	2805	2.1426127513724453
2806	2806	9.374547021547532
2807	2807	0.9376342656615668
2808	2808	2.9934876818837197
2809	2809	3.091425181831838
2810	2810	6.21992839527265
2811	2811	4.976491640797814
2812	2812	1.6480470981258675
2813	2813	5.910024417327284
2814	2814	2.7311510017875325
2815	2815	3.572470735659002
2816	2816	2.96789305273309
2817	2817	4.3969351284826095
2818	2818	2.9409160480030634
2819	2819	1.660026968399688
2820	2820	3.2811401174786115
2821	2821	2.750267373558592
2822	2822	0.4646955509442402
2823	2823	2.9319103394586645
2824	2824	1.3700139050593805
2825	2825	2.767474383340441
2826	2826	1.1324632691596417
2827	2827	0.8239416805085372
2828	2828	2.923121028442987
2829	2829	1.3599944688980978
2830	2830	3.9186446367940655
2831	2831	5.033249501206141
2832	2832	4.100313241050424
2833	2833	2.6019713508799995
2834	2834	1.4303196847095256
2835	2835	2.8985498022841374
2836	2836	0.969640204609827
2837	2837	1.4347779492933965
2838	2838	2.0652326794066704
2839	2839	6.432793023068997
2840	2840	4.495548075233619
2841	2841	2.8158660868417957
2842	2842	1.4271395627845065
2843	2843	4.715073944114225
2844	2844	5.175760875401281
2845	2845	2.4467707626183297
2846	2846	1.6180756867803823
2847	2847	1.2079100045872044
2848	2848	2.829056700188938
2849	2849	3.0933989778656557
2850	2850	2.3176642090010433
2851	2851	6.185976172526463
2852	2852	0.6530387843191702
2853	2853	3.231713127392242
2854	2854	4.770527719317988
2855	2855	2.084675993057748
2856	2856	2.9059201950494384
2857	2857	9.575090933884583
2858	2858	0.5655841327906375
2859	2859	1.6388672400353181
2860	2860	1.5809511367236593
2861	2861	4.993667310260227
2862	2862	4.394971071788279
2863	2863	1.7948044328302406
2864	2864	2.272888396580409
2865	2865	2.2526369442507357
2866	2866	0.9683022328121705
2867	2867	0.9152114069346099
2868	2868	2.9358751852852194
2869	2869	3.8694556256707546
2870	2870	1.5797826150786212
2871	2871	1.0282662521693358
2872	2872	1.387221940943775
2873	2873	2.7637862970691893
2874	2874	1.7472497282944701
2875	2875	3.6844851481914027
2876	2876	0.41740769664389316
2877	2877	2.9775555730437153
2878	2878	2.232423381898151
2879	2879	2.523054078510318
2880	2880	2.175251570720035
2881	2881	1.7784686216525964
2882	2882	1.8825589455793978
2883	2883	6.476641473379331
2884	2884	0.21169844760919287
2885	2885	4.481791480647615
2886	2886	1.4819481609811938
2887	2887	1.144920043242796
2888	2888	3.7173064826308826
2889	2889	4.908396169135477
2890	2890	1.9049621529975314
2891	2891	3.7162553172793453
2892	2892	4.539917292776292
2893	2893	2.613388882799608
2894	2894	4.987722478599544
2895	2895	2.3413432740556486
2896	2896	1.7695320559426273
2897	2897	1.834383319761557
2898	2898	1.095304201421982
2899	2899	1.7476686017622352
2900	2900	2.8242614772694763
2901	2901	2.8512909117855
2902	2902	5.661308091890362
2903	2903	0.48742132055790655
2904	2904	3.698260449785771
2905	2905	3.1988270579438525
2906	2906	1.677330959465696
2907	2907	3.192078717812891
2908	2908	1.5021436041210463
2909	2909	2.8453717906891614
2910	2910	3.9880449817763495
2911	2911	1.7998693218461836
2912	2912	1.758540806355549
2913	2913	4.413936492419026
2914	2914	4.004200475555822
2915	2915	3.235958088631062
2916	2916	1.4475301148690312
2917	2917	1.2852550352378642
2918	2918	1.6034891213182427
2919	2919	1.2272029536403672
2920	2920	4.3643532897467425
2921	2921	2.5127693708363115
2922	2922	2.205507586036312
2923	2923	1.7844588723671067
2924	2924	3.5564487360401245
2925	2925	2.265858776968547
2926	2926	1.496055489923113
2927	2927	2.3743192877107084
2928	2928	7.235546792371142
2929	2929	5.461699894525897
2930	2930	3.9601001497359993
2931	2931	1.7370822858574393
2932	2932	0.1492250990831015
2933	2933	1.5070864772039532
2934	2934	1.1302271044151215
2935	2935	1.6291562728353342
2936	2936	4.452923051184452
2937	2937	4.749516818635995
2938	2938	2.387768409193712
2939	2939	1.798924025507814
2940	2940	1.2299739474513582
2941	2941	2.5832581236105456
2942	2942	1.78541751665137
2943	2943	4.1836764888678815
2944	2944	3.6750334183805444
2945	2945	1.0565218382820871
2946	2946	1.7118310859944335
2947	2947	5.596407950844864
2948	2948	6.082049014904484
2949	2949	1.4819286893143322
2950	2950	5.735351593432989
2951	2951	1.9708896947856653
2952	2952	4.215402258953032
2953	2953	2.4395302181831786
2954	2954	2.6783950924164803
2955	2955	3.605397474270111
2956	2956	1.7333067342802562
2957	2957	2.766993745582533
2958	2958	3.939471519216023
2959	2959	2.676635363795313
2960	2960	2.142621980172221
2961	2961	3.697497891565318
2962	2962	2.1628361511317533
2963	2963	1.3233001835380036
2964	2964	3.423067034583802
2965	2965	2.602263046601381
2966	2966	0.5548786015691891
2967	2967	2.327278940827765
2968	2968	3.73994249888258
2969	2969	1.797354468026697
2970	2970	1.5306252810505279
2971	2971	4.839211389937231
2972	2972	3.162789993320792
2973	2973	1.889571696197201
2974	2974	2.5125841746077207
2975	2975	1.5287166471035107
2976	2976	3.5496232229354865
2977	2977	2.0240232882393148
2978	2978	1.480322151848858
2979	2979	1.6789516455598976
2980	2980	1.512989289741518
2981	2981	2.558798059999816
2982	2982	1.7970266452257138
2983	2983	3.183751461717872
2984	2984	5.259788606463787
2985	2985	3.4546323206780984
2986	2986	1.8384404452681782
2987	2987	2.7735935749297047
2988	2988	2.951211210832364
2989	2989	5.819733672995593
2990	2990	0.7490722777122354
2991	2991	3.2466492944657035
2992	2992	6.833443955926808
2993	2993	3.2126286502570354
2994	2994	2.1622349653735626
2995	2995	3.2106371953073998
2996	2996	1.912958142123376
2997	2997	1.6888424125307409
2998	2998	6.2877823829706765
2999	2999	1.8746468224431814
3000	3000	1.7859131558298178
3001	3001	2.1064128996638396
3002	3002	1.58521398226683
3003	3003	1.5725111676177925
3004	3004	1.737224046072716
3005	3005	2.8275972514263588
3006	3006	6.110919203397051
3007	3007	2.5587526000439214
3008	3008	1.8749161565139092
3009	3009	2.812857232816779
3010	3010	2.512643461898998
3011	3011	1.9448075458322371
3012	3012	4.522306146246219
3013	3013	3.1667816218039837
3014	3014	4.289929237953938
3015	3015	1.8635855134119046
3016	3016	3.0792580376919094
3017	3017	2.8523493217939544
3018	3018	1.3626393384684032
3019	3019	4.936050952043473
3020	3020	4.307464081183669
3021	3021	2.2306906395621846
3022	3022	1.748700562670928
3023	3023	3.7257371485920476
3024	3024	5.590963248450156
3025	3025	4.503028272619119
3026	3026	4.374311898734364
3027	3027	4.545488150880434
3028	3028	2.329333468556295
3029	3029	0.4031573733863752
3030	3030	1.3010894026076083
3031	3031	2.773786953634824
3032	3032	1.019935609337904
3033	3033	2.197699810439742
3034	3034	3.434952706484211
3035	3035	1.6853367534114283
3036	3036	2.874878546541381
3037	3037	3.19224344556806
3038	3038	3.199040784742602
3039	3039	4.97195589990759
3040	3040	2.1038083736995574
3041	3041	1.1417316335437904
3042	3042	1.7274601083482815
3043	3043	5.450248508109575
3044	3044	7.201942588951806
3045	3045	1.367992402727768
3046	3046	1.3763041906135842
3047	3047	4.026198345853401
3048	3048	2.4519187067711674
3049	3049	4.282784985105593
3050	3050	4.3746886824243765
3051	3051	4.947766069847784
3052	3052	1.0178502121429813
3053	3053	3.05151241543492
3054	3054	1.6168279721038523
3055	3055	2.3131943031994195
3056	3056	2.6624104739784844
3057	3057	1.846501233589235
3058	3058	4.125787140932858
3059	3059	3.5298724339191043
3060	3060	3.467127032025642
3061	3061	5.741773829133072
3062	3062	2.394398092264347
3063	3063	1.9683846893545653
3064	3064	6.995026195514322
3065	3065	5.170026806896364
3066	3066	3.1494176919894814
3067	3067	7.507378483812751
3068	3068	1.9658148932812431
3069	3069	0.8127325488792203
3070	3070	1.7722558843699647
3071	3071	2.690752317866127
3072	3072	3.356990776587602
3073	3073	2.152406643489312
3074	3074	3.105760187813771
3075	3075	2.87566752936308
3076	3076	2.3852814327569365
3077	3077	2.15226047820361
3078	3078	7.802139126726332
3079	3079	2.2671320514475735
3080	3080	1.7146885023378644
3081	3081	3.4368379580163992
3082	3082	3.207304401507955
3083	3083	2.0997417353747996
3084	3084	8.896869337525207
3085	3085	4.561839465086285
3086	3086	3.4672475525880917
3087	3087	1.4327716806846544
3088	3088	1.1028147538667077
3089	3089	0.6648255870750723
3090	3090	4.949426448503598
3091	3091	0.5164886671265942
3092	3092	1.777640065241651
3093	3093	1.042025900881896
3094	3094	9.29686870228553
3095	3095	3.9703016784441556
3096	3096	6.66280801417003
3097	3097	3.842319643984231
3098	3098	3.42217164136039
3099	3099	2.1646435153234984
3100	3100	2.3772405215504055
3101	3101	3.748276229474149
3102	3102	0.8316542327300629
3103	3103	4.190763568707629
3104	3104	3.2221734393620185
3105	3105	2.4962740637478573
3106	3106	1.2838997582140508
3107	3107	3.868773282972207
3108	3108	0.770359805827396
3109	3109	2.9463395557788843
3110	3110	3.849463929567431
3111	3111	1.1548776652632358
3112	3112	2.4311668661160506
3113	3113	0.6267688535064503
3114	3114	5.086179835972453
3115	3115	4.878026743657787
3116	3116	4.155224603587725
3117	3117	1.8219855102445595
3118	3118	2.916710701273497
3119	3119	1.3303215308163343
3120	3120	5.182161097575424
3121	3121	2.549149490568324
3122	3122	2.124691167777111
3123	3123	3.0979688033554726
3124	3124	2.568421512294546
3125	3125	1.5309976857397039
3126	3126	3.708270214903086
3127	3127	1.7148175214174386
3128	3128	1.702527411580784
3129	3129	2.077065296592351
3130	3130	2.147478556757031
3131	3131	0.6721494892939364
3132	3132	2.0342001295049705
3133	3133	4.086196437666139
3134	3134	0.852607279596107
3135	3135	5.042109690524093
3136	3136	4.305478563745165
3137	3137	4.6072214653594665
3138	3138	4.7377503690462985
3139	3139	2.5229433200836344
3140	3140	1.3086987055141979
3141	3141	3.0713948209790827
3142	3142	3.3413420902748965
3143	3143	0.8931473427768456
3144	3144	0.7492740512217713
3145	3145	4.036090959530027
3146	3146	4.077986079063132
3147	3147	2.6521975608856723
3148	3148	5.297439531920263
3149	3149	2.6690744477314237
3150	3150	1.6382587013395749
3151	3151	2.9338434899480843
3152	3152	1.9004200691529873
3153	3153	0.3455519391221234
3154	3154	4.017979061871075
3155	3155	2.972837287657468
3156	3156	1.9131452367118398
3157	3157	4.275844065116187
3158	3158	3.3631622012432634
3159	3159	9.237113736882112
3160	3160	3.389318944027537
3161	3161	7.8452330259420755
3162	3162	3.240912142166227
3163	3163	1.7354909133010354
3164	3164	2.9598555662351123
3165	3165	0.838097656313437
3166	3166	5.865233676958971
3167	3167	1.7726676596681639
3168	3168	3.0614930511098217
3169	3169	1.182904695174221
3170	3170	3.2079845697277394
3171	3171	2.9706060643290177
3172	3172	4.238643668367273
3173	3173	1.8687155417297943
3174	3174	5.766820154137485
3175	3175	4.954657199048922
3176	3176	5.1688887074204874
3177	3177	4.598998182746864
3178	3178	5.207953143161621
3179	3179	0.5971840920876172
3180	3180	3.9985845977176973
3181	3181	7.61368017907037
3182	3182	2.6396843648288573
3183	3183	1.0875805760506738
3184	3184	2.6950849475300895
3185	3185	0.8230196235822836
3186	3186	5.637042637377634
3187	3187	1.647844680025531
3188	3188	3.6239211965890434
3189	3189	6.832719966741733
3190	3190	3.887535552635498
3191	3191	2.878742963593498
3192	3192	3.3157399474086082
3193	3193	4.211404642834209
3194	3194	2.4725678521009558
3195	3195	8.858553146151067
3196	3196	1.1349243437323842
3197	3197	1.6662324142585265
3198	3198	1.8249208808332382
3199	3199	3.2238122802061047
3200	3200	4.474663823903511
3201	3201	2.601510830277337
3202	3202	6.315389172496722
3203	3203	2.8591458394813847
3204	3204	3.0605234791595075
3205	3205	1.1986357863771824
3206	3206	1.0179395131257798
3207	3207	2.546661554859611
3208	3208	3.5328059363561426
3209	3209	2.595611354855433
3210	3210	1.1605680168733765
3211	3211	1.8134626697638725
3212	3212	0.3554801902104979
3213	3213	2.6638364660562583
3214	3214	1.7975668552037285
3215	3215	5.391462524723927
3216	3216	1.0030206949576155
3217	3217	2.9514231232977157
3218	3218	0.47819905381429406
3219	3219	4.088242535702599
3220	3220	3.2147396554841645
3221	3221	2.002366493948454
3222	3222	0.34564175794600943
3223	3223	1.572492010020882
3224	3224	3.4800016022297795
3225	3225	3.8395130929202157
3226	3226	2.9035529036196985
3227	3227	2.4074698245113577
3228	3228	2.0264874004019964
3229	3229	1.1133862267228831
3230	3230	6.966822796859657
3231	3231	1.910868219462521
3232	3232	1.6527169018732146
3233	3233	1.6009723762351504
3234	3234	3.583590981105023
3235	3235	4.05017107564017
3236	3236	1.0982735460769288
3237	3237	3.6864112869182972
3238	3238	2.5316184819559058
3239	3239	6.4048891777287595
3240	3240	3.6935819203976274
3241	3241	2.8014994625335126
3242	3242	4.11883608361694
3243	3243	2.469027527708748
3244	3244	2.5304162272230264
3245	3245	1.6912399253676986
3246	3246	1.0501424514923392
3247	3247	4.121115909608986
3248	3248	3.187889031019392
3249	3249	1.840235637942503
3250	3250	3.097840669087474
3251	3251	3.760213863365397
3252	3252	5.65205529929208
3253	3253	5.515540055377127
3254	3254	4.607262840059988
3255	3255	2.3838030085365856
3256	3256	5.522110668589392
3257	3257	1.563982162296639
3258	3258	2.966379418072365
3259	3259	2.235541474259784
3260	3260	3.508100656332618
3261	3261	3.067542350565497
3262	3262	4.435141766908475
3263	3263	5.124734115283424
3264	3264	1.5057021795626933
3265	3265	1.101812277391228
3266	3266	1.5618249162365763
3267	3267	2.314779742845606
3268	3268	8.985406568905743
3269	3269	4.134914081818131
3270	3270	2.615811492347881
3271	3271	5.419507087813337
3272	3272	2.1404971945876095
3273	3273	3.4907543353596275
3274	3274	2.4208414500616025
3275	3275	3.864282683517178
3276	3276	1.1800635552044918
3277	3277	3.189039482907332
3278	3278	2.683939018373163
3279	3279	3.305100992052081
3280	3280	2.016356535193637
3281	3281	2.207896775692383
3282	3282	3.2019081584615656
3283	3283	3.249458045879957
3284	3284	1.553797640680632
3285	3285	1.3588764100666526
3286	3286	2.7426634544946435
3287	3287	1.7292783431490228
3288	3288	1.8133671593947436
3289	3289	3.244716940965577
3290	3290	2.4381202290981974
3291	3291	3.3182861562233343
3292	3292	3.8670675402098795
3293	3293	2.9816150239883887
3294	3294	5.259253373985409
3295	3295	3.5907062393872478
3296	3296	1.5810581367120433
3297	3297	3.523169716350255
3298	3298	1.5471834493388563
3299	3299	3.2291245417894765
3300	3300	2.2891094701063244
3301	3301	2.809523256853428
3302	3302	3.3765132255962174
3303	3303	4.554206400864626
3304	3304	1.803820310658556
3305	3305	2.3456521963412165
3306	3306	4.149126005188131
3307	3307	3.645887001388215
3308	3308	6.2909059968532475
3309	3309	1.5589262812647098
3310	3310	1.5519994987033592
3311	3311	3.1688072436923633
3312	3312	3.136513982598182
3313	3313	0.5501144332186003
3314	3314	1.3011714839466706
3315	3315	4.036425412009391
3316	3316	1.349503469139497
3317	3317	2.1773061003698313
3318	3318	2.605859557932063
3319	3319	1.5788384233181647
3320	3320	5.307860477325541
3321	3321	2.5195654525156996
3322	3322	0.21464622924564972
3323	3323	0.8389711933496945
3324	3324	3.232014277209491
3325	3325	2.7611583094198697
3326	3326	5.011561995748747
3327	3327	4.501912825554919
3328	3328	5.859419443152668
3329	3329	3.9728022415516238
3330	3330	3.219764052489249
3331	3331	2.7533854479414495
3332	3332	2.527381428944011
3333	3333	2.3583903400846413
3334	3334	1.4812748440394867
3335	3335	6.274806480433797
3336	3336	1.249889291021797
3337	3337	2.870717163544735
3338	3338	2.0049567497123277
3339	3339	1.7419801576507565
3340	3340	2.674272524279508
3341	3341	1.3915588208693457
3342	3342	5.23655452717454
3343	3343	1.1769907803345867
3344	3344	1.6953014390269
3345	3345	1.6640297214860222
3346	3346	4.307314995374762
3347	3347	1.7153410427329296
3348	3348	4.5765098818330205
3349	3349	1.0233431920455656
3350	3350	1.4681698814757767
3351	3351	2.331820575443001
3352	3352	2.425175486232164
3353	3353	1.0948586566169023
3354	3354	0.9181110345536744
3355	3355	2.2317739700047015
3356	3356	11.49179139416568
3357	3357	1.2564641910386056
3358	3358	8.128760606184905
3359	3359	6.904703600922745
3360	3360	5.015777039393785
3361	3361	3.4424803430659243
3362	3362	3.930360673071375
3363	3363	2.5739989592243706
3364	3364	2.8500322299780825
3365	3365	3.5456157913118123
3366	3366	0.9668901851279352
3367	3367	1.892292780529597
3368	3368	0.04629451598135821
3369	3369	2.8897102339114586
3370	3370	3.93135907550006
3371	3371	2.3080596347530697
3372	3372	1.963875112651266
3373	3373	0.9226789624703169
3374	3374	3.460048545871296
3375	3375	2.5513496720077624
3376	3376	2.9089455901681647
3377	3377	6.282225449450868
3378	3378	1.3940543826219813
3379	3379	1.5036994416201976
3380	3380	4.391315620559869
3381	3381	1.6620642057962352
3382	3382	4.874305874486617
3383	3383	1.2952525173832043
3384	3384	5.52171237289221
3385	3385	3.164386595734098
3386	3386	3.263963524559708
3387	3387	2.8759337282414443
3388	3388	4.431163060395169
3389	3389	1.7871525207374772
3390	3390	0.4897325676449845
3391	3391	2.8643449840172845
3392	3392	2.123684163616401
3393	3393	2.72146698263479
3394	3394	5.1774918960713565
3395	3395	4.3479911938474665
3396	3396	1.8071579597475314
3397	3397	2.63524284446592
3398	3398	3.8538512121098973
3399	3399	4.138490187829904
3400	3400	4.755716774511784
3401	3401	1.7540424678228874
3402	3402	4.5483090799499655
3403	3403	1.657408590160486
3404	3404	3.845666896780517
3405	3405	2.299552309242778
3406	3406	5.89361606418942
3407	3407	4.173566974534657
3408	3408	3.6155946206371046
3409	3409	1.3187323290979764
3410	3410	2.5875887795091304
3411	3411	8.494483433746478
3412	3412	0.7584034477195668
3413	3413	6.217219350222643
3414	3414	2.8268393308546416
3415	3415	2.5464262203425325
3416	3416	2.014774722742541
3417	3417	1.7834784452679442
3418	3418	0.22048142451005803
3419	3419	1.2982227084155695
3420	3420	4.650143438855368
3421	3421	2.93670008534811
3422	3422	6.0325282663940785
3423	3423	2.6954037586837467
3424	3424	2.010311057295768
3425	3425	0.5288237479679162
3426	3426	4.30305002799398
3427	3427	2.621802733674609
3428	3428	2.740599059877315
3429	3429	3.805216326600128
3430	3430	2.1530533115530437
3431	3431	4.046955422429443
3432	3432	4.905191742974784
3433	3433	5.34546184612017
3434	3434	2.442421320898997
3435	3435	2.56691865963024
3436	3436	5.547467272336622
3437	3437	5.517162648230924
3438	3438	1.6445587194525486
3439	3439	2.849812497474638
3440	3440	7.386763293319576
3441	3441	5.462446506175198
3442	3442	1.2732271339865369
3443	3443	2.5225152262666204
3444	3444	1.6380326205917595
3445	3445	2.3577269800104212
3446	3446	2.222765500712656
3447	3447	6.948572308430742
3448	3448	3.267420194577643
3449	3449	0.7028814712392584
3450	3450	1.513688960922201
3451	3451	1.9322188035865182
3452	3452	4.574527660685409
3453	3453	3.88710889689928
3454	3454	3.588567622888017
3455	3455	1.609929434299055
3456	3456	0.9028335660379749
3457	3457	6.325435976593607
3458	3458	2.5999734085979154
3459	3459	2.3833704642835842
3460	3460	1.789860750882091
3461	3461	0.8241964052268629
3462	3462	3.215394195329605
3463	3463	1.5902172050868262
3464	3464	3.439084025871492
3465	3465	3.1027245585708023
3466	3466	3.5174034516651913
3467	3467	4.079440326660889
3468	3468	4.536284108949429
3469	3469	3.2767237169619703
3470	3470	2.7133367192061053
3471	3471	7.750889297743104
3472	3472	3.4958663171665187
3473	3473	4.916891306288987
3474	3474	4.067273053818579
3475	3475	0.9944080534928823
3476	3476	1.4195344658110882
3477	3477	5.163413861010924
3478	3478	3.283266339351708
3479	3479	3.1760938414306867
3480	3480	1.5109909229645109
3481	3481	0.9550479156022533
3482	3482	2.4321482448487783
3483	3483	1.530394361856965
3484	3484	0.6858921525571791
3485	3485	2.9002297941424766
3486	3486	2.6793158341940733
3487	3487	2.480701658237275
3488	3488	3.6216332424369577
3489	3489	0.9590635648978676
3490	3490	3.638842041489573
3491	3491	0.9943141942617291
3492	3492	3.7277161386111706
3493	3493	0.8627212992010174
3494	3494	2.502201517295495
3495	3495	5.564295791713619
3496	3496	7.607339112655159
3497	3497	2.5553106617261436
3498	3498	2.17059804537944
3499	3499	1.1782800032835286
3500	3500	7.053720569377187
3501	3501	1.172089774362211
3502	3502	1.5254343030568223
3503	3503	2.5020475376428095
3504	3504	2.490156035732336
3505	3505	2.3651182846187244
3506	3506	2.7006604335577107
3507	3507	4.785278166468293
3508	3508	1.842763433601227
3509	3509	2.0608195447649935
3510	3510	1.1701346590258404
3511	3511	2.7620079827594584
3512	3512	4.687787130919398
3513	3513	0.739132590861765
3514	3514	4.363903084044781
3515	3515	4.644223460882994
3516	3516	5.265582915788516
3517	3517	3.4569953938516402
3518	3518	1.6199939570137651
3519	3519	3.849856712715974
3520	3520	1.7719906073541831
3521	3521	0.9610660846048009
3522	3522	6.354275137197562
3523	3523	3.681438732286674
3524	3524	4.156829662673327
3525	3525	5.737510854343446
3526	3526	1.8278179826903893
3527	3527	1.3204551190930027
3528	3528	3.2934161918971894
3529	3529	2.0216838901930654
3530	3530	4.981111466352628
3531	3531	2.9098355810895247
3532	3532	2.500362740036369
3533	3533	1.133774513756396
3534	3534	2.780623001215413
3535	3535	5.019447206871183
3536	3536	2.8358347549071077
3537	3537	1.7641407271973013
3538	3538	3.4516575155611138
3539	3539	3.3786726682724506
3540	3540	2.7064667947689953
3541	3541	3.5250500399623754
3542	3542	5.917766559229378
3543	3543	5.33148993073681
3544	3544	3.3921604973487054
3545	3545	4.782771401941397
3546	3546	1.2745835701996162
3547	3547	1.2932255536974357
3548	3548	4.463961407071941
3549	3549	4.087311196140604
3550	3550	0.2964250185513992
3551	3551	4.750491024912879
3552	3552	3.7047006463296803
3553	3553	2.430164569032753
3554	3554	0.9441915988374193
3555	3555	5.11601054654614
3556	3556	7.274613651693079
3557	3557	1.7182585790901979
3558	3558	2.333751680326415
3559	3559	3.810637788346615
3560	3560	2.385037255564072
3561	3561	1.259877925283772
3562	3562	0.5893442332605867
3563	3563	0.7520697168919518
3564	3564	0.919643426087398
3565	3565	2.234773123603534
3566	3566	4.513128180590866
3567	3567	2.9823413685847946
3568	3568	4.465746502388532
3569	3569	1.5429908928781946
3570	3570	1.7209049542931347
3571	3571	0.6288078538871984
3572	3572	4.6503165642349575
3573	3573	0.6293089604599469
3574	3574	1.0513567342631007
3575	3575	3.2732424241828886
3576	3576	2.709287020579318
3577	3577	6.84583407764621
3578	3578	3.9811373584489207
3579	3579	1.998398751186585
3580	3580	3.7732143461141527
3581	3581	2.7527792923885035
3582	3582	2.515028413336325
3583	3583	5.221620640703001
3584	3584	5.147736841060224
3585	3585	2.74761590825548
3586	3586	2.367832999258548
3587	3587	5.882447004542802
3588	3588	3.524151842248412
3589	3589	2.3188508198380045
3590	3590	3.4128189370859237
3591	3591	3.613113689752526
3592	3592	4.971471472542257
3593	3593	2.6900947664805868
3594	3594	3.4148967011020455
3595	3595	1.2628641243507062
3596	3596	5.055229574605789
3597	3597	4.597496876034584
3598	3598	1.2391473321580448
3599	3599	3.1201592227828763
3600	3600	4.829162394581625
3601	3601	1.8936870696747734
3602	3602	3.998614703560794
3603	3603	4.070264285508344
3604	3604	9.158394256056948
3605	3605	3.508559744714852
3606	3606	2.9484144694916914
3607	3607	3.875419587827617
3608	3608	1.694306192090003
3609	3609	1.831163220164738
3610	3610	4.068437025262706
3611	3611	4.165185749658215
3612	3612	3.27099913384278
3613	3613	1.0993137188111977
3614	3614	2.0452649019170477
3615	3615	3.224733408739525
3616	3616	3.0603060779452296
3617	3617	1.590442392478439
3618	3618	3.4785104734568284
3619	3619	1.9632173655797254
3620	3620	3.5124630461090227
3621	3621	3.5073993853684415
3622	3622	3.6485827261864836
3623	3623	1.760697449254563
3624	3624	3.024440258883038
3625	3625	5.250320193018888
3626	3626	4.566758340800516
3627	3627	1.0147394947982407
3628	3628	1.0856663644282278
3629	3629	4.738338491187954
3630	3630	3.1713471612091717
3631	3631	3.3776121842079094
3632	3632	4.611467842316327
3633	3633	2.2406968593506598
3634	3634	1.3160516806838884
3635	3635	3.221483284869328
3636	3636	2.700282850855662
3637	3637	2.1959265257186993
3638	3638	3.213201526320756
3639	3639	2.9483054085609215
3640	3640	2.2791826634774255
3641	3641	2.405414103500684
3642	3642	2.9676892115687274
3643	3643	0.8313950859190538
3644	3644	1.818366643103233
3645	3645	2.1605632749229575
3646	3646	1.7420900886166282
3647	3647	3.0694361378536934
3648	3648	2.5912290986109823
3649	3649	5.906077891904895
3650	3650	5.6151695851253836
3651	3651	3.7836880121124645
3652	3652	2.4706592103148832
3653	3653	0.47697609202538815
3654	3654	4.663297265379935
3655	3655	3.0005331373417947
3656	3656	6.171988812401267
3657	3657	1.5031655256199221
3658	3658	5.167658880248139
3659	3659	2.0608082656484523
3660	3660	3.9912951399668932
3661	3661	5.665688547812633
3662	3662	3.0638924503710427
3663	3663	3.8374757293954858
3664	3664	0.38107779384588725
3665	3665	2.660932775231368
3666	3666	4.283899361696104
3667	3667	3.2226189629396207
3668	3668	1.1285652652248126
3669	3669	4.144480326037712
3670	3670	1.4967744405569017
3671	3671	1.2487456670233494
3672	3672	3.517020064974862
3673	3673	1.5986914373031484
3674	3674	1.2003517243053072
3675	3675	3.6481408292892867
3676	3676	1.238518346312391
3677	3677	5.83697861912279
3678	3678	6.5882577138514264
3679	3679	1.6397698996516183
3680	3680	3.149239663695593
3681	3681	1.594652456749818
3682	3682	0.9481167847630224
3683	3683	0.9878413966242162
3684	3684	3.0246991372437613
3685	3685	4.30713556217023
3686	3686	3.626298389773596
3687	3687	1.5430209784934052
3688	3688	1.9232140554782178
3689	3689	1.425557558543614
3690	3690	0.9019675688418824
3691	3691	4.190029209458935
3692	3692	1.8165717029320005
3693	3693	4.724001948165901
3694	3694	1.601273386027203
3695	3695	3.04309309962652
3696	3696	2.389552376930809
3697	3697	6.215983909163187
3698	3698	5.685234914151735
3699	3699	2.458311054358181
3700	3700	0.8124181632982711
3701	3701	2.6276524422639502
3702	3702	1.373898912834527
3703	3703	2.0242377427213096
3704	3704	7.3468727716856055
3705	3705	1.7251467692922875
3706	3706	2.57104956601405
3707	3707	1.0835793620294782
3708	3708	5.69155740327657
3709	3709	4.1166842171929705
3710	3710	3.762201072226999
3711	3711	1.3855601551256722
3712	3712	2.201957213290253
3713	3713	1.0820212174064148
3714	3714	2.127358631255108
3715	3715	0.9503253263019111
3716	3716	7.731691539039796
3717	3717	3.933853170328435
3718	3718	1.9624431664160504
3719	3719	4.542479349724951
3720	3720	2.1706871968991974
3721	3721	2.366088672937021
3722	3722	1.5819780220106066
3723	3723	4.938747385628399
3724	3724	3.5995049934190178
3725	3725	0.8958380194021724
3726	3726	0.9903652845819597
3727	3727	2.6622510718666295
3728	3728	0.16530797555267507
3729	3729	6.497520492501931
3730	3730	1.7903042492251235
3731	3731	2.9904331601614595
3732	3732	1.6097291908210505
3733	3733	0.8386033989843132
3734	3734	2.587295343307505
3735	3735	2.766233047337219
3736	3736	0.8938835275816013
3737	3737	3.044290871502561
3738	3738	6.246474882045975
3739	3739	1.9872515673085482
3740	3740	0.6949792815033964
3741	3741	2.133732359780862
3742	3742	1.2610856741979122
3743	3743	2.381719862391427
3744	3744	3.9195950248325175
3745	3745	3.2494375717213693
3746	3746	1.8371846100426201
3747	3747	3.0999993357505766
3748	3748	2.1140577014671065
3749	3749	2.2213386348341144
3750	3750	3.859990061402234
3751	3751	0.7284131502151674
3752	3752	3.1475072583311245
3753	3753	1.0336726656692914
3754	3754	1.099663120014871
3755	3755	4.546240032576119
3756	3756	1.7380253971485848
3757	3757	1.6113791238275845
3758	3758	5.802712920028378
3759	3759	4.917691411614911
3760	3760	1.4431401501483185
3761	3761	4.330156466737268
3762	3762	1.4282772859670119
3763	3763	2.309162630868123
3764	3764	0.9956427838518298
3765	3765	2.382136364041254
3766	3766	4.087101299038483
3767	3767	4.359361326561017
3768	3768	3.2373516648924756
3769	3769	1.4657016614502543
3770	3770	3.133985352598112
3771	3771	1.596838081161325
3772	3772	0.5411836631003535
3773	3773	4.429818247017983
3774	3774	4.31431087149734
3775	3775	3.7451661908653273
3776	3776	6.18644331200574
3777	3777	1.6550906354476072
3778	3778	5.77402087595003
3779	3779	3.0466520834903665
3780	3780	5.7097199472548255
3781	3781	3.7536211128786254
3782	3782	6.239644757939049
3783	3783	3.4914515290925037
3784	3784	6.465426951373292
3785	3785	3.409047929521831
3786	3786	3.423973699814092
3787	3787	3.4653579565682247
3788	3788	2.2533210414350577
3789	3789	1.98731240685398
3790	3790	1.9135917288361979
3791	3791	1.2905599473529785
3792	3792	2.5945328183279877
3793	3793	1.7413174290787463
3794	3794	3.2766057801390813
3795	3795	3.2614764489981174
3796	3796	2.15687292390253
3797	3797	2.963285525063931
3798	3798	3.3799448887225934
3799	3799	4.269494118189722
3800	3800	1.8215655955453869
3801	3801	1.4119096967299614
3802	3802	2.563902833592518
3803	3803	3.959565641112375
3804	3804	1.9680069882975828
3805	3805	0.26828876523672546
3806	3806	3.043206099973315
3807	3807	5.190247627303923
3808	3808	6.5544173690858765
3809	3809	2.4754020655084545
3810	3810	1.5750197607417014
3811	3811	2.336322676444166
3812	3812	4.47949738485418
3813	3813	0.7227843385326971
3814	3814	2.854216015187069
3815	3815	2.6516213281509433
3816	3816	1.1184062817372802
3817	3817	2.5984717095240377
3818	3818	1.9642030536132256
3819	3819	0.8368631573333909
3820	3820	1.8640417439566601
3821	3821	3.9656797934449974
3822	3822	1.8656788587902358
3823	3823	0.8046432398614104
3824	3824	1.4852790530632474
3825	3825	3.9739142346392233
3826	3826	0.2919277053275816
3827	3827	3.737646002689819
3828	3828	1.8188154810258603
3829	3829	2.422033321695004
3830	3830	1.2198030317654462
3831	3831	3.595670685312985
3832	3832	4.777466138406583
3833	3833	1.4762947624195788
3834	3834	4.0551290352897364
3835	3835	1.2981633711962954
3836	3836	5.323485533729
3837	3837	0.3520862535925562
3838	3838	4.455087459363594
3839	3839	1.074372795702132
3840	3840	3.5714768204587437
3841	3841	2.907969151261443
3842	3842	7.006989863365
3843	3843	4.133188586850759
3844	3844	6.243773114827379
3845	3845	2.762932617005561
3846	3846	3.067517304206975
3847	3847	3.894338441447209
3848	3848	1.4640295155523653
3849	3849	0.3432399142997887
3850	3850	4.3783630190537
3851	3851	0.9524910761876941
3852	3852	3.189850738000281
3853	3853	1.4837662387019066
3854	3854	3.4625675803725806
3855	3855	0.8968811324226859
3856	3856	2.6069803916036207
3857	3857	3.13490824418042
3858	3858	2.817348485344891
3859	3859	5.0627916376881785
3860	3860	1.2112691221571321
3861	3861	5.552521607192433
3862	3862	2.5224238127847047
3863	3863	4.227934698847575
3864	3864	4.502684522356303
3865	3865	1.5545348824186735
3866	3866	3.1184729288659367
3867	3867	4.1644781418024275
3868	3868	1.0570587720258846
3869	3869	2.127829068961979
3870	3870	0.7562443180317967
3871	3871	2.9391949919370646
3872	3872	4.670375917630052
3873	3873	6.386293237854215
3874	3874	1.5542084780950445
3875	3875	6.808876690241662
3876	3876	1.4026094666408897
3877	3877	1.59062035920001
3878	3878	4.509065201799617
3879	3879	5.275696866746931
3880	3880	2.3622853873450276
3881	3881	3.073382720689156
3882	3882	1.64132734074504
3883	3883	1.4661878984605634
3884	3884	4.912923029825047
3885	3885	0.7103051398861207
3886	3886	1.4826939799945973
3887	3887	2.3443555711749697
3888	3888	1.7684254424173838
3889	3889	4.88418628673871
3890	3890	1.218778627038723
3891	3891	11.634313539500816
3892	3892	2.1976775583892225
3893	3893	3.5627432131401897
3894	3894	4.440719462548387
3895	3895	4.0554875104480566
3896	3896	0.4919911238315713
3897	3897	2.2340404381742793
3898	3898	1.0646182380316023
3899	3899	2.2053344412838474
3900	3900	3.528328724441567
3901	3901	0.6347147737551613
3902	3902	2.056839077219181
3903	3903	4.110127684934719
3904	3904	4.617670309025648
3905	3905	1.3413398241316623
3906	3906	2.954844580951942
3907	3907	5.547940888426217
3908	3908	2.182712315367911
3909	3909	0.6594388025963639
3910	3910	1.287775014364314
3911	3911	1.3918910878131199
3912	3912	3.3254170919262807
3913	3913	3.6111059382444806
3914	3914	1.3850603835842474
3915	3915	4.5410961370500305
3916	3916	2.492556471407398
3917	3917	3.261974542414742
3918	3918	3.9819022632276146
3919	3919	11.678033578188549
3920	3920	2.8865261373315025
3921	3921	1.2063106784217805
3922	3922	2.6518889602645883
3923	3923	7.624728935485994
3924	3924	3.520875490841317
3925	3925	0.9140576700074289
3926	3926	2.4672832305053722
3927	3927	0.7124299200083859
3928	3928	2.365527105277361
3929	3929	4.865198677051236
3930	3930	4.2481978997363905
3931	3931	6.851699724121382
3932	3932	3.078358322391141
3933	3933	4.784625776423379
3934	3934	3.514672302489548
3935	3935	1.513664501735174
3936	3936	5.802709683476587
3937	3937	0.8209626388105697
3938	3938	2.611482394771014
3939	3939	1.7013208339354216
3940	3940	2.071151158593304
3941	3941	3.5694334588642533
3942	3942	3.954929281577393
3943	3943	6.228408279962808
3944	3944	0.23066280007040807
3945	3945	1.787590599244329
3946	3946	5.694042770814004
3947	3947	4.287526301478034
3948	3948	6.6903483387425755
3949	3949	3.0849779610988843
3950	3950	4.696620802476109
3951	3951	1.7808813365861598
3952	3952	1.7369219830077756
3953	3953	3.262639359793719
3954	3954	4.396600617084362
3955	3955	10.99524103987224
3956	3956	1.264024648496956
3957	3957	2.184265261422217
3958	3958	2.562792189117965
3959	3959	2.3833437006763925
3960	3960	1.0100214642241465
3961	3961	0.648712081786201
3962	3962	2.57075602927348
3963	3963	2.4425170213557053
3964	3964	6.65402646303565
3965	3965	3.8871888327810966
3966	3966	0.33897993755993056
3967	3967	2.17989059512889
3968	3968	2.3442082285303956
3969	3969	1.8648082229638514
3970	3970	2.4532885558062043
3971	3971	8.96073267156279
3972	3972	4.28893616308242
3973	3973	5.575589612725311
3974	3974	1.880434436557152
3975	3975	5.923691689680014
3976	3976	3.5633693716415475
3977	3977	2.760567286018916
3978	3978	3.615407680958012
3979	3979	1.6935606381808683
3980	3980	7.611597800820137
3981	3981	2.1195533810098386
3982	3982	1.439851033390925
3983	3983	4.5011784286146534
3984	3984	3.8340114054622068
3985	3985	4.367646349979621
3986	3986	3.9183665427462953
3987	3987	1.6762019459234256
3988	3988	1.6399173774965305
3989	3989	3.5234234367896313
3990	3990	5.234478454093731
3991	3991	1.4709068490563566
3992	3992	2.9736706439451415
3993	3993	2.0271541748054953
3994	3994	3.426823846141004
3995	3995	1.421991196761156
3996	3996	1.806528036554128
3997	3997	1.5472024267004658
3998	3998	2.1483722788718977
3999	3999	0.9051737584048088
4000	4000	3.9053872107693373
4001	4001	3.8770589602013246
4002	4002	3.3004105671136736
4003	4003	2.178428513005107
4004	4004	2.956180706348676
4005	4005	2.511776308221667
4006	4006	1.8916229555776614
4007	4007	4.257985615458237
4008	4008	5.05661259904818
4009	4009	4.155759194094633
4010	4010	1.516282737089794
4011	4011	3.300872958827319
4012	4012	7.996186315706049
4013	4013	1.3300445075720009
4014	4014	2.0604081359590176
4015	4015	7.166429534897375
4016	4016	5.160514996093892
4017	4017	2.761375863147287
4018	4018	1.584750936857548
4019	4019	1.7780174385757288
4020	4020	6.652557046564291
4021	4021	5.695319810047794
4022	4022	0.9558956277486149
4023	4023	0.46228584026816444
4024	4024	1.7927035808654415
4025	4025	0.5869219538031343
4026	4026	3.2927879516350544
4027	4027	5.650792694263812
4028	4028	5.743137227934761
4029	4029	4.36503909031814
4030	4030	0.3998128680778764
4031	4031	2.9556854538660167
4032	4032	1.4679841391355446
4033	4033	0.9752493419188015
4034	4034	2.625527631537439
4035	4035	2.4461674913502094
4036	4036	2.371360077937462
4037	4037	0.7243596352741832
4038	4038	3.6642560697798725
4039	4039	1.3588431380294521
4040	4040	1.0427689869338164
4041	4041	3.723189966717256
4042	4042	3.618087135181155
4043	4043	0.6014796916357261
4044	4044	8.260040947461844
4045	4045	1.5912494667427917
4046	4046	1.1818079676619107
4047	4047	4.1723875245635735
4048	4048	3.0718602440419662
4049	4049	0.6010813281072133
4050	4050	1.0336882841019632
4051	4051	1.9859394807081023
4052	4052	3.328163762540778
4053	4053	3.028948008846899
4054	4054	2.920709779946661
4055	4055	6.22527661882768
4056	4056	2.105435999141495
4057	4057	1.0813010342007008
4058	4058	1.1037222547203416
4059	4059	2.201108592664787
4060	4060	0.9504119086000148
4061	4061	4.2828759712340245
4062	4062	2.534906831836779
4063	4063	7.587604255224406
4064	4064	3.4431865683725364
4065	4065	0.8674816649352515
4066	4066	0.4293448029716911
4067	4067	3.60926492299345
4068	4068	10.03605383297436
4069	4069	10.879904413761986
4070	4070	1.6545628237253454
4071	4071	2.140191267979685
4072	4072	2.6142068103000224
4073	4073	6.122697522457444
4074	4074	2.3729772787212124
4075	4075	2.030520928956909
4076	4076	0.7940788117957587
4077	4077	3.4007957979267553
4078	4078	1.8995203673066094
4079	4079	1.203876450994514
4080	4080	1.6428342969426715
4081	4081	2.7680404972657104
4082	4082	4.23349831383741
4083	4083	6.042870085784515
4084	4084	4.42209530426144
4085	4085	3.487866698813229
4086	4086	5.38534774240021
4087	4087	3.7922261040029204
4088	4088	4.428081633690424
4089	4089	4.940650513886028
4090	4090	0.5643294899816588
4091	4091	1.5772119759086352
4092	4092	1.933992424155446
4093	4093	4.848009056669119
4094	4094	2.128020241341729
4095	4095	4.539961082560023
4096	4096	0.7556131134024533
4097	4097	1.2829885502292577
4098	4098	0.693439638267219
4099	4099	0.6180281214531556
4100	4100	6.635184489966691
4101	4101	1.2801314273130302
4102	4102	3.4310340685499736
4103	4103	2.3342710096920443
4104	4104	1.969653894937147
4105	4105	1.6461969628644708
4106	4106	1.4191905707135262
4107	4107	0.7710796246430097
4108	4108	2.004413734512984
4109	4109	5.053631286620969
4110	4110	3.747407517497884
4111	4111	2.9205364031942187
4112	4112	5.582478801534607
4113	4113	0.9100625606445512
4114	4114	3.962638238072142
4115	4115	0.9954634027862541
4116	4116	1.905942342512081
4117	4117	0.5360973263270412
4118	4118	2.610574549863431
4119	4119	3.5794307816730813
4120	4120	2.4510557256763956
4121	4121	1.5115541977634648
4122	4122	2.4316882071364847
4123	4123	5.616101428539438
4124	4124	3.274481999772683
4125	4125	1.5478017524240324
4126	4126	3.6197520775341223
4127	4127	3.52709105858961
4128	4128	1.4807349117731674
4129	4129	2.1587299559826905
4130	4130	2.7099900846958205
4131	4131	2.837686280523192
4132	4132	6.425011500556349
4133	4133	1.4671822344947973
4134	4134	1.2191208836206031
4135	4135	2.05982255343634
4136	4136	3.073882647123579
4137	4137	2.6224579729754964
4138	4138	2.5621142758685593
4139	4139	0.6794835623646898
4140	4140	2.0472371659794466
4141	4141	0.9160923668363699
4142	4142	1.4646178655179025
4143	4143	4.105336810137626
4144	4144	1.9186111848244995
4145	4145	1.303354298529277
4146	4146	1.953222367246439
4147	4147	4.4623451516793295
4148	4148	3.0139780590850878
4149	4149	4.445484779103351
4150	4150	2.304689737618783
4151	4151	0.22014525824016556
4152	4152	4.0207832133281105
4153	4153	2.9260474273784887
4154	4154	7.768282518363812
4155	4155	1.734251184092184
4156	4156	2.27586179128975
4157	4157	1.1522026250769946
4158	4158	6.67968584692672
4159	4159	4.639580867161647
4160	4160	0.8872183078595697
4161	4161	1.4408963431278305
4162	4162	2.135945473304781
4163	4163	3.7534678177668104
4164	4164	4.089839477804966
4165	4165	3.1994938807156545
4166	4166	1.196110611341139
4167	4167	1.8707446116588102
4168	4168	0.542648711927837
4169	4169	3.738525810953809
4170	4170	1.982935040408813
4171	4171	7.629139064222575
4172	4172	5.319527111320143
4173	4173	1.372633964962148
4174	4174	1.0966581239635396
4175	4175	5.037500656880614
4176	4176	1.492231687683816
4177	4177	1.444762527618177
4178	4178	1.6946800094951708
4179	4179	3.2369609813712286
4180	4180	2.819275969686255
4181	4181	4.661339209601108
4182	4182	1.7289779689244509
4183	4183	3.6731805741568095
4184	4184	3.6709335856761465
4185	4185	0.7300918315907958
4186	4186	3.032731511664104
4187	4187	3.7966450451039764
4188	4188	5.412054216956193
4189	4189	4.249515582233505
4190	4190	3.7562162442051577
4191	4191	3.1563206853152814
4192	4192	3.7775077269521558
4193	4193	1.9624640720094881
4194	4194	2.7935148840790633
4195	4195	0.9265767610468452
4196	4196	2.3473037023496164
4197	4197	2.0521616168484713
4198	4198	4.169323722142991
4199	4199	3.453200036551487
4200	4200	0.18804007088333288
4201	4201	6.757492052484478
4202	4202	0.6911234428487851
4203	4203	1.1382718585717027
4204	4204	0.9319171841668782
4205	4205	4.828025450246404
4206	4206	2.4595181915119997
4207	4207	2.927935862045068
4208	4208	1.3676942246082107
4209	4209	2.308653273973721
4210	4210	4.1028202660954864
4211	4211	2.8322316185861958
4212	4212	3.1886376282246625
4213	4213	1.6001152711795519
4214	4214	3.7363182069262457
4215	4215	0.38737530676193677
4216	4216	2.998752837955604
4217	4217	0.8084903683572784
4218	4218	1.7019071468997105
4219	4219	1.216346788030706
4220	4220	1.9351779874873078
4221	4221	1.8546258481948548
4222	4222	4.362233792282764
4223	4223	2.3529754851462807
4224	4224	2.331475787606683
4225	4225	3.27353475109933
4226	4226	0.8914347803759313
4227	4227	2.6387731203459284
4228	4228	1.0695555156600824
4229	4229	2.6939635360759446
4230	4230	1.3925719496230038
4231	4231	1.4567425728796652
4232	4232	3.8678018848970326
4233	4233	5.703342222725928
4234	4234	2.02338507411239
4235	4235	3.344664188693976
4236	4236	1.3934236165990637
4237	4237	1.9773891311070901
4238	4238	1.3509660097991747
4239	4239	2.759134329135123
4240	4240	2.380462372427546
4241	4241	2.299474034599859
4242	4242	5.620221565912354
4243	4243	2.2898269163635563
4244	4244	2.6565054541415662
4245	4245	2.647517646128465
4246	4246	0.8701635136635122
4247	4247	2.7571367839075185
4248	4248	4.673802781046252
4249	4249	5.328238303401514
4250	4250	0.7345475342543699
4251	4251	2.377684422277377
4252	4252	1.3668022466468646
4253	4253	3.4901556082457756
4254	4254	1.8497649468090023
4255	4255	1.6772014155885837
4256	4256	4.9423941433500405
4257	4257	4.088502323669353
4258	4258	2.340889772017916
4259	4259	2.428580290401055
4260	4260	1.4317598393471496
4261	4261	3.6325748879242785
4262	4262	4.6435827523387685
4263	4263	2.3732701333511907
4264	4264	3.0434500567610776
4265	4265	3.5735990516971787
4266	4266	3.3484503489093513
4267	4267	1.935577403129716
4268	4268	2.6168505063725624
4269	4269	1.406184153912538
4270	4270	2.3839359558085698
4271	4271	3.7092217810756094
4272	4272	7.765016217255525
4273	4273	1.9342530502109128
4274	4274	2.562127184380522
4275	4275	3.003740810183646
4276	4276	2.8787939745728988
4277	4277	3.7131235879208537
4278	4278	0.8403886781995955
4279	4279	0.9579414714592143
4280	4280	2.0102804055583947
4281	4281	0.606909844233894
4282	4282	2.506667398788942
4283	4283	4.1505059479863675
4284	4284	2.091537355702034
4285	4285	0.5774000774257706
4286	4286	5.337564967433908
4287	4287	4.667601096074277
4288	4288	1.1139805504534792
4289	4289	2.986726313557173
4290	4290	0.7216629185220089
4291	4291	4.228103509232007
4292	4292	4.349103633036577
4293	4293	2.9255105701916593
4294	4294	4.287445778175449
4295	4295	4.186367488067486
4296	4296	3.0545833848930983
4297	4297	1.9339824329518334
4298	4298	2.900743156707777
4299	4299	2.704746422425995
4300	4300	0.9278276503704288
4301	4301	6.712710408941989
4302	4302	5.12212698518378
4303	4303	3.331415290925071
4304	4304	2.056730373188003
4305	4305	3.8128645204956566
4306	4306	0.8456358183227723
4307	4307	4.734899683072106
4308	4308	1.2787985415119392
4309	4309	4.502965067565523
4310	4310	2.370617290486619
4311	4311	3.1778375341365415
4312	4312	4.673505473636846
4313	4313	4.8106457352594045
4314	4314	4.244538301289712
4315	4315	3.631685619471006
4316	4316	2.3711984092044127
4317	4317	3.5589163642273225
4318	4318	3.20333066327444
4319	4319	2.1297008060060794
4320	4320	9.367569218103474
4321	4321	3.1727064189929726
4322	4322	3.0249226112335785
4323	4323	1.0783896086357274
4324	4324	6.459410948825997
4325	4325	1.7961491766689095
4326	4326	1.1750631768392394
4327	4327	2.0135087959348352
4328	4328	3.701516504751397
4329	4329	1.953405045234455
4330	4330	2.209652507741059
4331	4331	5.983594390772817
4332	4332	1.9280386726908114
4333	4333	1.6770814437097965
4334	4334	1.1637912469503902
4335	4335	1.5951575811235172
4336	4336	1.6905637740158022
4337	4337	3.0137805056556566
4338	4338	1.8360826487019244
4339	4339	3.7171241633964187
4340	4340	1.3162811123266254
4341	4341	6.913619604794623
4342	4342	5.373898482768142
4343	4343	4.3810145975638495
4344	4344	1.144012895957397
4345	4345	2.8864269885149296
4346	4346	6.74443486979017
4347	4347	3.3910976196070295
4348	4348	2.1614559556780755
4349	4349	1.3011960840451335
4350	4350	0.9039728546174711
4351	4351	3.3657182604905875
4352	4352	2.2093474645113202
4353	4353	3.743894300798864
4354	4354	3.3446760264314563
4355	4355	2.885997913756012
4356	4356	2.059198676136281
4357	4357	3.208717257551023
4358	4358	1.432848229248806
4359	4359	1.694261316484134
4360	4360	2.880711068248152
4361	4361	5.453237667503709
4362	4362	4.99183496321122
4363	4363	4.17873065450782
4364	4364	2.2031682660975678
4365	4365	1.514929973789633
4366	4366	1.1443710906495537
4367	4367	8.06188647062182
4368	4368	1.474335769583147
4369	4369	0.9803889185605779
4370	4370	5.116653612715087
4371	4371	0.4942875383415495
4372	4372	2.0133043059249527
4373	4373	2.072270369774055
4374	4374	2.7811220512728108
4375	4375	3.0443066305608717
4376	4376	5.681685435490618
4377	4377	2.211351673535189
4378	4378	2.000137514842738
4379	4379	4.241516014598623
4380	4380	3.0493549429521516
4381	4381	2.1053163296910444
4382	4382	3.9465348228384824
4383	4383	4.0303432616458394
4384	4384	2.571258885380541
4385	4385	1.8601328689841703
4386	4386	2.476412745920398
4387	4387	1.3979496407707095
4388	4388	0.8420004585122707
4389	4389	0.9597735939056959
4390	4390	3.8299548691933794
4391	4391	2.1233574559013286
4392	4392	2.609243367729489
4393	4393	10.185733307818932
4394	4394	1.6059171556741698
4395	4395	1.580164224299724
4396	4396	3.8019399713925677
4397	4397	2.9486477282297305
4398	4398	4.04551183768719
4399	4399	3.198417029493057
4400	4400	3.0170101900654656
4401	4401	2.1700096839484573
4402	4402	4.508891559684855
4403	4403	9.704202655438849
4404	4404	2.715593238034444
4405	4405	2.767008223611631
4406	4406	2.7753082975282948
4407	4407	4.880601763621134
4408	4408	1.6386186424399334
4409	4409	2.4475545560014833
4410	4410	4.442059378123128
4411	4411	1.8898682039677883
4412	4412	1.9035745122334915
4413	4413	1.5612899538150737
4414	4414	2.9266332465735125
4415	4415	4.341224056931855
4416	4416	1.8387593656366978
4417	4417	0.9038545798151866
4418	4418	1.3986994586527683
4419	4419	1.1346717621536135
4420	4420	2.6767133938022765
4421	4421	3.564339420546359
4422	4422	1.7349310617535085
4423	4423	5.135069759634847
4424	4424	3.5333291501161286
4425	4425	2.1309414028750338
4426	4426	5.957108198636851
4427	4427	2.194439109271067
4428	4428	0.8774784234326372
4429	4429	2.744032744469808
4430	4430	2.221144590545413
4431	4431	3.213487396879554
4432	4432	4.3070705332052395
4433	4433	1.1509171858605778
4434	4434	4.609686080657225
4435	4435	3.703902230177098
4436	4436	3.175513424739558
4437	4437	5.834741164499208
4438	4438	1.7376153740793274
4439	4439	4.5682581877009305
4440	4440	0.9940519424284551
4441	4441	2.2582527600360507
4442	4442	3.556487823447665
4443	4443	3.37994128065193
4444	4444	2.1074654887181463
4445	4445	5.198624681991191
4446	4446	1.8710750713308517
4447	4447	2.1223900546549888
4448	4448	2.503849992138857
4449	4449	4.635039565840112
4450	4450	4.773450016239673
4451	4451	2.431402173628521
4452	4452	4.868353007873434
4453	4453	4.894993356611701
4454	4454	3.529063101766881
4455	4455	2.5417335868462843
4456	4456	1.8032129141203204
4457	4457	3.601361227173123
4458	4458	6.600918666476648
4459	4459	5.100674234036804
4460	4460	2.634432388131951
4461	4461	2.1904104448376396
4462	4462	3.596916921145296
4463	4463	3.7180847912451984
4464	4464	3.5257800028047948
4465	4465	2.2134122101611786
4466	4466	1.3664109145253893
4467	4467	1.5377761560405383
4468	4468	3.518475784767633
4469	4469	5.071635203935201
4470	4470	1.2046936853077288
4471	4471	2.4137302545152783
4472	4472	5.102189732058663
4473	4473	0.6019488819333233
4474	4474	3.0935004034792177
4475	4475	3.527238374068214
4476	4476	2.2285564585326294
4477	4477	4.7184059586749685
4478	4478	2.7578380616874343
4479	4479	7.2270872233426156
4480	4480	1.287517755928873
4481	4481	3.980220073905466
4482	4482	3.5184810388080487
4483	4483	0.3936124557019094
4484	4484	4.076656519125573
4485	4485	2.4476205908528987
4486	4486	3.402988615215344
4487	4487	1.8636758632523496
4488	4488	2.675338452850803
4489	4489	3.1979595353313113
4490	4490	1.1549013682829141
4491	4491	0.37794913698671584
4492	4492	4.058908649560424
4493	4493	1.619946585647721
4494	4494	3.2981836258221806
4495	4495	1.445379069621443
4496	4496	3.1488515025263526
4497	4497	1.4280832040483473
4498	4498	1.7792339556851147
4499	4499	4.258632645154316
4500	4500	3.3157552219822795
4501	4501	3.882156564882495
4502	4502	3.1960658953389327
4503	4503	2.027514263710862
4504	4504	1.24215503904195
4505	4505	2.6003730860775307
4506	4506	2.4146661035558807
4507	4507	3.9617524026854873
4508	4508	2.3516523218237464
4509	4509	3.6334877597931667
4510	4510	1.3573037224714561
4511	4511	0.858107052016191
4512	4512	8.104723379583206
4513	4513	1.672319596596389
4514	4514	2.6951400391478533
4515	4515	2.6854035200945425
4516	4516	3.6561379324773995
4517	4517	3.274442174833473
4518	4518	5.679274422922356
4519	4519	2.9470518404977346
4520	4520	3.2991972209717098
4521	4521	3.159731705436704
4522	4522	1.8067514595176708
4523	4523	3.9805133213873902
4524	4524	3.924691484854783
4525	4525	1.6797824992113575
4526	4526	3.7225924380920525
4527	4527	3.0199788590092354
4528	4528	1.0859735783726454
4529	4529	1.6635368638268242
4530	4530	4.199767182128215
4531	4531	1.8038567229228737
4532	4532	4.469164211129706
4533	4533	1.8288626787105349
4534	4534	1.0216753885637164
4535	4535	0.8561438605860757
4536	4536	3.803359637334868
4537	4537	2.1782646895957587
4538	4538	2.4862853772498656
4539	4539	7.2202784618476645
4540	4540	3.2048268968231506
4541	4541	2.8723917623292192
4542	4542	1.7242871550483347
4543	4543	1.5623714354418112
4544	4544	1.2822991298178974
4545	4545	2.409389417936881
4546	4546	1.4499578644380584
4547	4547	0.9496728801314502
4548	4548	1.8996226044984026
4549	4549	2.256611597114551
4550	4550	3.029587554515172
4551	4551	2.8138382465854415
4552	4552	2.4266546213748086
4553	4553	2.2143744115690316
4554	4554	2.616106730197033
4555	4555	5.949115564711374
4556	4556	1.9403284080157335
4557	4557	3.4934165426621497
4558	4558	1.7314172603634863
4559	4559	0.9540727394884235
4560	4560	1.144788397532079
4561	4561	5.051381177163288
4562	4562	2.518894111478197
4563	4563	2.164222752551784
4564	4564	0.8107786111181216
4565	4565	2.9939130860412413
4566	4566	1.9044567898003646
4567	4567	0.41987440355771627
4568	4568	1.8170800593732734
4569	4569	2.005647628626096
4570	4570	3.0008386952064363
4571	4571	3.7123564478840194
4572	4572	1.759553623311541
4573	4573	1.3335077419352734
4574	4574	4.336994914578618
4575	4575	1.4438522382102872
4576	4576	2.3222432540662465
4577	4577	2.7456485924439495
4578	4578	5.649125117599334
4579	4579	2.613266082924067
4580	4580	4.821603960383577
4581	4581	1.3217814825587544
4582	4582	2.8467662682437034
4583	4583	2.8169498242526814
4584	4584	5.415330157862092
4585	4585	3.1280750194362335
4586	4586	2.7046714177122393
4587	4587	3.163385902300096
4588	4588	2.03893852449961
4589	4589	2.21113787087952
4590	4590	1.435747612671494
4591	4591	2.4241517276504574
4592	4592	1.0334127879088575
4593	4593	1.6571501145780205
4594	4594	0.785270645815386
4595	4595	4.240215247995071
4596	4596	1.7390739685394156
4597	4597	4.165515756138623
4598	4598	2.3894898924975383
4599	4599	2.9442166427594145
4600	4600	2.148440076388345
4601	4601	2.025277862853493
4602	4602	6.844059530635455
4603	4603	1.8009087610213301
4604	4604	1.2504261207798075
4605	4605	2.728536821366048
4606	4606	2.8336430638861527
4607	4607	3.2602327424636135
4608	4608	2.738257616012133
4609	4609	1.0202669409716236
4610	4610	2.3287565227161426
4611	4611	1.3493893969681947
4612	4612	2.5585718518069056
4613	4613	1.1411346595249074
4614	4614	1.719859916299587
4615	4615	1.954996548991879
4616	4616	1.9824277235959271
4617	4617	2.428428599154742
4618	4618	1.538338766259138
4619	4619	4.27107604720991
4620	4620	2.404124892208025
4621	4621	6.986154706953678
4622	4622	1.983012238779832
4623	4623	2.4749560622058
4624	4624	1.6436844910498358
4625	4625	2.6442891554329586
4626	4626	1.4953699415389505
4627	4627	2.079999023857818
4628	4628	4.341604228387242
4629	4629	2.4497576295803194
4630	4630	4.178832263866347
4631	4631	5.526049228621401
4632	4632	4.856918175365347
4633	4633	1.527092323349319
4634	4634	2.1756130887654033
4635	4635	4.336248598485511
4636	4636	1.5251641151674389
4637	4637	3.1458841254916643
4638	4638	1.6982347460320897
4639	4639	5.464820781020084
4640	4640	2.27756780194857
4641	4641	2.2737437611552886
4642	4642	0.9154609147355128
4643	4643	3.655076823007907
4644	4644	3.9924499971335656
4645	4645	1.1931468916878203
4646	4646	1.8867797621040339
4647	4647	4.997736396131392
4648	4648	3.3519988530968314
4649	4649	1.244937473907383
4650	4650	4.637896684334761
4651	4651	0.22431526791803702
4652	4652	2.2840684949930585
4653	4653	3.0475880160418445
4654	4654	4.535857103049848
4655	4655	2.165239065456401
4656	4656	0.8392271275273844
4657	4657	2.7766414841913223
4658	4658	2.026803497835494
4659	4659	2.117571974529825
4660	4660	2.3897807366863857
4661	4661	2.87085729959737
4662	4662	1.250559897887836
4663	4663	4.711594208801917
4664	4664	3.5265112163496273
4665	4665	1.7267505321063163
4666	4666	5.760169925253875
4667	4667	4.812924770261149
4668	4668	0.46629745369840303
4669	4669	2.655490665468891
4670	4670	1.1358702202218565
4671	4671	5.999186851873241
4672	4672	1.642221191191979
4673	4673	0.9611807835892194
4674	4674	2.105475564290883
4675	4675	3.191596072523234
4676	4676	2.4152790138876234
4677	4677	2.376592600014173
4678	4678	3.1523204574824324
4679	4679	1.8915052763021585
4680	4680	1.865358376892192
4681	4681	3.259114021912348
4682	4682	5.99862162941242
4683	4683	0.934262815391788
4684	4684	1.502154405698791
4685	4685	1.7277900215666278
4686	4686	1.0286671636111286
4687	4687	0.779903558596817
4688	4688	3.4386124292807905
4689	4689	3.7923614398830545
4690	4690	2.6404937252592906
4691	4691	2.3827303693100426
4692	4692	3.926051644878076
4693	4693	2.762932399500052
4694	4694	1.6647851594086431
4695	4695	4.622276869511569
4696	4696	4.944076563483952
4697	4697	2.052274379802748
4698	4698	4.233128634121558
4699	4699	5.1563761045215335
4700	4700	5.413652030226837
4701	4701	3.1406517935063705
4702	4702	3.031983162155232
4703	4703	1.9052050784756016
4704	4704	2.7090217254870095
4705	4705	2.779512648933956
4706	4706	1.5678218806420408
4707	4707	1.5122823874722207
4708	4708	1.6452877912459662
4709	4709	1.9218402325445756
4710	4710	2.295105653291465
4711	4711	4.9992244806187145
4712	4712	2.4686878194752815
4713	4713	5.2672991481563
4714	4714	1.0294055534047684
4715	4715	3.476512240074954
4716	4716	3.830360241130681
4717	4717	1.8531225941656075
4718	4718	5.0641320309718925
4719	4719	4.0998243859541965
4720	4720	2.669933742648322
4721	4721	2.3198631776547467
4722	4722	2.6682211028236145
4723	4723	1.3739254477980734
4724	4724	6.750421520106231
4725	4725	1.4262597808495514
4726	4726	1.8438102317400755
4727	4727	3.533249835053516
4728	4728	0.7418998830559845
4729	4729	4.034821399941366
4730	4730	2.948148705831337
4731	4731	5.0811060083500825
4732	4732	2.4165967129032895
4733	4733	1.5124702617926693
4734	4734	4.495216844996015
4735	4735	3.762479177630727
4736	4736	2.360424022681374
4737	4737	3.4742852151335706
4738	4738	2.8592342000768984
4739	4739	4.728555681745276
4740	4740	2.134401443089795
4741	4741	4.215389816937895
4742	4742	3.777420055750373
4743	4743	2.7156872813247617
4744	4744	7.536864520169791
4745	4745	3.834878199454041
4746	4746	3.342903000408942
4747	4747	5.841139629869243
4748	4748	3.554660559718492
4749	4749	0.9044843546509189
4750	4750	1.6041016657868004
4751	4751	2.689644292921149
4752	4752	2.9354071849859893
4753	4753	4.134933780287683
4754	4754	6.180995064549455
4755	4755	1.7716573611097293
4756	4756	6.030252588089899
4757	4757	3.0516129428738514
4758	4758	1.5342011344359094
4759	4759	1.4186641297774252
4760	4760	1.8242538501963708
4761	4761	1.013368002491924
4762	4762	2.42968544950322
4763	4763	9.081141028838044
4764	4764	2.5691689964517472
4765	4765	3.548231593199085
4766	4766	2.595216462974844
4767	4767	2.6692030695688733
4768	4768	1.286141446077609
4769	4769	4.630304776322613
4770	4770	3.1999218440141317
4771	4771	2.4083296906078626
4772	4772	3.8296382504228466
4773	4773	1.2463549359280481
4774	4774	5.254424420776163
4775	4775	2.157177746179561
4776	4776	3.2917989171419935
4777	4777	4.078942266074847
4778	4778	1.1615812240924124
4779	4779	3.17418340402195
4780	4780	6.109273896155341
4781	4781	5.148743387585496
4782	4782	3.38895690471462
4783	4783	1.3230750637530178
4784	4784	3.047197851605051
4785	4785	3.6560870351021006
4786	4786	2.263529697814692
4787	4787	3.8321329050658717
4788	4788	2.5303865691681446
4789	4789	2.2172395388835073
4790	4790	0.6154651091825791
4791	4791	3.8545588467023166
4792	4792	2.1388284220373013
4793	4793	4.731738873430149
4794	4794	4.225011338335728
4795	4795	3.137207659493809
4796	4796	0.9094803692020174
4797	4797	1.8373304962713104
4798	4798	1.4799560978523316
4799	4799	1.1779462810018164
4800	4800	1.4689949584885706
4801	4801	2.5984126252905115
4802	4802	4.904160329534914
4803	4803	5.734145226987609
4804	4804	2.589374068699378
4805	4805	1.4755723172271318
4806	4806	1.9542332322239262
4807	4807	3.8049561323337824
4808	4808	1.5758573021258429
4809	4809	2.4491563696852037
4810	4810	5.120731597943169
4811	4811	2.090979758626756
4812	4812	0.3310100391421931
4813	4813	4.103003268330307
4814	4814	2.1025066471644385
4815	4815	0.9539187254326651
4816	4816	3.9597419579214614
4817	4817	3.539740945833728
4818	4818	3.409999044717573
4819	4819	3.1474303755945945
4820	4820	1.6992534984483865
4821	4821	2.651260821704824
4822	4822	1.081459205215185
4823	4823	0.9057621359765693
4824	4824	2.7141139001133725
4825	4825	1.2114971679884197
4826	4826	7.45730370772402
4827	4827	1.319325278240267
4828	4828	2.420941917295691
4829	4829	1.675169525185857
4830	4830	4.095234274361692
4831	4831	1.7363901905066492
4832	4832	4.237744951187611
4833	4833	6.157336941051353
4834	4834	2.9694342715504125
4835	4835	7.215052237444407
4836	4836	2.322651729098452
4837	4837	2.5167659046925914
4838	4838	2.9181105190740055
4839	4839	3.0326739509095884
4840	4840	0.65235193625479
4841	4841	2.512259683854854
4842	4842	4.717152528504974
4843	4843	3.1066269931704324
4844	4844	2.327658752107827
4845	4845	1.2232357376614968
4846	4846	0.99123525996788
4847	4847	3.454200749171454
4848	4848	1.92748419690365
4849	4849	8.749684226915804
4850	4850	2.6821994072473396
4851	4851	3.024245572533111
4852	4852	6.293280880733595
4853	4853	2.5996730039369016
4854	4854	4.528057314825684
4855	4855	4.902631909877695
4856	4856	2.601067144173345
4857	4857	4.671866371006072
4858	4858	2.4771340542648366
4859	4859	1.9356914450488765
4860	4860	2.4466423708100873
4861	4861	2.489480942590224
4862	4862	3.6139814822044247
4863	4863	2.0740985115705985
4864	4864	2.9251050429480463
4865	4865	4.079804136980329
4866	4866	4.445225636062554
4867	4867	1.5352209693846173
4868	4868	1.8455891891951803
4869	4869	4.678705132556789
4870	4870	4.36932258761547
4871	4871	2.6610304134404066
4872	4872	3.9672959005519073
4873	4873	1.572887289043757
4874	4874	5.408699561835059
4875	4875	1.5925241564825268
4876	4876	4.556291221573412
4877	4877	1.6039570736694913
4878	4878	3.6187409421769576
4879	4879	1.6380142750301325
4880	4880	2.813132346191413
4881	4881	3.5902732571529334
4882	4882	3.5532924162577624
4883	4883	2.8537107232136636
4884	4884	2.735041626643268
4885	4885	2.6709984422906174
4886	4886	3.1247067210498547
4887	4887	4.895087924690811
4888	4888	1.9807271202357501
4889	4889	2.507037863495801
4890	4890	4.5457318010143775
4891	4891	2.930509407213448
4892	4892	2.432985328392264
4893	4893	3.275658308478225
4894	4894	6.516474303838717
4895	4895	5.095732545443441
4896	4896	3.3838825016145977
4897	4897	1.831098659428069
4898	4898	1.6436243079618365
4899	4899	2.238333678116397
4900	4900	1.0200395805407618
4901	4901	1.1338270817432672
4902	4902	1.6602298019688964
4903	4903	4.587040118255907
4904	4904	2.4824721386738764
4905	4905	4.785002066017951
4906	4906	4.022195559962562
4907	4907	0.19439447126820497
4908	4908	2.1278492804903415
4909	4909	2.701359573144688
4910	4910	7.442466980383533
4911	4911	0.5411484705691678
4912	4912	2.636956166534066
4913	4913	1.2725294179407265
4914	4914	2.880967596945716
4915	4915	4.351641459251465
4916	4916	2.624649845134675
4917	4917	2.798263810380565
4918	4918	4.593630164521528
4919	4919	1.7354173852967592
4920	4920	2.8267191558074014
4921	4921	2.2548920170972933
4922	4922	1.2132939144891959
4923	4923	0.8999117214775604
4924	4924	1.894191331419749
4925	4925	2.3828836839610656
4926	4926	3.011894886114727
4927	4927	3.234964835490236
4928	4928	1.6386263366651577
4929	4929	4.623346445242557
4930	4930	1.083680541413881
4931	4931	2.859035377077183
4932	4932	4.956402775065305
4933	4933	2.574945430412722
4934	4934	3.2793134549806124
4935	4935	1.4376654956071913
4936	4936	3.5911983580269276
4937	4937	3.4009511237546346
4938	4938	5.594546301545648
4939	4939	5.228841938156012
4940	4940	5.177422130665381
4941	4941	6.193741036118654
4942	4942	1.961929491116399
4943	4943	1.6498567750278896
4944	4944	0.46452916038748104
4945	4945	2.9390134697460764
4946	4946	6.56195497887818
4947	4947	2.1172239584099097
4948	4948	5.487305587046995
4949	4949	0.6965816630544561
4950	4950	2.022793326318156
4951	4951	2.1966025221361356
4952	4952	1.6690837894540185
4953	4953	5.7666826564339875
4954	4954	3.8668631959015287
4955	4955	3.567863462600027
4956	4956	2.141744838616949
4957	4957	1.226238496933448
4958	4958	2.2330114938902605
4959	4959	0.2975527932368636
4960	4960	6.720403484197289
4961	4961	2.6614344842185105
4962	4962	7.165113506032252
4963	4963	3.1826693315952603
4964	4964	3.10978991947928
4965	4965	5.110799967250333
4966	4966	3.7551719062160585
4967	4967	4.401163465296949
4968	4968	5.279364053315802
4969	4969	1.2434398709246397
4970	4970	5.201525751690485
4971	4971	4.113920986179858
4972	4972	1.0299546252856722
4973	4973	3.177916548301286
4974	4974	3.799753348944936
4975	4975	1.0815260141883305
4976	4976	1.481488806526322
4977	4977	1.7302646384132372
4978	4978	3.940102017610637
4979	4979	3.9943773129948377
4980	4980	1.1895346965544524
4981	4981	1.1453275394337057
4982	4982	1.4562424826167697
4983	4983	1.9772209186963599
4984	4984	2.2425357969308584
4985	4985	2.1185811133213135
4986	4986	1.377986318452848
4987	4987	1.409435799789921
4988	4988	1.7569848429152999
4989	4989	2.171549110199031
4990	4990	1.1579299109192398
4991	4991	3.5276381138605193
4992	4992	2.276202977188657
4993	4993	2.0456495818481644
4994	4994	4.232065428400741
4995	4995	2.6951551999807113
4996	4996	3.979879187008292
4997	4997	3.9407903285746486
4998	4998	2.1554026430312345
4999	4999	1.7908223565075279
5000	5000	1.793844021453748
5001	5001	2.1563915083550387
5002	5002	2.9105652418884618
5003	5003	6.029460414365418
5004	5004	6.068334287449854
5005	5005	3.5883618015826593
5006	5006	0.8277497685919175
5007	5007	3.154214703451471
5008	5008	3.29686353579509
5009	5009	1.166354471165386
5010	5010	1.141838524915059
5011	5011	3.454673166996008
5012	5012	3.068810822325809
5013	5013	4.506342121236517
5014	5014	1.817440997064916
5015	5015	2.430771822029153
5016	5016	4.4503883230556704
5017	5017	4.585597207837346
5018	5018	1.6847997197548354
5019	5019	6.06075375456115
5020	5020	0.7059832408637826
5021	5021	2.4687602433877807
5022	5022	4.027514147289864
5023	5023	2.5702067691637875
5024	5024	5.795046048464426
5025	5025	3.1313906521342947
5026	5026	3.0888368427420767
5027	5027	5.651827401829747
5028	5028	7.608944529627743
5029	5029	0.8610438458462826
5030	5030	2.2235083115200953
5031	5031	3.7394108415975595
5032	5032	2.4190394188773974
5033	5033	3.6262922131975466
5034	5034	1.0184814267268532
5035	5035	1.329697009053659
5036	5036	2.4485908675340067
5037	5037	3.324688897382539
5038	5038	4.740444006120763
5039	5039	1.3168259126406565
5040	5040	2.489182938404488
5041	5041	1.3704396291288847
5042	5042	2.2205062116778116
5043	5043	0.8667279580626848
5044	5044	3.1654155285977983
5045	5045	1.7063180344087696
5046	5046	3.038419999769978
5047	5047	3.525589513131636
5048	5048	3.7349525943369426
5049	5049	11.398657478587094
5050	5050	4.279096920806896
5051	5051	2.630987784445592
5052	5052	4.361048278546424
5053	5053	1.5866795885654894
5054	5054	6.881815890982154
5055	5055	3.7538133283649806
5056	5056	1.8598150849123778
5057	5057	3.214072714374769
5058	5058	1.4166119700709523
5059	5059	3.2292188441344676
5060	5060	1.7203544657647103
5061	5061	3.3459545700906177
5062	5062	5.372664737903959
5063	5063	5.830257644430927
5064	5064	0.4593308879416995
5065	5065	1.5233348881322097
5066	5066	2.7545512330073993
5067	5067	0.09791040103108163
5068	5068	2.549695908945786
5069	5069	1.1851498415973634
5070	5070	1.6763015916777473
5071	5071	1.338580078964747
5072	5072	1.7188068728014194
5073	5073	1.0619373841458746
5074	5074	3.766717392072574
5075	5075	3.5237657713617647
5076	5076	1.5802181192488818
5077	5077	1.4179274537564344
5078	5078	1.7759380545525736
5079	5079	2.289006676648576
5080	5080	1.6921656565787917
5081	5081	4.2562810023839095
5082	5082	6.347105940881633
5083	5083	1.933568716808626
5084	5084	3.7566913432049476
5085	5085	1.9815714092024876
5086	5086	3.5198247271269496
5087	5087	5.526935573473229
5088	5088	3.311485666648022
5089	5089	4.135020006114567
5090	5090	1.3134165430261202
5091	5091	8.765237113650606
5092	5092	6.532897987656586
5093	5093	1.523786968002136
5094	5094	0.6360470246015164
5095	5095	1.479209444828259
5096	5096	4.8138640236852925
5097	5097	1.2842806095552302
5098	5098	2.9443099678456024
5099	5099	2.4726160718189374
5100	5100	1.752185861296612
5101	5101	3.8114666770243693
5102	5102	3.559844849328304
5103	5103	2.324445577107586
5104	5104	1.52994929272581
5105	5105	5.5452234699004315
5106	5106	1.424694725259799
5107	5107	3.7398410876459605
5108	5108	1.6613322355470146
5109	5109	1.7329771963592626
5110	5110	3.602976797443101
5111	5111	1.338070177576329
5112	5112	3.5407249111457473
5113	5113	2.0864897116382
5114	5114	4.9525618705680365
5115	5115	2.555896695288102
5116	5116	2.4067384433744166
5117	5117	2.9648611948745214
5118	5118	1.5462927306662186
5119	5119	2.8232537026427664
5120	5120	1.2517982478729786
5121	5121	5.964641420917864
5122	5122	1.0179406062335568
5123	5123	4.16979559459859
5124	5124	4.030689058312963
5125	5125	2.4582726866629145
5126	5126	0.7969525901112797
5127	5127	0.7965182327625553
5128	5128	3.6245967858567814
5129	5129	1.3678581220923622
5130	5130	4.111005850638711
5131	5131	1.625298259712791
5132	5132	4.642817019120708
5133	5133	2.1501189767123057
5134	5134	1.291409974559046
5135	5135	4.675511301339759
5136	5136	2.409751266739882
5137	5137	4.740809366649209
5138	5138	2.634903702567051
5139	5139	3.3502704095655025
5140	5140	2.536862401129236
5141	5141	6.117365526823448
5142	5142	5.041006905198552
5143	5143	1.7070985880805358
5144	5144	2.2795785490195106
5145	5145	1.9908569173040729
5146	5146	1.0846483197958716
5147	5147	5.397079023821183
5148	5148	1.3384534473112302
5149	5149	0.6129847805517038
5150	5150	2.12296824983434
5151	5151	3.3150046355633784
5152	5152	2.882850415332279
5153	5153	2.910037565518013
5154	5154	2.439996312608173
5155	5155	2.1474286749437335
5156	5156	1.7575782930324915
5157	5157	2.78808877478717
5158	5158	3.4678802848752577
5159	5159	1.9217472336385746
5160	5160	1.7382912335681289
5161	5161	6.6841708960181805
5162	5162	1.0722727791738795
5163	5163	0.54180236321918
5164	5164	3.2784633321750087
5165	5165	2.3719733915347243
5166	5166	0.7168959716779015
5167	5167	5.855862484855411
5168	5168	1.2643426461313787
5169	5169	3.2401211891534505
5170	5170	1.9542574242018216
5171	5171	2.3793204062547892
5172	5172	5.947592191678577
5173	5173	4.023361460186141
5174	5174	2.3380350234236897
5175	5175	1.2865486842474476
5176	5176	2.142406851944844
5177	5177	3.0184736397658605
5178	5178	2.345358269112557
5179	5179	1.0264831344578196
5180	5180	2.7421737767944383
5181	5181	5.260772771529657
5182	5182	1.2102778237731302
5183	5183	2.8665224840068384
5184	5184	2.916718117038084
5185	5185	1.2267976893513148
5186	5186	2.13707631609213
5187	5187	2.0868302148814895
5188	5188	3.6344611709457126
5189	5189	0.9224603626946385
5190	5190	0.7133425824087795
5191	5191	2.7544274583586543
5192	5192	2.2023026721884835
5193	5193	2.0829052805079025
5194	5194	2.8766417191413525
5195	5195	2.661901238150673
5196	5196	3.6722174193582813
5197	5197	0.9831683952488028
5198	5198	1.3317236014164249
5199	5199	1.122626323734863
5200	5200	0.970484845688478
5201	5201	6.908516940225738
5202	5202	2.739908345375149
5203	5203	2.993449266408959
5204	5204	2.581501935093261
5205	5205	1.4204244965288608
5206	5206	1.6512055215229315
5207	5207	4.423407653636307
5208	5208	1.6276948061764343
5209	5209	2.856992163174252
5210	5210	2.7415064760332566
5211	5211	5.162490288096916
5212	5212	2.3004423304234374
5213	5213	1.835017012687141
5214	5214	1.5169881333980095
5215	5215	4.71509899550402
5216	5216	5.892496095373044
5217	5217	1.0155793675413456
5218	5218	4.097224194643445
5219	5219	4.838545451664622
5220	5220	3.2677889981668287
5221	5221	3.3065523177285336
5222	5222	1.061279741839124
5223	5223	1.9351681865649746
5224	5224	2.009765409414057
5225	5225	2.2265006960297495
5226	5226	4.2612053776051
5227	5227	2.4859603474266527
5228	5228	8.18328208980729
5229	5229	1.4778860601163297
5230	5230	3.113779922119442
5231	5231	3.493045067781223
5232	5232	1.9216013079674517
5233	5233	5.625007023607772
5234	5234	4.3471295147422175
5235	5235	3.942746592901079
5236	5236	1.1703512926829673
5237	5237	6.868640906332651
5238	5238	3.7757267843824893
5239	5239	4.615481297903406
5240	5240	0.5068224895595526
5241	5241	1.2785216920059235
5242	5242	2.7606082634274633
5243	5243	1.7690497561096
5244	5244	1.43226784476279
5245	5245	1.5432212364658702
5246	5246	3.6417416842183776
5247	5247	4.080936772301323
5248	5248	3.0756907620970706
5249	5249	5.342425162915991
5250	5250	1.4795075303287892
5251	5251	5.151752212659391
5252	5252	2.9578335274994245
5253	5253	3.1055548281726892
5254	5254	1.5173969463211692
5255	5255	2.156634214450359
5256	5256	2.6127525836416887
5257	5257	1.4385538928087036
5258	5258	3.3258493989202766
5259	5259	0.238983515495912
5260	5260	0.5371433683499788
5261	5261	1.9943836333075817
5262	5262	5.736829888639855
5263	5263	1.5217315834595424
5264	5264	1.1200287867990684
5265	5265	0.9176783785265041
5266	5266	2.7500984790666694
5267	5267	1.1079867444551863
5268	5268	4.664923312077365
5269	5269	3.4917599726111694
5270	5270	3.0320607591085498
5271	5271	3.8001821813700474
5272	5272	5.266165449122431
5273	5273	7.410164291431543
5274	5274	4.356023617770395
5275	5275	2.610780577857208
5276	5276	2.1897183243623974
5277	5277	2.070456723931346
5278	5278	3.8121913130801066
5279	5279	2.492498282240005
5280	5280	2.4402036261427744
5281	5281	2.3497850299326117
5282	5282	4.245136800424329
5283	5283	1.39381952264177
5284	5284	0.8666811461267501
5285	5285	7.109647421289033
5286	5286	3.1338724208303046
5287	5287	9.741840297256923
5288	5288	0.8496444362175162
5289	5289	5.676074219587008
5290	5290	1.4424396706881333
5291	5291	2.5483521865812926
5292	5292	4.656340856670624
5293	5293	1.552763682654398
5294	5294	4.609639983624495
5295	5295	0.7222370075539916
5296	5296	2.5391505643043466
5297	5297	2.1893587641946493
5298	5298	6.0791106877979555
5299	5299	1.4388560402124322
5300	5300	2.210450355145433
5301	5301	5.128700753080964
5302	5302	2.2646428970389576
5303	5303	0.9534833978186756
5304	5304	4.172838760803864
5305	5305	2.4044733696510203
5306	5306	0.9347694830768833
5307	5307	2.4833197065579355
5308	5308	1.590895289542432
5309	5309	1.9235503814089898
5310	5310	0.59343442810932
5311	5311	1.4604154900131268
5312	5312	2.28847702619767
5313	5313	2.1728430926709157
5314	5314	4.353104518571351
5315	5315	2.680687220626224
5316	5316	2.729374820265177
5317	5317	2.1554885802561534
5318	5318	2.173557604190206
5319	5319	2.6948274960089145
5320	5320	5.169737971447306
5321	5321	2.7598790251981535
5322	5322	2.845039454791496
5323	5323	6.266100557913363
5324	5324	2.835966801249242
5325	5325	0.32941169297690076
5326	5326	1.4994187661875977
5327	5327	1.7761091697302236
5328	5328	3.5468544495697687
5329	5329	0.920608580331512
5330	5330	5.797051737500329
5331	5331	1.7232652064092333
5332	5332	4.165162404564326
5333	5333	4.229887349618673
5334	5334	3.266185119679202
5335	5335	0.5436221875754441
5336	5336	2.100694718367601
5337	5337	0.29284114698379626
5338	5338	2.583429314305574
5339	5339	4.224151348910069
5340	5340	2.137663969078546
5341	5341	3.747082147126658
5342	5342	1.7573897957033149
5343	5343	1.20026081042922
5344	5344	2.7375668297016036
5345	5345	3.1115925108783085
5346	5346	2.5752923668295766
5347	5347	3.273853319946668
5348	5348	2.459265395916214
5349	5349	1.7161922478942557
5350	5350	3.694149314393325
5351	5351	1.8624011860954726
5352	5352	1.009044056214858
5353	5353	2.8198410061947787
5354	5354	4.637834250126552
5355	5355	2.4376641430336896
5356	5356	3.522325243533045
5357	5357	0.5848749842559097
5358	5358	3.88846032554362
5359	5359	6.795612972913344
5360	5360	4.593843085205618
5361	5361	2.5169126447616645
5362	5362	3.315538734281811
5363	5363	2.3343304697447476
5364	5364	2.0881235139068575
5365	5365	5.3270305181253015
5366	5366	3.600195052389836
5367	5367	1.7578273594287195
5368	5368	8.600193028450207
5369	5369	2.9347743820125918
5370	5370	6.325493267750481
5371	5371	5.288624247233642
5372	5372	2.838633772840975
5373	5373	4.830283132790193
5374	5374	3.9093377561815807
5375	5375	3.909286367122193
5376	5376	5.189547875859521
5377	5377	3.321261659540881
5378	5378	1.0978043168413425
5379	5379	5.3976662892690666
5380	5380	1.4830483183393242
5381	5381	3.3519013918991782
5382	5382	2.932456952790773
5383	5383	2.4996980387347536
5384	5384	3.48639232044598
5385	5385	3.9204797170324115
5386	5386	3.2133084773387433
5387	5387	1.897712648913235
5388	5388	4.359590093080867
5389	5389	1.0139912664631787
5390	5390	2.0550242973951764
5391	5391	1.6776867292834168
5392	5392	1.4323031149985392
5393	5393	1.3245455400542485
5394	5394	1.104876095752942
5395	5395	2.1370400370309133
5396	5396	3.604460118288463
5397	5397	1.668741833327115
5398	5398	2.257771296719124
5399	5399	1.1859425061383158
5400	5400	3.0360372414993586
5401	5401	3.8143800303020168
5402	5402	4.174669049104035
5403	5403	3.7954105947656656
5404	5404	1.8413889688741176
5405	5405	1.8030195923929537
5406	5406	5.016169294077701
5407	5407	1.9643017286719868
5408	5408	2.0067386607653868
5409	5409	1.5928047843373172
5410	5410	4.969139266578579
5411	5411	3.3019919327207323
5412	5412	2.548969340175738
5413	5413	1.9512645796870152
5414	5414	2.398834458804757
5415	5415	0.765273752882319
5416	5416	1.7625123525274857
5417	5417	6.7222570930703345
5418	5418	1.9364920337293707
5419	5419	2.627737211705499
5420	5420	7.162950436233293
5421	5421	2.924006812809445
5422	5422	3.4120856969583944
5423	5423	4.416307240148479
5424	5424	1.0882815045091627
5425	5425	3.975271718601025
5426	5426	1.0836644171620848
5427	5427	1.4959838061461395
5428	5428	1.2157604174089092
5429	5429	0.4013410510154537
5430	5430	1.0339300948001986
5431	5431	5.234505997582058
5432	5432	2.3895984875337497
5433	5433	1.270274377335785
5434	5434	3.7124575906579165
5435	5435	3.7970387077306524
5436	5436	1.8324335767718551
5437	5437	1.427453339792589
5438	5438	4.9803366986480135
5439	5439	1.7775358104285646
5440	5440	1.3841857948666325
5441	5441	2.775993605932748
5442	5442	3.0276989137830776
5443	5443	2.711932854773358
5444	5444	1.0090286703967466
5445	5445	6.611940742913923
5446	5446	2.600479518406054
5447	5447	2.1244045818654813
5448	5448	3.6360440881782976
5449	5449	0.3434517653857576
5450	5450	0.6646093300440404
5451	5451	8.435241620161612
5452	5452	2.7478408320182934
5453	5453	0.6118539185700778
5454	5454	2.4174126456392244
5455	5455	3.2966721169667235
5456	5456	0.4361288195117018
5457	5457	2.888901033843525
5458	5458	1.9445116717966169
5459	5459	1.4247481972126077
5460	5460	1.3928199379728907
5461	5461	4.813909439694785
5462	5462	3.3166670230639337
5463	5463	5.0719419686661675
5464	5464	1.6494000492103693
5465	5465	6.022828156872338
5466	5466	2.56175858234408
5467	5467	5.298473370047977
5468	5468	0.7536835717494745
5469	5469	3.283601722378322
5470	5470	1.6009305226539072
5471	5471	2.317115482999091
5472	5472	1.9158651657180592
5473	5473	1.732743819036159
5474	5474	1.9742949812469281
5475	5475	3.4082567023939405
5476	5476	1.5010146843734562
5477	5477	1.810443193555166
5478	5478	1.233975296223138
5479	5479	4.609835104720182
5480	5480	3.6015632134785514
5481	5481	1.9562774231186222
5482	5482	4.169390744582257
5483	5483	3.936319693448411
5484	5484	1.561059887202129
5485	5485	2.4760181150262213
5486	5486	1.6769665584766051
5487	5487	2.7598727724767294
5488	5488	1.186428043674383
5489	5489	4.870813304172687
5490	5490	1.3633325862275163
5491	5491	1.4805724329426158
5492	5492	4.049221427153249
5493	5493	2.0511132488961605
5494	5494	1.4409828857238334
5495	5495	4.671722344471926
5496	5496	1.6822705614824909
5497	5497	1.4555717474969256
5498	5498	4.526817516884069
5499	5499	5.158541388709762
5500	5500	1.3244079775345972
5501	5501	1.6531356367234293
5502	5502	3.387555576356336
5503	5503	1.2517975182815317
5504	5504	3.4140716117255274
5505	5505	1.1794122467664037
5506	5506	2.6134696062107245
5507	5507	5.522224673950483
5508	5508	2.020063401533344
5509	5509	3.599635200185393
5510	5510	2.681764308657442
5511	5511	0.8750981643837623
5512	5512	2.515310590406682
5513	5513	0.8165760308908722
5514	5514	6.7803822259235895
5515	5515	7.419545225795572
5516	5516	4.915750371828575
5517	5517	1.3859318433757335
5518	5518	3.5932065825928907
5519	5519	3.4335632196473083
5520	5520	4.67796185813257
5521	5521	2.6278500953101664
5522	5522	1.6070633848689941
5523	5523	3.365006844777504
5524	5524	5.167481674309581
5525	5525	2.8034918926566808
5526	5526	2.7679606394983005
5527	5527	1.6309357456419369
5528	5528	2.0298775184628046
5529	5529	5.875401640407741
5530	5530	1.8642990725177226
5531	5531	2.372615824985192
5532	5532	5.5206517250540355
5533	5533	2.4716247717082975
5534	5534	5.980210083104574
5535	5535	2.218177184977505
5536	5536	1.906297162698356
5537	5537	2.76867060980713
5538	5538	2.490939347799883
5539	5539	1.0991477170614983
5540	5540	2.231105311526956
5541	5541	4.033566153306457
5542	5542	2.1621634877452798
5543	5543	6.417561531430015
5544	5544	1.6188330056353986
5545	5545	1.109356493676245
5546	5546	1.5501151261673716
5547	5547	3.4890000016827365
5548	5548	1.658722599961359
5549	5549	3.8218573851911124
5550	5550	0.318937031656676
5551	5551	2.1164157516631636
5552	5552	4.885815292386601
5553	5553	1.594240674970922
5554	5554	1.910816649845729
5555	5555	0.4278620273622604
5556	5556	0.8299310642496995
5557	5557	2.5840828261014757
5558	5558	4.419820261217426
5559	5559	1.7101065224868508
5560	5560	4.686208809757422
5561	5561	1.5660485319306372
5562	5562	2.466645305091664
5563	5563	2.807959079117959
5564	5564	3.481705045291755
5565	5565	2.074134988681171
5566	5566	2.4338272238749497
5567	5567	3.8502599326729436
5568	5568	1.4368948648164137
5569	5569	1.8855231809034732
5570	5570	2.6429316473898545
5571	5571	3.8636172571039027
5572	5572	4.404416767000791
5573	5573	2.504012975767917
5574	5574	2.368136596451676
5575	5575	4.434391092103733
5576	5576	1.8083221471404065
5577	5577	4.024943608483818
5578	5578	1.114405663356651
5579	5579	3.518443724221733
5580	5580	1.855330243396904
5581	5581	3.4996764556730686
5582	5582	2.1837380616839615
5583	5583	2.817439451145998
5584	5584	4.94484355492116
5585	5585	3.6437166679529303
5586	5586	1.7391952411474751
5587	5587	4.2399994440040345
5588	5588	1.3963131774995472
5589	5589	4.315884427321692
5590	5590	1.947113808508484
5591	5591	4.043990508507994
5592	5592	6.100583146169425
5593	5593	3.7461138836834196
5594	5594	0.9268293194029488
5595	5595	5.4417012690872575
5596	5596	2.276044114069795
5597	5597	0.5417960269552169
5598	5598	2.4168069830193257
5599	5599	0.6384401877637299
5600	5600	4.509748777184455
5601	5601	3.0735167825905725
5602	5602	3.8289796755886916
5603	5603	1.2237679987962053
5604	5604	1.3624424231737744
5605	5605	1.5503403243866343
5606	5606	0.38331229969171055
5607	5607	4.702256291565456
5608	5608	3.4446815909315385
5609	5609	2.2031546473149453
5610	5610	6.089131648678563
5611	5611	3.8183075744534998
5612	5612	8.002767701365695
5613	5613	6.4896557814963
5614	5614	3.4377810048969364
5615	5615	1.5436125251344266
5616	5616	1.4989257499164979
5617	5617	4.1764519478581885
5618	5618	1.9333752794416883
5619	5619	1.9599994139359265
5620	5620	1.5677060423879514
5621	5621	1.6638255721753175
5622	5622	4.765081059700598
5623	5623	2.2362159463382474
5624	5624	0.7451664768974071
5625	5625	1.6697894087041574
5626	5626	4.349826219043452
5627	5627	1.191142268568287
5628	5628	1.4410333745100568
5629	5629	1.662617257520313
5630	5630	3.1613114067733967
5631	5631	3.6688517519693304
5632	5632	1.218938445057073
5633	5633	1.5592807994913205
5634	5634	0.7723828765216645
5635	5635	2.2491143644438116
5636	5636	2.549125670691124
5637	5637	4.74759412660994
5638	5638	2.9473006853015726
5639	5639	1.1738091184434327
5640	5640	1.9739841639405054
5641	5641	6.974716578482115
5642	5642	1.2670845801770378
5643	5643	8.65129814476461
5644	5644	1.7549373321836426
5645	5645	3.1775418541219658
5646	5646	1.805654736013846
5647	5647	1.5837451124978454
5648	5648	5.171559295506097
5649	5649	3.3188979958334004
5650	5650	1.7361566257681835
5651	5651	3.1333005359809807
5652	5652	1.870598314607559
5653	5653	1.0858023440902271
5654	5654	4.174454977535309
5655	5655	1.6072955968467046
5656	5656	4.966125152368763
5657	5657	7.751833123685673
5658	5658	1.3671211254089504
5659	5659	5.486600225556009
5660	5660	1.879338230003834
5661	5661	6.185395527004314
5662	5662	3.5731045077973
5663	5663	1.398178899672887
5664	5664	1.717444545495138
5665	5665	2.7609621258490114
5666	5666	1.3962338041749984
5667	5667	2.465136806725746
5668	5668	6.735708860947946
5669	5669	1.4181096289275408
5670	5670	3.1205019202983895
5671	5671	2.1414854556447755
5672	5672	2.090658123439248
5673	5673	2.6325282430068486
5674	5674	2.9327121057779753
5675	5675	3.4272298571186277
5676	5676	3.459122457841407
5677	5677	1.0008711620023432
5678	5678	3.786507698608321
5679	5679	0.9280052937313755
5680	5680	1.8459918391643086
5681	5681	3.748681309539611
5682	5682	2.4554660362432577
5683	5683	2.4761487783194975
5684	5684	1.483404651665609
5685	5685	3.530962339299254
5686	5686	0.9666891424462327
5687	5687	2.057487964654126
5688	5688	8.580053205686315
5689	5689	5.576891036168523
5690	5690	3.7705944010766848
5691	5691	2.8818113026916405
5692	5692	1.5706723301174073
5693	5693	4.4766092584862776
5694	5694	4.297195527979688
5695	5695	3.588315451556376
5696	5696	3.137170427958188
5697	5697	4.139902980704198
5698	5698	2.5487798954353456
5699	5699	4.578211564043044
5700	5700	2.9456597770243595
5701	5701	2.2668111516235347
5702	5702	4.303479203251552
5703	5703	0.9563175750607626
5704	5704	2.0461921588741867
5705	5705	3.3336181517688948
5706	5706	2.6078517222282933
5707	5707	1.3332152602620138
5708	5708	2.346101938041104
5709	5709	2.0944263118648445
5710	5710	2.329577706819258
5711	5711	6.699178096525378
5712	5712	2.5192584988460016
5713	5713	1.0612485877024427
5714	5714	2.527197302247566
5715	5715	3.4489297809015467
5716	5716	6.0606889947445355
5717	5717	0.9937761910532578
5718	5718	4.07296010381174
5719	5719	3.030901188705119
5720	5720	1.4059886190608177
5721	5721	5.472057263016888
5722	5722	2.6733165230546287
5723	5723	2.2642001404695775
5724	5724	2.4229905250459445
5725	5725	3.2879495664264806
5726	5726	4.18731875551589
5727	5727	3.1928204171653993
5728	5728	2.3761884784979643
5729	5729	4.024329501205436
5730	5730	4.062590956222079
5731	5731	2.522237895663526
5732	5732	2.3103430970843353
5733	5733	6.18673216793917
5734	5734	1.6368563406972299
5735	5735	2.0978445033285307
5736	5736	8.185474968273256
5737	5737	2.292785492178665
5738	5738	0.5343292758055764
5739	5739	4.67891325356576
5740	5740	1.826804823975544
5741	5741	0.6745390521334165
5742	5742	1.7813509511017456
5743	5743	5.445525501289975
5744	5744	3.1149236110831606
5745	5745	2.7665017302087738
5746	5746	1.2670359628383234
5747	5747	2.70899617901111
5748	5748	2.375378501737547
5749	5749	3.554818942996969
5750	5750	3.110173987200046
5751	5751	2.800907722825534
5752	5752	0.884268850535604
5753	5753	2.480195612629765
5754	5754	3.436242893006695
5755	5755	2.750581773005241
5756	5756	5.433353421688089
5757	5757	3.4502394602602195
5758	5758	2.3376838541982528
5759	5759	1.9933527658861796
5760	5760	3.109076212581914
5761	5761	3.2100737295070645
5762	5762	2.1625353591875385
5763	5763	2.909632124301059
5764	5764	2.3851072524644827
5765	5765	5.6316426099056365
5766	5766	0.7592040639536382
5767	5767	3.551445552341402
5768	5768	4.00282328688067
5769	5769	4.535336839638811
5770	5770	2.8986527560815234
5771	5771	1.7537001872257583
5772	5772	4.796512971983064
5773	5773	4.667720249832289
5774	5774	3.4076451523122078
5775	5775	3.6244732871410843
5776	5776	3.675803114240704
5777	5777	2.5697626826379962
5778	5778	4.741475921568234
5779	5779	6.467531598789823
5780	5780	3.7619875110028684
5781	5781	4.5354101199808206
5782	5782	2.522283195525632
5783	5783	2.4664425927683373
5784	5784	6.645786137634541
5785	5785	2.648277088360921
5786	5786	2.8289472247159404
5787	5787	2.903614685123907
5788	5788	1.2138596953239147
5789	5789	2.747431579594768
5790	5790	4.76734405417099
5791	5791	1.0461129948626255
5792	5792	4.4711543223921995
5793	5793	2.5502792453751626
5794	5794	3.892961599066123
5795	5795	5.2405714930230225
5796	5796	2.9385917308591076
5797	5797	4.139492041553933
5798	5798	1.3806690382664693
5799	5799	2.366698277794968
5800	5800	1.502294156433258
5801	5801	1.9464203642548057
5802	5802	1.8920008356906135
5803	5803	3.0720801439421646
5804	5804	4.987306341480222
5805	5805	1.489416826845366
5806	5806	2.550205323540447
5807	5807	4.010527229565861
5808	5808	3.8475207692093223
5809	5809	5.105462047589626
5810	5810	1.8907451499491499
5811	5811	4.726374917568128
5812	5812	2.771334008941294
5813	5813	9.565143729811835
5814	5814	2.3568125278857988
5815	5815	3.1488555240946114
5816	5816	1.8836194678658376
5817	5817	3.619332057676419
5818	5818	3.6884180738637604
5819	5819	3.287551444267502
5820	5820	4.216391686591621
5821	5821	2.2271002269691182
5822	5822	3.78552255237103
5823	5823	2.981501757753025
5824	5824	3.0000252939858543
5825	5825	5.106237427965819
5826	5826	1.5168783442496445
5827	5827	1.8042604247640253
5828	5828	1.0710785485681136
5829	5829	4.331473942797625
5830	5830	1.5632684418000844
5831	5831	1.8333175090192002
5832	5832	2.3392467109369104
5833	5833	2.2128525654340114
5834	5834	3.5963451529330914
5835	5835	4.317956235728838
5836	5836	1.2994282020766015
5837	5837	1.6750228752469059
5838	5838	1.5837404759759113
5839	5839	2.3614210977274244
5840	5840	2.339171751211557
5841	5841	2.2536580550100966
5842	5842	2.0898192866649348
5843	5843	2.867666017318692
5844	5844	3.079559825552437
5845	5845	0.2280064957503665
5846	5846	1.8423353430645124
5847	5847	2.3072789055168283
5848	5848	2.883838464368478
5849	5849	1.2614347427711037
5850	5850	3.9499964190062298
5851	5851	2.9533076676716044
5852	5852	10.28584429657762
5853	5853	3.1446017396819834
5854	5854	1.9720219417823401
5855	5855	1.4871155543883356
5856	5856	2.267388492494579
5857	5857	2.464390390015925
5858	5858	2.747724816973252
5859	5859	1.8606640299857324
5860	5860	3.1380757856037307
5861	5861	3.4925790628284035
5862	5862	8.625237063557787
5863	5863	3.8789546583071424
5864	5864	2.3966936337671796
5865	5865	2.7933381467021015
5866	5866	2.644772631358137
5867	5867	1.0267100039288855
5868	5868	3.2321639334570627
5869	5869	1.782019094189217
5870	5870	1.5624453745102795
5871	5871	2.7811601928446477
5872	5872	3.183511156906008
5873	5873	2.6363454115049985
5874	5874	3.8767305728656396
5875	5875	5.328778435537444
5876	5876	0.93858909944802
5877	5877	3.151632386542782
5878	5878	2.1876546875171954
5879	5879	0.7598408127699795
5880	5880	1.8757280599967108
5881	5881	4.439647850255461
5882	5882	2.0283529002532226
5883	5883	0.9223959725240648
5884	5884	0.669229242196412
5885	5885	1.859796471832468
5886	5886	0.8479197923135647
5887	5887	1.2479754584830898
5888	5888	3.4855792542386586
5889	5889	3.062043781106346
5890	5890	1.1312398134595927
5891	5891	2.6411805720276784
5892	5892	2.911082768211073
5893	5893	2.220255987354926
5894	5894	5.165538920463156
5895	5895	5.120810639263956
5896	5896	2.9436584915149635
5897	5897	2.9478802549756553
5898	5898	2.1061464555610034
5899	5899	3.6299893854212035
5900	5900	1.4357856634036512
5901	5901	1.9244018981411668
5902	5902	1.469543148760276
5903	5903	3.5825014500786745
5904	5904	8.319603596108635
5905	5905	4.115413299794561
5906	5906	1.0381279017070293
5907	5907	2.476645513332252
5908	5908	2.2573719786384916
5909	5909	2.405687636460008
5910	5910	2.553008505266163
5911	5911	2.6965319567284913
5912	5912	4.587525882946054
5913	5913	7.342179431747532
5914	5914	3.026716289171626
5915	5915	1.8665809255735124
5916	5916	1.3413572107741942
5917	5917	3.658697938602318
5918	5918	4.144673697612199
5919	5919	2.3239705124753587
5920	5920	2.3178488351511413
5921	5921	2.9175236215879403
5922	5922	1.4481427112224732
5923	5923	3.286611513268668
5924	5924	4.125797505374324
5925	5925	5.21015548598586
5926	5926	2.17535135311902
5927	5927	2.1646427655073377
5928	5928	2.9940622501057703
5929	5929	0.6920659805650422
5930	5930	2.305913447085296
5931	5931	1.9805271974550829
5932	5932	1.7829271093821293
5933	5933	0.5102008106023632
5934	5934	3.0388003322666592
5935	5935	1.663999962841687
5936	5936	3.26142680504743
5937	5937	2.2327569544537376
5938	5938	4.646738419894499
5939	5939	3.0825984976475214
5940	5940	3.421056985995162
5941	5941	2.019596094050045
5942	5942	3.617970347669644
5943	5943	0.91750112192298
5944	5944	1.502063075801278
5945	5945	1.3746354265737013
5946	5946	0.6705499323068975
5947	5947	2.6634744724320143
5948	5948	1.6269100519523505
5949	5949	1.935045812786017
5950	5950	2.194770007300178
5951	5951	4.247108837689846
5952	5952	1.8481604206639837
5953	5953	5.029332065037211
5954	5954	1.762415046995704
5955	5955	4.135040525686221
5956	5956	2.1084987803570785
5957	5957	4.9455512221581
5958	5958	2.999718218282741
5959	5959	5.5723248026059
5960	5960	0.687158776549248
5961	5961	3.2861746973547348
5962	5962	2.643662665632459
5963	5963	3.1058162882491986
5964	5964	2.685727830020151
5965	5965	1.4206031346642694
5966	5966	2.2721182500830683
5967	5967	3.6232713169135264
5968	5968	5.3792661181921675
5969	5969	7.741242996047832
5970	5970	2.838589262227288
5971	5971	4.280754303090031
5972	5972	1.148923965855174
5973	5973	3.2075439014399736
5974	5974	0.21593649097517414
5975	5975	8.108128596687365
5976	5976	1.4092205765196424
5977	5977	2.6444677773727587
5978	5978	2.712384898987734
5979	5979	1.8233152179385157
5980	5980	4.220372691957543
5981	5981	1.4541536351081255
5982	5982	1.1927074018281876
5983	5983	3.475925067323776
5984	5984	2.5831485502882554
5985	5985	2.350684176225155
5986	5986	2.398017573271277
5987	5987	3.3683908907389144
5988	5988	1.14799504608572
5989	5989	4.766465969787472
5990	5990	3.523301013702247
5991	5991	1.771729484506519
5992	5992	5.2152895609431535
5993	5993	1.8544889283423862
5994	5994	6.1413286040346655
5995	5995	1.5929937354808783
5996	5996	1.8135576138183274
5997	5997	0.7138728407360817
5998	5998	3.5907026108588562
5999	5999	1.1164669003978234
6000	6000	2.878651756214352
6001	6001	6.255108908251396
6002	6002	2.621381931746217
6003	6003	5.888086496517529
6004	6004	4.298624338791701
6005	6005	2.7683122707707506
6006	6006	3.5875096592265945
6007	6007	2.501382052385858
6008	6008	1.3864843812316705
6009	6009	3.10235128774515
6010	6010	1.4683306181721134
6011	6011	2.3265665849195205
6012	6012	2.4267423549720855
6013	6013	4.118062621318234
6014	6014	1.6228170679269853
6015	6015	3.3657831366175484
6016	6016	1.5840919915282607
6017	6017	3.348055093263305
6018	6018	2.588595155289864
6019	6019	0.7487265871285471
6020	6020	2.460707484145166
6021	6021	4.177058074886846
6022	6022	4.645610690384552
6023	6023	2.1741845451859434
6024	6024	1.1816424221736674
6025	6025	4.7523850046727905
6026	6026	2.1077795637734704
6027	6027	1.105610579523502
6028	6028	3.917733184994541
6029	6029	1.0252480923214962
6030	6030	2.035195393746964
6031	6031	2.5993577199329927
6032	6032	1.8642796278535618
6033	6033	3.0347424672481873
6034	6034	1.33069655328047
6035	6035	9.450569147343852
6036	6036	5.538697841645817
6037	6037	3.4166814342912204
6038	6038	2.9049274048672555
6039	6039	2.9137494835224853
6040	6040	3.25846383565885
6041	6041	0.38657748618269194
6042	6042	8.502247161235402
6043	6043	2.9050970753150898
6044	6044	5.404897185658363
6045	6045	2.27097002657423
6046	6046	3.5581555817650585
6047	6047	2.7262392070236485
6048	6048	1.1673219791406972
6049	6049	1.4218112677475994
6050	6050	2.7651201428095176
6051	6051	3.8648117934131787
6052	6052	2.050754499738008
6053	6053	2.310351554072701
6054	6054	4.196775985402168
6055	6055	2.2487136582341374
6056	6056	4.72577366834753
6057	6057	2.9075154856749252
6058	6058	2.9098026834077375
6059	6059	4.686482636504445
6060	6060	0.7267415839104712
6061	6061	2.6121860973577435
6062	6062	3.0266257836922765
6063	6063	2.555280015131716
6064	6064	1.9919450275577468
6065	6065	2.3907430107525345
6066	6066	6.858927358377554
6067	6067	5.278832229468562
6068	6068	4.634873866901548
6069	6069	4.739195816323823
6070	6070	3.0201284284700365
6071	6071	0.6751943634321353
6072	6072	3.2351714371341966
6073	6073	7.312688786825231
6074	6074	3.5914584363822226
6075	6075	4.434437191385049
6076	6076	2.7027370504445596
6077	6077	3.385037285969978
6078	6078	2.488414774896448
6079	6079	4.970448560101938
6080	6080	2.171197647501687
6081	6081	1.779624996176418
6082	6082	2.9789843400712366
6083	6083	6.612182495184014
6084	6084	2.862936395900526
6085	6085	4.171698273341015
6086	6086	9.181164553480633
6087	6087	0.5932345942979854
6088	6088	6.905543141519878
6089	6089	1.8466782906291486
6090	6090	1.5447857331539148
6091	6091	0.4962288458247366
6092	6092	3.4215795006296905
6093	6093	2.5862837116921433
6094	6094	2.9804864585699686
6095	6095	6.517848780078623
6096	6096	2.1605422974532007
6097	6097	2.667334161760749
6098	6098	2.864526987165661
6099	6099	1.1391379410735087
6100	6100	0.8001288803962567
6101	6101	4.035377247803156
6102	6102	4.087567840380224
6103	6103	4.150494518773511
6104	6104	2.66685641314661
6105	6105	1.5732119011234131
6106	6106	1.1556301404116818
6107	6107	1.919834767979164
6108	6108	2.9148436784991625
6109	6109	1.9321291262657996
6110	6110	0.18430012425960365
6111	6111	1.7304481986196873
6112	6112	3.7044946156417105
6113	6113	2.3556730335559077
6114	6114	2.570365667533321
6115	6115	2.7047245273519125
6116	6116	2.617147051147478
6117	6117	0.8583162001865867
6118	6118	5.771574671879812
6119	6119	1.3049526437092662
6120	6120	4.216603667136497
6121	6121	2.371375010352227
6122	6122	1.0654736801647178
6123	6123	2.1198496532858226
6124	6124	2.840827961926545
6125	6125	2.7560011477188073
6126	6126	1.6879015645995774
6127	6127	3.338415089022169
6128	6128	1.0936029898229005
6129	6129	0.673706499512968
6130	6130	1.6525545985952488
6131	6131	0.7818492198349709
6132	6132	3.2697441888556256
6133	6133	1.6246036706923377
6134	6134	4.182138446615701
6135	6135	4.404895247581539
6136	6136	3.281818072965182
6137	6137	1.583742590788102
6138	6138	1.8184898114345072
6139	6139	1.1539092647202056
6140	6140	1.5087911703909174
6141	6141	8.919216088813219
6142	6142	2.2828922619844323
6143	6143	2.0567513810277482
6144	6144	2.269681263941509
6145	6145	2.8488510901638513
6146	6146	3.0729975638058287
6147	6147	2.8817103783129863
6148	6148	4.829570971184227
6149	6149	2.673834908545896
6150	6150	0.3618367380264734
6151	6151	2.3856072314347854
6152	6152	3.2037892844279083
6153	6153	0.2769341869561434
6154	6154	1.3060195783448345
6155	6155	3.3693021849739933
6156	6156	3.0951240389133075
6157	6157	1.4276925626653671
6158	6158	5.466615172409083
6159	6159	1.7762609926631792
6160	6160	3.134853990954586
6161	6161	4.459993835637252
6162	6162	2.771210745285277
6163	6163	2.5982448322319893
6164	6164	5.980183358828272
6165	6165	1.2412956049990844
6166	6166	3.7619385037714914
6167	6167	4.248673402512866
6168	6168	4.1121408724820006
6169	6169	5.614654335859382
6170	6170	1.8546293849292186
6171	6171	2.6042381213135175
6172	6172	1.790143583143553
6173	6173	3.2704396423216644
6174	6174	2.8790712916583283
6175	6175	3.2753973456035377
6176	6176	2.1247512305493026
6177	6177	2.449934799752007
6178	6178	2.788973595675907
6179	6179	3.5980900392204784
6180	6180	7.673122091267002
6181	6181	1.3930861978140598
6182	6182	5.861200482886148
6183	6183	2.814207527366788
6184	6184	8.52736063742811
6185	6185	4.881892099722682
6186	6186	7.4730655425873005
6187	6187	3.1631400792424356
6188	6188	6.671240286926311
6189	6189	3.7783806578580013
6190	6190	1.1045588875971522
6191	6191	3.037601725869376
6192	6192	3.4136846619814123
6193	6193	5.36868356814475
6194	6194	2.622305238666361
6195	6195	1.4079497393100593
6196	6196	2.53236568441533
6197	6197	5.360268115832415
6198	6198	7.335359404102615
6199	6199	3.1927763547876022
6200	6200	0.9227178861785323
6201	6201	3.1974827793728116
6202	6202	5.014289870276297
6203	6203	1.7207658397426502
6204	6204	1.6419346350595037
6205	6205	3.9679047521308015
6206	6206	2.1641348954038713
6207	6207	3.6582383519608563
6208	6208	2.169311133174724
6209	6209	4.208141318003388
6210	6210	4.952623156546656
6211	6211	4.083963987704477
6212	6212	2.751118862578686
6213	6213	2.842540608743877
6214	6214	1.1266507785372126
6215	6215	2.5872401447637055
6216	6216	4.970295295683478
6217	6217	3.6152450398215934
6218	6218	9.889703024866769
6219	6219	2.2185319431676556
6220	6220	1.4828007028124741
6221	6221	0.3479822090423406
6222	6222	1.5918796586339712
6223	6223	4.932540728284552
6224	6224	0.581027684653484
6225	6225	4.0926754041386655
6226	6226	12.211848761992677
6227	6227	1.39994446826021
6228	6228	3.431741431324564
6229	6229	2.8187440387536036
6230	6230	1.3501300421502092
6231	6231	3.644734131043914
6232	6232	2.204756047324249
6233	6233	4.321039908623018
6234	6234	0.30374805220126444
6235	6235	5.177368071492825
6236	6236	4.759980512944177
6237	6237	4.081077180683357
6238	6238	1.872496387782789
6239	6239	2.3744199941173387
6240	6240	2.6947044995911167
6241	6241	5.229177377899838
6242	6242	1.2243013185451042
6243	6243	5.506642838926506
6244	6244	5.624262942818225
6245	6245	3.4800266218658704
6246	6246	1.512744089374174
6247	6247	2.235374135656003
6248	6248	1.5633512086677475
6249	6249	1.4776491768781572
6250	6250	6.401576848364156
6251	6251	3.094342736772078
6252	6252	1.358898780908792
6253	6253	6.014623775610841
6254	6254	0.8969756159602121
6255	6255	5.615506083909828
6256	6256	4.41041014068586
6257	6257	2.8877877877422127
6258	6258	2.1961041934008003
6259	6259	5.539905763276256
6260	6260	7.133275181421336
6261	6261	0.8557116329944914
6262	6262	4.223083195143975
6263	6263	0.6053682697646203
6264	6264	3.990225090117511
6265	6265	2.066443136154244
6266	6266	1.0386394466758897
6267	6267	2.5998859378929144
6268	6268	7.19495572937074
6269	6269	3.124340936707002
6270	6270	2.0825677684613115
6271	6271	2.7160057236298742
6272	6272	4.387491795585648
6273	6273	1.8806802330956471
6274	6274	0.7679685743424713
6275	6275	6.741781235780273
6276	6276	9.872982204353221
6277	6277	1.8294218662219814
6278	6278	2.1827886605103752
6279	6279	2.282541018758847
6280	6280	3.0206846758903545
6281	6281	3.176222112410621
6282	6282	3.39415078277456
6283	6283	0.8383544498769593
6284	6284	2.857238698081763
6285	6285	2.816332859219057
6286	6286	2.96377313025066
6287	6287	3.614943186534526
6288	6288	2.801804912269544
6289	6289	4.0457348771408395
6290	6290	1.4530798427398604
6291	6291	4.515305655456864
6292	6292	3.747350004645834
6293	6293	1.6455199649230257
6294	6294	3.2811973258999285
6295	6295	3.4227222944491587
6296	6296	8.23480307469063
6297	6297	2.4477259309387875
6298	6298	1.9238500405310994
6299	6299	3.072417689036338
6300	6300	2.240997124914907
6301	6301	10.374958033684415
6302	6302	1.2478365152837205
6303	6303	2.8068107346778994
6304	6304	5.684320749946323
6305	6305	2.4286582307395532
6306	6306	5.599566731922867
6307	6307	3.8249168198105847
6308	6308	2.6200029358829475
6309	6309	3.142471154193672
6310	6310	2.7448006887940988
6311	6311	5.4978996090090035
6312	6312	1.1837003226807719
6313	6313	4.450128606026636
6314	6314	5.352993134707338
6315	6315	2.9245318043957704
6316	6316	4.466336720333199
6317	6317	3.472515570720458
6318	6318	5.495738155034905
6319	6319	2.6058787499720824
6320	6320	2.834390691510221
6321	6321	4.337611240500296
6322	6322	1.0380099361110258
6323	6323	3.3296386587206515
6324	6324	1.3012280895279487
6325	6325	0.9515265519137155
6326	6326	4.9637533081446215
6327	6327	3.941737410430057
6328	6328	1.1631211230083265
6329	6329	2.4500821994245867
6330	6330	1.6550459246962659
6331	6331	2.220742968220028
6332	6332	4.4203337175081465
6333	6333	1.8289507506620812
6334	6334	3.4873807915620274
6335	6335	2.420044036576539
6336	6336	1.1321253319438003
6337	6337	1.092863516386259
6338	6338	1.419366682683513
6339	6339	2.7420788199409576
6340	6340	6.803749841804781
6341	6341	2.4979188044492626
6342	6342	2.7811930559245175
6343	6343	1.2697251499716742
6344	6344	3.068418333115983
6345	6345	2.3016632739692717
6346	6346	1.6735018806925268
6347	6347	2.040071665499241
6348	6348	0.8692338782210935
6349	6349	5.367046888135354
6350	6350	0.9250262094010161
6351	6351	5.622907748532942
6352	6352	1.4365156857660715
6353	6353	1.5299612586256868
6354	6354	4.731993963813684
6355	6355	2.503226696736995
6356	6356	5.632933014805034
6357	6357	3.4952983903377888
6358	6358	3.337155259266951
6359	6359	1.7157848606291632
6360	6360	2.2096616681504955
6361	6361	5.781287977980328
6362	6362	3.3659167074443372
6363	6363	1.5333858272804828
6364	6364	1.3293997284468788
6365	6365	4.742154701451216
6366	6366	1.6063076009010997
6367	6367	3.580470851205597
6368	6368	1.6160157729646376
6369	6369	3.6066559785665935
6370	6370	0.7747762590253435
6371	6371	0.7500579791345627
6372	6372	1.9959499722222447
6373	6373	1.0968784328933832
6374	6374	2.259060850454682
6375	6375	2.3628556109099113
6376	6376	2.130064586342823
6377	6377	3.5266284113931627
6378	6378	3.656117038608259
6379	6379	5.194471805429304
6380	6380	0.9851294893490203
6381	6381	3.8105733176584247
6382	6382	3.2347315435031256
6383	6383	3.39837200250449
6384	6384	0.5875794354505599
6385	6385	4.62186964676877
6386	6386	4.189091176395024
6387	6387	0.7898549020638647
6388	6388	3.5658454002064617
6389	6389	3.7927215597528012
6390	6390	2.740200454688918
6391	6391	3.6927352626315324
6392	6392	1.1936353870929568
6393	6393	3.732042085515869
6394	6394	5.186893607082928
6395	6395	0.9117336250951251
6396	6396	1.0884183062535806
6397	6397	2.513087686244373
6398	6398	4.7709417470807525
6399	6399	4.445507250216837
6400	6400	2.2822203943831365
6401	6401	3.096135908373514
6402	6402	1.1584780009784963
6403	6403	1.588159097828595
6404	6404	2.9469628066436724
6405	6405	1.8172872063205567
6406	6406	2.893472476662418
6407	6407	1.864438031049331
6408	6408	3.0698102436254144
6409	6409	3.464564745612393
6410	6410	5.9253796035945
6411	6411	1.0361692901817663
6412	6412	2.485362130907413
6413	6413	5.729467563547968
6414	6414	2.082615544862663
6415	6415	1.9352666532572942
6416	6416	6.6374352403400545
6417	6417	3.016685984888415
6418	6418	1.795927534513749
6419	6419	0.46224290376594
6420	6420	1.0028019610579657
6421	6421	3.48884207525853
6422	6422	1.0144005575370265
6423	6423	1.7911152215597834
6424	6424	5.891786648015492
6425	6425	1.628957067047245
6426	6426	3.3192410755407717
6427	6427	2.392085530853068
6428	6428	2.566928485655876
6429	6429	1.830993602361451
6430	6430	12.65531664526359
6431	6431	6.581728589585996
6432	6432	3.2487713182076385
6433	6433	2.7077924636446804
6434	6434	4.416565297618204
6435	6435	4.276431483600938
6436	6436	6.676157859347088
6437	6437	3.1213847833233492
6438	6438	1.3399895744754011
6439	6439	2.889167816557564
6440	6440	1.1995001692471314
6441	6441	0.5165219576713782
6442	6442	1.500696974100736
6443	6443	2.960205605604815
6444	6444	1.7912458732226826
6445	6445	3.1029715615513833
6446	6446	3.048188816496763
6447	6447	1.5438260720302295
6448	6448	2.9475313124811735
6449	6449	1.0993349857545884
6450	6450	2.522739475592945
6451	6451	2.654266429098891
6452	6452	1.2327931240367678
6453	6453	0.8109390061458691
6454	6454	0.6845590637849518
6455	6455	6.129669894723978
6456	6456	5.357490060245269
6457	6457	3.6620674151323946
6458	6458	5.6286923348740405
6459	6459	1.8312935312106478
6460	6460	2.4912345349758858
6461	6461	2.2522045810254454
6462	6462	2.4051166763559175
6463	6463	1.6491277864754736
6464	6464	2.063346272961252
6465	6465	1.7496655575334348
6466	6466	3.393606748018467
6467	6467	3.739035906318726
6468	6468	1.1869796648869526
6469	6469	1.3721872750376725
6470	6470	7.180017869371175
6471	6471	0.18612932768741158
6472	6472	0.34143240705843314
6473	6473	6.162707053471636
6474	6474	3.759163449104613
6475	6475	1.7472447154561375
6476	6476	2.9361766192501797
6477	6477	7.007563666023992
6478	6478	1.6523483127009702
6479	6479	3.2911476829810944
6480	6480	4.0794941946321135
6481	6481	1.425590913771483
6482	6482	1.1345376414963564
6483	6483	0.9910739667963615
6484	6484	1.798626169999291
6485	6485	2.7259902104060036
6486	6486	2.236230686709106
6487	6487	1.4553735819664158
6488	6488	4.505808308767681
6489	6489	2.839789751925431
6490	6490	4.894928556304316
6491	6491	1.1133001403107117
6492	6492	7.044905738534233
6493	6493	3.0314343137566384
6494	6494	2.9015335787528067
6495	6495	2.244338920317824
6496	6496	3.652835036738795
6497	6497	1.9931546885123348
6498	6498	3.69233427478469
6499	6499	2.7799973609606923
6500	6500	3.7243182697554844
6501	6501	1.4264700996843582
6502	6502	2.3763622442549974
6503	6503	1.8301170939620346
6504	6504	0.7577907404169584
6505	6505	2.420086074327716
6506	6506	5.001291823682044
6507	6507	6.3927110988170135
6508	6508	3.4425117823364326
6509	6509	3.110448852150921
6510	6510	1.1393210205423983
6511	6511	5.546539241205609
6512	6512	4.6892064627218275
6513	6513	2.85916351398876
6514	6514	3.6563139647941956
6515	6515	3.165854651758242
6516	6516	1.5553445527131813
6517	6517	3.9456064942713884
6518	6518	1.5636400226284446
6519	6519	0.6630017763606403
6520	6520	2.311245564284567
6521	6521	1.5547686479803953
6522	6522	2.4450207049712898
6523	6523	0.8159883818117245
6524	6524	2.0726082133785546
6525	6525	2.8731700721673494
6526	6526	3.5790032833229777
6527	6527	5.009673053411762
6528	6528	3.7402377444707473
6529	6529	4.994076425697388
6530	6530	3.6892818853858778
6531	6531	1.4257922395683507
6532	6532	4.039861340110806
6533	6533	2.566767957721665
6534	6534	0.8448548481281085
6535	6535	4.287817696317755
6536	6536	1.7981143721967996
6537	6537	2.900970292116962
6538	6538	2.6564603125603927
6539	6539	3.783288413890207
6540	6540	0.9404275609971962
6541	6541	4.663805254137852
6542	6542	4.3688875108902865
6543	6543	2.2050287340107486
6544	6544	3.9246374977025202
6545	6545	3.1007441577541717
6546	6546	2.9012184487022066
6547	6547	2.114898045457819
6548	6548	1.7403366498828072
6549	6549	1.4433981677128531
6550	6550	1.1757454243004137
6551	6551	1.5393021988413864
6552	6552	2.139670254193386
6553	6553	6.015622279716094
6554	6554	0.6379450695475004
6555	6555	2.713072037554787
6556	6556	3.695891854596808
6557	6557	1.5540319786509835
6558	6558	3.008177226706379
6559	6559	5.206841292340529
6560	6560	2.5429933608332864
6561	6561	2.388570462025293
6562	6562	2.3714084819127677
6563	6563	3.231038268404083
6564	6564	14.809660506337025
6565	6565	1.646225821188897
6566	6566	3.5677102728129606
6567	6567	1.1449919942395383
6568	6568	1.8598609273276732
6569	6569	2.9538680169608225
6570	6570	3.7471899187202453
6571	6571	1.4632514092367632
6572	6572	3.2466494242881407
6573	6573	2.4740615983275864
6574	6574	1.1974311373886692
6575	6575	4.844681937944156
6576	6576	2.207650953893992
6577	6577	1.5441830388751348
6578	6578	5.164119168446621
6579	6579	4.950949091150795
6580	6580	3.3897919011595974
6581	6581	8.458399530732901
6582	6582	0.9397073947438482
6583	6583	5.532360380667673
6584	6584	2.587745616680659
6585	6585	3.1372503285546807
6586	6586	3.41640933386176
6587	6587	3.2308261033856636
6588	6588	6.382384967632095
6589	6589	2.4173531452395296
6590	6590	1.505292635185239
6591	6591	3.5486773955803255
6592	6592	1.2497490572765801
6593	6593	0.610060536679244
6594	6594	2.82791949465307
6595	6595	2.2461652685029643
6596	6596	1.4549167946337414
6597	6597	1.086679044537272
6598	6598	2.64658859464929
6599	6599	1.9995255749968983
6600	6600	3.0975718638564267
6601	6601	1.7110254402770915
6602	6602	3.554111790571307
6603	6603	4.1001253184285105
6604	6604	3.1252356754144843
6605	6605	3.406610417088478
6606	6606	0.2288149559245907
6607	6607	1.8556058977430097
6608	6608	3.644538748171186
6609	6609	3.434812198050646
6610	6610	4.879398640888956
6611	6611	2.185727840190503
6612	6612	0.9931440563995528
6613	6613	1.4228545506996282
6614	6614	4.397211295466087
6615	6615	1.3873512099544514
6616	6616	6.428845809682272
6617	6617	4.589204757361511
6618	6618	1.724336945619335
6619	6619	1.3076183391263136
6620	6620	3.725064044339377
6621	6621	2.040042619593981
6622	6622	3.924372715255855
6623	6623	2.280648736339014
6624	6624	0.27849331797252436
6625	6625	1.658020476506848
6626	6626	3.2390488472591157
6627	6627	3.8151506666582273
6628	6628	2.6269123126859713
6629	6629	1.6392608520583223
6630	6630	3.1780760758379754
6631	6631	2.556183529293268
6632	6632	1.4277464217838942
6633	6633	3.70216413455373
6634	6634	5.291527951518242
6635	6635	3.0194859237933565
6636	6636	1.5203941244944874
6637	6637	1.9079276133535057
6638	6638	2.674649255710351
6639	6639	1.182376582465272
6640	6640	0.46840191224405536
6641	6641	9.227525888831774
6642	6642	2.134440738308338
6643	6643	2.0517561559280537
6644	6644	1.2715447402270383
6645	6645	3.2775184548361658
6646	6646	1.8610044250699382
6647	6647	2.3142169647576214
6648	6648	2.254857370647235
6649	6649	3.109099074726961
6650	6650	6.079359635062088
6651	6651	0.3312516419292102
6652	6652	2.4147160385416875
6653	6653	3.723857113506526
6654	6654	6.268435784540135
6655	6655	0.8985756126319051
6656	6656	2.482818991566835
6657	6657	0.35965717009391207
6658	6658	7.333327430192053
6659	6659	1.7291660345743056
6660	6660	3.884744914145259
6661	6661	3.875824840550179
6662	6662	2.7899646230965915
6663	6663	2.4397913498771504
6664	6664	2.078224540092296
6665	6665	4.9471448043143145
6666	6666	4.6805646360887625
6667	6667	0.6962552428299135
6668	6668	1.9187177422269717
6669	6669	4.750570990605243
6670	6670	2.809947187501312
6671	6671	1.9288376073918045
6672	6672	3.167044644229078
6673	6673	0.8266173044055733
6674	6674	1.5573357548842903
6675	6675	7.79429150705869
6676	6676	2.5166510416416994
6677	6677	4.614850226896461
6678	6678	3.280530720965253
6679	6679	4.518272598465838
6680	6680	2.3453738945859515
6681	6681	2.059891897482118
6682	6682	2.1031484624332384
6683	6683	2.982994250643828
6684	6684	2.8176071303132506
6685	6685	2.309199595564262
6686	6686	4.777131442927853
6687	6687	0.6283942279770232
6688	6688	3.1093639238888677
6689	6689	5.0578993033378215
6690	6690	2.0717011944328876
6691	6691	1.7642730166883454
6692	6692	3.045088962951127
6693	6693	1.6721969900587221
6694	6694	3.378214450309647
6695	6695	1.8375688573124613
6696	6696	1.6791723740975337
6697	6697	3.8575148717142556
6698	6698	2.9216467750707533
6699	6699	0.9853334092666426
6700	6700	5.768092053124846
6701	6701	1.4101817591213452
6702	6702	1.618497402740184
6703	6703	0.8750998361207764
6704	6704	3.701180370365036
6705	6705	1.82158302274891
6706	6706	3.400773589380388
6707	6707	0.5847981254891101
6708	6708	4.0871886404285656
6709	6709	2.7067810217858796
6710	6710	3.248367947954483
6711	6711	3.156740015938799
6712	6712	0.525839020728149
6713	6713	3.003355370299737
6714	6714	1.4909549321196602
6715	6715	1.913190100197641
6716	6716	3.6306040554966756
6717	6717	1.9971998914408005
6718	6718	5.293748298255636
6719	6719	5.000016449489862
6720	6720	3.7181911733477175
6721	6721	2.1120979571465206
6722	6722	1.9209560954364309
6723	6723	9.533953120139799
6724	6724	5.5682519041480525
6725	6725	2.3652669783481826
6726	6726	1.6557830518158616
6727	6727	5.280434002233319
6728	6728	4.230679353632412
6729	6729	5.664813775363774
6730	6730	3.206296603604017
6731	6731	2.5082712293196328
6732	6732	4.618779218286983
6733	6733	0.8523477580773032
6734	6734	1.392977535260671
6735	6735	0.9143289860161352
6736	6736	3.2585674525845905
6737	6737	3.750870260527217
6738	6738	1.9604347246542333
6739	6739	3.3333746845671866
6740	6740	0.8663836732162848
6741	6741	1.8675552383066063
6742	6742	3.5462280979023797
6743	6743	2.512947653079665
6744	6744	3.6528038563550815
6745	6745	0.8952969020389288
6746	6746	2.1020542507777646
6747	6747	1.5323348432940396
6748	6748	1.0490896177814022
6749	6749	3.102918188502213
6750	6750	3.149150716867864
6751	6751	4.813153740357588
6752	6752	1.9950856416040752
6753	6753	0.6753044476742602
6754	6754	6.3003526405355865
6755	6755	8.268643098537442
6756	6756	3.1883410253917246
6757	6757	2.1769892625471465
6758	6758	2.6686408988386017
6759	6759	3.536823400107517
6760	6760	1.6726979941705227
6761	6761	0.20506620823596372
6762	6762	0.4072022484387958
6763	6763	1.5031611384797343
6764	6764	2.0011263722690016
6765	6765	4.264462111669111
6766	6766	3.538281808682275
6767	6767	1.1097654735828386
6768	6768	4.040352079225804
6769	6769	3.8112962130391503
6770	6770	3.4639137547188064
6771	6771	2.7891953321790783
6772	6772	1.8622568086319915
6773	6773	5.916439278448323
6774	6774	8.250784403613373
6775	6775	1.4502569982984785
6776	6776	3.8950127213138654
6777	6777	7.5246128147086
6778	6778	3.299279936993559
6779	6779	0.9391931643251792
6780	6780	5.225669847163857
6781	6781	6.5416828353901275
6782	6782	4.008151381462155
6783	6783	3.969568992695107
6784	6784	3.52770988795054
6785	6785	0.7824355784210544
6786	6786	1.30220746774659
6787	6787	1.9331927152584094
6788	6788	2.1873159460222187
6789	6789	2.4174861943742054
6790	6790	2.987251459877497
6791	6791	2.4570180373631545
6792	6792	1.2968983467915856
6793	6793	0.9858532045707082
6794	6794	2.802172229642122
6795	6795	0.9239230477579452
6796	6796	2.6134457946495075
6797	6797	3.7387973397290715
6798	6798	1.774017817067477
6799	6799	5.9144727609171515
6800	6800	2.0045795428591613
6801	6801	2.243611571615203
6802	6802	2.8347028030774606
6803	6803	1.83832675260303
6804	6804	1.9179128890630026
6805	6805	3.9986249853452396
6806	6806	2.9853586457239185
6807	6807	2.4248409557439032
6808	6808	4.4884741878013426
6809	6809	2.5415777441096585
6810	6810	1.634089361130995
6811	6811	2.9403317286858397
6812	6812	7.650237182705309
6813	6813	3.0718398697811367
6814	6814	2.2082005836736656
6815	6815	1.2636123024873505
6816	6816	2.170908149394298
6817	6817	2.113523310876893
6818	6818	2.015353004945492
6819	6819	1.7114932760019337
6820	6820	1.2857777588149333
6821	6821	4.963259896493802
6822	6822	3.434238664505655
6823	6823	4.245138659049531
6824	6824	0.2729343406843905
6825	6825	2.121297791233597
6826	6826	3.389080091161243
6827	6827	4.960096559732244
6828	6828	5.305898052544309
6829	6829	0.6602069502004806
6830	6830	4.535569884472169
6831	6831	5.433992223155514
6832	6832	1.6620437573075266
6833	6833	3.6518355723615086
6834	6834	5.452374308963737
6835	6835	1.635585189135645
6836	6836	2.4459016112281295
6837	6837	2.2909657485053123
6838	6838	1.4691522103432555
6839	6839	3.919155304424591
6840	6840	4.702443820173084
6841	6841	7.684585401942105
6842	6842	4.560535172251406
6843	6843	1.66516086892645
6844	6844	5.4689690443178876
6845	6845	7.2846127512827525
6846	6846	2.296411719421011
6847	6847	5.8520333148848245
6848	6848	0.14955440235947878
6849	6849	3.7941909438588937
6850	6850	3.132919074520596
6851	6851	4.063710180242271
6852	6852	1.7832681783270898
6853	6853	1.4610627766174362
6854	6854	4.530131613310246
6855	6855	2.25499895939515
6856	6856	2.473772161260856
6857	6857	5.367433910348589
6858	6858	1.078311304700743
6859	6859	3.922384329947681
6860	6860	1.0534329548171018
6861	6861	1.077644499231063
6862	6862	0.7818030545474551
6863	6863	2.6549950132903226
6864	6864	4.05030435422564
6865	6865	1.0904054818401643
6866	6866	2.0185917613793025
6867	6867	1.8105101551027492
6868	6868	4.752312501231522
6869	6869	1.2755942893550607
6870	6870	4.694795193201406
6871	6871	2.6004240111899315
6872	6872	0.7779804445436685
6873	6873	3.2509013005994487
6874	6874	2.4563295882902505
6875	6875	4.428761937812615
6876	6876	2.099098410732716
6877	6877	3.294020586129856
6878	6878	6.29921814089815
6879	6879	4.33533950836612
6880	6880	4.303892402773328
6881	6881	1.8535935143277016
6882	6882	4.012327014157613
6883	6883	1.394936436776789
6884	6884	5.382523844351837
6885	6885	4.912336949567827
6886	6886	2.9585473201378383
6887	6887	8.432446826713775
6888	6888	4.2844706788111875
6889	6889	1.6088320157459606
6890	6890	2.5015506213597156
6891	6891	4.167197552764968
6892	6892	5.094984176736485
6893	6893	2.265375874269675
6894	6894	4.9482807493800065
6895	6895	4.504841064323049
6896	6896	7.179033132371598
6897	6897	4.020625170788308
6898	6898	3.3842446932566035
6899	6899	1.4932366712853604
6900	6900	3.9396766034586044
6901	6901	0.5266347494186615
6902	6902	2.6738394081665704
6903	6903	1.197916719606217
6904	6904	2.1185779415555954
6905	6905	1.1927787351059014
6906	6906	2.9553353608618282
6907	6907	2.7305584195627306
6908	6908	0.18558139954608222
6909	6909	2.9843498470591703
6910	6910	4.123491421848191
6911	6911	2.8205634229441547
6912	6912	4.072169432098298
6913	6913	1.7007428471472248
6914	6914	3.54568510881852
6915	6915	2.9204633819834678
6916	6916	2.092833228019462
6917	6917	2.2799532105135984
6918	6918	1.9129793195595852
6919	6919	2.295578896762735
6920	6920	7.242482439785036
6921	6921	4.2686454032513295
6922	6922	3.8045579940290595
6923	6923	7.573019445970983
6924	6924	1.4734878334807704
6925	6925	2.4260634113038186
6926	6926	3.9343010912504277
6927	6927	6.071927372030925
6928	6928	7.19919697284885
6929	6929	5.071306885388971
6930	6930	2.271827597999076
6931	6931	2.951421470810975
6932	6932	3.7692903796639747
6933	6933	5.8882181185300455
6934	6934	5.049414675242116
6935	6935	5.025912450014539
6936	6936	6.726390132003246
6937	6937	4.019258901969868
6938	6938	3.613683250442204
6939	6939	5.759996583183906
6940	6940	3.5267249714674644
6941	6941	4.965318293376489
6942	6942	2.714037346294825
6943	6943	3.3778407154180514
6944	6944	3.9458793233035685
6945	6945	2.728769279321078
6946	6946	1.8980300867629316
6947	6947	2.493519667652235
6948	6948	3.9689109549181656
6949	6949	2.957965700512606
6950	6950	7.088320951485045
6951	6951	4.433664366145862
6952	6952	4.89255247924266
6953	6953	4.5613756746859195
6954	6954	0.603561868328486
6955	6955	2.011268478162488
6956	6956	3.791364674104611
6957	6957	1.455395556206938
6958	6958	1.142475614332249
6959	6959	4.0744073673706245
6960	6960	4.944973454430317
6961	6961	1.7002292193622015
6962	6962	2.18987647186197
6963	6963	0.9378261587693504
6964	6964	5.866719697768241
6965	6965	0.9126469258517759
6966	6966	4.015891994133705
6967	6967	1.393705896448556
6968	6968	1.7853588269684448
6969	6969	3.0146344923345056
6970	6970	3.4401337785269157
6971	6971	1.5398464094662947
6972	6972	2.7032946303632084
6973	6973	2.678316640428065
6974	6974	2.9939070426192615
6975	6975	1.6152011584817072
6976	6976	1.2724079855187433
6977	6977	5.063558116799744
6978	6978	2.4228575690933543
6979	6979	3.3879749435981523
6980	6980	3.1780404528951416
6981	6981	0.5456474919805246
6982	6982	8.409921301123259
6983	6983	12.95538249488555
6984	6984	4.861396439481746
6985	6985	2.450200755537736
6986	6986	2.448178169774515
6987	6987	4.659437338862151
6988	6988	4.259145920623174
6989	6989	3.8644329273617544
6990	6990	1.7281529694154705
6991	6991	2.6823088065631233
6992	6992	1.6944865099392097
6993	6993	5.673073401675105
6994	6994	6.915113933595834
6995	6995	2.231569083942285
6996	6996	0.8847248829032228
6997	6997	1.7984957480004362
6998	6998	2.802881185846497
6999	6999	6.859749472296121
7000	7000	1.2085607105353589
7001	7001	2.3234081583873945
7002	7002	3.3842827823157955
7003	7003	4.187534603643898
7004	7004	4.262981312911613
7005	7005	2.7325853040570345
7006	7006	2.3708861808585437
7007	7007	2.1246647631351654
7008	7008	6.919740859397894
7009	7009	3.1661745618970696
7010	7010	2.465858548845535
7011	7011	3.5851350322943416
7012	7012	4.775993416377778
7013	7013	6.631190718699372
7014	7014	3.464475657569248
7015	7015	1.6766154222058616
7016	7016	4.095055344331482
7017	7017	1.8777108276538566
7018	7018	6.598563442661732
7019	7019	5.550745360866273
7020	7020	1.3405701879379581
7021	7021	4.048090215223549
7022	7022	4.371326223681641
7023	7023	5.196425259596108
7024	7024	1.3174637822135558
7025	7025	2.7218599977922757
7026	7026	1.3754424010099338
7027	7027	1.8156864735104092
7028	7028	1.3672387933309706
7029	7029	3.090770499350385
7030	7030	1.7034413574320635
7031	7031	6.273577071110009
7032	7032	2.15608845934363
7033	7033	4.329704905831505
7034	7034	2.8940184002815053
7035	7035	2.786638635083982
7036	7036	1.3880324845602807
7037	7037	2.6224087931553415
7038	7038	5.238424053685915
7039	7039	1.850692776112456
7040	7040	4.598842108791985
7041	7041	3.5823494027255856
7042	7042	2.494741313068014
7043	7043	3.494917779121366
7044	7044	6.135594015875076
7045	7045	2.3236721631339408
7046	7046	2.3384667312126757
7047	7047	2.9534305978589215
7048	7048	2.5570628743163946
7049	7049	1.0477123874090937
7050	7050	3.221572951027495
7051	7051	5.4781065776104345
7052	7052	1.100202622555231
7053	7053	1.1585387886946674
7054	7054	6.0071051354657286
7055	7055	3.949192038498743
7056	7056	1.207026190006582
7057	7057	2.974897420331738
7058	7058	0.7938829646716001
7059	7059	2.554359449328393
7060	7060	2.520070608478062
7061	7061	3.5801649253377406
7062	7062	4.145805835823634
7063	7063	3.174548399527211
7064	7064	7.633873120087931
7065	7065	3.432590380752413
7066	7066	1.7101398029807635
7067	7067	0.629749525513888
7068	7068	7.199318107048389
7069	7069	3.7071514575940885
7070	7070	3.342800301427288
7071	7071	4.562146093417961
7072	7072	4.005026028526638
7073	7073	4.701606293351476
7074	7074	1.5091260363416155
7075	7075	1.9048167532862346
7076	7076	3.548678025996822
7077	7077	1.2329815122909222
7078	7078	3.273184791104283
7079	7079	2.1482429217219585
7080	7080	0.8421536452092863
7081	7081	2.3351901968066096
7082	7082	3.4639462586275234
7083	7083	1.4203298410338157
7084	7084	5.051743161600339
7085	7085	3.4988972467806367
7086	7086	2.6233896448677525
7087	7087	2.859910781010729
7088	7088	4.977074591207214
7089	7089	2.8065068036013074
7090	7090	1.8207494288714205
7091	7091	1.0291932616125488
7092	7092	2.636653146595277
7093	7093	9.363514373923863
7094	7094	2.891118553855513
7095	7095	1.0834526095480204
7096	7096	2.0657011921686594
7097	7097	4.276628699890534
7098	7098	2.72980990446543
7099	7099	2.1173765667499427
7100	7100	1.2033468977769015
7101	7101	3.8593189526369347
7102	7102	2.9943277498213803
7103	7103	3.685116348920068
7104	7104	2.1398484296275333
7105	7105	3.3135353539647694
7106	7106	3.0542125876626525
7107	7107	2.8688979977231996
7108	7108	3.3706925978989233
7109	7109	1.1733151628956449
7110	7110	1.397438011886571
7111	7111	1.8910718642309394
7112	7112	1.6384874066379667
7113	7113	2.9451473509129866
7114	7114	2.716725792010525
7115	7115	2.6722447005752317
7116	7116	2.720946195847083
7117	7117	2.115235325959569
7118	7118	2.303148575409669
7119	7119	0.9216412062876304
7120	7120	2.149183074329354
7121	7121	1.4658800701133416
7122	7122	4.333920189157049
7123	7123	2.5237337480648065
7124	7124	2.5871298284867157
7125	7125	2.3580025270198606
7126	7126	0.6182048910171345
7127	7127	5.852461811450118
