0	0	7.164113312706616e-05
1	1	0.004276424557367596
2	2	0.0001543039797252561
3	3	0.027146478562948537
4	4	0.016885263970335365
5	5	0.0008431610278076332
6	6	0.0013115838205918127
7	7	0.0025074396570269205
8	8	0.004182739998691083
9	9	0.0006778353360043544
10	10	0.0021602557046121393
11	11	0.000336162239775492
12	12	0.0014438443743295096
13	13	0.000920313017463659
14	14	0.0006006833462908153
15	15	5.51085673907516e-06
16	16	0.00015981483600262326
17	17	0.0025349939383310463
18	18	8.81737023990588e-05
19	19	0.00014879312282795078
20	20	0.027146478563111014
21	21	0.0003692273780546282
22	22	0.00018736911779995802
23	23	0.00033616223962038764
24	24	0.00039678165994450515
25	25	0.0012454535435339475
26	26	0.016615232007643522
27	27	2.2043426202794637e-05
28	28	0.0026176567838897655
29	29	0.010702083104456122
30	30	0.0003747382347854529
31	31	5.510857016858364e-06
32	32	0.007219221867902281
33	33	0.0005125096442646878
34	34	0.0008321393147926976
35	35	0.00037473823433010665
36	36	3.85759954398676e-05
37	37	0.003697784636439593
38	38	0.007219221867739773
39	39	0.0026176567844295204
40	40	0.0003030971015752679
41	41	0.0003582056661440941
42	42	0.0026066350716647934
43	43	1.1021713674054995e-05
44	44	0.002016973437908909
45	45	0.0031797641358101937
46	46	0.00039678166083463026
47	47	0.017023035380192557
48	48	0.0026837870607845458
49	49	0.000253499393972449
50	50	0.0002645211070499655
51	51	0.005681692936018556
52	52	0.01088945222127956
53	53	0.001873691171750906
54	54	0.0041827399980846475
55	55	0.0003416730962087139
56	56	0.010889452220957413
57	57	0.004276424557295195
58	58	0.00012674969761027445
59	59	0.0006998787619872042
60	60	7.715198952363104e-05
61	61	1.6532570124979494e-05
62	62	0.00013226055374310986
63	63	0.01167750468446107
64	64	0.000688857048903747
65	65	0.0018406260341422937
66	66	0.002617656784279952
67	67	0.00031962967099827315
68	68	0.00014879312301012586
69	69	0.0004794445066405
70	70	0.016163341783897875
71	71	0.0004188250862262253
72	72	0.02714647856283176
73	73	0.01088945222183407
74	74	4.408685209259933e-05
75	75	0.0026066350714571726
76	76	0.014454976304096956
77	77	0.0004794445066093031
78	78	0.013782651824890095
79	79	0.0006006833466998025
80	80	0.0075884492454498615
81	81	0.027146478562805745
82	82	2.2043425571099623e-05
83	83	0.019574561887071004
84	84	0.0014989529374301743
85	85	0.004017414306982857
86	86	0.000562107351770497
87	87	0.00012674969784469506
88	88	0.0008156067456381034
89	89	0.0008927587354660661
90	90	0.016615232007187685
91	91	0.0003912708041795112
92	92	0.010806789375614684
93	93	0.0017138763369457125
94	94	0.02714647856327507
95	95	0.004507880524983904
96	96	0.0001047062722366424
97	97	0.0011793232678344709
98	98	0.0012123884058013062
99	99	0.003317535545665661
100	100	0.000143282266229664
101	101	0.006431169403774002
102	102	0.016615232007144386
103	103	0.0011352364160249731
104	104	0.006706712223570084
105	105	0.00024247768137134796
106	106	0.011677504684273433
107	107	0.00022594511257934308
108	108	0.0007549873257924823
109	109	0.027146478563615403
110	110	0.0011572798420651411
111	111	0.0005290422139885223
112	112	3.306513867663915e-05
113	113	0.0002149234000615547
114	114	0.0002975862458100952
115	115	0.0016477460598348247
116	116	0.027146478562966214
117	117	0.00015981483533367212
118	118	0.03352253940317733
119	119	0.001212388405592875
120	120	0.0010305301452408265
121	121	0.01688526397057386
122	122	0.019574561887568735
123	123	0.0009699107250721309
124	124	0.0017248980491702253
125	125	0.0048330210518646435
126	126	0.027146478563040033
127	127	0.0006502810543416917
128	128	0.01661523200746643
129	129	0.03352253940268757
130	130	0.006431169404161914
131	131	0.00483302105217412
132	132	0.011677504685134356
133	133	0.01957456188778257
134	134	0.00023145596902559464
135	135	0.0026562327787498625
136	136	0.007588449245718165
137	137	0.001339138103019064
138	138	0.0072192218671165605
139	139	0.00011572798503908708
140	140	0.0017414306189466548
141	141	0.0006778353365968482
142	142	1.6532569763273833e-05
143	143	0.0036426760725882666
144	144	0.009098423895951894
145	145	1.1021713634850109e-05
146	146	0.0008927587351824392
147	147	1.1021713419463315e-05
148	148	1.6532569316531998e-05
149	149	0.00040780337270889677
150	150	0.033522539403495706
151	151	0.0007053896177922504
152	152	0.007588449245650899
153	153	0.016615232007852494
154	154	0.003323046402256506
155	155	0.010806789375670938
156	156	0.000259010250407576
157	157	3.8575995250489324e-05
158	158	0.03352253940317224
159	159	0.007219221867238735
160	160	0.0071696241596614025
161	161	0.01616334178331835
162	162	2.755428281657841e-05
163	163	0.007588449245442098
164	164	0.003642676072681592
165	165	0.027146478562951975
166	166	0.007830926926141561
167	167	8.26628458764681e-05
168	168	2.20434264949684e-05
169	169	0.0005731290643735205
170	170	0.005576986664236648
171	171	0.027146478562831446
172	172	9.919541583156554e-05
173	173	0.014454976303988697
174	174	0.00670671222375004
175	175	0.0012123884059263741
176	176	0.0075884492458672854
177	177	0.00012674969767445117
178	178	0.0015816157835158004
179	179	0.0017248980494983252
180	180	6.06194208869789e-05
181	181	4.9597707764001845e-05
182	182	0.007830926926422474
183	183	0.033522539403050514
184	184	0.0005125096444555631
185	185	0.0067067122239276725
186	186	0.03352253940361996
187	187	0.017023035380236938
188	188	0.0025074396565230948
189	189	0.016615232007990564
190	190	0.010806789375440044
191	191	0.00031411881482471194
192	192	0.001989419156605391
193	193	0.016885263971007588
194	194	0.010702083103872842
195	195	3.8575994819856e-05
196	196	0.033522539403320645
197	197	0.0006172159155329998
198	198	0.0006061942030383013
199	199	0.0004904662193335738
200	200	0.0009368455862553234
201	201	0.00022043425625351167
202	202	0.0001543039795853424
203	203	0.000600683346997947
204	204	0.011677504685181334
205	205	0.000358205665413833
206	206	0.005681692935922433
207	207	0.00012674969771110021
208	208	0.0009974650064767377
209	209	0.0170230353797645
210	210	5.5108564818335265e-05
211	211	0.0018957345975016066
212	212	3.3065139061447134e-05
213	213	0.02714647856347987
214	214	0.01688526397046854
215	215	0.00028656453215248105
216	216	0.02714647856357388
217	217	0.0020169734379392895
218	218	0.0001653256921756272
219	219	0.0025074396570745816
220	220	0.010889452221759542
221	221	0.00012674969719270242
222	222	0.016885263970056623
223	223	0.005637606084049965
224	224	0.010702083104341299
225	225	0.001895734597178659
226	226	0.00443623939172262
227	227	5.510856401278131e-05
228	228	0.00022043425606221845
229	229	0.00040229251649643953
230	230	0.016163341783457602
231	231	0.0007164113307597927
232	232	0.00011572798462231383
233	233	4.4086852046569595e-05
234	234	0.0005510856390745487
235	235	0.0072192218675117105
236	236	0.006431169404053803
237	237	0.0006337484851205832
238	238	0.0003582056658694741
239	239	0.004777912488183271
240	240	0.0004959770753522388
241	241	0.0015540615021169644
242	242	0.00014328226662655436
243	243	0.0004794445058551748
244	244	5.51085647199902e-05
245	245	0.016615232007854926
246	246	0.00013226055352923648
247	247	2.7554282172597964e-05
248	248	0.0009754215806816036
249	249	0.03352253940339753
250	250	0.033522539403050146
251	251	0.0025349939381134083
252	252	0.0019398214489078642
253	253	0.0018351151775606405
254	254	0.0004849553621510183
255	255	0.0002865645331053427
256	256	0.0001543039795273646
257	257	0.003796980051298885
258	258	0.0006998787615337853
259	259	0.00274440648157636
260	260	0.00035820566571672166
261	261	0.0010966604217314603
262	262	0.0008431610272287695
263	263	0.002865645321404558
264	264	0.000644770197625518
265	265	9.919541517808304e-05
266	266	0.0005841507771130485
267	267	0.016615232007822583
268	268	0.017023035379825944
269	269	0.0004959770751966335
270	270	0.0036426760726830866
271	271	0.004507880524659463
272	272	7.715198999405313e-05
273	273	9.919541540239013e-05
274	274	0.0001818582609830915
275	275	0.0034112201042444568
276	276	0.0006227267724249957
277	277	0.0008321393150286021
278	278	0.008707153091958202
279	279	0.0008872478789487779
280	280	5.5108567672765965e-06
281	281	0.02714647856309118
282	282	0.007830926927014394
283	283	0.004276424556764756
284	284	0.00019287997434490046
285	285	0.0020665711456575586
286	286	0.019574561887367743
287	287	0.004436239391994536
288	288	0.00014328226673505188
289	289	0.00033065138379274775
290	290	0.006431169404037622
291	291	0.00035269480903384444
292	292	0.004436239392466238
293	293	0.01445497630333281
294	294	1.1021713196927146e-05
295	295	0.00716962416000554
296	296	0.0007549873251739639
297	297	4.959770764680135e-05
298	298	0.0006117050598332973
299	299	0.002347624821609664
300	300	0.0026837870608523518
301	301	0.027146478563716048
302	302	0.017023035380110157
303	303	0.0020169734377795193
304	304	4.9597708124494066e-05
305	305	0.00870715309242355
306	306	9.36845595661519e-05
307	307	0.00018185826100965705
308	308	0.013782651824794576
309	309	0.004507880525355843
310	310	0.0023476248210916053
311	311	0.00010470627172267391
312	312	0.0006447701979305536
313	313	0.0001487931226522021
314	314	0.001647746059767832
315	315	0.0009092913040740789
316	316	0.001994930012911992
317	317	0.007219221867676532
318	318	0.0006888570487637088
319	319	0.0009533781558810049
320	320	9.91954156645241e-05
321	321	4.408685209155288e-05
322	322	0.0009754215810214263
323	323	0.00044086851175078885
324	324	0.002744406480994573
325	325	0.0004959770753663015
326	326	5.510857351212311e-06
327	327	3.3065138738016426e-05
328	328	0.016163341783793406
329	329	3.3065139104913273e-05
330	330	0.02714647856356835
331	331	0.03352253940303125
332	332	0.01167750468456243
333	333	0.004777912487694505
334	334	1.1021713004095962e-05
335	335	3.3065138496593896e-05
336	336	0.00026452110690906064
337	337	0.0006778353363382953
338	338	1.6532569185070207e-05
339	339	0.0009864432933109981
340	340	0.010702083104025241
341	341	0.01616334178415034
342	342	0.0002645211074376291
343	343	0.0013170946770648061
344	344	0.00015981483527099005
345	345	0.0002039016871468546
346	346	0.0005125096440926713
347	347	0.00023696682525122022
348	348	0.00046291193669718866
349	349	0.002347624821456755
350	350	0.00014328226643644726
351	351	4.9597708127952665e-05
352	352	0.00023696682474481397
353	353	0.017023035380216836
354	354	2.7554282269488146e-05
355	355	0.0018406260339202528
356	356	7.715199009311515e-05
357	357	0.017023035380320795
358	358	3.306513847235271e-05
359	359	0.004507880525632365
360	360	0.002424776810395004
361	361	0.000473933649868067
362	362	0.01702303537991587
363	363	0.01080678937601773
364	364	0.0008982695915203083
365	365	0.002865645321390386
366	366	0.01688526397066691
367	367	0.03352253940282044
368	368	6.613027699081598e-05
369	369	0.0005290422135460329
370	370	0.004430728535650385
371	371	7.715198977219725e-05
372	372	1.653256936938117e-05
373	373	0.017023035380213512
374	374	0.007169624160360232
375	375	0.0013115838208097035
376	376	4.959770792600619e-05
377	377	0.00870715309232045
378	378	3.857599482541096e-05
379	379	6.061942057567153e-05
380	380	0.004017414306965113
381	381	0.009098423895096706
382	382	0.011677504684670144
383	383	0.027146478563284112
384	384	2.7554282015176142e-05
385	385	0.016163341783943193
386	386	2.2043425722188966e-05
387	387	0.004017414306472433
388	388	0.02714647856299776
389	389	0.00015981483601468558
390	390	0.00018736911762750778
391	391	0.0018957345978229056
392	392	0.00024798853813673405
393	393	0.00030309710148863965
394	394	0.0020169734386261354
395	395	0.005681692935845404
396	396	0.016163341783829752
397	397	5.510856435741242e-05
398	398	0.019574561887323875
399	399	0.00035820566573608416
400	400	0.01957456188761117
401	401	0.0005125096443457579
402	402	0.027146478563720353
403	403	0.016885263970462534
404	404	0.001857158603262152
405	405	0.017023035380668048
406	406	0.033522539402966296
407	407	0.0006282376287335148
408	408	7.164113326818559e-05
409	409	0.001741430618888718
410	410	0.00013226055359645967
411	411	0.0003967816599799443
412	412	3.857599500615748e-05
413	413	1.6532569918985523e-05
414	414	0.0008927587356268908
415	415	3.306513841961123e-05
416	416	0.00040780337285711653
417	417	0.0018957345974510544
418	418	4.959770776484914e-05
419	419	0.0009148021611296094
420	420	0.007830926926919422
421	421	0.00278298247572185
422	422	0.0024247768104570045
423	423	0.01378265182421474
424	424	0.03352253940350047
425	425	0.02714647856300182
426	426	0.0004959770750101848
427	427	0.00721922186751247
428	428	0.014454976304227532
429	429	0.010889452221843362
430	430	0.00015981483561752487
431	431	7.164113362348749e-05
432	432	0.001994930012290049
433	433	0.0003196296709494916
434	434	0.0009699107249048467
435	435	0.0017193871932232397
436	436	0.0006061942032688345
437	437	2.7554282827200188e-05
438	438	0.000187369117529139
439	439	0.00253499393880251
440	440	0.007588449245442013
441	441	0.03352253940280429
442	442	0.0056376060845401725
443	443	1.1021713549203765e-05
444	444	0.002424776811180475
445	445	0.0012564752568487451
446	446	0.019574561887057633
447	447	0.01616334178361134
448	448	1.1021713627175626e-05
449	449	0.001295051250974396
450	450	0.009098423895347846
451	451	0.0006172159159516592
452	452	0.00035820566560847703
453	453	0.0015761049267851437
454	454	0.004276424557047587
455	455	0.0003637165218057627
456	456	0.01661523200805089
457	457	0.00036371652187639517
458	458	0.0020169734383142287
459	459	0.0014548660865445855
460	460	0.0006668136234575125
461	461	0.00010470627194727484
462	462	0.0045078805252613445
463	463	0.0004353576553192547
464	464	0.016615232007607037
465	465	0.002154744848198772
466	466	0.00037473823467867157
467	467	7.715198971567933e-05
468	468	0.001179323267775753
469	469	0.0006502810541149608
470	470	0.0013060729637860596
471	471	0.0037969800510984425
472	472	0.00012123884078205087
473	473	0.0009754215808657324
474	474	0.007169624159971456
475	475	0.00019839083085015623
476	476	0.00013777141066578674
477	477	0.001994930012703689
478	478	0.0004904662189773003
479	479	0.01702303538057903
480	480	0.00036371652170961695
481	481	0.004182739998060277
482	482	0.033522539403420454
483	483	0.0004078033727342417
484	484	0.0012123884055434463
485	485	0.00014328226636254173
486	486	0.01661523200783195
487	487	5.510856773774441e-06
488	488	0.004276424557217159
489	489	0.01616334178390603
490	490	0.02714647856335657
491	491	0.004430728535926849
492	492	0.010702083103978442
493	493	0.0009754215812260914
494	494	2.2043426470281343e-05
495	495	0.010702083103813348
496	496	0.00427642455732914
497	497	0.007169624159602465
498	498	0.006706712223520186
499	499	0.0004684227938934992
500	500	7.164113353719957e-05
501	501	0.0008982695916962403
502	502	0.002656232778691602
503	503	0.002347624821134212
504	504	0.0011848341242015866
505	505	0.004777912488569719
506	506	0.00721922186794883
507	507	5.510856437861514e-05
508	508	0.001509974650461536
509	509	0.01661523200715815
510	510	0.000997465006702657
511	511	0.0075884492457411684
512	512	0.03352253940278062
513	513	0.0009919541504424421
514	514	0.003411220103904788
515	515	0.00047944450596328905
516	516	0.0006998787618114744
517	517	0.013782651824420648
518	518	0.004833021052252225
519	519	0.00037473823503148603
520	520	0.002336603108565411
521	521	0.0161633417841203
522	522	0.013782651824193932
523	523	0.0003582056660401296
524	524	0.000672324480046119
525	525	0.0011848341240023876
526	526	0.02714647856300377
527	527	0.0027829824755049386
528	528	0.002033506007230229
529	529	0.0008982695920686864
530	530	0.00043535765479855597
531	531	0.0003692273787324646
532	532	0.0008652044529096325
533	533	0.006706712223100787
534	534	0.002584591646432558
535	535	0.00023696682535563003
536	536	0.0018957345976343346
537	537	0.0026176567841827984
538	538	0.00011021712810322108
539	539	5.5108567324677115e-06
540	540	0.0024247768105591723
541	541	0.000644770197938452
542	542	5.510856395429064e-05
543	543	0.014454976303982105
544	544	0.005637606084329107
545	545	0.0006006833463295949
546	546	0.011677504685171845
547	547	0.005681692935904153
548	548	3.8575994944598906e-05
549	549	0.004507880525566561
550	550	0.017023035379870977
551	551	0.0016422352042929794
552	552	0.019574561887161487
553	553	0.0075884492456779265
554	554	2.7554282683151007e-05
555	555	0.0001267496971691828
556	556	0.01445497630386392
557	557	0.007588449245015319
558	558	0.027146478563154254
559	559	0.010806789375644521
560	560	0.00017634740482782915
561	561	4.9597707687931056e-05
562	562	0.0006668136230204237
563	563	0.01702303538012645
564	564	0.0015816157833833024
565	565	0.0005345530701045108
566	566	0.01688526397016541
567	567	0.0009092913040432411
568	568	0.000286564532233052
569	569	0.0028656453220108906
570	570	0.0001487931233849722
571	571	0.013782651824160757
572	572	0.007169624159950344
573	573	0.00018185826101212014
574	574	0.00047944450640671836
575	575	0.00022594511251166968
576	576	0.01167750468474967
577	577	2.7554282106336464e-05
578	578	0.011677504684983594
579	579	0.00043535765531278075
580	580	0.004623608509222153
581	581	0.0015154855067082923
582	582	5.5108564077282776e-05
583	583	0.00023145596832421285
584	584	0.00029758624577250344
585	585	0.016885263970825667
586	586	5.51085647085779e-05
587	587	6.0619420927279154e-05
588	588	1.1021713715080503e-05
589	589	0.01688526397089366
590	590	0.0029923950182279
591	591	0.006431169404261999
592	592	0.00012123884111681703
593	593	6.613027743807987e-05
594	594	0.0015540615016860417
595	595	0.009098423895538079
596	596	0.02714647856312756
597	597	8.26628459641087e-05
598	598	2.7554282315007283e-05
599	599	0.00028656453247659364
600	600	0.0001487931228342859
601	601	0.00462360850930816
602	602	0.016615232007186658
603	603	0.01688526397009612
604	604	0.0005069987881990883
605	605	0.0161633417836621
606	606	4.4086851574230536e-05
607	607	0.007588449245598351
608	608	0.00030309710182029097
609	609	0.0007164113311641578
610	610	0.0038631103278309368
611	611	0.0006613027673735751
612	612	0.03352253940353776
613	613	0.00026452110680834644
614	614	0.013782651824765749
615	615	0.0007164113310934294
616	616	0.016615232007185274
617	617	0.0009974650061718158
618	618	0.0003416730963122024
619	619	0.00019839083088799055
620	620	0.016163341784174393
621	621	0.0018406260334765472
622	622	0.002534993938529653
623	623	0.0026562327792607806
624	624	0.00014328226619387898
625	625	0.01088945222130584
626	626	0.00027003196319526894
627	627	0.000336162239675072
628	628	0.0024247768110433423
629	629	0.016163341783700585
630	630	0.0004078033735671464
631	631	8.817370280948074e-05
632	632	0.011677504684407175
633	633	0.016615232007718313
634	634	0.010702083104645755
635	635	0.0020665711454887457
636	636	0.0019012454538753275
637	637	0.0002810536764026936
638	638	0.013782651824817605
639	639	6.613027673885478e-05
640	640	0.0013666923845542926
641	641	0.006431169404356263
642	642	0.03352253940311898
643	643	0.0008927587353249191
644	644	0.010806789375136175
645	645	0.0020831037143716796
646	646	2.2043426382510925e-05
647	647	0.010806789376063955
648	648	0.002534993938416885
649	649	0.0001267496978033784
650	650	0.033522539402896824
651	651	0.0005125096445329248
652	652	0.0018957345981434506
653	653	0.0038631103276635104
654	654	0.0015871266404547876
655	655	0.0023200705393041396
656	656	0.0011793232673413586
657	657	0.016885263970228517
658	658	0.0036426760722832437
659	659	4.408685121579091e-05
660	660	0.001576104926742656
661	661	0.0006172159159522839
662	662	0.0018736911721947895
663	663	1.6532569345979362e-05
664	664	0.016615232007731368
665	665	0.00369778463660012
666	666	0.0004904662185786299
667	667	0.0002204342556905466
668	668	0.002683787060690466
669	669	0.0003196296712095776
670	670	0.003185274991968696
671	671	0.016885263970542172
672	672	0.03352253940274064
673	673	0.016163341783707846
674	674	1.1021713330971316e-05
675	675	0.010889452221698705
676	676	0.03352253940354896
677	677	0.0010139975757699304
678	678	0.0017414306192922347
679	679	0.0048330210524165675
680	680	3.8575995483556755e-05
681	681	0.00042433594224839256
682	682	0.0025349939386361715
683	683	0.0335225394026404
684	684	0.0004518902241867663
685	685	0.0005069987876618648
686	686	0.004017414306921475
687	687	1.653256924831692e-05
688	688	4.959770830734792e-05
689	689	0.001581615783585819
690	690	0.00012123884122258453
691	691	0.00011572798463231763
692	692	0.0033175355458158933
693	693	5.510856985442993e-06
694	694	0.002782982476417889
695	695	0.00027554281990477763
696	696	0.001989419156583299
697	697	0.01661523200780994
698	698	0.0011683015542769334
699	699	0.0004022925168879927
700	700	0.0007164113311901383
701	701	0.0048330210520069
702	702	7.715198981755422e-05
703	703	0.00020390168661081276
704	704	0.0026562327786185756
705	705	0.0064311694038747865
706	706	0.00015430397891492663
707	707	0.00670671222405935
708	708	0.007169624159823637
709	709	0.006706712223957978
710	710	0.0007770307508895969
711	711	0.006431169404489255
712	712	0.00011021712864811281
713	713	0.0056816929350902426
714	714	2.7554282800104634e-05
715	715	0.0027444064816252536
716	716	0.00038024909153406346
717	717	0.011677504684657027
718	718	0.011677504685021187
719	719	0.007169624159641542
720	720	0.00568169293510686
721	721	0.0005345530697162823
722	722	2.204342645002854e-05
723	723	0.0005565964952563467
724	724	0.0006778353365642456
725	725	1.6532569347861964e-05
726	726	0.00450788052552275
727	727	0.00019839083083715884
728	728	0.0006888570492891234
729	729	0.0006778353360100757
730	730	0.002744406481590592
731	731	1.1021713767103624e-05
732	732	0.004436239392571638
733	733	0.006706712223622493
734	734	0.0006888570485476337
735	735	0.019574561887707745
736	736	0.0026837870612894566
737	737	0.0007935633205205696
738	738	0.0009533781556543494
739	739	7.164113362156669e-05
740	740	6.613027695639554e-05
741	741	0.02714647856308382
742	742	0.00036922737808195124
743	743	4.408685153399859e-05
744	744	0.004833021051776008
745	745	0.01688526397074068
746	746	0.0001157279850791699
747	747	0.0013005621079892659
748	748	0.00018736911779418226
749	749	0.002016973438522762
750	750	6.061942110071329e-05
751	751	6.061942032157802e-05
752	752	0.002154744848057693
753	753	0.0001212388409063691
754	754	0.0001763474049857585
755	755	0.000837650171374428
756	756	0.004326022264263609
757	757	0.00783092692695192
758	758	0.0003306513837849677
759	759	0.00028105367673668066
760	760	0.03352253940318357
761	761	0.00029207538938818997
762	762	0.010806789376004945
763	763	0.005576986664196144
764	764	0.00022043425605449015
765	765	0.0006888570488805861
766	766	6.061942050448281e-05
767	767	4.959770818836525e-05
768	768	0.014454976304297056
769	769	0.004430728535518455
770	770	0.0004849553625620623
771	771	0.0003141188150386666
772	772	0.0043260222643006375
773	773	0.007169624159798072
774	774	0.00017083654879339853
775	775	0.03352253940288357
776	776	9.36845594780288e-05
777	777	0.002656232778897411
778	778	0.0016422352040299226
779	779	3.857599518559113e-05
780	780	0.0012619861127116415
781	781	0.0018736911725345422
782	782	0.00042984679853120677
783	783	0.0025845916463408673
784	784	0.0008927587350507188
785	785	0.00033616223991264513
786	786	0.0161633417834646
787	787	0.0004574010802216886
788	788	0.004507880525445155
789	789	0.006431169404723377
790	790	0.0018957345979365577
791	791	0.010806789375138855
792	792	4.408685205830811e-05
793	793	4.959770805439855e-05
794	794	0.0006282376288365967
795	795	0.0033781549660405648
796	796	0.0017414306192908696
797	797	0.0014438443734455491
798	798	0.019574561887346013
799	799	0.010889452221628619
800	800	0.0007053896177274157
801	801	0.007830926926811926
802	802	0.016885263970957753
803	803	0.00027003196327930675
804	804	0.016163341784080965
805	805	0.019574561887501275
806	806	3.857599482943394e-05
807	807	0.005576986664486988
808	808	0.00015430397954715054
809	809	0.009098423896041128
810	810	0.0005621073520619054
811	811	0.0005731290647179681
812	812	0.0001157279846556631
813	813	0.0170230353805905
814	814	0.0013060729644896432
815	815	0.00039678166034235303
816	816	0.006431169403756949
817	817	0.001096660421035337
818	818	0.016615232007160398
819	819	0.002534993938636892
820	820	0.0006833461922301642
821	821	0.0009533781552469177
822	822	0.014454976303342934
823	823	0.011677504685004433
824	824	0.0024247768105046382
825	825	0.02714647856353316
826	826	3.8575995174350935e-05
827	827	0.02714647856286279
828	828	0.00019287997358884964
829	829	1.1021712943145817e-05
830	830	0.00031411881464655936
831	831	0.007169624160128318
832	832	0.0002920753887492051
833	833	0.00201697343780069
834	834	0.004276424556618701
835	835	9.368455899183449e-05
836	836	0.00018185826113368045
837	837	0.0056816929352001885
838	838	0.00643116940429034
839	839	0.0020335060072889776
840	840	0.016615232007572117
841	841	0.0031797641357645657
842	842	0.00168081119810186
843	843	0.00049597707512458
844	844	0.01957456188756793
845	845	0.014454976304195542
846	846	0.0030089275882864003
847	847	0.0018902237411577512
848	848	2.204342561202878e-05
849	849	7.164113402408073e-05
850	850	0.0006613027671596885
851	851	0.00017634740487359332
852	852	0.033522539403141774
853	853	0.002584591646196547
854	854	4.4086851946380905e-05
855	855	0.0008927587350368383
856	856	0.027146478563633718
857	857	0.0006613027664837903
858	858	0.0034112201042755274
859	859	0.001509974650378754
860	860	0.007219221867399618
861	861	0.01616334178394431
862	862	0.0033230464016870804
863	863	0.016885263970339584
864	864	0.0028656453219060517
865	865	4.408685139257836e-05
866	866	0.0012123884051890713
867	867	0.01070208310412662
868	868	0.0003306513836609316
869	869	0.00033616223977207875
870	870	0.00019839083032204314
871	871	0.00048495536300959615
872	872	1.1021713743176105e-05
873	873	0.011677504685134179
874	874	0.0025294830823234006
875	875	0.0016532569167853571
876	876	0.010806789375426852
877	877	0.0029923950184059024
878	878	3.3065139210778656e-05
879	879	0.0009092913046161653
880	880	0.00020941254329935103
881	881	0.0056816929351401965
882	882	0.0006833461925576175
883	883	0.00909842389574375
884	884	0.010702083103870755
885	885	1.6532569204213098e-05
886	886	0.005576986664650682
887	887	0.009098423895810413
888	888	0.005681692935259074
889	889	0.03352253940295206
890	890	0.001013997575906789
891	891	0.013782651825082648
892	892	0.002584591646382385
893	893	0.00033065138370215957
894	894	9.919541554240939e-05
895	895	0.009098423895341847
896	896	0.0014769095118176113
897	897	0.017023035380339224
898	898	0.016615232007622244
899	899	0.0029923950184179834
900	900	0.0005731290645529158
901	901	0.004777912488494486
902	902	0.017023035380102046
903	903	0.002226385981366554
904	904	0.0015540615018039112
905	905	8.817370292844359e-05
906	906	0.004436239392419494
907	907	0.004436239391853114
908	908	0.01957456188701928
909	909	0.0026066350718176715
910	910	0.01167750468441263
911	911	0.0009092913047780438
912	912	0.0020169734377726727
913	913	0.01070208310430454
914	914	0.03352253940347311
915	915	5.510856732330821e-06
916	916	1.6532569488989844e-05
917	917	0.016615232007456047
918	918	8.817370301546675e-05
919	919	1.1021713270576657e-05
920	920	0.007588449245832247
921	921	0.00013226055424794554
922	922	0.00136669238471422
923	923	0.0013281163900875847
924	924	0.017023035379748502
925	925	0.0019949300129769175
926	926	5.510857175917237e-06
927	927	0.016163341783899544
928	928	0.00011021712811597041
929	929	8.266284610162523e-05
930	930	0.017023035379869798
931	931	0.0003747382345845537
932	932	0.033522539402646115
933	933	0.0033230464018102926
934	934	8.817370300940852e-05
935	935	8.266284595823713e-05
936	936	1.6532569664474433e-05
937	937	0.0019398214483632196
938	938	0.0056816929359273585
939	939	0.0015265072198779647
940	940	0.0023200705392451624
941	941	0.0005455747828563962
942	942	3.857599541081877e-05
943	943	0.0020169734377613975
944	944	8.266284677498218e-05
945	945	0.00017083654865660385
946	946	0.010889452221751243
947	947	0.0005565964954319992
948	948	0.0001212388412772635
949	949	0.0005841507779402957
950	950	0.00013777141023716438
951	951	0.0019122671663178846
952	952	0.0018571586028780357
953	953	0.00027554281984812893
954	954	0.0007549873259436864
955	955	9.919541558187786e-05
956	956	0.0021602557039964057
957	957	0.00013226055357005713
958	958	0.0006337484848123677
959	959	0.004777912487678361
960	960	0.00037473823487472216
961	961	0.00011572798453718042
962	962	0.005637606084000273
963	963	0.01378265182496225
964	964	0.0008652044532361852
965	965	1.6532569331612145e-05
966	966	0.0023476248210616466
967	967	0.017023035380256412
968	968	0.013782651824778804
969	969	0.0003196296706145017
970	970	0.019574561887496924
971	971	0.002584591645560582
972	972	0.0020665711452165915
973	973	5.510856419069906e-05
974	974	0.02714647856373989
975	975	0.03352253940264682
976	976	6.061942118503236e-05
977	977	0.0018736911717285138
978	978	0.016163341783974876
979	979	0.0002369668248704631
980	980	0.0045078805248563916
981	981	0.0006282376285014744
982	982	0.0009368455861826999
983	983	0.011677504685061312
984	984	0.00011021712857488218
985	985	0.0023476248218117523
986	986	0.00029758624541892836
987	987	4.408685113783158e-05
988	988	0.004436239391857031
989	989	0.00015981483530746774
990	990	0.0007053896183846582
991	991	0.0072192218679135445
992	992	0.0004298467990826067
993	993	0.01661523200720424
994	994	0.002584591646233798
995	995	0.01702303538031163
996	996	0.014454976303709156
997	997	0.004777912487683798
998	998	0.00034718395266158686
999	999	0.01616334178368366
1000	1000	2.755428263439209e-05
1001	1001	0.0029923950185790906
1002	1002	0.006706712223141869
1003	1003	0.008707153092057938
1004	1004	0.00418273999791045
1005	1005	0.005637606084553948
1006	1006	0.016615232007808033
1007	1007	0.010889452221220073
1008	1008	9.368455889497305e-05
1009	1009	0.0006282376285007125
1010	1010	0.0072192218680722075
1011	1011	6.613027695830718e-05
1012	1012	0.00040780337312834516
1013	1013	0.0033230464018439887
1014	1014	1.102171283921696e-05
1015	1015	0.007169624160323241
1016	1016	0.002320070539854185
1017	1017	0.001509974650676809
1018	1018	5.510856461345437e-05
1019	1019	0.0012123884053161617
1020	1020	0.0003030971018352867
1021	1021	0.016615232007869796
1022	1022	9.919541572536653e-05
1023	1023	1.653257007752537e-05
1024	1024	7.715198969661564e-05
1025	1025	0.010806789376013285
1026	1026	3.3065139187798646e-05
1027	1027	0.0045078805248039925
1028	1028	0.027146478563209987
1029	1029	0.027146478562924594
1030	1030	1.6532569785610065e-05
1031	1031	0.0020169734382622295
1032	1032	4.959770833710893e-05
1033	1033	0.02714647856349684
1034	1034	0.00028105367616054007
1035	1035	0.016163341784074844
1036	1036	0.004623608509632849
1037	1037	0.002016973437787829
1038	1038	0.00014328226610079843
1039	1039	8.81737022566107e-05
1040	1040	0.0003802490907095341
1041	1041	0.004430728535280383
1042	1042	0.0001487931228514037
1043	1043	0.01070208310402859
1044	1044	0.0008982695918678359
1045	1045	0.033522539403356484
1046	1046	8.817370261289108e-05
1047	1047	0.0006337484848876266
1048	1048	0.00783092692677109
1049	1049	0.003642676072127112
1050	1050	0.0016532569167549136
1051	1051	0.00020941254290610039
1052	1052	0.001719387193618637
1053	1053	0.0005565964960068803
1054	1054	0.033522539403286256
1055	1055	0.006706712223902542
1056	1056	0.0004739336493994374
1057	1057	5.510856975233988e-06
1058	1058	0.001212388405590085
1059	1059	0.009098423895861489
1060	1060	0.0005455747824384505
1061	1061	5.510856467640397e-05
1062	1062	0.00023145596853164723
1063	1063	0.016163341783927226
1064	1064	0.0036977846362601543
1065	1065	0.0033230464020379477
1066	1066	3.857599542440601e-05
1067	1067	0.002992395019038617
1068	1068	0.0014989529376829853
1069	1069	0.0033230464014822117
1070	1070	1.1021712862307309e-05
1071	1071	0.010889452220982554
1072	1072	0.014454976303553753
1073	1073	0.0038631103279307137
1074	1074	0.019574561887321373
1075	1075	0.0003196296707758019
1076	1076	0.019574561887720218
1077	1077	0.0001763474045594838
1078	1078	2.7554282135382325e-05
1079	1079	0.0014273118046269698
1080	1080	0.00012123884121503554
1081	1081	0.0006172159154925917
1082	1082	0.00557698666471976
1083	1083	0.0001983908305348262
1084	1084	2.2043425629150498e-05
1085	1085	7.715198942719586e-05
1086	1086	0.00432602226447884
1087	1087	0.0017028546243249528
1088	1088	0.027146478563075817
1089	1089	0.0004298467983141996
1090	1090	0.0071696241597328896
1091	1091	0.00258459164639994
1092	1092	0.0036977846362589864
1093	1093	0.0170230353805616
1094	1094	0.016885263970288663
1095	1095	0.000363716521598576
1096	1096	0.0016477460600911337
1097	1097	0.0005786399207169826
1098	1098	0.000837650171294809
1099	1099	0.002534993938459717
1100	1100	0.016615232007343123
1101	1101	0.01070208310463764
1102	1102	0.010702083103904135
1103	1103	0.00022594511230620597
1104	1104	0.0001212388411085961
1105	1105	1.1021712840119459e-05
1106	1106	0.0006998787613209199
1107	1107	0.0008982695916179549
1108	1108	0.0012454535442370394
1109	1109	0.00014328226676798154
1110	1110	0.0001267496975933294
1111	1111	0.007219221867080514
1112	1112	0.01616334178398647
1113	1113	3.306513871174527e-05
1114	1114	0.0004959770753370287
1115	1115	0.00013777141040769206
1116	1116	0.00020941254308295116
1117	1117	0.0011683015543320983
1118	1118	0.033522539403506225
1119	1119	0.004430728535600136
1120	1120	0.016615232007216516
1121	1121	0.0013281163898406798
1122	1122	0.0008927587349096753
1123	1123	0.010889452221051582
1124	1124	0.0014273118051963706
1125	1125	0.0002534993938071775
1126	1126	0.01957456188761955
1127	1127	0.0038631103275275844
1128	1128	0.004326022264353406
1129	1129	0.0006061942034674466
1130	1130	0.00033616224011372826
1131	1131	0.002782982475921825
1132	1132	6.613027715676697e-05
1133	1133	0.00017634740467106148
1134	1134	0.016885263970452317
1135	1135	0.027146478563543384
1136	1136	0.002683787061076355
1137	1137	0.03352253940322937
1138	1138	0.0006282376285508918
1139	1139	0.0005841507772585131
1140	1140	0.00019839083047656965
1141	1141	0.0008652044535367009
1142	1142	0.002347624821215271
1143	1143	0.0034112201038484337
1144	1144	0.005637606084577213
1145	1145	0.03352253940306304
1146	1146	0.016885263970389617
1147	1147	0.0013170946773206264
1148	1148	0.01080678937533097
1149	1149	0.006431169404095367
1150	1150	0.019574561887473158
1151	1151	0.0010305301453115217
1152	1152	0.001339138102362246
1153	1153	7.715198977768835e-05
1154	1154	0.0034112201038675742
1155	1155	0.0006668136234158628
1156	1156	0.0017028546244125143
1157	1157	0.004436239391698209
1158	1158	3.3065138926268556e-05
1159	1159	0.0018571586033535523
1160	1160	0.007169624159639184
1161	1161	0.00014328226647273228
1162	1162	0.01702303538023211
1163	1163	0.010889452220877706
1164	1164	4.959770807700281e-05
1165	1165	0.011677504684406178
1166	1166	0.002534993938851243
1167	1167	9.91954152236813e-05
1168	1168	9.368455887630085e-05
1169	1169	0.003179764136127957
1170	1170	0.00092031301764135
1171	1171	4.40868511138978e-05
1172	1172	0.0004959770750271608
1173	1173	0.0015154855067000244
1174	1174	0.000815606745490355
1175	1175	0.03352253940346694
1176	1176	0.02714647856283204
1177	1177	0.0008707153098977017
1178	1178	0.0006613027673686881
1179	1179	0.0008156067458294223
1180	1180	0.0047779124883189535
1181	1181	0.0011903449804471604
1182	1182	0.0015761049272914967
1183	1183	0.006431169404449368
1184	1184	2.755428213486393e-05
1185	1185	0.017023035380601917
1186	1186	1.1021713347303389e-05
1187	1187	0.03352253940344268
1188	1188	0.007219221867178404
1189	1189	0.010702083103864663
1190	1190	0.016615232007355044
1191	1191	0.004436239391928883
1192	1192	0.004276424556677067
1193	1193	0.019574561887182363
1194	1194	0.0005731290652452151
1195	1195	0.03352253940331672
1196	1196	0.0005235313577225867
1197	1197	2.2043425636099776e-05
1198	1198	6.0619421200030864e-05
1199	1199	2.2043425567244427e-05
1200	1200	0.0025349939389566947
1201	1201	0.0015816157832474061
1202	1202	0.0002755428199597397
1203	1203	0.004276424557128496
1204	1204	0.0005125096440129684
1205	1205	0.0007549873258677581
1206	1206	0.006431169404266711
1207	1207	0.009098423896034989
1208	1208	8.817370253596899e-05
1209	1209	0.003317535545570685
1210	1210	0.00018185826152353188
1211	1211	0.016885263970210368
1212	1212	0.006706712223141611
1213	1213	0.027146478563448453
1214	1214	0.0003196296714023423
1215	1215	0.013782651824892751
1216	1216	0.0016477460602835057
1217	1217	0.0019398214483544404
1218	1218	0.001642235204105609
1219	1219	0.01702303538042631
1220	1220	0.006706712224065244
1221	1221	0.00015430397973999465
1222	1222	0.0026066350714757953
1223	1223	6.061942092560469e-05
1224	1224	0.01445497630405169
1225	1225	0.00013226055411003751
1226	1226	0.00012674969771544434
1227	1227	0.0011683015544643267
1228	1228	0.0056376060841877565
1229	1229	0.006431169404200595
1230	1230	0.0041827399979189744
1231	1231	0.002865645321385059
1232	1232	0.0005510856390104237
1233	1233	0.0046236085090346985
1234	1234	0.00018185826126573232
1235	1235	0.017023035380215382
1236	1236	5.510856435690561e-05
1237	1237	0.004507880525605318
1238	1238	0.0003471839526120264
1239	1239	0.0015761049268354023
1240	1240	0.027146478562840408
1241	1241	0.005637606084862441
1242	1242	0.0006282376288613574
1243	1243	1.6532569564523268e-05
1244	1244	0.00015981483583923958
1245	1245	5.51085730524616e-06
1246	1246	0.0024247768107057933
1247	1247	0.0007053896176403766
1248	1248	0.004777912487796026
1249	1249	0.007588449245536015
1250	1250	0.03352253940340911
1251	1251	0.01070208310430701
1252	1252	0.0018902237414094337
1253	1253	0.010806789375936425
1254	1254	3.8575995527444486e-05
1255	1255	0.010889452221208136
1256	1256	6.61302769056278e-05
1257	1257	2.2043425774433328e-05
1258	1258	0.00015430397900958662
1259	1259	0.0011848341233213612
1260	1260	0.0012950512513462407
1261	1261	0.002606635071585217
1262	1262	0.003323046401820692
1263	1263	0.0003912708037028759
1264	1264	0.000275542819815385
1265	1265	0.0011848341241769962
1266	1266	0.007219221867581538
1267	1267	0.0335225394028119
1268	1268	0.001300562108043558
1269	1269	0.017023035380467923
1270	1270	0.027146478562813544
1271	1271	0.0008486718840253422
1272	1272	0.019574561886925034
1273	1273	0.002033506007003615
1274	1274	0.0007770307513165409
1275	1275	0.0078309269261821
1276	1276	4.959770762520209e-05
1277	1277	0.0024247768113063216
1278	1278	0.01661523200802884
1279	1279	0.0043260222640867044
1280	1280	0.0047779124883818485
1281	1281	0.004436239392289879
1282	1282	0.0006613027668466905
1283	1283	0.017023035380335234
1284	1284	0.0001543039790590148
1285	1285	1.653256993228149e-05
1286	1286	0.027146478563017183
1287	1287	0.0001377714102031369
1288	1288	0.00025901025047606215
1289	1289	0.000104706271507007
1290	1290	0.0007164113310581475
1291	1291	0.0170230353797792
1292	1292	0.001912267166491888
1293	1293	0.0002204342555138113
1294	1294	2.755428253625007e-05
1295	1295	0.002617656784232713
1296	1296	0.005637606084589612
1297	1297	0.0004684227933093332
1298	1298	3.3065138845926804e-05
1299	1299	0.001223410118044224
1300	1300	0.0006282376285231704
1301	1301	0.016615232007539234
1302	1302	0.033522539403170536
1303	1303	0.0008927587350071525
1304	1304	5.510856829306587e-06
1305	1305	0.0014273118046021103
1306	1306	0.007169624160406627
1307	1307	0.003642676072186612
1308	1308	0.00013777140984634
1309	1309	0.0005290422132977133
1310	1310	0.001989419156418279
1311	1311	0.00039678166086564457
1312	1312	0.007830926926461005
1313	1313	3.3065139053171426e-05
1314	1314	0.004326022264374199
1315	1315	3.306513881963392e-05
1316	1316	0.00060619420273171
1317	1317	0.017023035380585937
1318	1318	0.003323046402227288
1319	1319	0.033522539403240244
1320	1320	0.00031411881410760875
1321	1321	0.01957456188718714
1322	1322	1.6532569584810676e-05
1323	1323	0.0038631103278799995
1324	1324	0.008707153092284842
1325	1325	0.004430728535286338
1326	1326	0.00017634740530373557
1327	1327	0.0029923950183046964
1328	1328	0.00010470627228391404
1329	1329	0.00036371652157607236
1330	1330	0.010702083104215084
1331	1331	0.002733384768495735
1332	1332	0.010702083104596404
1333	1333	0.00014879312270810278
1334	1334	0.008707153092500357
1335	1335	0.006431169404684098
1336	1336	0.0002920753887638013
1337	1337	0.000506998788126354
1338	1338	0.01167750468507709
1339	1339	4.408685203672204e-05
1340	1340	0.0007274330436375849
1341	1341	0.0009974650061947022
1342	1342	0.00909842389569741
1343	1343	0.010806789375853493
1344	1344	0.0005014879320790316
1345	1345	0.002584591646082307
1346	1346	0.0011903449797465325
1347	1347	0.016163341784208803
1348	1348	0.003697784636231414
1349	1349	0.0011572798415339796
1350	1350	0.0003416730964360009
1351	1351	0.0004518902237621302
1352	1352	0.01688526397047369
1353	1353	0.0011848341235660123
1354	1354	0.0005565964955057879
1355	1355	0.00012674969766097665
1356	1356	0.003317535545164821
1357	1357	0.00017634740475689788
1358	1358	0.03352253940347523
1359	1359	0.0009754215808364856
1360	1360	0.014454976303965287
1361	1361	0.027146478563089962
1362	1362	0.001647746059861358
1363	1363	0.0055769866640032395
1364	1364	0.006706712223153124
1365	1365	0.000826628458206642
1366	1366	0.006431169404291327
1367	1367	0.003796980051191287
1368	1368	0.003697784636673639
1369	1369	0.001212388405492022
1370	1370	3.857599530513002e-05
1371	1371	0.017023035380600415
1372	1372	0.004507880525529387
1373	1373	0.0004518902243924987
1374	1374	0.005681692935756829
1375	1375	9.919541523859869e-05
1376	1376	0.006431169404694787
1377	1377	0.013782651824422119
1378	1378	0.01688526397013216
1379	1379	0.0004463793678318974
1380	1380	0.027146478563293604
1381	1381	0.0014273118042796007
1382	1382	0.03352253940329152
1383	1383	0.0012289209745464569
1384	1384	0.004326022263889052
1385	1385	0.0006888570492166582
1386	1386	0.00012674969708371486
1387	1387	0.00013226055393228373
1388	1388	0.0075884492454264055
1389	1389	0.0047779124885056635
1390	1390	0.0144549763034047
1391	1391	1.1021713743346325e-05
1392	1392	0.016615232007932287
1393	1393	0.027146478563242368
1394	1394	2.204342586381085e-05
1395	1395	0.0195745618871182
1396	1396	0.0071696241600529755
1397	1397	0.027146478563293906
1398	1398	4.40868511478268e-05
1399	1399	0.0014438443735489642
1400	1400	4.408685183207972e-05
1401	1401	0.0005841507779442715
1402	1402	0.0009203130170886931
1403	1403	0.002584591645559104
1404	1404	0.0071696241599106605
1405	1405	0.00020390168695260581
1406	1406	0.00870715309235486
1407	1407	0.019574561887451897
1408	1408	0.0010580844269239581
1409	1409	0.011677504685096497
1410	1410	0.006706712223287224
1411	1411	7.164113361419505e-05
1412	1412	0.00039127080415137433
1413	1413	0.016885263970430737
1414	1414	6.061942103196162e-05
1415	1415	6.0619421030076604e-05
1416	1416	3.3065139026403e-05
1417	1417	0.0013005621080746637
1418	1418	0.0031797641362765043
1419	1419	0.00012674969788173653
1420	1420	3.8575994883486584e-05
1421	1421	0.0001763474048459704
1422	1422	3.3065139160120286e-05
1423	1423	0.017023035380167282
1424	1424	0.0335225394029168
1425	1425	0.0004959770749306036
1426	1426	0.01080678937532998
1427	1427	0.00046842279362770275
1428	1428	0.0036426760727839664
1429	1429	0.0008156067455808239
1430	1430	0.006706712223824207
1431	1431	0.010889452221797007
1432	1432	0.009098423895800473
1433	1433	0.00038575994797626574
1434	1434	0.0002369668254186484
1435	1435	0.027146478562889778
1436	1436	0.0006943679053462084
1437	1437	5.5108563995023676e-06
1438	1438	4.9597707940976674e-05
1439	1439	0.01957456188780816
1440	1440	0.0008486718837015114
1441	1441	6.613027762372196e-05
1442	1442	0.00034718395337770836
1443	1443	0.0008156067456710238
1444	1444	0.0044307285356518875
1445	1445	0.016885263970355516
1446	1446	0.0011683015545830807
1447	1447	0.00044086851195606524
1448	1448	0.0006668136231089096
1449	1449	0.004777912488199698
1450	1450	1.1021713435000132e-05
1451	1451	0.001741430618649855
1452	1452	0.005576986664502216
1453	1453	0.00016532569228663318
1454	1454	0.0004904662185801381
1455	1455	0.00017634740473252772
1456	1456	0.004430728535759639
1457	1457	0.003796980050762853
1458	1458	0.016163341783465658
1459	1459	0.03352253940302227
1460	1460	0.03352253940361798
1461	1461	6.0619420796337144e-05
1462	1462	9.368455926801943e-05
1463	1463	0.0004959770751252006
1464	1464	0.01702303537992112
1465	1465	0.010806789375463257
1466	1466	0.00023145596866269404
1467	1467	0.03352253940349617
1468	1468	0.0005510856391288874
1469	1469	0.03352253940297406
1470	1470	0.000490466218864182
1471	1471	0.007169624160018444
1472	1472	0.00017634740443595308
1473	1473	0.0009092913045812675
1474	1474	0.004777912487769844
1475	1475	0.0004408685110415444
1476	1476	0.017023035379793182
1477	1477	0.027146478562861565
1478	1478	0.0025074396568124254
1479	1479	0.0006227267723872159
1480	1480	0.0004243359421695627
1481	1481	1.1021713103815559e-05
1482	1482	0.010806789375956314
1483	1483	0.004276424556390501
1484	1484	0.004276424556910574
1485	1485	0.017023035380456835
1486	1486	0.011677504684763999
1487	1487	0.01378265182496909
1488	1488	0.03352253940304026
1489	1489	8.266284634539591e-05
1490	1490	0.010806789375087323
1491	1491	0.0031356772849159818
1492	1492	6.0619420579026e-05
1493	1493	3.306513884939571e-05
1494	1494	4.4086851793110666e-05
1495	1495	0.00018736911739378092
1496	1496	0.0006337484845524898
1497	1497	7.164113360420829e-05
1498	1498	2.2043426316416846e-05
1499	1499	6.613027716154e-05
1500	1500	0.0026176567844695122
1501	1501	0.00018736911727988798
1502	1502	0.0040174143070159886
1503	1503	0.027146478563130117
1504	1504	0.001840626034090118
1505	1505	0.0001818582609150422
1506	1506	0.016885263970540434
1507	1507	0.016163341783950486
1508	1508	9.919541563369277e-05
1509	1509	0.0003196296709478324
1510	1510	0.004326022264612656
1511	1511	0.0007274330435904777
1512	1512	0.016615232008048826
1513	1513	0.0005290422140135394
1514	1514	0.00036371652252119427
1515	1515	4.4086851857620804e-05
1516	1516	0.014454976303775983
1517	1517	0.007830926926731051
1518	1518	0.0056376060845921665
1519	1519	0.00031411881409918125
1520	1520	0.00029758624541882135
1521	1521	0.0003747382349411828
1522	1522	0.027146478563581527
1523	1523	0.004436239392528839
1524	1524	0.006706712223919548
1525	1525	0.002683787060616407
1526	1526	0.027146478562850254
1527	1527	0.0017414306187660828
1528	1528	0.008707153092016305
1529	1529	3.3065138649337186e-05
1530	1530	0.027146478563206757
1531	1531	1.1021713242208851e-05
1532	1532	0.0020335060069616305
1533	1533	0.0006282376290191115
1534	1534	5.5108564839835394e-05
1535	1535	0.0006006833469542308
1536	1536	0.004833021051940568
1537	1537	1.653256938766155e-05
1538	1538	0.0007770307508663423
1539	1539	0.0003747382344857126
1540	1540	0.00015981483597608852
1541	1541	0.0008376501709650972
1542	1542	0.00170285462405584
1543	1543	7.164113398837235e-05
1544	1544	0.011677504684881669
1545	1545	0.00203350600711022
1546	1546	0.002347624821271147
1547	1547	0.0018736911723306114
1548	1548	0.004623608509677523
1549	1549	0.007830926926931882
1550	1550	0.00568169293556437
1551	1551	0.0013005621073539828
1552	1552	0.00018736911803178956
1553	1553	0.0005014879316138027
1554	1554	0.0010580844266411202
1555	1555	3.857599560163465e-05
1556	1556	0.0020169734385590116
1557	1557	8.817370304839936e-05
1558	1558	0.0031356772852309174
1559	1559	0.0005125096443517991
1560	1560	0.01957456188771198
1561	1561	0.0006447701976101554
1562	1562	0.0005951724901783358
1563	1563	0.00041882508632074596
1564	1564	1.1021713300537988e-05
1565	1565	0.00010470627209524472
1566	1566	0.016615232007895383
1567	1567	1.6532569701232045e-05
1568	1568	0.0013556706712951666
1569	1569	0.0001432822664096219
1570	1570	0.001498952938162516
1571	1571	3.30651389450664e-05
1572	1572	0.00010470627143914923
1573	1573	5.510857255896907e-06
1574	1574	0.0007053896182611373
1575	1575	0.007830926926372274
1576	1576	1.1021712920316138e-05
1577	1577	0.0033230464022111603
1578	1578	0.02714647856369419
1579	1579	0.0012289209749122745
1580	1580	0.0011793232673524194
1581	1581	0.005681692935596505
1582	1582	0.00643116940421716
1583	1583	0.002016973438446635
1584	1584	0.0015154855067012764
1585	1585	0.01688526397002769
1586	1586	1.1021713767814445e-05
1587	1587	0.0026837870611485957
1588	1588	0.002733384768870322
1589	1589	0.0003582056657159092
1590	1590	0.004326022264588018
1591	1591	0.004507880524744692
1592	1592	0.001212388405335476
1593	1593	0.00557698666472057
1594	1594	0.0006613027666814377
1595	1595	0.001306072964482256
1596	1596	8.817370273097908e-05
1597	1597	0.00024247768136005296
1598	1598	0.005637606084094104
1599	1599	0.006431169404577871
1600	1600	0.00030309710133210737
1601	1601	0.0003471839533465078
1602	1602	0.01702303538036458
1603	1603	0.0014769095121594166
1604	1604	0.0001708365483587741
1605	1605	0.00011021712791599428
1606	1606	0.00029207538857460667
1607	1607	0.013782651824820783
1608	1608	0.0075884492456091595
1609	1609	0.0055769866641872555
1610	1610	0.007219221867766716
1611	1611	0.011677504684324309
1612	1612	4.408685201530126e-05
1613	1613	0.02714647856281333
1614	1614	0.00014328226678051717
1615	1615	0.017023035379828997
1616	1616	8.266284609033771e-05
1617	1617	0.00025901025074557524
1618	1618	0.0008982695911659735
1619	1619	0.0003967816605285308
1620	1620	0.0019122671665817834
1621	1621	0.004833021051567021
1622	1622	0.0003526948089112477
1623	1623	0.008707153092569041
1624	1624	0.0009974650067768223
1625	1625	5.510856462633729e-05
1626	1626	4.9597707980029026e-05
1627	1627	0.016615232007917376
1628	1628	0.0030089275881191686
1629	1629	0.010889452221742195
1630	1630	3.857599514994954e-05
1631	1631	0.0018902237415915637
1632	1632	2.2043426242406668e-05
1633	1633	0.006706712223935319
1634	1634	0.002584591646434521
1635	1635	0.0005621073516832951
1636	1636	0.0031356772843880005
1637	1637	5.510857296243092e-06
1638	1638	0.007588449245610835
1639	1639	0.0017028546241868153
1640	1640	0.0010305301453656195
1641	1641	0.0027829824756278932
1642	1642	0.01661523200776901
1643	1643	0.01702303538064604
1644	1644	0.0013170946773175905
1645	1645	0.0335225394035626
1646	1646	0.03352253940293859
1647	1647	0.00021492339971107433
1648	1648	0.001498952937553084
1649	1649	9.919541560483337e-05
1650	1650	0.0037969800510954752
1651	1651	5.510856395982514e-05
1652	1652	5.510856444757977e-05
1653	1653	0.0008652044533282234
1654	1654	0.0026066350714111157
1655	1655	0.0018406260339934018
1656	1656	0.005576986663806836
1657	1657	0.00029207538922841706
1658	1658	0.0006006833469405525
1659	1659	0.0006778353356931152
1660	1660	0.0030089275877505134
1661	1661	0.00015430397959663314
1662	1662	0.00144384437430021
1663	1663	0.0037969800509675858
1664	1664	0.016885263970685793
1665	1665	0.016163341784004883
1666	1666	0.0019122671666423157
1667	1667	0.00012674969749268487
1668	1668	0.0017248980492902103
1669	1669	0.017023035379736602
1670	1670	0.0009148021610247101
1671	1671	0.00029207538917274767
1672	1672	0.00019287997445791363
1673	1673	0.0003526948096860709
1674	1674	0.0002424776816268208
1675	1675	0.01616334178358705
1676	1676	0.0055769866646644545
1677	1677	6.613027701841078e-05
1678	1678	0.00030309710223299047
1679	1679	0.0028656453219036235
1680	1680	0.0009974650065413262
1681	1681	0.0007053896176361135
1682	1682	0.00012123884099882373
1683	1683	0.0008431610278196494
1684	1684	0.0004629119368575828
1685	1685	0.00011572798418515727
1686	1686	3.306513890358945e-05
1687	1687	0.00012674969766199914
1688	1688	0.004833021051996237
1689	1689	0.01688526397098165
1690	1690	0.001840626034263237
1691	1691	0.00013777140983686344
1692	1692	0.0012123884055974372
1693	1693	8.817370306295097e-05
1694	1694	0.007219221867946101
1695	1695	0.007219221867976671
1696	1696	0.017023035380550517
1697	1697	0.004507880524784747
1698	1698	0.033522539403055496
1699	1699	0.001994930012840285
1700	1700	0.0006117050593664865
1701	1701	0.001680811198348888
1702	1702	0.0007053896182265942
1703	1703	0.0005841507775070627
1704	1704	0.0003802490907299599
1705	1705	0.00643116940451226
1706	1706	0.017023035380617668
1707	1707	0.010702083104698163
1708	1708	0.013782651824094046
1709	1709	0.019574561887222185
1710	1710	1.6532569324637405e-05
1711	1711	0.011677504685181602
1712	1712	0.03352253940336824
1713	1713	0.00017083654805523756
1714	1714	0.0017744957568777199
1715	1715	0.03352253940343479
1716	1716	0.00017083654867695375
1717	1717	9.919541520535403e-05
1718	1718	0.000429846798623566
1719	1719	0.00364267607224671
1720	1720	0.000611705059413168
1721	1721	0.001587126639846109
1722	1722	3.306513862564254e-05
1723	1723	0.0013060729646360446
1724	1724	8.817370300926655e-05
1725	1725	0.002016973438229873
1726	1726	0.004017414306922274
1727	1727	0.0067067122233817065
1728	1728	0.03352253940263167
1729	1729	0.009098423895488119
1730	1730	1.6532569364142134e-05
1731	1731	0.007830926926836094
1732	1732	0.0017744957570925146
1733	1733	0.016885263970241933
1734	1734	0.0044362393918854475
1735	1735	0.00018736911782376136
1736	1736	0.0012123884055176466
1737	1737	8.266284593957203e-05
1738	1738	0.00015430397978835405
1739	1739	0.0004959770749873421
1740	1740	8.26628465353317e-05
1741	1741	5.5108566286944584e-06
1742	1742	0.008707153092329235
1743	1743	0.002424776810969332
1744	1744	0.0023476248216040764
1745	1745	0.004276424556838256
1746	1746	6.061942120310352e-05
1747	1747	0.00010470627142216649
1748	1748	0.004276424557129611
1749	1749	0.0006006833468836107
1750	1750	0.00020390168639784163
1751	1751	0.00012123884069454982
1752	1752	2.755428279546296e-05
1753	1753	1.1021713045819308e-05
1754	1754	0.004430728535690001
1755	1755	0.00038024909089898955
1756	1756	0.010889452221581813
1757	1757	0.00023145596898798733
1758	1758	0.0013391381022296513
1759	1759	2.755428244190532e-05
1760	1760	0.00020941254282279522
1761	1761	0.002033506007155112
1762	1762	0.00025901025101411255
1763	1763	0.0015871266402038562
1764	1764	0.0008211176025334988
1765	1765	0.00034167309692901843
1766	1766	0.0006502810545778025
1767	1767	6.061942072627038e-05
1768	1768	0.01445497630421689
1769	1769	0.00721922186751248
1770	1770	0.019574561887855953
1771	1771	0.0007660090384591224
1772	1772	6.61302773493576e-05
1773	1773	0.0008211176021875404
1774	1774	4.9597707988562544e-05
1775	1775	0.027146478563558753
1776	1776	0.003378154966058731
1777	1777	0.001212388405382202
1778	1778	0.00021492339917597147
1779	1779	5.510857112941923e-06
1780	1780	0.03352253940318301
1781	1781	0.005681692935362337
1782	1782	0.00018185826140332365
1783	1783	0.007830926926424753
1784	1784	0.0014273118044187273
1785	1785	0.027146478563194923
1786	1786	0.0016477460603713592
1787	1787	0.0033175355457492786
1788	1788	0.008707153092065071
1789	1789	0.00013226055331600682
1790	1790	0.01957456188717362
1791	1791	0.0007274330433857995
1792	1792	0.0008982695918854578
1793	1793	0.011677504684333413
1794	1794	0.0026176567841644204
1795	1795	0.004777912488503195
1796	1796	0.00020941254280415015
1797	1797	0.001256475256975663
1798	1798	3.3065138365536574e-05
1799	1799	0.00011021712788628777
1800	1800	0.0005731290646560195
1801	1801	0.0018957345981201908
1802	1802	0.00477791248808995
1803	1803	0.002744406481119804
1804	1804	0.0033175355453014836
1805	1805	4.408685183153949e-05
1806	1806	4.9597707879661565e-05
1807	1807	0.0008652044529575131
1808	1808	0.00011572798477404472
1809	1809	1.6532569871636466e-05
1810	1810	6.613027705647782e-05
1811	1811	0.01702303538056549
1812	1812	0.00038024909105718456
1813	1813	0.007169624159696797
1814	1814	0.0195745618877847
1815	1815	0.016885263970814465
1816	1816	0.0006613027668854354
1817	1817	0.002016973437947715
1818	1818	0.000887247878874242
1819	1819	0.0064311694043825566
1820	1820	0.001702854623749254
1821	1821	0.0006006833469286086
1822	1822	7.164113380785625e-05
1823	1823	0.0012674969693503874
1824	1824	0.00034718395277363455
1825	1825	0.003008927587939594
1826	1826	0.001427311804960678
1827	1827	0.0027829824764422917
1828	1828	0.0008927587348125839
1829	1829	0.027146478563741354
1830	1830	0.003179764135919777
1831	1831	0.00023696682494188124
1832	1832	0.0006061942033771408
1833	1833	0.00023696682465005914
1834	1834	0.0031852749925475893
1835	1835	0.001008486718949171
1836	1836	0.0014273118047162339
1837	1837	0.016615232007912314
1838	1838	7.715199038337859e-05
1839	1839	0.0011683015542522193
1840	1840	0.0008927587347552975
1841	1841	0.01688526397096241
1842	1842	0.0003030971017072572
1843	1843	0.0005069987884971269
1844	1844	0.0037969800508752625
1845	1845	0.0008707153099841981
1846	1846	0.0018736911716459037
1847	1847	0.00036922737858547354
1848	1848	0.016163341783623157
1849	1849	0.027146478563065724
1850	1850	0.0027829824757483784
1851	1851	0.0002039016864345543
1852	1852	0.010806789375224921
1853	1853	0.03352253940265098
1854	1854	0.0005951724901052983
1855	1855	0.0031797641356724323
1856	1856	0.027146478563514594
1857	1857	0.00048495536301655136
1858	1858	0.002347624820988787
1859	1859	0.010806789375201985
1860	1860	0.00721922186717167
1861	1861	0.00021492339924952548
1862	1862	0.033522539403217484
1863	1863	0.03352253940302154
1864	1864	0.010889452221026778
1865	1865	0.000556596495807947
1866	1866	1.1021713356188171e-05
1867	1867	0.0064311694045256565
1868	1868	0.0006006833470108548
1869	1869	0.001509974650407593
1870	1870	3.8575995591188405e-05
1871	1871	0.0026066350717526394
1872	1872	0.00870715309202209
1873	1873	0.004833021051606604
1874	1874	4.9597708326983804e-05
1875	1875	0.0003582056652492317
1876	1876	0.002744406480779051
1877	1877	0.001994930012523972
1878	1878	0.00044086851155859715
1879	1879	0.0034112201042122993
1880	1880	0.0004629119366217523
1881	1881	0.027146478562869513
1882	1882	0.003411220104466145
1883	1883	9.36845586395611e-05
1884	1884	0.01616334178369831
1885	1885	0.0003030971022364016
1886	1886	0.0007549873256347168
1887	1887	0.01957456188735193
1888	1888	0.00022594511247928125
1889	1889	4.959770830388589e-05
1890	1890	0.011677504684523577
1891	1891	0.0031797641353868045
1892	1892	0.0002149233998234727
1893	1893	1.6532570096409906e-05
1894	1894	0.0008156067457301551
1895	1895	4.959770828389404e-05
1896	1896	0.0006778353365770628
1897	1897	0.01070208310425276
1898	1898	0.03352253940353223
1899	1899	3.306513856079669e-05
1900	1900	0.019574561887395696
1901	1901	0.0003471839530188562
1902	1902	5.510856442396385e-05
1903	1903	4.959770807081946e-05
1904	1904	0.0006613027671533993
1905	1905	0.000628237628547976
1906	1906	0.03352253940313312
1907	1907	3.30651384117274e-05
1908	1908	0.013782651824534966
1909	1909	0.0008652044537678419
1910	1910	0.00022594511210598394
1911	1911	0.00040229251672934573
1912	1912	0.009098423895256634
1913	1913	0.0009148021609737614
1914	1914	0.0040174143067374345
1915	1915	3.306513905979509e-05
1916	1916	0.00011572798476737436
1917	1917	0.027146478563431484
1918	1918	0.00019287997394132854
1919	1919	1.1021712908233298e-05
1920	1920	0.017023035379871633
1921	1921	0.0006613027670084084
1922	1922	0.001454866086700652
1923	1923	0.0009754215812501608
1924	1924	0.0001487931230832997
1925	1925	2.7554282083230022e-05
1926	1926	0.0004463793679043431
1927	1927	0.004833021052135331
1928	1928	0.0005731290643482624
1929	1929	0.01661523200723155
1930	1930	0.033522539402926585
1931	1931	6.613027695049427e-05
1932	1932	0.0004904662189969141
1933	1933	0.0020169734386103247
1934	1934	0.001295051251671776
1935	1935	0.03352253940306825
1936	1936	0.0017414306186283408
1937	1937	0.00027003196366675284
1938	1938	0.0056376060842243695
1939	1939	0.0007053896175790343
1940	1940	0.0021547448481149846
1941	1941	0.010702083104129331
1942	1942	0.010702083103826641
1943	1943	0.0027444064812226754
1944	1944	1.1021713742204858e-05
1945	1945	0.01702303538055761
1946	1946	0.033522539402743405
1947	1947	0.001587126640382573
1948	1948	0.00014879312319440334
1949	1949	5.510856702988753e-06
1950	1950	0.00557698666453012
1951	1951	0.0004133142290335162
1952	1952	0.0033175355450837706
1953	1953	0.007588449245861308
1954	1954	0.00011572798483400803
1955	1955	0.006706712223192501
1956	1956	0.014454976303916511
1957	1957	0.0003471839527026805
1958	1958	0.0015540615019243162
1959	1959	0.00028656453260179925
1960	1960	0.0034112201038315163
1961	1961	0.00011572798466272466
1962	1962	0.000699878761293704
1963	1963	8.266284629566925e-05
1964	1964	0.0011572798421916322
1965	1965	0.019574561887549476
1966	1966	0.0009754215811533633
1967	1967	0.00061721591564786
1968	1968	2.755428285179289e-05
1969	1969	0.009098423895230965
1970	1970	0.0015154855071496888
1971	1971	0.027146478562813825
1972	1972	0.0003141188147088384
1973	1973	0.00036922737815145814
1974	1974	0.0004959770750096974
1975	1975	0.0033230464022490683
1976	1976	0.00011572798479358308
1977	1977	0.004623608509532086
1978	1978	0.004777912487608812
1979	1979	0.0007935633199117228
1980	1980	0.027146478563224857
1981	1981	0.0019012454538316795
1982	1982	0.00909842389534472
1983	1983	0.0006613027665177387
1984	1984	0.0018902237417110237
1985	1985	0.00019287997421946283
1986	1986	0.0005455747829392494
1987	1987	0.00022043425607327593
1988	1988	0.0036977846357471277
1989	1989	0.0014989529377655512
1990	1990	0.0002590102504220688
1991	1991	0.0009754215813426022
1992	1992	0.000529042213866904
1993	1993	0.0013170946768631493
1994	1994	7.715198992054359e-05
1995	1995	0.00039127080391382775
1996	1996	0.000303097101586456
1997	1997	0.00015430397919797542
1998	1998	0.016615232007265175
1999	1999	0.0008266284586298669
2000	2000	0.010889452220937441
2001	2001	8.266284603433875e-05
2002	2002	0.0013060729640489304
2003	2003	0.019574561887742214
2004	2004	0.00011021712845329239
2005	2005	0.016615232007430245
2006	2006	0.001890223741103638
2007	2007	0.00443623939216392
2008	2008	0.0001432822661005141
2009	2009	0.0004353576549593996
2010	2010	0.0016808111987582813
2011	2011	0.008707153092121004
2012	2012	0.004326022264840448
2013	2013	0.014454976303588524
2014	2014	0.033522539403425936
2015	2015	0.0015540615013078167
2016	2016	0.003185274992700489
2017	2017	0.01070208310448052
2018	2018	0.00028105367581980395
2019	2019	5.51085709800642e-06
2020	2020	0.0006668136229633039
2021	2021	0.0013391381022207272
2022	2022	0.0025845916459827744
2023	2023	0.0001708365486862031
2024	2024	0.0020831037148866674
2025	2025	0.00015430397940134667
2026	2026	0.0033781549659790207
2027	2027	0.014454976303858865
2028	2028	0.0018351151776253107
2029	2029	0.006431169404516584
2030	2030	6.0619421169156994e-05
2031	2031	1.6532570043946986e-05
2032	2032	0.003796980050975245
2033	2033	0.00022594511274745855
2034	2034	0.0004684227931974832
2035	2035	0.0009478672987135117
2036	2036	0.010806789375419417
2037	2037	0.0011352364163217054
2038	2038	0.027146478563529627
2039	2039	0.027146478563483758
2040	2040	0.005637606084739156
2041	2041	0.01688526397035576
2042	2042	0.00268378706068524
2043	2043	0.0011848341239649959
2044	2044	0.007219221867574274
2045	2045	0.019574561887110976
2046	2046	0.00017634740452768838
2047	2047	0.01378265182476334
2048	2048	0.0001267496972098268
2049	2049	0.003697784636305565
2050	2050	0.00027003196338570005
2051	2051	0.0008211176024673369
2052	2052	0.0038631103274962882
2053	2053	0.027146478562982405
2054	2054	0.0006613027670019104
2055	2055	0.01445497630424017
2056	2056	4.408685158492294e-05
2057	2057	0.00020941254344804893
2058	2058	0.00010470627223415663
2059	2059	0.009098423895252677
2060	2060	0.0014769095126171995
2061	2061	0.014454976304042471
2062	2062	0.00022594511270477666
2063	2063	0.011677504684329628
2064	2064	0.0003637165224823886
2065	2065	0.011677504684247504
2066	2066	0.002160255703904723
2067	2067	0.0006061942031170789
2068	2068	0.004777912488249098
2069	2069	0.0028656453218673973
2070	2070	0.008707153091945795
2071	2071	0.00014879312253616436
2072	2072	0.0018902237411858834
2073	2073	0.00028105367672249013
2074	2074	9.368455913065465e-05
2075	2075	0.0031852749926569775
2076	2076	0.001890223741575449
2077	2077	5.5108564306398976e-06
2078	2078	0.00022594511220513098
2079	2079	0.01445497630408785
2080	2080	0.001554061501571082
2081	2081	0.016615232007934817
2082	2082	0.00046291193730448797
2083	2083	0.0002700319636359921
2084	2084	0.001835115177414299
2085	2085	3.857599490297006e-05
2086	2086	0.006431169404137605
2087	2087	0.00010470627203072906
2088	2088	0.00443072853602099
2089	2089	0.0013391381023892725
2090	2090	0.007169624159810646
2091	2091	0.01702303538030494
2092	2092	0.004833021051491044
2093	2093	0.0013391381024992174
2094	2094	0.00034718395299251144
2095	2095	0.005637606084068998
2096	2096	0.0020169734380869825
2097	2097	0.014454976304227013
2098	2098	0.019574561887703738
2099	2099	0.010889452221046031
2100	2100	0.00013777141063847477
2101	2101	0.004507880525055656
2102	2102	3.8575994962623944e-05
2103	2103	0.0013666923848897413
2104	2104	3.306513837563076e-05
2105	2105	0.03352253940289998
2106	2106	0.0026066350711456588
2107	2107	0.027146478563094448
2108	2108	0.00021492339986501323
2109	2109	0.0003912708036316913
2110	2110	0.001509974650599616
2111	2111	0.001509974650098466
2112	2112	3.306513903833077e-05
2113	2113	0.016615232007750728
2114	2114	0.0002920753891608974
2115	2115	0.002656232779082557
2116	2116	0.00024247768139495124
2117	2117	0.013782651824500551
2118	2118	0.010889452221830827
2119	2119	5.510856774608624e-06
2120	2120	8.817370239482439e-05
2121	2121	0.0020335060068768012
2122	2122	0.0056376060843196804
2123	2123	0.011677504684324378
2124	2124	0.004436239391756835
2125	2125	0.001498952937831761
2126	2126	0.027146478563624784
2127	2127	0.016885263970544517
2128	2128	0.0005125096445470154
2129	2129	0.01445497630414819
2130	2130	0.0026837870614650145
2131	2131	0.0072192218680315135
2132	2132	0.005681692935563523
2133	2133	2.2043426249673797e-05
2134	2134	0.004436239391729526
2135	2135	0.017023035380531785
2136	2136	0.002656232779407967
2137	2137	0.0004794445057212181
2138	2138	0.0040174143071202255
2139	2139	0.0003141188144411507
2140	2140	0.019574561887865716
2141	2141	0.00010470627143795796
2142	2142	0.004182739998570261
2143	2143	0.00038024909163560165
2144	2144	0.0018902237408230879
2145	2145	0.010806789375083403
2146	2146	0.009098423895465953
2147	2147	0.027146478563596994
2148	2148	0.00010470627178228233
2149	2149	0.0015099746500651897
2150	2150	0.000402292516510515
2151	2151	5.510856437854731e-05
2152	2152	7.16411336977842e-05
2153	2153	0.007169624160589146
2154	2154	0.005637606084442767
2155	2155	0.019574561887292327
2156	2156	0.02714647856335636
2157	2157	0.0008321393151270876
2158	2158	0.016885263970686796
2159	2159	0.0004739336494414911
2160	2160	0.0006006833467415303
2161	2161	0.0005841507771930407
2162	2162	0.0008376501713222955
2163	2163	7.164113317636309e-05
2164	2164	0.01167750468509194
2165	2165	8.266284607192426e-05
2166	2166	0.0018957345974623455
2167	2167	0.004276424556621415
2168	2168	0.02714647856366671
2169	2169	0.007588449245965101
2170	2170	0.0009754215809900708
2171	2171	0.016163341783688858
2172	2172	0.0002645211074270857
2173	2173	0.001994930012835529
2174	2174	0.027146478563559336
2175	2175	0.01088945222132963
2176	2176	0.0017193871930847747
2177	2177	0.0003802490911270041
2178	2178	1.653257006274459e-05
2179	2179	0.0008652044535381051
2180	2180	0.007830926926882805
2181	2181	0.011677504684839753
2182	2182	0.0006502810544638908
2183	2183	0.0002920753889022733
2184	2184	0.02714647856356826
2185	2185	0.0008927587348070453
2186	2186	0.002320070539680522
2187	2187	0.0016477460598721002
2188	2188	0.010806789375932657
2189	2189	1.6532569741112206e-05
2190	2190	7.164113375444143e-05
2191	2191	0.0003030971014231189
2192	2192	0.0004353576555014434
2193	2193	0.0009919541503730913
2194	2194	0.0005290422136326572
2195	2195	0.013782651824939636
2196	2196	0.0013170946767857503
2197	2197	0.0003967816601588272
2198	2198	6.613027750039799e-05
2199	2199	0.016885263971003477
2200	2200	0.017023035380339207
2201	2201	0.0008652044535617197
2202	2202	0.033522539403378376
2203	2203	0.00021492340001790297
2204	2204	0.0011903449801093677
2205	2205	0.00035820566550444116
2206	2206	0.0034112201044890302
2207	2207	0.0006172159160652796
2208	2208	0.006431169404530656
2209	2209	0.0036977846358604237
2210	2210	0.002992395018350331
2211	2211	0.0002645211070459255
2212	2212	1.1021713620965038e-05
2213	2213	0.0020831037147102643
2214	2214	6.061942070931912e-05
2215	2215	0.01702303537989113
2216	2216	0.013782651824750107
2217	2217	0.016615232008051407
2218	2218	0.001890223740948941
2219	2219	0.01702303538040112
2220	2220	0.00027003196335491706
2221	2221	0.002066571145624065
2222	2222	0.0023366031090699155
2223	2223	0.00024247768199009727
2224	2224	0.0015816157835039678
2225	2225	0.003179764136256711
2226	2226	0.0003637165216293888
2227	2227	0.0007549873258537225
2228	2228	0.0002975862455550392
2229	2229	0.0033781549661639873
2230	2230	0.0026837870614989374
2231	2231	4.959770843942985e-05
2232	2232	0.03352253940334569
2233	2233	0.004017414306332152
2234	2234	0.004623608509604742
2235	2235	7.715199028622557e-05
2236	2236	0.013782651824180151
2237	2237	0.00018185826100554933
2238	2238	0.001306072964569176
2239	2239	0.0008927587347264079
2240	2240	0.0005400639263644142
2241	2241	0.00014328226651123883
2242	2242	3.857599529187536e-05
2243	2243	0.004623608509538409
2244	2244	0.03352253940312769
2245	2245	0.0033781549660807796
2246	2246	0.019574561887331733
2247	2247	0.0002810536757481944
2248	2248	0.0033175355451865647
2249	2249	0.000672324479334487
2250	2250	3.8575994951511807e-05
2251	2251	2.7554282615524317e-05
2252	2252	0.0006723244792339806
2253	2253	0.0008156067454932118
2254	2254	0.00019839083061651053
2255	2255	0.00012674969765432242
2256	2256	4.9597707928071896e-05
2257	2257	0.0009533781549978839
2258	2258	0.003863110328151956
2259	2259	0.0006778353359471617
2260	2260	1.653256962004028e-05
2261	2261	0.007169624159962567
2262	2262	0.0008927587353984076
2263	2263	0.004623608509629095
2264	2264	0.016163341784221824
2265	2265	1.6532569178774737e-05
2266	2266	3.857599503891323e-05
2267	2267	0.0005951724906169869
2268	2268	0.0017414306186039833
2269	2269	0.001096660421432922
2270	2270	3.3065138860161253e-05
2271	2271	0.0075884492459406165
2272	2272	0.00018185826077716456
2273	2273	0.0008927587351045335
2274	2274	0.002336603108359816
2275	2275	0.0067067122234198305
2276	2276	0.01088945222141443
2277	2277	0.00017634740497676578
2278	2278	0.016885263970515083
2279	2279	0.0018957345977858768
2280	2280	0.00041882508597478876
2281	2281	0.000628237628365793
2282	2282	0.0015540615019234416
2283	2283	0.001741430618608365
2284	2284	0.00670671222346214
2285	2285	0.013782651824733434
2286	2286	0.0013281163893313773
2287	2287	0.019574561887453455
2288	2288	7.715198945926052e-05
2289	2289	0.010702083103975546
2290	2290	0.01445497630428618
2291	2291	3.306513835670462e-05
2292	2292	0.0026837870608738307
2293	2293	0.0116775046850011
2294	2294	0.002154744847459262
2295	2295	0.0004078033729657694
2296	2296	0.00909842389559442
2297	2297	0.016885263970744434
2298	2298	0.0018902237409451532
2299	2299	0.00019839083027948728
2300	2300	0.00011021712823221149
2301	2301	0.000848671884218192
2302	2302	0.006706712223226961
2303	2303	0.0018957345978909991
2304	2304	0.004017414306760686
2305	2305	0.033522539403462726
2306	2306	0.01070208310438202
2307	2307	0.0006998787614646988
2308	2308	0.0033175355450325143
2309	2309	0.002744406481459865
2310	2310	0.0003196296705409397
2311	2311	0.010702083104133052
2312	2312	0.0006337484846648587
2313	2313	0.0014658877999070643
2314	2314	0.0056376060845711555
2315	2315	6.613027689626283e-05
2316	2316	0.001256475257195401
2317	2317	0.0017138763373129153
2318	2318	0.010806789375669153
2319	2319	0.0002590102506712645
2320	2320	0.003317535545054258
2321	2321	0.001339138102253712
2322	2322	0.010889452221113566
2323	2323	0.0001487931234394177
2324	2324	0.00041331422965503226
2325	2325	0.01378265182419025
2326	2326	0.0003196296707572016
2327	2327	0.00039127080353229364
2328	2328	0.01167750468465808
2329	2329	0.0028656453216081164
2330	2330	0.0009368455862386125
2331	2331	8.817370298084964e-05
2332	2332	0.0006061942026081741
2333	2333	0.01070208310444596
2334	2334	0.00013777141046372388
2335	2335	0.004777912488063362
2336	2336	0.0003582056660387143
2337	2337	0.0017744957573238127
2338	2338	0.00462360850964948
2339	2339	2.755428255653872e-05
2340	2340	0.0006613027670473042
2341	2341	0.016615232007832218
2342	2342	0.00022043425634113895
2343	2343	0.0016477460602287739
2344	2344	0.017023035379934742
2345	2345	0.0026837870606180167
2346	2346	0.00046291193666840174
2347	2347	0.0005565964954965761
2348	2348	0.0037969800512854335
2349	2349	0.0009148021604783939
2350	2350	0.007169624160014734
2351	2351	0.014454976304027551
2352	2352	0.00015981483588382015
2353	2353	0.002744406481574091
2354	2354	0.0036426760721180126
2355	2355	0.00045740108015272633
2356	2356	6.061942080141568e-05
2357	2357	0.008707153091776148
2358	2358	0.010806789375954463
2359	2359	0.02714647856277618
2360	2360	0.00174143061867228
2361	2361	0.01378265182479213
2362	2362	0.019574561887662826
2363	2363	4.959770749585504e-05
2364	2364	0.0006172159162503715
2365	2365	0.010889452221556527
2366	2366	9.368455957033888e-05
2367	2367	0.005681692935685208
2368	2368	0.0015265072196766788
2369	2369	5.5108566501317485e-06
2370	2370	0.00017083654847236177
2371	2371	0.001653256917000724
2372	2372	0.0011352364157420853
2373	2373	0.0002810536763833828
2374	2374	0.00018185826102137158
2375	2375	0.016163341783904175
2376	2376	0.0036977846358593786
2377	2377	4.408685131747451e-05
2378	2378	0.014454976303391905
2379	2379	0.0038631103276938034
2380	2380	0.00017083654807477608
2381	2381	0.004436239391678725
2382	2382	0.00039127080363248184
2383	2383	0.005576986664152545
2384	2384	0.0004408685110890825
2385	2385	0.00017083654814077732
2386	2386	0.0027444064810833915
2387	2387	1.1021712893324627e-05
2388	2388	0.000650281054458312
2389	2389	0.005576986664312295
2390	2390	0.003863110327955479
2391	2391	2.2043426410969013e-05
2392	2392	4.408685109839369e-05
2393	2393	0.00024798853837899534
2394	2394	0.00010470627203506419
2395	2395	1.6532569263361266e-05
2396	2396	0.0015540615016378901
2397	2397	0.009098423895836632
2398	2398	2.2043425699315316e-05
2399	2399	0.01688526397070445
2400	2400	0.00013226055333795145
2401	2401	0.0023366031085839192
2402	2402	6.061942065397702e-05
2403	2403	3.8575995147774524e-05
2404	2404	0.002347624821040816
2405	2405	0.0004298467988465836
2406	2406	0.0020335060069015783
2407	2407	0.00025349939445991126
2408	2408	0.0008321393146169399
2409	2409	0.016615232007165966
2410	2410	0.002744406481707384
2411	2411	0.002529483082631822
2412	2412	0.0007384547564937305
2413	2413	0.0030089275874128855
2414	2414	0.01616334178344324
2415	2415	0.0003912708041376137
2416	2416	0.00018736911773536437
2417	2417	0.00046291193744339606
2418	2418	0.009098423896006276
2419	2419	3.306513868062706e-05
2420	2420	0.01445497630387607
2421	2421	0.00038024909082541233
2422	2422	0.00020390168671603553
2423	2423	1.1021713509094322e-05
2424	2424	0.00029207538853484296
2425	2425	0.00013226055330750182
2426	2426	6.613027745625324e-05
2427	2427	0.010889452221202987
2428	2428	0.0027829824760716776
2429	2429	0.01661523200763907
2430	2430	0.016163341783748238
2431	2431	0.0026176567838789204
2432	2432	0.0002920753889948836
2433	2433	0.0036426760725998875
2434	2434	0.027146478563430217
2435	2435	0.0009368455859583186
2436	2436	0.00029758624572388863
2437	2437	0.00013226055393903696
2438	2438	0.00029758624515687274
2439	2439	0.0003912708036293908
2440	2440	0.0025349939384115006
2441	2441	0.016163341783822952
2442	2442	6.613027726348346e-05
2443	2443	0.010889452221296083
2444	2444	0.000137771410293901
2445	2445	0.010702083104322085
2446	2446	0.0008321393148927761
2447	2447	3.857599479438921e-05
2448	2448	0.0019398214483856836
2449	2449	0.0001322605538006679
2450	2450	0.0010305301446864963
2451	2451	0.003697784636456586
2452	2452	0.009098423895177976
2453	2453	0.019574561887718698
2454	2454	0.0017028546246025597
2455	2455	1.6532570127601393e-05
2456	2456	0.004326022263904081
2457	2457	0.016163341783711153
2458	2458	0.004623608508834748
2459	2459	0.005637606084337648
2460	2460	0.0002645211066093756
2461	2461	0.002744406481658677
2462	2462	0.01616334178410863
2463	2463	0.0006668136234627406
2464	2464	5.510856703359769e-06
2465	2465	0.0012399426880761327
2466	2466	0.00013226055396522578
2467	2467	5.5108566242919115e-06
2468	2468	0.00012674969765579476
2469	2469	0.000986443294111788
2470	2470	0.00039127080387065547
2471	2471	0.001719387193447353
2472	2472	0.0008486718846026658
2473	2473	0.0001322605536954166
2474	2474	0.003323046402311891
2475	2475	0.033522539402875494
2476	2476	0.02714647856288547
2477	2477	0.0017138763371801653
2478	2478	0.016885263971006603
2479	2479	0.0018957345976714991
2480	2480	0.03352253940283759
2481	2481	0.010806789375802268
2482	2482	0.01661523200757153
2483	2483	0.0005676182085287204
2484	2484	0.016615232007945326
2485	2485	0.019574561887900563
2486	2486	2.2043425821736093e-05
2487	2487	0.0005841507775819612
2488	2488	8.817370281992038e-05
2489	2489	0.0002424776815817741
2490	2490	0.019574561887508536
2491	2491	0.003317535545957953
2492	2492	0.00013777141057282825
2493	2493	0.00017083654800185673
2494	2494	0.01957456188715192
2495	2495	0.0002424776819677258
2496	2496	0.00033616224053746656
2497	2497	0.0056816929360763565
2498	2498	0.00870715309170728
2499	2499	1.6532569448816735e-05
2500	2500	3.306513900274245e-05
2501	2501	0.0015540615018053898
2502	2502	0.0028656453217740852
2503	2503	0.011677504684972103
2504	2504	1.1021713514436411e-05
2505	2505	2.7554281983656762e-05
2506	2506	0.0108894522216428
2507	2507	0.01378265182427825
2508	2508	0.0018571586028065133
2509	2509	0.0004629119369980965
2510	2510	6.061942107147661e-05
2511	2511	0.0003196296712671316
2512	2512	0.0002810536760532574
2513	2513	0.010889452221433839
2514	2514	0.004182739998366842
2515	2515	0.004833021052239962
2516	2516	0.01445497630349916
2517	2517	0.002016973438443295
2518	2518	0.0012289209743805442
2519	2519	0.01616334178340885
2520	2520	0.016885263970512456
2521	2521	9.919541586660115e-05
2522	2522	0.02714647856320252
2523	2523	0.01167750468499978
2524	2524	1.1021713448235067e-05
2525	2525	0.019574561887669168
2526	2526	0.0023366031086628275
2527	2527	0.0014989529379987178
2528	2528	0.003323046401604675
2529	2529	0.01661523200757449
2530	2530	0.0023476248216000857
2531	2531	0.011677504685015399
2532	2532	0.0013281163893398378
2533	2533	4.408685206570392e-05
2534	2534	0.00017634740451093927
2535	2535	0.0008156067456589611
2536	2536	0.00021492339991559232
2537	2537	2.7554282892308873e-05
2538	2538	0.00015430397920404492
2539	2539	0.011677504684625986
2540	2540	0.0001487931230795772
2541	2541	0.0026176567838967642
2542	2542	0.0023476248218837928
2543	2543	0.000683346192886881
2544	2544	0.0006613027670264312
2545	2545	0.004182739998237914
2546	2546	8.817370259321902e-05
2547	2547	0.013782651824302604
2548	2548	0.0001928799738455886
2549	2549	0.009098423895829032
2550	2550	0.004182739998040322
2551	2551	0.0013170946766068003
2552	2552	0.0003306513841919533
2553	2553	7.715198983705215e-05
2554	2554	0.007169624160323444
2555	2555	2.755428273170214e-05
2556	2556	0.003323046402363601
2557	2557	0.0005400639263558419
2558	2558	0.00031962967100071315
2559	2559	0.006706712223492073
2560	2560	0.00011021712783775437
2561	2561	0.00015981483529738943
2562	2562	7.715198967735066e-05
2563	2563	0.016615232007162466
2564	2564	0.0026837870612162833
2565	2565	0.0006172159155913341
2566	2566	9.919541519501798e-05
2567	2567	0.001168301554413315
2568	2568	1.1021712999338156e-05
2569	2569	0.0031852749918532346
2570	2570	0.0003141188140714404
2571	2571	0.0006227267718399567
2572	2572	0.0006668136231120573
2573	2573	0.0008486718837911411
2574	2574	0.0033175355456844893
2575	2575	0.016885263970967377
2576	2576	0.001862669459639127
2577	2577	0.00020941254334974957
2578	2578	0.0011848341241542273
2579	2579	0.019574561887035505
2580	2580	0.016615232007967426
2581	2581	0.0004408685112091777
2582	2582	0.003323046402298131
2583	2583	4.408685135609963e-05
2584	2584	0.0144549763038272
2585	2585	0.010702083104181274
2586	2586	0.0005235313575857826
2587	2587	0.0017414306184766043
2588	2588	0.000479444506173599
2589	2589	0.0008156067458690568
2590	2590	0.0001377714102885304
2591	2591	0.00909842389580587
2592	2592	0.013782651824417614
2593	2593	0.0075884492456408225
2594	2594	9.919541572368017e-05
2595	2595	0.004777912488348372
2596	2596	0.002507439656836974
2597	2597	0.00568169293547347
2598	2598	0.0009092913047222983
2599	2599	0.0009092913048574534
2600	2600	0.00034718395288402655
2601	2601	0.0010139975757223227
2602	2602	0.0018351151770088674
2603	2603	0.0012234101180763513
2604	2604	0.001179323267091974
2605	2605	0.00066681362370852
2606	2606	9.919541522921484e-05
2607	2607	5.510857130283413e-06
2608	2608	0.007588449245389112
2609	2609	0.00017083654866598965
2610	2610	0.004623608509286935
2611	2611	0.006706712223480401
2612	2612	6.613027731165706e-05
2613	2613	0.011677504684476366
2614	2614	0.0011793232678132997
2615	2615	7.164113333356862e-05
2616	2616	0.0018957345975667641
2617	2617	0.0025349939386909146
2618	2618	0.0002094125429982757
2619	2619	0.00022594511219054816
2620	2620	0.016615232008008313
2621	2621	0.03352253940361849
2622	2622	0.017023035379790233
2623	2623	0.027146478562807285
2624	2624	0.0003692273780463814
2625	2625	0.007219221867259751
2626	2626	0.00870715309214799
2627	2627	4.408685112029311e-05
2628	2628	0.00044637936761900073
2629	2629	0.00011021712785684884
2630	2630	0.00035820566582881906
2631	2631	0.00012123884098597172
2632	2632	0.0026837870611073097
2633	2633	0.0020665711451852958
2634	2634	0.0017193871929955704
2635	2635	5.510857080310896e-06
2636	2636	0.0025294830821334185
2637	2637	0.017023035380638915
2638	2638	0.00758844924537392
2639	2639	0.0003912708038451583
2640	2640	0.017023035380010137
2641	2641	0.0006006833462078352
2642	2642	0.00040780337333184286
2643	2643	2.7554282611455987e-05
2644	2644	8.266284659756387e-05
2645	2645	8.81737026919695e-05
2646	2646	1.102171316244303e-05
2647	2647	0.00022594511222040066
2648	2648	0.0014769095125657297
2649	2649	0.019574561887568134
2650	2650	1.6532569923772228e-05
2651	2651	0.016615232007489433
2652	2652	0.009098423895476064
2653	2653	2.7554282014554607e-05
2654	2654	0.0001818582612094714
2655	2655	1.1021713399111344e-05
2656	2656	0.00039127080379000324
2657	2657	0.0004078033731043595
2658	2658	0.00051250964463289
2659	2659	0.003179764136200827
2660	2660	0.00014328226672633845
2661	2661	0.005637606084393476
2662	2662	5.510856432354398e-05
2663	2663	8.817370289521596e-05
2664	2664	0.000622726771778375
2665	2665	0.00018736911814327465
2666	2666	0.00011021712819562091
2667	2667	0.016615232007531254
2668	2668	0.000633748485401604
2669	2669	0.00013226055384471378
2670	2670	0.002336603108653414
2671	2671	0.0002865645329770048
2672	2672	0.00721922186713468
2673	2673	0.0020169734377371924
2674	2674	0.010806789375417045
2675	2675	0.0022263859808966274
2676	2676	0.0029923950187857613
2677	2677	0.0003582056655384519
2678	2678	0.017023035380297504
2679	2679	4.4086851456450286e-05
2680	2680	1.1021712931737427e-05
2681	2681	0.033522539403308356
2682	2682	0.0004188250856586251
2683	2683	0.01957456188719192
2684	2684	0.033522539403162334
2685	2685	0.00022043425552475013
2686	2686	0.0006282376284096769
2687	2687	0.0001543039794609598
2688	2688	0.0004298467988847512
2689	2689	0.004430728535249966
2690	2690	0.0029923950191816386
2691	2691	0.0001818582611664763
2692	2692	0.010702083103947336
2693	2693	0.005637606084420801
2694	2694	0.010702083104229074
2695	2695	0.010702083104246302
2696	2696	0.0017744957571170263
2697	2697	0.0012289209749812996
2698	2698	0.0008266284586329933
2699	2699	0.0001598148357681406
2700	2700	0.0033175355454793344
2701	2701	0.0005676182086516317
2702	2702	0.0022263859809821427
2703	2703	0.0008321393154406251
2704	2704	0.00018736911722791387
2705	2705	0.016163341783471313
2706	2706	0.016615232007579323
2707	2707	0.003317535545287908
2708	2708	0.0014989529377262432
2709	2709	0.0005896616339652291
2710	2710	0.011677504685003063
2711	2711	0.00028656453254789863
2712	2712	0.0012123884061061442
2713	2713	0.001724898049300433
2714	2714	0.017023035380002972
2715	2715	3.857599570849636e-05
2716	2716	0.002992395018209653
2717	2717	0.007588449245523228
2718	2718	0.000810095889167067
2719	2719	9.368455928519316e-05
2720	2720	0.0001543039796937038
2721	2721	0.010889452221519793
2722	2722	0.0003471839525756615
2723	2723	0.0004188250858051147
2724	2724	0.017023035380231148
2725	2725	0.00011021712827993258
2726	2726	0.019574561887472492
2727	2727	0.0003526948094945462
2728	2728	0.017023035380420454
2729	2729	0.0001322605533866361
2730	2730	0.0036977846361115805
2731	2731	0.00022043425595468408
2732	2732	0.0027829824759578303
2733	2733	0.01702303538036191
2734	2734	0.009098423895130034
2735	2735	0.017023035380399648
2736	2736	0.03352253940283197
2737	2737	0.0001322605534053547
2738	2738	9.36845587771037e-05
2739	2739	0.0037969800515106496
2740	2740	3.8575995265240654e-05
2741	2741	0.00013777141037872673
2742	2742	0.014454976303881824
2743	2743	0.00147690951203813
2744	2744	0.0014548660867459286
2745	2745	0.01378265182468654
2746	2746	0.007830926926156315
2747	2747	4.959770800615666e-05
2748	2748	8.817370297889535e-05
2749	2749	0.0006668136234767666
2750	2750	0.00025349939475967863
2751	2751	0.000501487931260695
2752	2752	0.0008652044532672311
2753	2753	0.010806789375698206
2754	2754	0.0033175355458986023
2755	2755	0.0030089275876720744
2756	2756	0.0056376060843910955
2757	2757	6.061942067579024e-05
2758	2758	0.0002534993947362554
2759	2759	0.000578639921233274
2760	2760	9.919541579678562e-05
2761	2761	0.005681692935196943
2762	2762	0.00014879312255556496
2763	2763	0.00670671222337852
2764	2764	0.010702083104097957
2765	2765	1.6532569177313283e-05
2766	2766	0.004623608509120879
2767	2767	7.164113392512339e-05
2768	2768	0.001702854623985592
2769	2769	0.0003526948092026789
2770	2770	0.0015871266397384071
2771	2771	0.00185715860274643
2772	2772	0.00014328226648360043
2773	2773	0.002744406481030152
2774	2774	0.033522539402964124
2775	2775	0.0001102171282744604
2776	2776	0.00031962967096078496
2777	2777	0.0003030971016084749
2778	2778	0.0006172159162319424
2779	2779	0.000661302766820757
2780	2780	0.02714647856336091
2781	2781	0.0017028546237619132
2782	2782	0.0023476248215580264
2783	2783	0.0036977846357888963
2784	2784	7.164113358877782e-05
2785	2785	0.0008927587348909444
2786	2786	2.2043426452790756e-05
2787	2787	6.061942109973112e-05
2788	2788	2.204342573383506e-05
2789	2789	0.00027003196349123434
2790	2790	0.004017414307071975
2791	2791	0.0004298467983315725
2792	2792	0.00017634740464571457
2793	2793	0.0008927587351215329
2794	2794	0.011677504685210482
2795	2795	0.006431169403819623
2796	2796	0.0001653256921801188
2797	2797	0.017023035380615684
2798	2798	0.0001928799736408569
2799	2799	0.013782651824846552
2800	2800	0.006431169404677294
2801	2801	1.6532569235202835e-05
2802	2802	0.00018185826118664275
2803	2803	0.007588449245611893
2804	2804	0.0001543039798063395
2805	2805	0.0007935633203966153
2806	2806	0.001647746059830667
2807	2807	0.0005510856391556248
2808	2808	0.00022594511199236443
2809	2809	0.0011793232676769014
2810	2810	0.0008486718845109608
2811	2811	0.00013226055402311386
2812	2812	0.007219221867968853
2813	2813	0.0022263859804097655
2814	2814	0.005681692935139467
2815	2815	8.266284672832733e-05
2816	2816	0.002347624821472853
2817	2817	0.0019894191558111054
2818	2818	0.007830926926590789
2819	2819	0.0017193871930914694
2820	2820	2.2043426244268297e-05
2821	2821	0.004833021051681746
2822	2822	0.00017634740448517684
2823	2823	0.0008927587356018949
2824	2824	0.011677504684328273
2825	2825	2.2043425907328684e-05
2826	2826	0.0011352364161079168
2827	2827	1.1021713059484881e-05
2828	2828	6.0619420905698563e-05
2829	2829	0.001212388405746064
2830	2830	0.0026837870611736412
2831	2831	7.164113378635656e-05
2832	2832	0.0335225394029579
2833	2833	0.007219221867753148
2834	2834	0.000540063926199743
2835	2835	0.006706712223125428
2836	2836	0.0012123884056904476
2837	2837	0.0015871266402839106
2838	2838	6.613027719976964e-05
2839	2839	0.0012123884057736753
2840	2840	0.00208310371481765
2841	2841	8.266284651837757e-05
2842	2842	0.033522539403417456
2843	2843	0.0018626694593013528
2844	2844	0.0008982695913893788
2845	2845	0.0005731290645823311
2846	2846	0.008707153092423195
2847	2847	0.004430728535487928
2848	2848	0.014454976304061187
2849	2849	0.0019949300122169174
2850	2850	0.009098423895673563
2851	2851	0.01702303538043667
2852	2852	0.0003582056653836494
2853	2853	0.0008321393144679255
2854	2854	0.0019122671664300681
2855	2855	0.004182739998063212
2856	2856	0.0007384547566036059
2857	2857	0.014454976304114882
2858	2858	0.0335225394031385
2859	2859	3.857599536250416e-05
2860	2860	0.00018185826098408246
2861	2861	0.0044307285357726685
2862	2862	0.00477791248857666
2863	2863	0.0009092913043915274
2864	2864	0.00022043425550392911
2865	2865	0.00013226055418995316
2866	2866	0.0005014879321316619
2867	2867	0.0002810536762798103
2868	2868	0.001454866087171124
2869	2869	1.653256955217833e-05
2870	2870	0.002507439656301162
2871	2871	0.0023200705398391222
2872	2872	0.00122892097527522
2873	2873	0.0004408685118333279
2874	2874	0.0001928799740750485
2875	2875	0.00017083654870886367
2876	2876	1.1021713389639366e-05
2877	2877	5.51085738019893e-06
2878	2878	0.00012674969770010592
2879	2879	0.0072192218676893636
2880	2880	0.019574561887389836
2881	2881	0.0195745618875761
2882	2882	0.0005345530698573136
2883	2883	6.613027752585323e-05
2884	2884	3.857599473280503e-05
2885	2885	0.001465887799625521
2886	2886	0.0002039016864693576
2887	2887	0.003179764136032554
2888	2888	0.0006668136233202439
2889	2889	8.817370233611754e-05
2890	2890	0.00022594511280380364
2891	2891	0.003135677285052099
2892	2892	0.0006117050593592637
2893	2893	7.715199016960448e-05
2894	2894	0.0003361622396983819
2895	2895	0.016615232008032096
2896	2896	0.0015099746504193814
2897	2897	0.017023035380357245
2898	2898	0.00018185826077600205
2899	2899	0.0006998787614837062
2900	2900	0.00026452110733829107
2901	2901	0.013782651824425632
2902	2902	0.007588449245128982
2903	2903	1.6532569723952955e-05
2904	2904	0.0009754215814709589
2905	2905	0.0020169734384768803
2906	2906	0.01957456188715253
2907	2907	0.0020335060075368336
2908	2908	0.0015871266403656534
2909	2909	0.00012123884072183864
2910	2910	0.0055769866638172814
2911	2911	0.00909842389509668
2912	2912	0.0012674969700019337
2913	2913	0.0002479885377508296
2914	2914	0.002617656784227234
2915	2915	0.010702083104427582
2916	2916	0.019574561887477766
2917	2917	0.0001873691178278623
2918	2918	0.00317976413594214
2919	2919	0.0002259451122923351
2920	2920	0.0003361622400762194
2921	2921	3.857599538097697e-05
2922	2922	0.016615232007068076
2923	2923	0.0025294830819433413
2924	2924	0.01688526397068883
2925	2925	3.306513842690291e-05
2926	2926	0.01688526397030274
2927	2927	0.0011683015545817126
2928	2928	0.0003416730960817678
2929	2929	0.02714647856320559
2930	2930	0.013782651824651332
2931	2931	2.7554282539282e-05
2932	2932	0.00011021712779599605
2933	2933	0.0001598148356476173
2934	2934	0.00035269480954562435
2935	2935	0.000529042213623799
2936	2936	0.00030309710130198156
2937	2937	0.03352253940314911
2938	2938	0.00014328226659605082
2939	2939	0.0023200705396168694
2940	2940	0.0037969800514426073
2941	2941	0.0034112201041067805
2942	2942	0.0006778353365618317
2943	2943	0.00028105367606928635
2944	2944	0.01702303537998458
2945	2945	0.00145486608681231
2946	2946	0.0004959770756330762
2947	2947	0.00035269480928258324
2948	2948	0.010702083104593856
2949	2949	0.0195745618869552
2950	2950	0.0018957345972826082
2951	2951	0.017023035380006317
2952	2952	0.00040229251673376906
2953	2953	0.00758844924524883
2954	2954	0.0006833461924674759
2955	2955	0.0008376501709941738
2956	2956	0.008707153091806056
2957	2957	0.0011848341237304496
2958	2958	6.06194211914644e-05
2959	2959	0.0001322605542712587
2960	2960	1.1021712902426977e-05
2961	2961	0.00012123884133581614
2962	2962	0.0005621073522802949
2963	2963	0.00016532569226277523
2964	2964	3.8575995538149926e-05
2965	2965	0.004430728535923603
2966	2966	0.001895734597609577
2967	2967	0.011677504684327655
2968	2968	0.0006502810545364127
2969	2969	0.00019839083047779393
2970	2970	0.0036426760719480357
2971	2971	0.0006998787614001621
2972	2972	0.0008927587350054867
2973	2973	0.000754987325764451
2974	2974	0.0011683015549984886
2975	2975	5.510856918462436e-06
2976	2976	0.03352253940263847
2977	2977	0.03352253940335091
2978	2978	0.019574561887282637
2979	2979	0.0018957345980749876
2980	2980	9.919541555166143e-05
2981	2981	0.0024247768106516318
2982	2982	3.306513893191676e-05
2983	2983	0.0031852749920729733
2984	2984	0.016163341783643183
2985	2985	0.0004574010804858397
2986	2986	0.00032514052720616346
2987	2987	0.0033781549661687695
2988	2988	0.00023696682507164682
2989	2989	0.0005345530697446522
2990	2990	0.016163341783860023
2991	2991	0.0018902237415640059
2992	2992	0.010702083104224002
2993	2993	0.0335225394031215
2994	2994	0.0005125096443928077
2995	2995	0.0005841507777113854
2996	2996	0.01616334178429386
2997	2997	0.003135677284675686
2998	2998	4.959770815984019e-05
2999	2999	0.0002149233994103949
3000	3000	0.004182739997888093
3001	3001	0.00045189022376587983
3002	3002	0.0033230464015857664
3003	3003	0.016885263970365456
3004	3004	0.016885263970026824
3005	3005	0.0107020831043733
3006	3006	0.001223410118794278
3007	3007	0.03352253940290146
3008	3008	0.0013170946766710805
3009	3009	0.003378154965920558
3010	3010	0.0002149233997862999
3011	3011	0.0015099746506715066
3012	3012	0.016615232007596716
3013	3013	0.002424776810373803
3014	3014	0.011677504684687996
3015	3015	0.0002645211074605039
3016	3016	0.00019287997373685812
3017	3017	0.0005069987877918616
3018	3018	0.002336603108443574
3019	3019	0.0031852749922344314
3020	3020	0.014454976303871882
3021	3021	0.002320070539263005
3022	3022	1.653257013331016e-05
3023	3023	0.0019894191566257797
3024	3024	0.00017634740441829617
3025	3025	0.00035820566577764005
3026	3026	0.0020665711458260692
3027	3027	7.164113318117178e-05
3028	3028	0.004777912487847343
3029	3029	0.010702083104012942
3030	3030	6.613027729553883e-05
3031	3031	6.613027671433415e-05
3032	3032	0.0008266284589851601
3033	3033	5.5108573770516935e-06
3034	3034	0.0006006833471302331
3035	3035	0.007588449245688251
3036	3036	0.01070208310413332
3037	3037	0.002744406481528027
3038	3038	0.0009699107246304568
3039	3039	0.010806789375148017
3040	3040	0.01616334178375938
3041	3041	0.016885263970645242
3042	3042	0.010702083103831073
3043	3043	0.00020941254347432516
3044	3044	8.817370270572238e-05
3045	3045	0.014454976303804164
3046	3046	9.919541564315852e-05
3047	3047	0.0010305301448682927
3048	3048	0.0010084867192425436
3049	3049	0.0004022925163415697
3050	3050	2.755428249711149e-05
3051	3051	0.00019287997386452613
3052	3052	0.000242477681053482
3053	3053	0.011677504684425657
3054	3054	0.0031356772850921963
3055	3055	0.0007053896184402133
3056	3056	0.00019287997440780265
3057	3057	0.00035820566578069387
3058	3058	0.0015816157840381803
3059	3059	0.0335225394035555
3060	3060	0.000259010250847709
3061	3061	0.0006778353363410493
3062	3062	0.03352253940339584
3063	3063	0.004430728535352888
3064	3064	0.004777912487727097
3065	3065	0.0013281163897549617
3066	3066	0.0019398214487816765
3067	3067	4.9597708438678224e-05
3068	3068	0.000495977075706827
3069	3069	0.019574561886971112
3070	3070	2.2043425856332944e-05
3071	3071	0.0008652044535869252
3072	3072	0.01661523200797428
3073	3073	0.0004243359418884505
3074	3074	0.0013556706721006137
3075	3075	0.0004078033731046491
3076	3076	0.00015981483573542296
3077	3077	0.016163341784151092
3078	3078	0.0018957345977111248
3079	3079	0.010702083104140721
3080	3080	0.027146478562885615
3081	3081	0.001476909512659532
3082	3082	0.0271464785630416
3083	3083	0.016163341783651346
3084	3084	0.001642235204102415
3085	3085	0.010889452221272319
3086	3086	0.0019012454544905548
3087	3087	0.00121238840579954
3088	3088	0.003317535545037947
3089	3089	0.02714647856375188
3090	3090	0.0335225394030586
3091	3091	0.0005731290644264155
3092	3092	0.000126749697196732
3093	3093	0.0030089275877651727
3094	3094	0.001890223741705245
3095	3095	0.01661523200750779
3096	3096	0.004833021051921155
3097	3097	0.0011793232668816662
3098	3098	0.00036371652236413826
3099	3099	0.0006998787614019108
3100	3100	0.00027554282022442114
3101	3101	5.5108564810518e-05
3102	3102	1.1021713355591533e-05
3103	3103	0.03352253940327455
3104	3104	0.0013170946771528164
3105	3105	0.004436239391675788
3106	3106	2.7554282070441014e-05
3107	3107	0.0009699107247408864
3108	3108	4.959770825439667e-05
3109	3109	0.017023035379878107
3110	3110	0.033522539403221085
3111	3111	5.510857314666918e-06
3112	3112	9.368455875557895e-05
3113	3113	0.0003582056661380676
3114	3114	2.2043426491096812e-05
3115	3115	0.00909842389567264
3116	3116	0.01702303537978063
3117	3117	0.0018571586030960519
3118	3118	0.010702083104632384
3119	3119	0.0008652044535222323
3120	3120	0.0001928799745213518
3121	3121	0.0005731290645733003
3122	3122	0.003185274992603087
3123	3123	0.0002920753890691096
3124	3124	0.003323046402211535
3125	3125	0.00031411881429548445
3126	3126	0.016615232007065512
3127	3127	0.0012123884058233122
3128	3128	0.016615232008049412
3129	3129	7.16411338507919e-05
3130	3130	0.0009092913043762506
3131	3131	0.00018736911734296973
3132	3132	0.03352253940264316
3133	3133	0.02714647856335901
3134	3134	0.009098423895327012
3135	3135	0.016163341784246017
3136	3136	0.001443844373836212
3137	3137	0.019574561887148192
3138	3138	0.000947867298686347
3139	3139	0.033522539403495435
3140	3140	0.00019287997441142443
3141	3141	0.0013391381029702854
3142	3142	0.010806789375534125
3143	3143	2.7554282441171668e-05
3144	3144	0.03352253940353411
3145	3145	0.0011848341238105099
3146	3146	0.003323046401687419
3147	3147	7.16411333775408e-05
3148	3148	0.0008321393145432934
3149	3149	0.0025349939390364317
3150	3150	0.00030309710183630675
3151	3151	0.016885263970904632
3152	3152	5.510856421213673e-05
3153	3153	0.010806789375261888
3154	3154	0.0003141188147772199
3155	3155	0.006706712223839422
3156	3156	0.0015871266396842551
3157	3157	0.006706712223157344
3158	3158	0.004436239391875978
3159	3159	0.03352253940308297
3160	3160	0.0031852749921626035
3161	3161	0.00047393364961865716
3162	3162	0.009098423895145525
3163	3163	6.613027712938488e-05
3164	3164	0.000573129064611056
3165	3165	0.006431169404540357
3166	3166	0.004017414306505163
3167	3167	0.00011572798492681648
3168	3168	0.013782651824425271
3169	3169	0.002336603108703728
3170	3170	9.91954158203827e-05
3171	3171	0.0031852749920330057
3172	3172	0.0010084867194066413
3173	3173	0.0015871266402648502
3174	3174	0.01167750468508178
3175	3175	0.0166152320070846
3176	3176	9.368455905814417e-05
3177	3177	0.00014328226663680747
3178	3178	7.715199009371468e-05
3179	3179	0.001994930012635641
3180	3180	1.1021712907746445e-05
3181	3181	0.00101399757570029
3182	3182	0.00037473823462050033
3183	3183	0.0015761049270598417
3184	3184	0.0031797641362159255
3185	3185	0.006706712223751709
3186	3186	0.005637606084908557
3187	3187	0.00020941254308678962
3188	3188	0.013782651824968115
3189	3189	0.00068885704915293
3190	3190	0.0037969800507022216
3191	3191	0.014454976303617778
3192	3192	0.027146478562805765
3193	3193	0.0012123884060735802
3194	3194	0.002336603108709823
3195	3195	2.2043426499060914e-05
3196	3196	0.001179323267515408
3197	3197	0.01688526397003113
3198	3198	2.2043425716418144e-05
3199	3199	0.0008211176025915992
3200	3200	0.00014879312252819526
3201	3201	0.00013226055423475868
3202	3202	0.016885263970198357
3203	3203	0.0008431610280720155
3204	3204	0.0005786399212809484
3205	3205	0.019574561887767312
3206	3206	0.00019839083006132512
3207	3207	0.0019949300130354987
3208	3208	0.00019287997427778957
3209	3209	0.007588449245360863
3210	3210	0.002336603108738981
3211	3211	0.016615232007925328
3212	3212	0.016163341784040747
3213	3213	0.00011572798505761341
3214	3214	0.003378154965932062
3215	3215	0.00016532569161366247
3216	3216	0.0005621073523664306
3217	3217	3.306513904130875e-05
3218	3218	0.002154744847456854
3219	3219	0.0004133142299430587
3220	3220	5.510856915214484e-06
3221	3221	0.001454866086722349
3222	3222	0.0018957345976196892
3223	3223	0.016885263970699223
3224	3224	0.0013005621076489415
3225	3225	0.019574561887038686
3226	3226	0.004833021051544095
3227	3227	0.017023035380636556
3228	3228	0.0021547448474237224
3229	3229	0.016163341783929364
3230	3230	1.1021712951610099e-05
3231	3231	0.03352253940295852
3232	3232	0.0005400639263246935
3233	3233	0.00043535765490357423
3234	3234	0.014454976303569105
3235	3235	0.0030089275878883597
3236	3236	0.0019122671667723247
3237	3237	0.027146478562890392
3238	3238	0.000407803373357887
3239	3239	0.0002259451121614283
3240	3240	0.0023366031082787527
3241	3241	0.01957456188780152
3242	3242	0.001355670671476421
3243	3243	0.0006613027674396653
3244	3244	0.019574561887670667
3245	3245	0.001719387193414272
3246	3246	0.0003912708038908734
3247	3247	0.00011021712799540681
3248	3248	0.0021547448477694307
3249	3249	0.00019287997384029144
3250	3250	6.613027729634889e-05
3251	3251	0.0006778353359295969
3252	3252	2.7554282492546236e-05
3253	3253	0.00034167309638265925
3254	3254	6.613027711530143e-05
3255	3255	0.0006172159158239718
3256	3256	0.0004904662187878088
3257	3257	0.00028656453218269435
3258	3258	9.368455877173577e-05
3259	3259	0.0008982695915154193
3260	3260	0.0004518902246513459
3261	3261	0.013782651824576459
3262	3262	0.0004959770749084652
3263	3263	0.007169624159667589
3264	3264	0.0033781549654527533
3265	3265	0.00027554282001843243
3266	3266	0.0006447701978183237
3267	3267	2.7554282198383084e-05
3268	3268	0.013782651824148758
3269	3269	0.01080678937512095
3270	3270	0.00026452110732053076
3271	3271	0.0006117050593780884
3272	3272	5.510857196180233e-06
3273	3273	0.006706712223668476
3274	3274	0.0018736911717245227
3275	3275	0.027146478562804163
3276	3276	2.204342556595158e-05
3277	3277	0.00042433594228826437
3278	3278	0.0018406260337540722
3279	3279	0.016615232007928096
3280	3280	8.26628466814167e-05
3281	3281	0.00033065138326145843
3282	3282	0.0006723244796889259
3283	3283	0.0018902237414721561
3284	3284	0.0001543039794578658
3285	3285	0.00012674969709555397
3286	3286	0.00014328226634026018
3287	3287	0.001719387193299543
3288	3288	0.000490466218878636
3289	3289	0.0003526948092165474
3290	3290	0.004430728535662299
3291	3291	0.0002920753891169931
3292	3292	0.0010966604212451433
3293	3293	0.0015540615020457982
3294	3294	0.0019122671671218867
3295	3295	0.011677504684593429
3296	3296	2.204342647872517e-05
3297	3297	0.01661523200773438
3298	3298	0.016163341783449532
3299	3299	0.001653256916333488
3300	3300	0.003863110327615774
3301	3301	0.013782651824949655
3302	3302	0.0012289209752543778
3303	3303	0.006431169404106701
3304	3304	0.0005014879317301982
3305	3305	0.0036426760728413827
3306	3306	0.0009478672991143893
3307	3307	0.0002590102507155246
3308	3308	0.010806789375511739
3309	3309	0.033522539402710064
3310	3310	0.01661523200767934
3311	3311	0.001245453544000347
3312	3312	8.817370233252707e-05
3313	3313	0.0016477460602732138
3314	3314	0.004777912487980471
3315	3315	9.919541529888885e-05
3316	3316	0.03352253940346847
3317	3317	0.01661523200733377
3318	3318	5.510856939287583e-06
3319	3319	0.004276424557360476
3320	3320	0.0335225394030794
3321	3321	0.0002700319635354426
3322	3322	0.008707153092194666
3323	3323	0.001239942687975208
3324	3324	2.7554281937836837e-05
3325	3325	0.0028656453219096526
3326	3326	0.03352253940349887
3327	3327	0.02714647856285975
3328	3328	0.006431169404517074
3329	3329	0.009098423895223515
3330	3330	0.0024247768110273915
3331	3331	0.00040229251677317585
3332	3332	1.6532570157762674e-05
3333	3333	0.009098423895826192
3334	3334	7.715198980450635e-05
3335	3335	0.00036371652251505026
3336	3336	0.001741430618728403
3337	3337	0.0001873691174298509
3338	3338	0.004430728535891767
3339	3339	0.00036922737806111217
3340	3340	0.0003967816601762207
3341	3341	0.010806789375797586
3342	3342	0.0007549873254736718
3343	3343	0.00038024909086224344
3344	3344	7.164113399502067e-05
3345	3345	0.0001377714098410838
3346	3346	0.0031356772847661646
3347	3347	0.0002755428197011027
3348	3348	0.000837650171793502
3349	3349	0.016615232007100928
3350	3350	0.0012289209749937102
3351	3351	0.016885263970077186
3352	3352	5.51085643786876e-05
3353	3353	0.010702083103966826
3354	3354	0.0018902237413077874
3355	3355	0.002744406481238345
3356	3356	0.0011848341238837922
3357	3357	0.0002590102509806716
3358	3358	0.010702083104480554
3359	3359	0.00016532569230310926
3360	3360	0.019574561887317175
3361	3361	0.008707153092297009
3362	3362	0.033522539403233804
3363	3363	0.027146478563472146
3364	3364	0.017023035379877007
3365	3365	0.003185274992381591
3366	3366	0.0008652044531688051
3367	3367	5.5108564730577854e-06
3368	3368	0.0007660090387172724
3369	3369	0.004017414306440463
3370	3370	0.013782651824369732
3371	3371	0.001587126639897192
3372	3372	0.0271464785632421
3373	3373	0.0005014879312354872
3374	3374	0.0006172159159372531
3375	3375	0.01088945222175264
3376	3376	0.0013170946771725628
3377	3377	0.00027554282020750666
3378	3378	0.027146478563418893
3379	3379	0.004507880524639837
3380	3380	0.010806789375245325
3381	3381	0.000440868511700692
3382	3382	6.061942062343917e-05
3383	3383	0.000661302766744855
3384	3384	4.959770833311532e-05
3385	3385	0.00870715309214882
3386	3386	0.00038024909161053696
3387	3387	0.01661523200795734
3388	3388	0.004777912487773614
3389	3389	0.00034718395254393553
3390	3390	0.0001983908300974008
3391	3391	0.014454976304079695
3392	3392	0.00011021712829014808
3393	3393	0.007219221867463464
3394	3394	0.0013391381030591755
3395	3395	9.91954157410801e-05
3396	3396	0.00017083654860731393
3397	3397	0.0011848341233965359
3398	3398	0.016885263970613747
3399	3399	1.6532569706635234e-05
3400	3400	0.00016532569238895912
3401	3401	0.016615232007133877
3402	3402	0.00186266945918369
3403	3403	0.0001543039797051108
3404	3404	0.03352253940308517
3405	3405	0.0008266284587055697
3406	3406	0.002782982475851673
3407	3407	0.010806789375990016
3408	3408	0.010889452221489649
3409	3409	6.613027732564855e-05
3410	3410	0.002033506007100801
3411	3411	0.0005455747827802125
3412	3412	0.016163341783629173
3413	3413	0.0006557919101568157
3414	3414	0.0006943679049762684
3415	3415	0.00012674969731558527
3416	3416	0.0001763474053731216
3417	3417	0.003411220103637758
3418	3418	0.0025845916464106384
3419	3419	3.857599482645479e-05
3420	3420	2.7554282192223233e-05
3421	3421	0.0012454535438319314
3422	3422	0.004326022264534553
3423	3423	0.01616334178391217
3424	3424	0.00028105367611100005
3425	3425	2.7554282496695504e-05
3426	3426	0.033522539403031265
3427	3427	0.0038631103275078927
3428	3428	0.0027444064815659226
3429	3429	0.010702083104253446
3430	3430	0.0006006833470375407
3431	3431	0.0002920753892684274
3432	3432	0.00021492339932602887
3433	3433	0.0026066350712056303
3434	3434	0.00010470627224652026
3435	3435	6.061942090854993e-05
3436	3436	0.004326022264775942
3437	3437	0.00012123884062551715
3438	3438	6.61302776344795e-05
3439	3439	0.019574561887286467
3440	3440	0.00015981483554418477
3441	3441	2.7554282435411573e-05
3442	3442	0.0013281163899344667
3443	3443	0.003863110328039489
3444	3444	1.653256950074215e-05
3445	3445	0.0008266284584219475
3446	3446	0.006706712223981723
3447	3447	0.000137771410551662
3448	3448	0.0004629119367390454
3449	3449	0.016163341783341778
3450	3450	0.019574561887034606
3451	3451	0.0004408685117880009
3452	3452	0.00033065138349065964
3453	3453	0.0008100958895651442
3454	3454	0.014454976304049811
3455	3455	0.0012289209751033634
3456	3456	0.03352253940342683
3457	3457	0.0018957345980493815
3458	3458	0.00909842389543714
3459	3459	0.0006282376284471541
3460	3460	0.00011572798438249393
3461	3461	0.007219221867198702
3462	3462	0.006706712223586921
3463	3463	0.0004904662192229788
3464	3464	0.00039678166077855884
3465	3465	0.002584591646321953
3466	3466	0.0005621073521649197
3467	3467	1.653257010495874e-05
3468	3468	0.004430728535399391
3469	3469	0.010806789376045779
3470	3470	0.005576986664163699
3471	3471	0.00033616224056805363
3472	3472	0.0031356772844092842
3473	3473	1.102171283548187e-05
3474	3474	0.0015540615014992562
3475	3475	0.0014273118043829406
3476	3476	1.1021713046339257e-05
3477	3477	0.00010470627229158556
3478	3478	0.019574561887631275
3479	3479	0.0007770307509272642
3480	3480	0.0003361622402371753
3481	3481	0.002606635071809987
3482	3482	0.01702303538059909
3483	3483	0.0037969800510662464
3484	3484	0.0019949300129330568
3485	3485	0.0027829824762330506
3486	3486	0.0002975862454431538
3487	3487	0.00034718395305305557
3488	3488	1.653256972780698e-05
3489	3489	0.0030089275878900736
3490	3490	0.00018736911795643715
3491	3491	0.0002755428196103648
3492	3492	0.00014328226655670575
3493	3493	0.00046291193702051173
3494	3494	0.0166152320077552
3495	3495	0.033522539403401566
3496	3496	0.004326022264486503
3497	3497	0.000440868511785147
3498	3498	0.004623608508779789
3499	3499	0.01702303538011719
3500	3500	0.00046291193728093205
3501	3501	1.1021712889465296e-05
3502	3502	0.01167750468497789
3503	3503	0.0017138763364930626
3504	3504	0.0010305301447635982
3505	3505	0.01957456188767701
3506	3506	0.00047944450598519215
3507	3507	9.919541521048653e-05
3508	3508	0.005637606084489725
3509	3509	0.0014989529382350396
3510	3510	0.0003416730964793268
3511	3511	0.0005069987883809683
3512	3512	0.007219221867635559
3513	3513	9.919541550577684e-05
3514	3514	0.008707153092489385
3515	3515	0.0019122671666782654
3516	3516	0.009098423895476486
3517	3517	0.005637606084482335
3518	3518	0.0026562327788502605
3519	3519	0.016885263970157546
3520	3520	4.408685122567542e-05
3521	3521	0.00015981483589791971
3522	3522	0.02714647856317222
3523	3523	0.0031852749918220374
3524	3524	0.00014328226621950562
3525	3525	0.002782982475539346
3526	3526	0.0003582056658679332
3527	3527	0.0009699107241878174
3528	3528	0.00011572798500984472
3529	3529	0.01378265182463449
3530	3530	0.010702083103863983
3531	3531	0.0018957345972283038
3532	3532	0.004623608509272841
3533	3533	0.010702083103980305
3534	3534	0.009098423895352164
3535	3535	0.002016973437775542
3536	3536	1.653256991900932e-05
3537	3537	0.0005400639268774332
3538	3538	0.00012123884149882403
3539	3539	0.03352253940298485
3540	3540	0.003378154966213803
3541	3541	2.7554282009688057e-05
3542	3542	0.0004298467990787081
3543	3543	0.001895734597308442
3544	3544	0.002033506007750516
3545	3545	0.00025901025116288026
3546	3546	0.0001377714098692477
3547	3547	0.0022263859807795817
3548	3548	0.00044086851132532493
3549	3549	0.004623608509419634
3550	3550	0.007588449245329894
3551	3551	0.00014328226635478247
3552	3552	0.013782651824361202
3553	3553	0.0005565964958374361
3554	3554	0.010806789375457874
3555	3555	0.0029923950190549747
3556	3556	0.00022594511203324953
3557	3557	0.000754987325912357
3558	3558	0.003863110327502763
3559	3559	0.014454976304093946
3560	3560	1.1021712825093126e-05
3561	3561	0.001515485506948921
3562	3562	0.0018351151774914332
3563	3563	0.000947867299410376
3564	3564	0.0008211176019958301
3565	3565	0.0009478672989487817
3566	3566	0.001642235204282121
3567	3567	0.00015981483557798821
3568	3568	0.003378154965369427
3569	3569	0.033522539403312734
3570	3570	0.0008431610276080698
3571	3571	0.00020941254356026038
3572	3572	0.0009148021609383137
3573	3573	0.007588449246011843
3574	3574	0.007588449245954301
3575	3575	0.003863110327721372
3576	3576	0.0008156067461906025
3577	3577	0.010889452221805023
3578	3578	0.01661523200718597
3579	3579	0.0008652044536847509
3580	3580	0.01661523200720198
3581	3581	0.03352253940311395
3582	3582	0.004182739997959063
3583	3583	2.204342579786983e-05
3584	3584	0.004833021052287177
3585	3585	0.00028656453262429694
3586	3586	0.007588449245408547
3587	3587	0.0011903449798823804
3588	3588	0.0009148021602885218
3589	3589	0.0010139975760754425
3590	3590	0.0030089275883232415
3591	3591	0.003863110327634344
3592	3592	0.00019839083071741413
3593	3593	0.0023476248215769965
3594	3594	0.008707153092420292
3595	3595	2.2043426205072596e-05
3596	3596	0.00050699878840055
3597	3597	0.0036426760724896892
3598	3598	0.001713876337312297
3599	3599	0.007830926926542735
3600	3600	0.0009092913044475366
3601	3601	0.004623608508791721
3602	3602	0.0003747382343317674
3603	3603	0.004182739998790462
3604	3604	4.4086851822206736e-05
3605	3605	0.005576986664454696
3606	3606	0.00386311032821953
3607	3607	0.01080678937531698
3608	3608	5.5108564439029495e-06
3609	3609	0.0005125096442446331
3610	3610	0.0020665711457118854
3611	3611	0.007219221867285002
3612	3612	0.016885263970808584
3613	3613	0.000611705059705468
3614	3614	0.016163341783654063
3615	3615	0.01957456188762071
3616	3616	0.0019894191561101843
3617	3617	0.00014879312327587736
3618	3618	0.00427642455650111
3619	3619	0.0025845916464538217
3620	3620	0.0002975862451835703
3621	3621	0.007219221867324601
3622	3622	0.002733384768261612
3623	3623	0.007588449245792697
3624	3624	0.00033616224034923166
3625	3625	0.0001322605541864581
3626	3626	0.016615232007261563
3627	3627	0.002336603108779605
3628	3628	0.016885263970874285
3629	3629	0.0008652044529962434
3630	3630	0.0023476248213729197
3631	3631	0.02714647856315971
3632	3632	0.0006613027669315275
3633	3633	0.0071696241596491414
3634	3634	0.0005455747826698993
3635	3635	0.033522539403550745
3636	3636	0.003863110328270948
3637	3637	0.000688857048961592
3638	3638	0.03352253940267414
3639	3639	0.004326022264336861
3640	3640	0.0056816929354505585
3641	3641	0.004017414306711377
3642	3642	0.0006502810541936683
3643	3643	1.653256956260692e-05
3644	3644	0.0003196296709399574
3645	3645	0.004436239392403341
3646	3646	0.002782982475512611
3647	3647	0.0006282376282052947
3648	3648	0.00020390168699788624
3649	3649	0.001454866086976153
3650	3650	0.010806789375095101
3651	3651	0.0015761049267876768
3652	3652	0.007169624159768518
3653	3653	0.01616334178382868
3654	3654	0.027146478563007687
3655	3655	2.755428215865359e-05
3656	3656	0.0335225394034698
3657	3657	0.00013226055410930416
3658	3658	0.00043535765506798075
3659	3659	0.005637606084364227
3660	3660	0.0007164113307469373
3661	3661	7.164113336681416e-05
3662	3662	0.00013226055361839512
3663	3663	0.000540063926010402
3664	3664	0.0003637165216605629
3665	3665	7.164113303540603e-05
3666	3666	0.01378265182431158
3667	3667	0.00045740108111146186
3668	3668	0.0001432822661998291
3669	3669	0.013782651824422475
3670	3670	0.0038631103278843775
3671	3671	0.00035820566601540564
3672	3672	2.204342605742413e-05
3673	3673	0.0012454535441374433
3674	3674	0.033522539403379965
3675	3675	7.715198996151209e-05
3676	3676	0.00025901025043641526
3677	3677	0.00034718395274171786
3678	3678	0.0011572798414971823
3679	3679	0.00024798853834930604
3680	3680	0.0025845916463811225
3681	3681	0.007169624159724048
3682	3682	0.0021602557045450935
3683	3683	0.01702303537991414
3684	3684	5.51085665135168e-06
3685	3685	6.613027707286672e-05
3686	3686	0.01616334178397361
3687	3687	0.014454976303774627
3688	3688	0.0041827399980703716
3689	3689	0.00014328226693802475
3690	3690	0.00042433594243075905
3691	3691	0.027146478563720322
3692	3692	0.010806789375131803
3693	3693	0.014454976303566488
3694	3694	0.004436239391825738
3695	3695	0.0026176567843905684
3696	3696	8.266284625253974e-05
3697	3697	8.266284605028662e-05
3698	3698	0.0015816157833428508
3699	3699	0.001295051251616711
3700	3700	0.0006613027673737267
3701	3701	0.004326022264841041
3702	3702	0.016615232007134953
3703	3703	0.033522539403620655
3704	3704	0.0002755428202561555
3705	3705	0.03352253940309771
3706	3706	0.00014328226673042323
3707	3707	7.164113388538371e-05
3708	3708	0.006706712224017134
3709	3709	0.003697784635910344
3710	3710	0.0001157279847452269
3711	3711	0.0008156067454140711
3712	3712	0.00014879312334653848
3713	3713	0.019574561887643633
3714	3714	1.102171355657941e-05
3715	3715	0.0005125096445948331
3716	3716	0.016885263970686907
3717	3717	0.0012950512515825323
3718	3718	0.004623608509490141
3719	3719	0.0005290422138396277
3720	3720	0.003378154965903095
3721	3721	0.0002645211067930084
3722	3722	0.0001598148352727613
3723	3723	0.011677504684691803
3724	3724	0.011677504684493053
3725	3725	0.0006557919106736865
3726	3726	0.03352253940277233
3727	3727	0.01445497630340419
3728	3728	0.0027444064813707376
3729	3729	0.0006337484849272393
3730	3730	0.03352253940310473
3731	3731	0.016615232008005847
3732	3732	0.027146478562901373
3733	3733	0.013782651824525883
3734	3734	2.204342623499768e-05
3735	3735	0.0015761049272179166
3736	3736	0.0004959770750657619
3737	3737	0.0002755428197134979
3738	3738	0.00048495536211706655
3739	3739	0.000363716522050116
3740	3740	0.027146478562953488
3741	3741	0.0018902237409714141
3742	3742	0.0026176567845122437
3743	3743	0.0006778353360086891
3744	3744	0.0014273118044344502
3745	3745	2.7554281972772806e-05
3746	3746	0.011677504684764181
3747	3747	3.8575995392020595e-05
3748	3748	0.007830926926282872
3749	3749	6.613027722477666e-05
3750	3750	0.019574561887301525
3751	3751	1.1021713120537866e-05
3752	3752	0.0021602557045548
3753	3753	0.0013005621075430473
3754	3754	0.027146478563441514
3755	3755	0.0028656453218259656
3756	3756	0.0003416730962510275
3757	3757	0.001741430619138726
3758	3758	0.00028656453267439326
3759	3759	0.033522539403484264
3760	3760	0.0170230353798147
3761	3761	0.004430728535388487
3762	3762	0.007588449245475211
3763	3763	0.001427311804424917
3764	3764	0.00133913810268343
3765	3765	0.010702083104179751
3766	3766	0.01688526397055553
3767	3767	0.0006723244798710525
3768	3768	0.01378265182491645
3769	3769	0.009098423895740284
3770	3770	0.0026176567847102862
3771	3771	0.01661523200745022
3772	3772	0.0019894191557553002
3773	3773	0.0072192218672816255
3774	3774	0.004507880525378109
3775	3775	0.0002094125428490229
3776	3776	0.0335225394029136
3777	3777	0.00117932326702099
3778	3778	0.010889452221760373
3779	3779	0.03352253940295028
3780	3780	0.01070208310371483
3781	3781	0.0027829824756943644
3782	3782	0.000506998788151437
3783	3783	0.0003692273788712959
3784	3784	4.959770787896901e-05
3785	3785	1.1021713429757977e-05
3786	3786	0.0004959770752090576
3787	3787	0.004507880525310517
3788	3788	0.027146478563627823
3789	3789	0.017023035380294555
3790	3790	0.0003747382349460661
3791	3791	3.8575994869515616e-05
3792	3792	0.00044637936795608515
3793	3793	0.009098423895986682
3794	3794	0.0009533781555417302
3795	3795	0.00024247768140335405
3796	3796	0.005637606084373687
3797	3797	0.01688526397080395
3798	3798	0.0064311694040180304
3799	3799	0.009098423895285045
3800	3800	0.0005731290647435233
3801	3801	0.03352253940311492
3802	3802	8.817370314319323e-05
3803	3803	0.000440868511893369
3804	3804	3.306513927273529e-05
3805	3805	0.0004133142300233134
3806	3806	0.002534993938571027
3807	3807	5.5108572100550246e-06
3808	3808	0.017023035380027342
3809	3809	3.857599539990349e-05
3810	3810	0.000898269591922116
3811	3811	0.00011021712864570415
3812	3812	0.003411220104566183
3813	3813	0.01088945222122533
3814	3814	0.0002975862450164785
3815	3815	1.65325693196205e-05
3816	3816	0.001179323267774328
3817	3817	4.408685189325249e-05
3818	3818	0.007588449245296996
3819	3819	0.0006061942028631765
3820	3820	0.007169624159819684
3821	3821	0.004777912488150821
3822	3822	0.00031962967113480906
3823	3823	0.00014879312269855952
3824	3824	3.857599485444922e-05
3825	3825	0.0001102171278776878
3826	3826	0.0006172159153660349
3827	3827	0.013782651824987583
3828	3828	0.0006006833463948284
3829	3829	5.5108564239723664e-05
3830	3830	0.010702083103836744
3831	3831	0.005681692935710361
3832	3832	0.0072192218678195355
3833	3833	0.0010966604212541207
3834	3834	0.00047393365017658814
3835	3835	0.00011021712839971944
3836	3836	0.007169624160574563
3837	3837	0.0014769095118263946
3838	3838	0.016885263970779132
3839	3839	0.03352253940268913
3840	3840	0.0037969800511128914
3841	3841	0.00013777141028880558
3842	3842	0.01702303537986296
3843	3843	0.0025074396568784234
3844	3844	0.002336603108149203
3845	3845	0.0021547448477185907
3846	3846	0.0005786399210701086
3847	3847	0.003378154965591181
3848	3848	0.00048495536262783566
3849	3849	0.001465887799629474
3850	3850	5.51085655820917e-06
3851	3851	3.306513898211672e-05
3852	3852	0.0001983908305302898
3853	3853	0.00010470627193610922
3854	3854	0.0015265072192533992
3855	3855	0.0013005621078033898
3856	3856	0.010889452221456585
3857	3857	0.00013226055414797968
3858	3858	3.306513907210011e-05
3859	3859	0.001890223741335295
3860	3860	0.0013666923844248278
3861	3861	0.0023476248218227166
3862	3862	0.00014328226700368305
3863	3863	0.004777912488490958
3864	3864	0.03352253940304765
3865	3865	0.00012123884066174239
3866	3866	5.510857140198602e-06
3867	3867	0.010806789375837516
3868	3868	0.027146478563539304
3869	3869	0.0011848341234687609
3870	3870	0.016163341783798725
3871	3871	0.0026562327789775874
3872	3872	0.002733384768392617
3873	3873	0.01167750468466356
3874	3874	0.0002204342562347412
3875	3875	0.0020169734380051257
3876	3876	0.019574561887422768
3877	3877	0.00026452110700653247
3878	3878	0.000573129064964089
3879	3879	0.013782651824424657
3880	3880	0.0005951724898170616
3881	3881	0.0033230464022186187
3882	3882	0.0006888570485649388
3883	3883	0.002534993939055094
3884	3884	0.000319629670989692
3885	3885	0.03352253940289608
3886	3886	0.0011352364160312142
3887	3887	0.0007660090383950651
3888	3888	0.004182739998659905
3889	3889	0.01688526397013864
3890	3890	0.00011572798503220439
3891	3891	0.00011021712792556046
3892	3892	0.004623608508783575
3893	3893	0.02714647856308667
3894	3894	0.03352253940335211
3895	3895	0.0011848341239513143
3896	3896	0.0006337484852022462
3897	3897	0.0005951724907399519
3898	3898	6.613027709110529e-05
3899	3899	0.016615232007702752
3900	3900	0.027146478563495956
3901	3901	0.016163341783716634
3902	3902	0.0027829824763397435
3903	3903	1.1021712796976101e-05
3904	3904	0.0026176567843369525
3905	3905	3.3065139038344846e-05
3906	3906	0.0001322605533581666
3907	3907	0.03352253940278463
3908	3908	0.0002590102504606917
3909	3909	0.033522539403600275
3910	3910	0.03352253940328387
3911	3911	0.0005510856389804976
3912	3912	0.013782651825016692
3913	3913	0.00023145596917810237
3914	3914	0.0019949300127006762
3915	3915	0.0022263859806771176
3916	3916	0.000688857048874747
3917	3917	0.0026176567843040344
3918	3918	0.019574561887400987
3919	3919	0.01688526397042429
3920	3920	0.00011021712816407289
3921	3921	0.0009148021605882441
3922	3922	0.013782651824987608
3923	3923	0.001895734598143529
3924	3924	0.007219221867455753
3925	3925	0.002865645322179297
3926	3926	0.00042433594221436975
3927	3927	8.817370315675103e-05
3928	3928	0.0015265072194830009
3929	3929	0.007588449245071793
3930	3930	3.857599542955829e-05
3931	3931	2.7554282880113252e-05
3932	3932	0.004182739998494578
3933	3933	6.061942077576398e-05
3934	3934	0.014454976303481049
3935	3935	0.0018736911716294993
3936	3936	0.00234762482160852
3937	3937	0.01688526397040309
3938	3938	0.00012674969706459352
3939	3939	0.019574561887626078
3940	3940	5.5108565771638835e-06
3941	3941	0.0007935633201161184
3942	3942	0.01957456188779088
3943	3943	0.017023035379845435
3944	3944	0.001168301554542886
3945	3945	0.004276424556669841
3946	3946	0.0018736911721063858
3947	3947	0.005681692935742118
3948	3948	0.00450788052560725
3949	3949	0.016615232007484815
3950	3950	0.0015871266402135585
3951	3951	4.959770789787059e-05
3952	3952	0.016615232007863766
3953	3953	0.0022263859806032353
3954	3954	0.016885263970460116
3955	3955	0.0025349939386110198
3956	3956	0.000418825085449315
3957	3957	6.613027729306312e-05
3958	3958	0.0002590102505890544
3959	3959	0.00038575994755047055
3960	3960	0.0033781549656936184
3961	3961	2.2043426097921736e-05
3962	3962	0.016163341783988587
3963	3963	0.001465887799473885
3964	3964	0.0008321393153768598
3965	3965	0.007830926926865111
3966	3966	0.008707153092006982
3967	3967	0.008707153091749829
3968	3968	0.00018185826081559757
3969	3969	0.004507880525399823
3970	3970	0.002683787060575706
3971	3971	0.003796980051204533
3972	3972	0.007830926926247614
3973	3973	8.817370274259297e-05
3974	3974	4.40868518831774e-05
3975	3975	0.010702083103944165
3976	3976	0.03352253940268717
3977	3977	0.007169624160020638
3978	3978	0.004430728535950665
3979	3979	0.03352253940351721
3980	3980	0.016615232007878178
3981	3981	5.510856423668551e-05
3982	3982	0.0055769866643847
3983	3983	0.00013777141067346327
3984	3984	4.9597707953838917e-05
3985	3985	0.007830926926374278
3986	3986	0.0004463793681684214
3987	3987	0.0006668136228845864
3988	3988	4.9597707640113756e-05
3989	3989	0.001719387193097844
3990	3990	0.017023035380673627
3991	3991	3.8575995031155496e-05
3992	3992	0.0034112201041523343
3993	3993	0.03352253940285653
3994	3994	0.007830926926920204
3995	3995	9.368455932515045e-05
3996	3996	0.014454976303532591
3997	3997	0.03352253940287319
3998	3998	0.004777912488020898
3999	3999	0.010889452221614648
4000	4000	0.008707153092455348
4001	4001	0.0013060729645558372
4002	4002	0.004777912487716184
4003	4003	0.004276424556637051
4004	4004	0.016885263970696337
4005	4005	0.0007384547560755925
4006	4006	0.004623608509228367
4007	4007	0.01688526397096793
4008	4008	0.00015981483526126818
4009	4009	0.006706712223813415
4010	4010	0.0023366031081830502
4011	4011	0.0001432822664856147
4012	4012	0.0007164113305225266
4013	4013	0.014454976303425737
4014	4014	0.0003637165216201468
4015	4015	0.00432602226403799
4016	4016	0.0012454535437524952
4017	4017	0.0001212388408127441
4018	4018	0.0001267496970028766
4019	4019	2.204342590020288e-05
4020	4020	2.755428226145424e-05
4021	4021	0.00146588779981315
4022	4022	0.0009754215811118354
4023	4023	0.00020941254294834017
4024	4024	0.01702303538048493
4025	4025	0.013782651824686225
4026	4026	0.0018736911718947667
4027	4027	0.0033230464015233593
4028	4028	0.01445497630377764
4029	4029	0.0006502810541432445
4030	4030	0.0004904662189399263
4031	4031	3.3065139189540884e-05
4032	4032	0.03352253940291537
4033	4033	0.00034167309620301427
4034	4034	1.6532569601102606e-05
4035	4035	0.0036977846359168925
4036	4036	0.01957456188740701
4037	4037	0.0001267496969371018
4038	4038	5.510856604876415e-06
4039	4039	8.266284583112183e-05
4040	4040	0.0012399426874688305
4041	4041	0.00019839083075747987
4042	4042	0.01702303538056092
4043	4043	6.613027724837796e-05
4044	4044	0.03352253940291712
4045	4045	1.6532569396430495e-05
4046	4046	0.0017744957572631245
4047	4047	0.003185274992332914
4048	4048	0.02714647856352652
4049	4049	0.014454976304054915
4050	4050	0.03352253940292661
4051	4051	0.007830926926837423
4052	4052	0.002865645322139041
4053	4053	0.0011903449799438837
4054	4054	0.02714647856324111
4055	4055	0.010702083104115615
4056	4056	0.0005069987885303459
4057	4057	0.0002865645322260995
4058	4058	3.306513915552231e-05
4059	4059	2.755428216664985e-05
4060	4060	0.0335225394029753
4061	4061	0.0017138763365151972
4062	4062	0.00028656453273746076
4063	4063	0.00017634740480376945
4064	4064	1.1021712993733019e-05
4065	4065	0.004777912488455505
4066	4066	0.017023035379878808
4067	4067	0.016615232007164568
4068	4068	4.408685174718886e-05
4069	4069	0.003185274991765045
4070	4070	0.0007384547559791756
4071	4071	3.306513867685888e-05
4072	4072	0.0014658877999160675
4073	4073	0.0014273118047476163
4074	4074	0.0009092913046951721
4075	4075	0.004507880525390948
4076	4076	0.016885263970715218
4077	4077	0.0019122671669137925
4078	4078	0.0030089275883161174
4079	4079	0.0012619861132744897
4080	4080	0.00023145596922850048
4081	4081	9.36845592453008e-05
4082	4082	0.005681692935385058
4083	4083	8.266284612357606e-05
4084	4084	0.0067067122237544205
4085	4085	0.010702083104234688
4086	4086	0.004623608509324799
4087	4087	0.01070208310430323
4088	4088	0.005681692935628415
4089	4089	0.0003912708040146682
4090	4090	0.00019839083032870226
4091	4091	0.010806789375125789
4092	4092	4.408685190159448e-05
4093	4093	0.01080678937534368
4094	4094	0.0003141188141038595
4095	4095	0.002160255704547512
4096	4096	0.00011572798448397963
4097	4097	0.0005731290651228488
4098	4098	0.001366692384211846
4099	4099	0.0001157279850394001
4100	4100	0.0015871266403365497
4101	4101	0.00033616223980210833
4102	4102	0.00017083654851988864
4103	4103	0.0006998787615073404
4104	4104	0.00018185826171037556
4105	4105	0.0072192218672595685
4106	4106	0.0023366031081605517
4107	4107	0.0047779124877602806
4108	4108	0.019574561887039318
4109	4109	0.00030309710209019074
4110	4110	0.0002259451120381156
4111	4111	0.0002920753894662093
4112	4112	0.0017248980494238755
4113	4113	0.033522539402989535
4114	4114	2.7554282325903762e-05
4115	4115	0.00046291193672467
4116	4116	0.006431169403951503
4117	4117	0.0006557919110336088
4118	4118	0.033522539402807625
4119	4119	0.00028656453284331315
4120	4120	0.0006613027673681611
4121	4121	0.00014328226619952995
4122	4122	4.959770804064873e-05
4123	4123	0.033522539402982096
4124	4124	0.0002424776812279815
4125	4125	0.016615232007087435
4126	4126	0.011677504684869017
4127	4127	0.0002920753894663173
4128	4128	0.03352253940280567
4129	4129	0.007830926926876373
4130	4130	0.00020941254348427377
4131	4131	0.00418273999841111
4132	4132	0.0008156067462379095
4133	4133	0.0018626694593555516
4134	4134	0.03352253940296257
4135	4135	0.0009148021604515183
4136	4136	0.0008927587354345971
4137	4137	0.00021492339931164202
4138	4138	2.2043425995963235e-05
4139	4139	0.00035820566544181683
4140	4140	2.755428243386277e-05
4141	4141	0.014454976303464099
4142	4142	0.005576986663827216
4143	4143	0.0008156067457278608
4144	4144	0.007588449245458572
4145	4145	0.0018626694596706554
4146	4146	0.011677504684584795
4147	4147	9.368455895486095e-05
4148	4148	0.00023145596880075502
4149	4149	0.002066571145877867
4150	4150	0.000479444505821328
4151	4151	0.027146478563761445
4152	4152	0.0009368455859755195
4153	4153	0.00034718395295647007
4154	4154	0.0014438443738063749
4155	4155	2.2043426210111904e-05
4156	4156	0.0018351151776974715
4157	4157	0.006431169404598774
4158	4158	1.102171345146998e-05
4159	4159	0.0022263859804926185
4160	4160	3.857599526891693e-05
4161	4161	0.0020169734384450815
4162	4162	5.5108564670644405e-05
4163	4163	0.016885263970244428
4164	4164	0.0025845916456023544
4165	4165	0.01702303538058247
4166	4166	0.0017193871934489118
4167	4167	0.0023476248215981966
4168	4168	0.0033175355451762365
4169	4169	0.00274440648101965
4170	4170	0.0027444064812966393
4171	4171	1.1021712888229419e-05
4172	4172	0.0004408685116263877
4173	4173	0.016615232007985332
4174	4174	0.010806789375980964
4175	4175	0.007588449245377464
4176	4176	0.007169624160307538
4177	4177	0.00014879312276053436
4178	4178	0.0003471839524115306
4179	4179	0.0012950512515457788
4180	4180	3.306513898389517e-05
4181	4181	0.01378265182411592
4182	4182	0.0006833461927160326
4183	4183	0.00012123884112432548
4184	4184	0.00011572798477335566
4185	4185	0.00028105367638879444
4186	4186	0.000490466218570935
4187	4187	5.5108573334064786e-06
4188	4188	0.004777912488534066
4189	4189	0.0015816157833986944
4190	4190	0.006431169404275036
4191	4191	0.0003582056655759384
4192	4192	0.004507880525495946
4193	4193	0.03352253940360018
4194	4194	1.6532570136437038e-05
4195	4195	6.613027711106278e-05
4196	4196	0.0016808111989293699
4197	4197	0.00017083654821391117
4198	4198	1.102171323480309e-05
4199	4199	0.001476909512299726
4200	4200	8.266284602852842e-05
4201	4201	0.000176347405381342
4202	4202	0.005681692935116362
4203	4203	0.007169624159935117
4204	4204	0.002782982475759544
4205	4205	9.368455942115264e-05
4206	4206	0.0007384547561096012
4207	4207	0.010702083104344758
4208	4208	0.00189022374095939
4209	4209	0.03352253940284291
4210	4210	0.00013777141037002078
4211	4211	0.0004408685113157194
4212	4212	0.01957456188693609
4213	4213	0.004430728535772313
4214	4214	3.306513871049852e-05
4215	4215	0.016163341783651444
4216	4216	0.0011848341235805612
4217	4217	0.0027333847681034794
4218	4218	0.0023476248217322595
4219	4219	0.01957456188774839
4220	4220	8.817370259976839e-05
4221	4221	0.02714647856300043
4222	4222	0.002992395018860492
4223	4223	0.00011021712869093125
4224	4224	0.0013666923846574145
4225	4225	0.006706712223509926
4226	4226	0.016163341783750257
4227	4227	0.010702083104424037
4228	4228	0.005637606084114865
4229	4229	0.009098423895996438
4230	4230	0.010806789375871083
4231	4231	0.033522539403341295
4232	4232	0.010702083103918987
4233	4233	0.00171938719312875
4234	4234	0.0048330210520097245
4235	4235	0.0024247768107745894
4236	4236	0.0037969800516506895
4237	4237	0.001994930012684847
4238	4238	0.02714647856341237
4239	4239	0.010806789375467012
4240	4240	0.002534993938482548
4241	4241	0.0005510856392530502
4242	4242	0.0012950512512362386
4243	4243	0.033522539402723275
4244	4244	0.0335225394027718
4245	4245	0.00034167309688536797
4246	4246	7.715198973909945e-05
4247	4247	3.857599552308336e-05
4248	4248	0.0001873691174048575
4249	4249	0.013782651824343673
4250	4250	0.00012674969785337033
4251	4251	0.0055769866639667
4252	4252	0.0016477460605507253
4253	4253	0.0026176567840724566
4254	4254	0.00011572798435787295
4255	4255	0.0026562327792724527
4256	4256	0.007169624159815008
4257	4257	0.0027444064812735458
4258	4258	0.00012674969735439626
4259	4259	2.7554282516186512e-05
4260	4260	0.0005125096443290675
4261	4261	0.019574561887810177
4262	4262	1.6532569394647663e-05
4263	4263	0.0002204342564663045
4264	4264	3.3065139293885545e-05
4265	4265	0.004430728535599862
4266	4266	9.368455867541617e-05
4267	4267	0.027146478563755235
4268	4268	0.0004022925165939603
4269	4269	0.0271464785637458
4270	4270	0.0020665711454300284
4271	4271	2.755428243191241e-05
4272	4272	3.3065139159545604e-05
4273	4273	0.004436239392098884
4274	4274	0.0015265072196201479
4275	4275	0.013782651824793112
4276	4276	5.510856634155913e-06
4277	4277	0.001317094677030797
4278	4278	0.004833021051680921
4279	4279	0.008707153091693473
4280	4280	0.00012123884078744397
4281	4281	0.033522539402713915
4282	4282	0.004507880525292998
4283	4283	0.004276424557203946
4284	4284	0.03352253940304479
4285	4285	0.0026176567841009234
4286	4286	0.0001157279843828551
4287	4287	1.653256935160859e-05
4288	4288	0.001653256916735879
4289	4289	0.0018351151776094274
4290	4290	0.0008982695920680226
4291	4291	0.0014273118052281358
4292	4292	0.00253499393822881
4293	4293	0.0006061942030534072
4294	4294	0.01088945222137664
4295	4295	0.0004298467986658934
4296	4296	0.0003471839529150181
4297	4297	0.0031356772843776507
4298	4298	2.7554282780411775e-05
4299	4299	0.008707153092489093
4300	4300	0.00018185826160604173
4301	4301	0.0001928799741247258
4302	4302	0.004182739998279146
4303	4303	0.00027554281960370976
4304	4304	0.000699878761222827
4305	4305	0.00010470627235003979
4306	4306	0.004182739998492083
4307	4307	0.0006613027667816915
4308	4308	0.016615232007781623
4309	4309	0.033522539403202
4310	4310	0.016163341783685486
4311	4311	0.0018406260337695773
4312	4312	0.0004794445059534402
4313	4313	0.0001708365484703533
4314	4314	2.7554282001236037e-05
4315	4315	0.01957456188724635
4316	4316	0.0038631103278644273
4317	4317	0.016163341783563545
4318	4318	0.004833021051578323
4319	4319	0.00013226055350573114
4320	4320	0.004326022264588213
4321	4321	0.0017193871929190847
4322	4322	0.011677504684806588
4323	4323	0.00010470627145873865
4324	4324	0.010806789375490702
4325	4325	4.4086851459393786e-05
4326	4326	0.00042984679866407303
4327	4327	0.0018571586030166306
4328	4328	0.014454976303396927
4329	4329	3.3065138601801744e-05
4330	4330	0.00036922737888911514
4331	4331	0.001989419156401793
4332	4332	0.009098423895284223
4333	4333	0.01445497630396864
4334	4334	0.00019287997387122148
4335	4335	0.00332304640151847
4336	4336	0.014454976304231615
4337	4337	0.027146478563447644
4338	4338	0.0004078033735185277
4339	4339	0.0072192218672067765
4340	4340	0.033522539402839745
4341	4341	0.00014328226657701434
4342	4342	0.004276424556849082
4343	4343	0.007830926926344177
4344	4344	8.817370222078666e-05
4345	4345	0.0017193871936564905
4346	4346	0.0003416730964398782
4347	4347	0.017023035380028702
4348	4348	2.2043426504932224e-05
4349	4349	0.0006723244798776594
4350	4350	0.0006943679055905464
4351	4351	0.01616334178422716
4352	4352	0.0028656453213503105
4353	4353	0.003317535545464319
4354	4354	0.0002920753887908146
4355	4355	3.306513924597308e-05
4356	4356	0.014454976303414885
4357	4357	0.016163341783531154
4358	4358	0.01702303538048177
4359	4359	0.0004133142291360381
4360	4360	0.016163341783756183
4361	4361	0.000341673096596089
4362	4362	0.0001377714106706767
4363	4363	3.3065138837771144e-05
4364	4364	0.00066681362357647
4365	4365	0.00040780337327010014
4366	4366	0.019574561887310327
4367	4367	0.010702083104682458
4368	4368	0.0030089275882155685
4369	4369	0.017023035380205817
4370	4370	0.01661523200775338
4371	4371	0.00031411881466774917
4372	4372	0.00012674969744440274
4373	4373	0.0335225394029686
4374	4374	0.0168852639702915
4375	4375	9.368455922408672e-05
4376	4376	0.0041827399979067975
4377	4377	1.1021713745019696e-05
4378	4378	0.0001487931229352767
4379	4379	7.715198957243385e-05
4380	4380	0.014454976304057295
4381	4381	0.003642676072054049
4382	4382	8.817370289002666e-05
4383	4383	9.91954152160705e-05
4384	4384	0.0006668136232772941
4385	4385	0.0016477460597621287
4386	4386	0.00016532569198885968
4387	4387	0.013782651824948441
4388	4388	0.016885263970943604
4389	4389	6.0619420855221254e-05
4390	4390	8.266284605794797e-05
4391	4391	0.0003361622405374282
4392	4392	0.0006006833470908321
4393	4393	0.019574561887811984
4394	4394	3.306513918083779e-05
4395	4395	0.0019949300126401
4396	4396	0.017023035380661727
4397	4397	0.027146478563102403
4398	4398	2.2043426170580154e-05
4399	4399	0.0017193871930813326
4400	4400	0.00016532569192689037
4401	4401	0.014454976303885874
4402	4402	0.016615232007725033
4403	4403	0.0018626694594216645
4404	4404	0.03352253940287667
4405	4405	0.0006006833464259767
4406	4406	0.005576986664714648
4407	4407	0.0024247768112481034
4408	4408	0.008707153092020583
4409	4409	0.001157279842243602
4410	4410	0.001554061501353576
4411	4411	0.000738454756357123
4412	4412	0.0023476248211117367
4413	4413	0.0001432822666251799
4414	4414	0.00025349939439850427
4415	4415	4.959770835880998e-05
4416	4416	0.0012399426875249519
4417	4417	0.0006006833463353055
4418	4418	0.027146478563473988
4419	4419	0.00017634740499259606
4420	4420	0.00040780337306636874
4421	4421	0.010806789375312735
4422	4422	0.00299239501902665
4423	4423	2.7554282612547023e-05
4424	4424	0.002617656783974345
4425	4425	0.0004794445062659698
4426	4426	0.000407803373425805
4427	4427	0.00016532569248682596
4428	4428	0.0007164113305421928
4429	4429	0.0002865645328405943
4430	4430	0.010702083104679948
4431	4431	0.0014273118050110011
4432	4432	0.004182739998263435
4433	4433	0.033522539402870505
4434	4434	0.0271464785635666
4435	4435	0.01088945222143094
4436	4436	0.010889452220976916
4437	4437	0.010889452221607856
4438	4438	2.7554282384549e-05
4439	4439	0.0030089275876102653
4440	4440	0.017023035380101394
4441	4441	0.001554061501994665
4442	4442	0.00026452110684741447
4443	4443	0.016615232007757292
4444	4444	0.00023145596835052266
4445	4445	0.01167750468487193
4446	4446	0.000699878761640076
4447	4447	0.003179764135431723
4448	4448	0.00014328226630259396
4449	4449	0.007219221867575997
4450	4450	0.003378154965513689
4451	4451	0.033522539403359544
4452	4452	0.01445497630348141
4453	4453	0.004436239392366483
4454	4454	0.002016973438663094
4455	4455	1.6532569375062062e-05
4456	4456	0.004507880524997477
4457	4457	0.003796980050789011
4458	4458	0.0024247768109328252
4459	4459	0.0007219221871337089
4460	4460	0.0012564752570833498
4461	4461	0.0025074396567748266
4462	4462	0.0034112201042598334
4463	4463	0.004276424556645969
4464	4464	0.0001432822670301791
4465	4465	0.004182739998419273
4466	4466	0.0006613027666643717
4467	4467	6.061942073054711e-05
4468	4468	6.061942073537927e-05
4469	4469	0.033522539403187696
4470	4470	0.001576104927534196
4471	4471	0.004507880524840242
4472	4472	0.00042433594276671536
4473	4473	0.0012454535443338266
4474	4474	0.01167750468436172
4475	4475	0.00011572798499833715
4476	4476	0.002584591645797583
4477	4477	6.61302771053471e-05
4478	4478	0.01378265182421876
4479	4479	0.0031797641353550716
4480	4480	1.653257009925066e-05
4481	4481	9.91954151978687e-05
4482	4482	0.00016532569240213944
4483	4483	0.0034112201040162587
4484	4484	0.014454976304300173
4485	4485	0.016885263970282307
4486	4486	0.03352253940345127
4487	4487	0.016163341783655576
4488	4488	5.510856930447675e-06
4489	4489	0.0018957345975080654
4490	4490	0.00234762482130646
4491	4491	0.0012454535439215023
4492	4492	0.0002149233996703123
4493	4493	0.010702083104171109
4494	4494	0.004436239392266113
4495	4495	2.2043425570667918e-05
4496	4496	0.019574561887526445
4497	4497	1.1021713647105732e-05
4498	4498	0.033522539403323955
4499	4499	0.00025901025114664764
4500	4500	0.00022043425625274844
4501	4501	0.002347624821234297
4502	4502	0.0012289209747888721
4503	4503	6.0619421019064484e-05
4504	4504	0.00039678166047043786
4505	4505	0.0012619861136240326
4506	4506	0.003135677284541282
4507	4507	0.004182739998713535
4508	4508	0.005637606084776496
4509	4509	0.0015816157839311702
4510	4510	0.01957456188706562
4511	4511	0.0027444064811979773
4512	4512	0.0011848341233592055
4513	4513	0.0027444064814177507
4514	4514	0.00014328226653098964
4515	4515	0.00557698666449584
4516	4516	0.003008927587984268
4517	4517	3.306513878619725e-05
4518	4518	3.30651389696205e-05
4519	4519	0.016615232007580718
4520	4520	0.002992395019022355
4521	4521	0.008707153092111777
4522	4522	0.00025901025020989816
4523	4523	4.408685183642697e-05
4524	4524	0.00014879312270081022
4525	4525	0.0016532569165799238
4526	4526	0.0004353576549120676
4527	4527	0.0024247768112952827
4528	4528	0.027146478562887485
4529	4529	0.01957456188753215
4530	4530	0.0001432822664573119
4531	4531	4.9597707875301154e-05
4532	4532	8.817370313698125e-05
4533	4533	0.0015816157833503117
4534	4534	0.0006557919109757888
4535	4535	0.0016422352039487038
4536	4536	0.03352253940272088
4537	4537	0.004777912488495596
4538	4538	0.001724898049466412
4539	4539	0.004623608509236673
4540	4540	4.408685197510154e-05
4541	4541	0.019574561887408314
4542	4542	0.013782651824340103
4543	4543	0.0003637165222983047
4544	4544	0.00010470627176291867
4545	4545	0.00015981483568663115
4546	4546	0.03352253940275905
4547	4547	0.0002975862456133657
4548	4548	0.006706712223434319
4549	4549	0.000887247878943939
4550	4550	0.00021492339989730632
4551	4551	3.857599486763501e-05
4552	4552	0.0001983908303068951
4553	4553	0.0008872478786914817
4554	4554	0.0021547448474609093
4555	4555	0.0006006833465163326
4556	4556	3.306513832467665e-05
4557	4557	0.033522539403479
4558	4558	0.001096660421300112
4559	4559	0.002782982475766691
4560	4560	0.00019287997360036046
4561	4561	0.03352253940333896
4562	4562	0.0006006833465053994
4563	4563	0.01702303537986587
4564	4564	0.016885263970889325
4565	4565	3.857599528385777e-05
4566	4566	0.001306072964251064
4567	4567	0.00014879312308616548
4568	4568	0.0024247768103757283
4569	4569	0.0006006833465992667
4570	4570	0.0008376501714403394
4571	4571	0.019574561887036008
4572	4572	0.01957456188772829
4573	4573	0.017023035379917135
4574	4574	8.817370295485479e-05
4575	4575	0.000440868511595103
4576	4576	0.007588449245211637
4577	4577	0.00015981483529441584
4578	4578	0.0011903449803116332
4579	4579	0.0001322605533538429
4580	4580	0.03352253940295601
4581	4581	0.01957456188780197
4582	4582	0.00033065138347708684
4583	4583	0.0001267496973449754
4584	4584	0.00030309710210433497
4585	4585	0.011677504685079903
4586	4586	0.001576104927374554
4587	4587	0.005637606084171701
4588	4588	0.0018736911719585611
4589	4589	0.008707153092586278
4590	4590	0.011677504685137667
4591	4591	0.0015871266403629835
4592	4592	0.0004739336495631128
4593	4593	0.0008431610273713024
4594	4594	0.0015265072193154751
4595	4595	0.0006998787618024401
4596	4596	0.004430728535538091
4597	4597	2.7554282076825016e-05
4598	4598	0.005681692935907828
4599	4599	0.0008982695918811138
4600	4600	0.0056376060847974484
4601	4601	0.001873691171704393
4602	4602	0.0004133142291061515
4603	4603	0.0003086079577674677
4604	4604	0.00014879312333925286
4605	4605	0.0022263859813523713
4606	4606	0.00017634740517891316
4607	4607	0.00027554281982424727
4608	4608	0.002347624821686119
4609	4609	0.01080678937579354
4610	4610	0.0001983908309136682
4611	4611	0.016885263970606555
4612	4612	0.01661523200738113
4613	4613	1.1021713134954018e-05
4614	4614	0.002584591646095727
4615	4615	0.00047944450642822345
4616	4616	0.0019894191561113123
4617	4617	0.0006613027666831932
4618	4618	0.0007274330433346333
4619	4619	0.00024247768128151013
4620	4620	0.0013060729644630887
4621	4621	0.033522539402798125
4622	4622	1.6532569363271127e-05
4623	4623	0.0003582056659253133
4624	4624	0.00020390168672367476
4625	4625	1.1021713605116631e-05
4626	4626	0.0002645211070808106
4627	4627	0.000810095889792358
4628	4628	0.027146478563547544
4629	4629	2.7554282625510276e-05
4630	4630	0.0008872478783783895
4631	4631	0.009098423895854092
4632	4632	0.007219221867385268
4633	4633	3.8575995431723977e-05
4634	4634	0.0021602557040179904
4635	4635	0.0072192218677346
4636	4636	0.006431169403995978
4637	4637	0.0048330210517966215
4638	4638	0.0018957345971817071
4639	4639	0.0009148021605277676
4640	4640	0.0006613027672717738
4641	4641	0.016163341783450677
4642	4642	0.00019287997381742104
4643	4643	1.1021713282317642e-05
4644	4644	0.0015154855073429324
4645	4645	0.02714647856309529
4646	4646	1.102171369468331e-05
4647	4647	5.510857112525522e-06
4648	4648	0.00018736911756538232
4649	4649	0.010806789375200328
4650	4650	0.01957456188735078
4651	4651	7.715199025688537e-05
4652	4652	0.01378265182497161
4653	4653	0.0048330210520286425
4654	4654	9.368455921088773e-05
4655	4655	5.510856464153949e-05
4656	4656	0.0013170946766656
4657	4657	0.00011572798491665542
4658	4658	0.006706712223463783
4659	4659	0.010889452220956605
4660	4660	0.016615232007475132
4661	4661	0.00013226055409020648
4662	4662	0.016615232007768013
4663	4663	0.003185274991906858
4664	4664	0.0005676182082404275
4665	4665	7.164113306384525e-05
4666	4666	0.009098423895561989
4667	4667	0.016615232007495043
4668	4668	0.0025845916458540324
4669	4669	0.0001818582616529304
4670	4670	0.0013556706719456272
4671	4671	0.001212388405450874
4672	4672	0.000837650171829603
4673	4673	6.061942026939759e-05
4674	4674	0.0003692273782840048
4675	4675	2.755428246785722e-05
4676	4676	0.009098423895764776
4677	4677	0.011677504685218651
4678	4678	0.010889452221679655
4679	4679	0.0013005621077037523
4680	4680	0.00014328226671627564
4681	4681	0.016885263970592687
4682	4682	7.715198959137528e-05
4683	4683	0.011677504684409104
4684	4684	0.004276424556493616
4685	4685	0.019574561887023535
4686	4686	0.00044086851138489485
4687	4687	0.002529483082207384
4688	4688	0.00401741430621507
4689	4689	7.164113346755285e-05
4690	4690	0.00401741430715929
4691	4691	0.0013666923843201706
4692	4692	0.0008982695912675178
4693	4693	0.011677504685060545
4694	4694	0.027146478563153494
4695	4695	0.0004078033733014719
4696	4696	0.002865645322262999
4697	4697	0.002744406481233378
4698	4698	9.368455931209308e-05
4699	4699	0.007169624159853909
4700	4700	0.00042433594205246346
4701	4701	2.204342641939894e-05
4702	4702	0.0010305301451009987
4703	4703	0.027146478563295454
4704	4704	0.002424776810649873
4705	4705	0.01616334178386207
4706	4706	0.0001377714103787814
4707	4707	0.0001432822664144343
4708	4708	0.00018185826165091084
4709	4709	0.0005069987878234545
4710	4710	0.01080678937525923
4711	4711	0.007169624160084839
4712	4712	0.01378265182468806
4713	4713	0.01957456188693452
4714	4714	9.919541568197632e-05
4715	4715	6.061942036865386e-05
4716	4716	0.00020390168703031072
4717	4717	0.009098423895418185
4718	4718	0.000947867298898299
4719	4719	0.0003416730963823141
4720	4720	0.0004904662184633575
4721	4721	0.0015871266397377618
4722	4722	1.653256940722958e-05
4723	4723	0.004507880525600474
4724	4724	0.0013060729639656399
4725	4725	6.613027714238809e-05
4726	4726	0.016163341784132586
4727	4727	9.919541505454638e-05
4728	4728	0.0006613027665008162
4729	4729	0.004276424556803863
4730	4730	0.002606635071444951
4731	4731	0.0002975862454333832
4732	4732	0.0023366031090720336
4733	4733	1.1021712800970436e-05
4734	4734	5.510856473934823e-06
4735	4735	0.00036371652234433644
4736	4736	8.81737023878773e-05
4737	4737	0.0005069987876859196
4738	4738	0.00010470627171617882
4739	4739	0.0016422352038379844
4740	4740	0.0027444064812296998
4741	4741	0.00011572798417571926
4742	4742	0.0015871266401450083
4743	4743	0.0001928799737821633
4744	4744	0.002744406481067777
4745	4745	6.613027683904475e-05
4746	4746	0.00721922186709114
4747	4747	0.000220434255900438
4748	4748	5.5108564103454015e-06
4749	4749	0.009098423895735282
4750	4750	0.00042433594232260257
4751	4751	0.002160255704706995
4752	4752	0.0005290422138510759
4753	4753	0.0031852749924162304
4754	4754	0.01445497630348013
4755	4755	0.0004408685114256906
4756	4756	0.0014769095119834606
4757	4757	0.019574561887321193
4758	4758	0.006431169403858242
4759	4759	0.019574561887649628
4760	4760	0.0001983908301524095
4761	4761	0.000699878761249308
4762	4762	0.0008156067457217043
4763	4763	0.00011021712821262817
4764	4764	0.00020941254361489354
4765	4765	0.00014328226704283915
4766	4766	1.653256970489644e-05
4767	4767	0.00034167309659351413
4768	4768	0.006431169404675286
4769	4769	0.010806789375591748
4770	4770	3.857599484851626e-05
4771	4771	0.0004022925170535117
4772	4772	0.00011572798433683879
4773	4773	0.009098423895347693
4774	4774	0.00027554281964896473
4775	4775	0.00011021712835223394
4776	4776	0.017023035380438332
4777	4777	0.0008927587348079986
4778	4778	7.164113305380934e-05
4779	4779	0.02714647856293608
4780	4780	0.002733384768208105
4781	4781	0.016885263970748708
4782	4782	0.001994930012603373
4783	4783	0.016885263970857062
4784	4784	0.0006613027668314816
4785	4785	2.755428197246422e-05
4786	4786	0.00062823762901152
4787	4787	0.00014328226624930114
4788	4788	0.01616334178386564
4789	4789	0.00047393364933890177
4790	4790	0.0006006833468441796
4791	4791	0.000551085639244385
4792	4792	6.613027666220837e-05
4793	4793	0.0006998787619992374
4794	4794	0.001085638708948732
4795	4795	0.0001763474051584028
4796	4796	0.00043535765538216145
4797	4797	0.0006998787612132387
4798	4798	0.0168852639700763
4799	4799	6.06194203065085e-05
4800	4800	0.001994930013003861
4801	4801	0.001295051251699824
4802	4802	0.0006337484849134599
4803	4803	2.2043425789152497e-05
4804	4804	0.014454976303719135
4805	4805	8.266284637360678e-05
4806	4806	0.0007274330436931604
4807	4807	0.00011572798416388587
4808	4808	0.007169624160489055
4809	4809	0.01688526397020583
4810	4810	0.00011021712799799728
4811	4811	1.653257012669938e-05
4812	4812	0.0003582056660768183
4813	4813	0.000683346192278189
4814	4814	0.019574561887239144
4815	4815	0.0075884492459960375
4816	4816	0.0021602557039870447
4817	4817	0.033522539402814126
4818	4818	0.010702083104176772
4819	4819	0.0004959770751224664
4820	4820	0.016885263970246624
4821	4821	0.03352253940356759
4822	4822	4.959770755683973e-05
4823	4823	0.01688526397058192
4824	4824	0.0026837870607270106
4825	4825	0.02714647856349357
4826	4826	0.0002039016864428402
4827	4827	0.00022594511211438838
4828	4828	0.00041882508555674295
4829	4829	0.005637606084399853
4830	4830	0.03352253940334393
4831	4831	0.00039127080419730314
4832	4832	0.00018736911753435253
4833	4833	0.0006833461920195538
4834	4834	0.0036977846362364194
4835	4835	2.7554282220402613e-05
4836	4836	4.959770776803288e-05
4837	4837	2.2043426133001467e-05
4838	4838	4.959770793013176e-05
4839	4839	0.007588449245391128
4840	4840	0.0006061942035589501
4841	4841	0.0168852639707716
4842	4842	0.0002534993944302885
4843	4843	0.005637606084060473
4844	4844	0.004507880525506111
4845	4845	2.755428277261359e-05
4846	4846	0.0008211176019157217
4847	4847	0.0002865645328245001
4848	4848	0.03352253940265361
4849	4849	0.0008156067461155378
4850	4850	0.016163341783411753
4851	4851	3.8575995670251036e-05
4852	4852	0.0017414306185503299
4853	4853	0.0006833461920954929
4854	4854	0.0006613027673561579
4855	4855	0.0007164113311918826
4856	4856	0.0002645211071571312
4857	4857	0.004777912487679427
4858	4858	0.0003306513841487865
4859	4859	0.01378265182476117
4860	4860	0.01957456188747122
4861	4861	0.00016532569237104035
4862	4862	7.164113318163251e-05
4863	4863	0.0006668136234710791
4864	4864	0.005576986663966283
4865	4865	5.51085647472147e-05
4866	4866	0.016885263970388458
4867	4867	0.010702083104408653
4868	4868	0.00014879312293200803
4869	4869	0.00015430397926890615
4870	4870	0.017023035380550278
4871	4871	0.016885263970071923
4872	4872	0.0026176567841452885
4873	4873	0.0038631103276663098
4874	4874	0.0025349939386622214
4875	4875	0.00034718395316865743
4876	4876	0.00568169293518276
4877	4877	0.00563760608429968
4878	4878	0.0015540615017877902
4879	4879	0.016885263970754384
4880	4880	0.027146478562902275
4881	4881	0.0003361622401176547
4882	4882	0.007219221867924754
4883	4883	0.011677504685115223
4884	4884	0.0012674969690972743
4885	4885	0.0009974650062832895
4886	4886	0.0006117050595803962
4887	4887	0.001339138102322156
4888	4888	0.000501487932073249
4889	4889	0.03352253940279707
4890	4890	0.00013226055402647307
4891	4891	5.5108573172487085e-06
4892	4892	2.755428265176379e-05
4893	4893	0.0008872478789526307
4894	4894	0.003863110327831899
4895	4895	0.0003912708035658758
4896	4896	0.001587126639821584
4897	4897	0.0004629119365695555
4898	4898	0.002424776811062838
4899	4899	0.0005896616339988423
4900	4900	0.010889452221709393
4901	4901	0.0012234101184109315
4902	4902	3.306513898629323e-05
4903	4903	0.00047944450630182375
4904	4904	0.00011572798504716612
4905	4905	0.027146478563541448
4906	4906	0.0009148021603459789
4907	4907	0.03352253940354247
4908	4908	0.0012123884060572909
4909	4909	0.00014328226664916428
4910	4910	0.027146478562852322
4911	4911	0.0015154855073334686
4912	4912	0.0018406260342593275
4913	4913	0.00028656453240747103
4914	4914	0.0021547448476869303
4915	4915	5.510857178476208e-06
4916	4916	0.0018902237414882787
4917	4917	2.20434256481342e-05
4918	4918	0.00014328226680957476
4919	4919	1.6532569757494338e-05
4920	4920	0.005637606084649192
4921	4921	8.266284583232791e-05
4922	4922	0.027146478563155496
4923	4923	0.00011021712810800296
4924	4924	0.0002479885377278442
4925	4925	0.027146478562836505
4926	4926	0.006431169404237392
4927	4927	0.019574561887504983
4928	4928	0.0006613027665495346
4929	4929	0.004507880524895817
4930	4930	0.03352253940334941
4931	4931	6.06194205075552e-05
4932	4932	0.001653256916303502
4933	4933	2.2043426487919598e-05
4934	4934	0.009098423895129895
4935	4935	0.006706712223231424
4936	4936	0.002066571145404764
4937	4937	0.02714647856297213
4938	4938	0.00035269480942611345
4939	4939	0.0031797641358033315
4940	4940	1.6532569722647755e-05
4941	4941	0.00013777141064754984
4942	4942	0.016885263970848045
4943	4943	3.857599532964129e-05
4944	4944	0.03352253940270669
4945	4945	0.007830926926142946
4946	4946	7.715198991874686e-05
4947	4947	4.4086851165526656e-05
4948	4948	0.0005565964955655245
4949	4949	0.00019839083034416756
4950	4950	0.002744406481641446
4951	4951	1.1021713168565571e-05
4952	4952	0.004623608509171409
4953	4953	0.006706712223785833
4954	4954	0.00047393364993448254
4955	4955	0.0008156067462045061
4956	4956	6.061942055360736e-05
4957	4957	0.0002590102508971875
4958	4958	0.0005125096444955758
4959	4959	0.0016477460598962248
4960	4960	0.0001543039792852476
4961	4961	0.0048330210514918705
4962	4962	0.0002314559685606551
4963	4963	0.0007549873255463126
4964	4964	0.0026066350710940095
4965	4965	0.0271464785627827
4966	4966	0.006706712224005849
4967	4967	0.01378265182445614
4968	4968	3.857599490735009e-05
4969	4969	1.653256932905143e-05
4970	4970	7.715198985822302e-05
4971	4971	2.75542824552477e-05
4972	4972	5.5108565369034605e-06
4973	4973	0.003008927587393213
4974	4974	0.0004629119371498905
4975	4975	0.00017083654856078987
4976	4976	0.0008156067461956697
4977	4977	0.003378154966227444
4978	4978	0.01702303538054178
4979	4979	0.0012564752568941912
4980	4980	0.010702083104389358
4981	4981	0.0013005621082590904
4982	4982	0.00022043425576647794
4983	4983	4.9597708384261345e-05
4984	4984	0.0003361622400037378
4985	4985	0.00040229251697410784
4986	4986	0.003323046401754066
4987	4987	4.408685129325964e-05
4988	4988	0.0010139975755759814
4989	4989	1.1021712827091594e-05
4990	4990	0.0005510856388384755
4991	4991	0.0007164113309184929
4992	4992	0.0001322605539885054
4993	4993	0.011677504685202417
4994	4994	4.959770816847986e-05
4995	4995	0.0006613027670084376
4996	4996	0.0017744957569562987
4997	4997	0.007169624159902723
4998	4998	0.033522539402661235
4999	4999	0.000297586245185422
5000	5000	6.613027673548196e-05
5001	5001	6.613027684106015e-05
5002	5002	0.00023696682535664245
5003	5003	1.102171355107475e-05
5004	5004	0.0022263859809497524
5005	5005	0.001339138102110794
5006	5006	0.0020665711457083405
5007	5007	0.0015154855070726647
5008	5008	0.01688526397066153
5009	5009	0.0031797641358412643
5010	5010	0.0013170946766341252
5011	5011	0.00030309710158207565
5012	5012	0.0001543039797139548
5013	5013	0.0012950512518046396
5014	5014	0.00909842389532222
5015	5015	0.03352253940333976
5016	5016	0.00017634740522185912
5017	5017	0.004276424557106069
5018	5018	0.00019839083082818598
5019	5019	0.00034167309652734034
5020	5020	0.016163341783431418
5021	5021	0.007588449245596753
5022	5022	0.014454976303628797
5023	5023	0.0013170946774292076
5024	5024	0.0017414306184310709
5025	5025	0.002656232778882376
5026	5026	0.0009699107245215517
5027	5027	0.027146478562823106
5028	5028	0.0002314559685668813
5029	5029	0.01661523200744192
5030	5030	0.011677504684617226
5031	5031	0.0005510856390299883
5032	5032	0.0006061942034431173
5033	5033	0.00043535765537585595
5034	5034	0.0018902237415687154
5035	5035	0.00017634740496173194
5036	5036	1.6532569627617953e-05
5037	5037	0.000451890224484912
5038	5038	5.510856428814589e-06
5039	5039	0.0015099746506551006
5040	5040	0.0025349939386786436
5041	5041	4.95977078451801e-05
5042	5042	0.0012123884052246678
5043	5043	0.003642676072194573
5044	5044	2.2043426211127432e-05
5045	5045	0.010702083104141816
5046	5046	1.1021712853069432e-05
5047	5047	0.00054557478280133
5048	5048	0.0005786399214113959
5049	5049	0.019574561887687584
5050	5050	0.03352253940290114
5051	5051	0.027146478563167577
5052	5052	0.00029207538855757114
5053	5053	5.510856928482731e-06
5054	5054	7.715198974686038e-05
5055	5055	1.6532569995339943e-05
5056	5056	0.002033506007698434
5057	5057	0.008707153092549411
5058	5058	0.0018957345977081259
5059	5059	0.0006557919109847444
5060	5060	0.000562107352354333
5061	5061	0.0008156067453981321
5062	5062	0.0004794445062647841
5063	5063	3.306513850247102e-05
5064	5064	0.016885263970578535
5065	5065	0.00017634740488966093
5066	5066	0.0001267496975188109
5067	5067	2.7554282496362234e-05
5068	5068	0.01661523200792262
5069	5069	0.002656232779350118
5070	5070	0.004326022263875224
5071	5071	0.006431169404338398
5072	5072	0.0003802490911741646
5073	5073	1.1021713354322283e-05
5074	5074	0.00044086851121454045
5075	5075	0.03352253940278846
5076	5076	0.03352253940346164
5077	5077	5.5108570028273036e-06
5078	5078	0.0019012454536770445
5079	5079	0.00021492339941801827
5080	5080	0.017023035380443197
5081	5081	0.0008376501716026235
5082	5082	0.0020665711456543633
5083	5083	0.0010139975760765658
5084	5084	5.510857183520897e-06
5085	5085	0.0014989529381436528
5086	5086	0.02714647856322069
5087	5087	0.00201697343775997
5088	5088	0.017023035380252727
5089	5089	0.00012674969727915456
5090	5090	0.010806789375687489
5091	5091	0.011677504684674607
5092	5092	0.017023035380534422
5093	5093	0.0020335060071046095
5094	5094	0.0016422352039052145
5095	5095	0.004430728535243955
5096	5096	0.00046291193673999003
5097	5097	0.00033616224030605266
5098	5098	0.00028105367631087093
5099	5099	0.00035269480961921913
5100	5100	8.817370253453491e-05
5101	5101	0.016163341784209643
5102	5102	0.0014548660870310707
5103	5103	0.013782651824230312
5104	5104	0.0016808111986651253
5105	5105	0.000132260553925369
5106	5106	0.009098423895877835
5107	5107	0.0015540615014376475
5108	5108	9.368455909190119e-05
5109	5109	0.0003196296704798012
5110	5110	0.002656232778873533
5111	5111	0.00450788052493242
5112	5112	0.014454976303468895
5113	5113	0.016163341784124815
5114	5114	0.007830926926401622
5115	5115	0.0004739336499236511
5116	5116	6.061942099700637e-05
5117	5117	0.017023035380597427
5118	5118	0.019574561887554152
5119	5119	0.00201697343791271
5120	5120	0.004326022264564494
5121	5121	0.0020169734385299966
5122	5122	4.959770818188394e-05
5123	5123	0.00047944450652910104
5124	5124	0.00025349939454246247
5125	5125	4.959770813106648e-05
5126	5126	0.0016532569165246067
5127	5127	0.0004298467985872458
5128	5128	0.0002755428202226322
5129	5129	0.0006282376283845905
5130	5130	3.306513917761958e-05
5131	5131	0.005681692935259343
5132	5132	0.003411220103634822
5133	5133	0.011677504684735307
5134	5134	0.0021547448480631133
5135	5135	0.0003471839529172777
5136	5136	0.00025349939384449827
5137	5137	0.005681692935475017
5138	5138	0.00047393364992690944
5139	5139	0.004623608509635286
5140	5140	0.0001598148359775236
5141	5141	0.0015761049271966975
5142	5142	0.0020169734385106454
5143	5143	0.002016973438418436
5144	5144	0.0005676182079238928
5145	5145	0.00022043425561430745
5146	5146	0.00031411881428960266
5147	5147	0.002865645321906813
5148	5148	0.00019287997381669592
5149	5149	8.266284651825563e-05
5150	5150	9.368455938112843e-05
5151	5151	0.01957456188773405
5152	5152	0.007588449245741217
5153	5153	0.00232007053912336
5154	5154	0.0005786399214922905
5155	5155	0.005576986664589836
5156	5156	0.000396781660312941
5157	5157	0.00039678166076594567
5158	5158	0.016615232007555835
5159	5159	0.004833021052153541
5160	5160	0.007169624160111415
5161	5161	0.01167750468502754
5162	5162	0.033522539403423084
5163	5163	0.00036922737862475256
5164	5164	0.00012123884089025706
5165	5165	0.0007274330439715412
5166	5166	0.010702083104371426
5167	5167	0.01688526397088634
5168	5168	0.010702083104473474
5169	5169	0.017023035380240935
5170	5170	0.0018957345974887478
5171	5171	0.0024247768108346147
5172	5172	0.00011572798474057763
5173	5173	0.019574561887461296
5174	5174	0.0018957345978819974
5175	5175	0.0006833461927275578
5176	5176	0.000633748485087709
5177	5177	0.03352253940317182
5178	5178	0.016615232007814642
5179	5179	0.03352253940299454
5180	5180	0.01957456188774626
5181	5181	0.0012619861130852262
5182	5182	0.002507439656958143
5183	5183	0.0014438443738093454
5184	5184	0.0006006833464113707
5185	5185	0.00031411881496717605
5186	5186	0.00017634740513856157
5187	5187	1.653256940244236e-05
5188	5188	0.003863110328055761
5189	5189	0.01616334178426143
5190	5190	0.0005510856393805398
5191	5191	4.959770766525261e-05
5192	5192	0.0020335060074732343
5193	5193	8.817370220009803e-05
5194	5194	0.01688526397041754
5195	5195	0.017023035379766092
5196	5196	0.016163341783890544
5197	5197	0.000512509644783687
5198	5198	0.0001487931232415882
5199	5199	0.007830926926677261
5200	5200	0.00020390168705746283
5201	5201	0.0002645211074617144
5202	5202	0.01702303538057215
5203	5203	0.0003912708041345665
5204	5204	0.0006888570490267719
5205	5205	0.010702083103929954
5206	5206	9.919541511091706e-05
5207	5207	0.010702083104057
5208	5208	0.0036977846357549265
5209	5209	0.0020335060071731584
5210	5210	0.016885263970758922
5211	5211	0.00025901025039715316
5212	5212	0.01957456188700328
5213	5213	0.004623608508880027
5214	5214	0.00031411881445305096
5215	5215	0.0004022925169040722
5216	5216	0.00011021712855302996
5217	5217	3.857599495149649e-05
5218	5218	0.03352253940300665
5219	5219	0.019574561887240403
5220	5220	0.011677504684524009
5221	5221	2.2043426321247905e-05
5222	5222	0.0001157279845622643
5223	5223	4.9597707826816914e-05
5224	5224	0.0003361622397835371
5225	5225	0.014454976304033846
5226	5226	0.0006227267719897393
5227	5227	0.0012674969690803616
5228	5228	0.00024247768157840106
5229	5229	0.00261765678409904
5230	5230	0.00022594511238098117
5231	5231	0.0016808111984393211
5232	5232	5.510856426078248e-05
5233	5233	0.004436239392106046
5234	5234	0.01445497630429249
5235	5235	9.36845594152929e-05
5236	5236	1.6532569357496832e-05
5237	5237	0.0036426760724682828
5238	5238	0.004507880525537702
5239	5239	0.0006006833467963383
5240	5240	5.510856965430641e-06
5241	5241	0.014454976303600774
5242	5242	6.613027751408476e-05
5243	5243	0.0027444064811626254
5244	5244	0.00042984679834443755
5245	5245	0.001741430618745881
5246	5246	0.00012674969693258532
5247	5247	0.006431169403916754
5248	5248	0.0006833461920692232
5249	5249	0.010889452221655672
5250	5250	6.061942052672795e-05
5251	5251	5.510856398271445e-05
5252	5252	0.03352253940322533
5253	5253	5.510857099232444e-06
5254	5254	0.0006502810543616327
5255	5255	0.00012123884066726316
5256	5256	0.013782651824165772
5257	5257	0.000501487931601972
5258	5258	0.02714647856294426
5259	5259	1.102171341647201e-05
5260	5260	0.0005069987878453763
5261	5261	0.027146478563523323
5262	5262	0.00030309710162051897
5263	5263	0.00018736911802645466
5264	5264	0.0056376060847294395
5265	5265	0.016885263970925084
5266	5266	0.017023035379817874
5267	5267	0.00364267607187398
5268	5268	2.204342559974426e-05
5269	5269	0.01616334178356038
5270	5270	0.010889452221823557
5271	5271	0.0033781549656792453
5272	5272	0.03352253940325437
5273	5273	0.01957456188694321
5274	5274	6.061942092301159e-05
5275	5275	0.003317535545462173
5276	5276	0.01661523200709691
5277	5277	0.003179764136198429
5278	5278	0.00014879312257851362
5279	5279	0.0007053896180458613
5280	5280	0.008707153092550515
5281	5281	0.010806789375070302
5282	5282	0.0006337484852335744
5283	5283	0.00028105367621228877
5284	5284	0.03352253940266225
5285	5285	0.010702083104430412
5286	5286	0.006706712223613125
5287	5287	0.00015981483583310383
5288	5288	0.0008982695917551904
5289	5289	0.019574561887418202
5290	5290	0.0005069987877758531
5291	5291	0.001013997575296168
5292	5292	0.007588449245996658
5293	5293	0.0027333847686455337
5294	5294	0.0012289209744326837
5295	5295	0.007219221867891317
5296	5296	0.0018736911723431183
5297	5297	1.6532569185624587e-05
5298	5298	0.01661523200713604
5299	5299	9.919541558876593e-05
5300	5300	0.00012674969736074887
5301	5301	0.00039127080402269774
5302	5302	0.006431169404017442
5303	5303	0.0010966604217521284
5304	5304	0.010889452221839296
5305	5305	0.011677504685037001
5306	5306	4.408685138727891e-05
5307	5307	0.0003802490909263827
5308	5308	0.0006778353366109015
5309	5309	0.00042984679880151875
5310	5310	0.004507880525440475
5311	5311	4.9597708467714554e-05
5312	5312	0.002584591646192405
5313	5313	0.03352253940348579
5314	5314	4.9597707897945164e-05
5315	5315	0.0002534993943667658
5316	5316	0.00022043425583117258
5317	5317	5.510857289299238e-06
5318	5318	0.0003251405272423828
5319	5319	0.0004022925171989889
5320	5320	0.017023035380517814
5321	5321	0.017023035379834225
5322	5322	0.00020390168676629077
5323	5323	6.613027734017838e-05
5324	5324	0.004182739998565816
5325	5325	0.00044086851131556164
5326	5326	0.0005345530702626943
5327	5327	5.5108572538202505e-06
5328	5328	0.006431169404242951
5329	5329	7.16411340084298e-05
5330	5330	0.001295051251743266
5331	5331	0.027146478563136074
5332	5332	0.0004353576554616336
5333	5333	0.0012123884059119443
5334	5334	0.00036371652202550847
5335	5335	0.0003251405277186861
5336	5336	0.004833021051765745
5337	5337	0.01661523200769142
5338	5338	0.0002149233997304265
5339	5339	0.0024247768108621175
5340	5340	0.0003141188143117961
5341	5341	0.007219221867119942
5342	5342	0.0036426760722868584
5343	5343	0.0026176567843158773
5344	5344	0.004017414307150144
5345	5345	0.00013226055415382484
5346	5346	0.001994930012936638
5347	5347	0.00300892758815994
5348	5348	0.027146478563682352
5349	5349	0.00036371652178448377
5350	5350	0.00028656453282275597
5351	5351	0.00025349939469304834
5352	5352	0.0006888570486182152
5353	5353	0.003179764135574196
5354	5354	0.00036371652220516907
5355	5355	0.0003030971020468066
5356	5356	0.0006282376289835408
5357	5357	0.00015981483522575866
5358	5358	0.0161633417841656
5359	5359	0.010806789375084145
5360	5360	0.0011848341241927607
5361	5361	0.0005290422136492742
5362	5362	0.0005951724904608213
5363	5363	0.027146478563270175
5364	5364	0.0006006833466411343
5365	5365	8.817370287125726e-05
5366	5366	0.0008376501710558249
5367	5367	0.00909842389527502
5368	5368	0.002016973438390433
5369	5369	0.016615232007193278
5370	5370	0.01688526397034099
5371	5371	0.0018571586027404162
5372	5372	7.164113372666264e-05
5373	5373	2.755428214254525e-05
5374	5374	0.00024798853834899585
5375	5375	0.001774495757575938
5376	5376	0.002656232779494324
5377	5377	0.014454976304205076
5378	5378	0.0034112201041876043
5379	5379	0.0014769095122823541
5380	5380	0.001989419156177554
5381	5381	1.1021712939773249e-05
5382	5382	0.0018626694592955894
5383	5383	0.0017414306188823535
5384	5384	9.368455938055826e-05
5385	5385	0.013782651824490547
5386	5386	0.02714647856376652
5387	5387	0.001509974650743204
5388	5388	0.00018185826092734968
5389	5389	4.40868512348017e-05
5390	5390	6.0619421154859586e-05
5391	5391	0.0048330210518569006
5392	5392	0.0001708365488156552
5393	5393	0.008707153092130025
5394	5394	0.004833021051869322
5395	5395	0.005681692935484152
5396	5396	3.8575995107222476e-05
5397	5397	0.010889452221094503
5398	5398	0.027146478563735556
5399	5399	5.510856954669963e-06
5400	5400	5.5108564253947977e-05
5401	5401	0.00557698666377257
5402	5402	0.001840626033808352
5403	5403	0.0006117050598647089
5404	5404	0.002529483082283428
5405	5405	0.01957456188717515
5406	5406	0.0005345530696999927
5407	5407	5.510856822942121e-06
5408	5408	0.004777912487966385
5409	5409	0.027146478563760464
5410	5410	0.0013281163895921602
5411	5411	0.00131158382051276
5412	5412	0.005681692935502451
5413	5413	0.03352253940337569
5414	5414	0.013782651824855423
5415	5415	0.007588449245272847
5416	5416	0.0014548660866696087
5417	5417	0.004623608508780642
5418	5418	0.00021492339949774237
5419	5419	0.03352253940294613
5420	5420	0.0002534993944493434
5421	5421	0.027146478563113183
5422	5422	0.017023035380533628
5423	5423	0.00037473823440871943
5424	5424	0.010702083103894018
5425	5425	0.013782651825028715
5426	5426	0.0020169734379755066
5427	5427	2.2043426374047538e-05
5428	5428	0.007219221867115442
5429	5429	8.817370260112796e-05
5430	5430	0.02714647856311682
5431	5431	0.01702303537995508
5432	5432	0.0001598148358798505
5433	5433	1.1021713469450048e-05
5434	5434	0.01070208310436873
5435	5435	0.007219221867430376
5436	5436	0.000529042213908538
5437	5437	4.4086851751721214e-05
5438	5438	0.027146478563041955
5439	5439	0.0012950512515568413
5440	5440	0.0009368455863523428
5441	5441	0.0016477460604234183
5442	5442	0.0013556706715795424
5443	5443	0.016615232007263166
5444	5444	0.00047393365012030243
5445	5445	0.010889452221374952
5446	5446	0.00012123884120158809
5447	5447	0.010889452221749502
5448	5448	0.0013060729643046974
5449	5449	0.033522539403503096
5450	5450	0.00028656453266780185
5451	5451	4.959770790414076e-05
5452	5452	0.00021492339921552335
5453	5453	8.817370238666785e-05
5454	5454	0.0005510856390630205
5455	5455	0.0064311694043877885
5456	5456	9.368455877377093e-05
5457	5457	0.010702083104704678
5458	5458	0.00031411881440703145
5459	5459	2.7554281955706725e-05
5460	5460	0.003411220104128145
5461	5461	0.004623608509276675
5462	5462	0.007588449245541704
5463	5463	0.017023035379981677
5464	5464	7.164113384656629e-05
5465	5465	0.0012674969699312455
5466	5466	9.919541580980391e-05
5467	5467	0.016615232007140934
5468	5468	0.0017744957568484603
5469	5469	0.0019012454543714944
5470	5470	8.266284607819708e-05
5471	5471	0.007830926926453452
5472	5472	0.013782651824311593
5473	5473	0.00013226055387629228
5474	5474	0.013782651824324635
5475	5475	0.0002645211067631662
5476	5476	0.00040229251638445386
5477	5477	0.002033506007455931
5478	5478	0.011677504684531674
5479	5479	0.007830926926414563
5480	5480	0.013782651824129404
5481	5481	0.00026452110717375103
5482	5482	0.017023035379712066
5483	5483	0.0004849553627147166
5484	5484	0.0005235313573830851
5485	5485	0.001680811198716606
5486	5486	0.0017028546243734073
5487	5487	0.006431169404676835
5488	5488	0.0007660090378546557
5489	5489	0.0005731290647963343
5490	5490	0.016615232007657472
5491	5491	0.007830926927028784
5492	5492	0.011677504684606446
5493	5493	2.2043426491512332e-05
5494	5494	0.0006282376289033995
5495	5495	0.033522539402898816
5496	5496	0.000661302767261141
5497	5497	0.0003471839529503211
5498	5498	0.004507880525200481
5499	5499	0.0017028546236131856
5500	5500	7.715198971059922e-05
5501	5501	0.016615232007081857
5502	5502	0.00010470627159961401
5503	5503	0.0004133142297074304
5504	5504	0.016885263970733113
5505	5505	0.00046291193680012054
5506	5506	0.0019894191561070297
5507	5507	0.001339138102772528
5508	5508	0.0025845916457362746
5509	5509	0.004326022264701349
5510	5510	0.005681692935333713
5511	5511	0.0008927587349540478
5512	5512	0.005576986664108925
5513	5513	0.0026066350713855446
5514	5514	0.00031411881441793354
5515	5515	6.061942048002499e-05
5516	5516	6.061942071900695e-05
5517	5517	0.016615232007731056
5518	5518	0.002320070539811617
5519	5519	0.004436239392195309
5520	5520	0.00020941254336868365
5521	5521	7.71519899981432e-05
5522	5522	0.011677504684436962
5523	5523	0.0019122671668674609
5524	5524	0.010806789375816426
5525	5525	0.010806789375552824
5526	5526	0.00010470627173312455
5527	5527	0.0003747382347026429
5528	5528	0.0013666923846874458
5529	5529	0.010889452221418683
5530	5530	0.0016422352036434397
5531	5531	0.0016477460603586372
5532	5532	0.0016422352036685774
5533	5533	0.0004078033735830396
5534	5534	0.0008652044537058642
5535	5535	9.919541584656194e-05
5536	5536	0.0004959770757210584
5537	5537	0.00037473823456216245
5538	5538	0.00042984679845505853
5539	5539	0.010702083104542598
5540	5540	0.00020941254315842218
5541	5541	0.01070208310413361
5542	5542	0.010806789375472905
5543	5543	0.0006006833467309019
5544	5544	0.010806789375120217
5545	5545	3.306513924291366e-05
5546	5546	0.0004739336494055939
5547	5547	0.0046236085092191525
5548	5548	0.00036371652188856084
5549	5549	0.0018571586026246635
5550	5550	7.164113385667642e-05
5551	5551	0.0003141188144887845
5552	5552	0.00023696682530850434
5553	5553	0.0335225394028521
5554	5554	0.0005069987881126126
5555	5555	0.011677504684762322
5556	5556	0.0008156067457711677
5557	5557	0.001008486719198765
5558	5558	0.0015761049268967011
5559	5559	0.00039127080365321964
5560	5560	0.03352253940310303
5561	5561	0.0006888570487444707
5562	5562	0.0002259451119831503
5563	5563	0.004436239392219547
5564	5564	0.0005069987877907664
5565	5565	0.010702083104388228
5566	5566	0.01688526397062978
5567	5567	0.0001157279846211505
5568	5568	0.001741430618393415
5569	5569	0.005637606084197692
5570	5570	0.017023035379845692
5571	5571	0.0011793232675680978
5572	5572	0.0020831037152055725
5573	5573	0.0017193871930100434
5574	5574	0.019574561887272045
5575	5575	0.002529483081857698
5576	5576	0.000159814835889905
5577	5577	0.027146478563315268
5578	5578	0.004777912487767239
5579	5579	0.0001102171283214483
5580	5580	3.8575994975337204e-05
5581	5581	0.0001818582615093305
5582	5582	0.0047779124876523105
5583	5583	0.027146478563340553
5584	5584	0.001239942688052001
5585	5585	0.003008927587722703
5586	5586	0.005681692935332069
5587	5587	0.019574561887845753
5588	5588	0.0004574010809950817
5589	5589	0.0015871266403413083
5590	5590	3.8575994925532866e-05
5591	5591	0.000479444505975293
5592	5592	2.204342596424366e-05
5593	5593	0.01957456188708163
5594	5594	0.0033175355453040753
5595	5595	0.010889452221382606
5596	5596	2.204342586914779e-05
5597	5597	5.510857126943747e-06
5598	5598	0.0006613027665859386
5599	5599	0.0015154855068743622
5600	5600	0.03352253940262753
5601	5601	0.027146478563727098
5602	5602	0.0020169734384546095
5603	5603	6.061942108374869e-05
5604	5604	1.1021712883837653e-05
5605	5605	0.0003030971022810632
5606	5606	0.005637606084403097
5607	5607	0.0013556706714071916
5608	5608	0.011677504684310473
5609	5609	0.00022594511252865018
5610	5610	0.01070208310439582
5611	5611	0.0030089275878338044
5612	5612	0.0008376501713267449
5613	5613	0.0013005621078353742
5614	5614	5.510857325569309e-06
5615	5615	0.00013777140992909993
5616	5616	0.00010470627230058529
5617	5617	0.011677504685144304
5618	5618	0.014454976304144128
5619	5619	5.5108568626222385e-06
5620	5620	0.0033781549653843107
5621	5621	0.00034167309641420997
5622	5622	1.1021712775165643e-05
5623	5623	2.2043425826323105e-05
5624	5624	0.01070208310404561
5625	5625	0.019574561887544122
5626	5626	0.0013005621079519546
5627	5627	0.0018902237408449142
5628	5628	0.0006502810537333604
5629	5629	0.0006833461926362101
5630	5630	0.0018406260334287174
5631	5631	0.016885263970484447
5632	5632	0.0018957345972875777
5633	5633	6.613027744269144e-05
5634	5634	0.0023366031085388975
5635	5635	0.003179764135633043
5636	5636	0.0002204342562337864
5637	5637	5.510856724173387e-06
5638	5638	0.0012399426878150158
5639	5639	0.01070208310469216
5640	5640	0.0001873691173373103
5641	5641	0.000126749697173711
5642	5642	0.00011572798471749069
5643	5643	0.003179764135443129
5644	5644	3.857599545536313e-05
5645	5645	0.007830926926964096
5646	5646	0.0005731290650429232
5647	5647	0.00020390168725824262
5648	5648	0.0007384547567785373
5649	5649	0.00014328226649878336
5650	5650	1.6532569215319004e-05
5651	5651	0.001989419156382649
5652	5652	0.0006006833467019184
5653	5653	0.005576986663807826
5654	5654	0.000562107352295053
5655	5655	0.027146478563217166
5656	5656	0.016885263970199696
5657	5657	0.033522539402806806
5658	5658	0.00191226716709222
5659	5659	0.004833021052225783
5660	5660	0.0036977846362214535
5661	5661	0.0005565964955824515
5662	5662	0.008707153092236693
5663	5663	0.01702303538021197
5664	5664	0.0023476248216576933
5665	5665	0.009098423896021448
5666	5666	0.00022594511190023676
5667	5667	0.003185274992197501
5668	5668	0.016615232007726615
5669	5669	0.006431169404226923
5670	5670	0.0005345530696740351
5671	5671	0.0011903449804234884
5672	5672	0.005681692935192327
5673	5673	0.016615232007261786
5674	5674	0.005576986664245442
5675	5675	0.0006833461927246124
5676	5676	0.001895734597258937
5677	5677	7.715198952635465e-05
5678	5678	0.00035820566542806996
5679	5679	0.0002149234000075953
5680	5680	0.00029758624492456367
5681	5681	3.857599492163227e-05
5682	5682	0.0010856387082867518
5683	5683	0.003796980050947684
5684	5684	0.0002920753888088552
5685	5685	0.017023035380280622
5686	5686	0.0015540615013276598
5687	5687	0.0005565964958475103
5688	5688	0.0004959770748716826
5689	5689	0.014454976304007496
5690	5690	0.0020169734385483886
5691	5691	3.306513896415579e-05
5692	5692	0.0009699107244709433
5693	5693	0.000374738234908074
5694	5694	0.0006337484850594138
5695	5695	0.008707153092236181
5696	5696	0.0008321393151627288
5697	5697	0.005576986664391516
5698	5698	2.755428256279406e-05
5699	5699	0.0007660090380703441
5700	5700	0.009098423895088335
5701	5701	0.002992395019110953
5702	5702	0.0004684227937551068
5703	5703	0.01661523200730047
5704	5704	0.010806789375647623
5705	5705	0.003185274992332695
5706	5706	0.00870715309171353
5707	5707	0.001890223741704711
5708	5708	2.2043426502703064e-05
5709	5709	0.00401741430653717
5710	5710	0.0025845916455653336
5711	5711	1.102171340855388e-05
5712	5712	0.0002424776815754824
5713	5713	0.0008431610272575518
5714	5714	0.002992395018699165
5715	5715	0.03352253940344454
5716	5716	0.016163341783446847
5717	5717	0.0033175355457124543
5718	5718	0.016615232007683726
5719	5719	0.0026837870608072785
5720	5720	0.010702083104490903
5721	5721	0.010889452221806655
5722	5722	0.0008266284582860666
5723	5723	0.03352253940322729
5724	5724	0.0020169734381300765
5725	5725	0.01616334178381368
5726	5726	0.0026176567846943302
5727	5727	6.0619420746100846e-05
5728	5728	0.00016532569166678553
5729	5729	0.008707153091777742
5730	5730	0.0006943679048274944
5731	5731	0.010806789375305735
5732	5732	0.005637606084108571
5733	5733	0.0019122671663715798
5734	5734	0.006431169404695818
5735	5735	0.0007770307511398104
5736	5736	0.000661302766941436
5737	5737	0.0043260222644836335
5738	5738	0.00018185826100904903
5739	5739	0.010889452221680003
5740	5740	0.00034167309641463774
5741	5741	0.013782651824708688
5742	5742	1.102171341028566e-05
5743	5743	0.007169624159825526
5744	5744	0.00011572798436057681
5745	5745	0.0020335060076339347
5746	5746	0.002347624821328469
5747	5747	6.0619421233197476e-05
5748	5748	0.002744406481346906
5749	5749	0.010889452221830557
5750	5750	0.0008652044532788691
5751	5751	0.0004243359418795784
5752	5752	0.0008376501712261741
5753	5753	0.011677504684253928
5754	5754	0.0108067893760544
5755	5755	0.0005951724907895859
5756	5756	0.0003306513842088676
5757	5757	0.0019398214485932693
5758	5758	0.01070208310378582
5759	5759	0.0012123884061055578
5760	5760	0.002584591645706211
5761	5761	0.0036977846358268616
5762	5762	2.204342637108548e-05
5763	5763	0.03352253940307868
5764	5764	1.1021713261106783e-05
5765	5765	0.003185274992176378
5766	5766	0.03352253940361055
5767	5767	0.00029207538880920286
5768	5768	0.013782651824707287
5769	5769	0.016885263970792676
5770	5770	0.0013005621077718484
5771	5771	0.0018406260333762646
5772	5772	0.00019287997378893677
5773	5773	0.0017248980499593393
5774	5774	0.0004133142292764225
5775	5775	0.027146478563172975
5776	5776	0.00021492339977664034
5777	5777	7.715199029990701e-05
5778	5778	2.2043425583965542e-05
5779	5779	0.000319629670853065
5780	5780	0.0005731290645342141
5781	5781	0.0055769866641769686
5782	5782	0.0006613027670183689
5783	5783	0.001339138102143484
5784	5784	2.755428204572883e-05
5785	5785	0.0017414306185025042
5786	5786	5.51085645896362e-05
5787	5787	0.02714647856309204
5788	5788	0.0003471839530194196
5789	5789	0.003697784635824468
5790	5790	0.00046291193689678865
5791	5791	0.000611705059104893
5792	5792	0.0016532569162560557
5793	5793	0.014454976303662107
5794	5794	0.011677504684529338
5795	5795	0.013782651824683828
5796	5796	0.00018736911740600292
5797	5797	0.0006998787617374308
5798	5798	0.00018185826149916406
5799	5799	0.0006006833462343053
5800	5800	0.0002920753891671111
5801	5801	0.016885263970716286
5802	5802	9.368455883486039e-05
5803	5803	0.016615232007136008
5804	5804	0.013782651824275505
5805	5805	0.00017634740521032394
5806	5806	0.007169624160264507
5807	5807	0.00015981483606117224
5808	5808	0.010702083103847591
5809	5809	0.00014328226692143277
5810	5810	0.0005069987882718183
5811	5811	0.007830926926270843
5812	5812	0.033522539403489475
5813	5813	0.0004022925170942975
5814	5814	0.0046236085093431575
5815	5815	0.0005235313571428444
5816	5816	0.0003141188146033472
5817	5817	0.03352253940274686
5818	5818	0.007169624159779858
5819	5819	6.061942064919331e-05
5820	5820	0.00083765017133909
5821	5821	0.0019949300129763633
5822	5822	0.0002534993944928672
5823	5823	0.00035269480903433407
5824	5824	0.003863110328283028
5825	5825	0.009098423895900896
5826	5826	8.266284599142331e-05
5827	5827	2.7554282345049133e-05
5828	5828	0.006431169404532337
5829	5829	0.0018406260336813226
5830	5830	0.00483302105159943
5831	5831	0.0009478672987214909
5832	5832	0.0004629119371338486
5833	5833	0.014454976303395772
5834	5834	0.013782651824950077
5835	5835	0.0008431610272492499
5836	5836	0.005681692935324915
5837	5837	0.0015154855068774198
5838	5838	0.016615232007585648
5839	5839	0.003378154965390384
5840	5840	0.017023035380010675
5841	5841	0.0006006833464048614
5842	5842	0.0003141188142590853
5843	5843	0.00035820566557536154
5844	5844	0.010889452220920467
5845	5845	0.01378265182470511
5846	5846	0.0001928799737313271
5847	5847	0.007169624160385414
5848	5848	0.002083103714777383
5849	5849	0.002424776810700563
5850	5850	0.0001212388412364699
5851	5851	0.027146478563432563
5852	5852	0.00021492339954263552
5853	5853	0.0010305301445856533
5854	5854	0.0008982695913266437
5855	5855	0.016163341783821165
5856	5856	0.004833021052221854
5857	5857	0.00018736911785156366
5858	5858	0.00020390168661538113
5859	5859	0.0005951724898628907
5860	5860	0.0008486718837916456
5861	5861	2.7554282286634197e-05
5862	5862	0.0011572798417279339
5863	5863	3.8575995157673764e-05
5864	5864	8.817370303584949e-05
5865	5865	2.204342563108601e-05
5866	5866	1.1021713731608712e-05
5867	5867	0.0044362393923819046
5868	5868	3.3065139103477065e-05
5869	5869	0.033522539403200304
5870	5870	0.00022043425636216198
5871	5871	0.0009368455866512644
5872	5872	0.004833021051594408
5873	5873	0.00909842389582003
5874	5874	0.0023200705390718362
5875	5875	0.006431169403943694
5876	5876	5.510856400235754e-05
5877	5877	0.0006833461924408816
5878	5878	0.0018902237411502303
5879	5879	0.008707153091646356
5880	5880	0.00017634740479982955
5881	5881	0.0005621073520541503
5882	5882	3.8575995568871763e-05
5883	5883	0.00010470627191690922
5884	5884	0.0002920753892797872
5885	5885	2.2043426370291607e-05
5886	5886	0.0001708365487940023
5887	5887	0.00022594511214526385
5888	5888	0.00035820566575144925
5889	5889	0.0015540615013608832
5890	5890	0.0033781549660775456
5891	5891	0.0005951724906654435
5892	5892	1.1021713209052682e-05
5893	5893	3.857599545624125e-05
5894	5894	9.91954154759551e-05
5895	5895	0.010702083103885313
5896	5896	0.000159814835885504
5897	5897	0.0009092913047494461
5898	5898	0.009098423895246717
5899	5899	2.7554282903899086e-05
5900	5900	0.00012123884121645573
5901	5901	0.027146478563527445
5902	5902	3.857599516450509e-05
5903	5903	0.0005014879312938454
5904	5904	0.016885263970021092
5905	5905	0.005576986663970445
5906	5906	0.001366692384295301
5907	5907	7.715198948371849e-05
5908	5908	0.033522539402903714
5909	5909	0.01957456188760903
5910	5910	0.0004959770751233307
5911	5911	0.03352253940281673
5912	5912	0.0002479885375549864
5913	5913	0.01957456188703558
5914	5914	0.0002645211067827839
5915	5915	2.2043426119641182e-05
5916	5916	6.061942052881401e-05
5917	5917	0.0017414306188737016
5918	5918	0.00019839083039847202
5919	5919	0.0006778353365507621
5920	5920	0.016615232007366202
5921	5921	0.000716411331280764
5922	5922	0.0056376060843554
5923	5923	0.01957456188764801
5924	5924	0.00300892758770981
5925	5925	0.0015265072200631228
5926	5926	0.0027333847684989903
5927	5927	0.0005455747827922444
5928	5928	0.027146478563257213
5929	5929	0.01070208310437605
5930	5930	0.010702083104188988
5931	5931	0.016163341784113168
5932	5932	0.003323046401522404
5933	5933	0.00020941254329543066
5934	5934	0.002424776810491335
5935	5935	0.00783092692675349
5936	5936	9.368455861736545e-05
5937	5937	0.027146478562894115
5938	5938	0.001873691171926985
5939	5939	0.016615232007716807
5940	5940	0.01702303538008775
5941	5941	0.00036371652223448643
5942	5942	0.0019949300129377396
5943	5943	2.2043425903880515e-05
5944	5944	0.000347183952454221
5945	5945	0.0005014879317673138
5946	5946	0.0017744957567780118
5947	5947	0.001989419156032552
5948	5948	0.010702083103836205
5949	5949	0.0006833461923726389
5950	5950	0.027146478563675587
5951	5951	0.00253499393831568
5952	5952	0.0006006833466027982
5953	5953	0.00022043425621948853
5954	5954	0.0026176567841766124
5955	5955	0.0018957345977493665
5956	5956	2.7554282417737783e-05
5957	5957	0.017023035380656262
5958	5958	0.010806789375221304
5959	5959	0.006706712223838078
5960	5960	0.00025349939402312464
5961	5961	0.00025901025036775415
5962	5962	0.007219221867903719
5963	5963	0.0027829824761275664
5964	5964	0.0011903449796099187
5965	5965	1.1021713716382305e-05
5966	5966	0.001702854624603026
5967	5967	0.006706712223664397
5968	5968	0.002424776810645659
5969	5969	0.004507880524857876
5970	5970	0.0005290422133295201
5971	5971	0.0005896616343323953
5972	5972	0.0006943679057206686
5973	5973	0.004777912488429254
5974	5974	0.027146478563714042
5975	5975	0.006706712223501373
5976	5976	0.00011572798489928887
5977	5977	0.0012289209748368574
5978	5978	0.00039678166062436307
5979	5979	0.0018902237416824573
5980	5980	7.715198981186705e-05
5981	5981	0.005576986663904929
5982	5982	0.00010470627213105708
5983	5983	0.0008707153101365277
5984	5984	0.011677504685021375
5985	5985	0.00040229251680546876
5986	5986	0.0025074396568341485
5987	5987	0.0003526948087996469
5988	5988	0.0005400639264619368
5989	5989	0.033522539403054906
5990	5990	0.0014548660866129009
5991	5991	0.0006613027665543065
5992	5992	0.003411220104436761
5993	5993	0.001355670671965513
5994	5994	0.00039127080445527636
5995	5995	0.0011903449801677244
5996	5996	0.02714647856293266
5997	5997	0.0018957345971806893
5998	5998	0.0037969800507320537
5999	5999	0.00012674969784907966
6000	6000	0.0033175355458143177
6001	6001	9.368455957454891e-05
6002	6002	0.0014438443742015386
6003	6003	0.027146478563634925
6004	6004	0.010889452221163687
6005	6005	0.0015540615019701428
6006	6006	5.510857046961623e-06
6007	6007	0.002992395019158006
6008	6008	0.004777912487879186
6009	6009	0.00022594511218617782
6010	6010	0.0006943679048083179
6011	6011	0.0017193871931379607
6012	6012	0.0004078033733786829
6013	6013	0.0027444064812538658
6014	6014	0.03352253940293093
6015	6015	0.00035820566534969375
6016	6016	0.006706712223275617
6017	6017	0.002507439656583793
6018	6018	0.0015540615012779476
6019	6019	0.00013226055364821523
6020	6020	0.0001267496973238657
6021	6021	0.00025901025091643954
6022	6022	0.00909842389598003
6023	6023	0.0271464785636802
6024	6024	0.033522539403354285
6025	6025	0.0038631103282932688
6026	6026	1.1021712867930013e-05
6027	6027	0.010806789376018842
6028	6028	0.0023366031090908787
6029	6029	0.00013226055399635886
6030	6030	0.0030089275875752474
6031	6031	0.002016973438387549
6032	6032	0.0033230464019847064
6033	6033	0.016163341783924184
6034	6034	0.01688526397092534
6035	6035	0.0003637165219493572
6036	6036	0.013782651824837986
6037	6037	0.033522539403295214
6038	6038	0.0015265072196909112
6039	6039	0.0008211176017224705
6040	6040	0.0014548660863646617
6041	6041	0.004436239392439363
6042	6042	0.0012950512517999413
6043	6043	0.010702083104652954
6044	6044	0.00133913810282569
6045	6045	3.306513908863868e-05
6046	6046	0.00015430397908095103
6047	6047	0.004507880524680619
6048	6048	0.00643116940398981
6049	6049	0.0009974650067417403
6050	6050	0.0023200705391520893
6051	6051	0.0024247768110077952
6052	6052	0.002347624820927538
6053	6053	0.006706712223689349
6054	6054	9.919541584077791e-05
6055	6055	0.00014328226683361437
6056	6056	0.0002645211068863444
6057	6057	5.510856399095076e-05
6058	6058	0.0014273118049836688
6059	6059	0.00033616224006360244
6060	6060	1.653256986428322e-05
6061	6061	0.00234762482137228
6062	6062	0.0018571586033612037
6063	6063	0.0116775046848364
6064	6064	2.2043426430709614e-05
6065	6065	0.0018406260337680402
6066	6066	0.00046291193745968327
6067	6067	0.00020941254342503817
6068	6068	2.204342605043537e-05
6069	6069	0.0042764245564767284
6070	6070	0.00045740108052455753
6071	6071	0.008707153091641056
6072	6072	0.001873691172238754
6073	6073	0.0002590102507042278
6074	6074	8.817370298727237e-05
6075	6075	0.0006282376290161425
6076	6076	0.0003196296713032577
6077	6077	0.014454976303337669
6078	6078	0.0033781549658025408
6079	6079	0.0004904662188601585
6080	6080	0.0007164113312683722
6081	6081	0.0015816157838328146
6082	6082	0.027146478563387203
6083	6083	0.00036371652218929683
6084	6084	0.027146478563482433
6085	6085	0.0033230464018476867
6086	6086	0.03352253940268569
6087	6087	0.00028656453255251576
6088	6088	5.5108563996019695e-05
6089	6089	9.368455925794958e-05
6090	6090	0.027146478563551377
6091	6091	0.0007219221869147533
6092	6092	0.00042433594258577394
6093	6093	0.033522539403295054
6094	6094	0.0017744957570441527
6095	6095	0.0018571586030800293
6096	6096	0.016885263970471066
6097	6097	0.013782651824570832
6098	6098	2.204342634402764e-05
6099	6099	0.016615232007733315
6100	6100	0.007169624160126323
6101	6101	0.00011572798485237615
6102	6102	0.007830926926309503
6103	6103	0.0031852749924295193
6104	6104	0.0004794445059624908
6105	6105	0.003378154965937102
6106	6106	0.0006282376282742602
6107	6107	0.0018626694589652408
6108	6108	0.0011352364165648123
6109	6109	0.0003747382353141589
6110	6110	0.0031797641360569763
6111	6111	4.959770847468824e-05
6112	6112	0.0016422352035150498
6113	6113	0.006706712223307014
6114	6114	0.0011683015545565605
6115	6115	0.0006888570491472201
6116	6116	0.011677504684342026
6117	6117	0.00017083654883054606
6118	6118	0.005681692935733468
6119	6119	0.03352253940285539
6120	6120	1.6532570136914835e-05
6121	6121	0.03352253940337922
6122	6122	0.0007053896177432907
6123	6123	0.013782651824711518
6124	6124	0.002865645321788165
6125	6125	0.0011848341240877727
6126	6126	6.0619420899854226e-05
6127	6127	0.01378265182485569
6128	6128	0.00013777141030667453
6129	6129	0.02714647856370131
6130	6130	0.00020941254366079747
6131	6131	0.0006998787614413754
6132	6132	0.00034718395246412107
6133	6133	0.001366692384393974
6134	6134	0.007219221867426975
6135	6135	0.0044362393920473996
6136	6136	0.006706712223190529
6137	6137	0.011677504684295858
6138	6138	0.010889452221003008
6139	6139	5.5108564012139035e-06
6140	6140	0.0020169734385319833
6141	6141	3.306513907935073e-05
6142	6142	9.368455943086384e-05
6143	6143	0.0006447701973242239
6144	6144	0.0016532569161856981
6145	6145	0.0012619861135197109
6146	6146	0.033522539403604106
6147	6147	5.510856673802406e-06
6148	6148	0.00031962967099384294
6149	6149	0.000848671883628072
6150	6150	0.00023145596905401055
6151	6151	0.00427642455672969
6152	6152	8.817370224854299e-05
6153	6153	0.007169624159920665
6154	6154	4.959770763038085e-05
6155	6155	0.0006502810543450675
6156	6156	0.011677504684928204
6157	6157	4.959770771553056e-05
6158	6158	0.00010470627192983158
6159	6159	0.004777912488377397
6160	6160	0.0007219221868364695
6161	6161	0.004276424556401735
6162	6162	0.002744406481497043
6163	6163	0.00012123884128325512
6164	6164	0.007830926926920815
6165	6165	0.0036977846361397723
6166	6166	0.0011793232671555686
6167	6167	8.817370311617152e-05
6168	6168	0.027146478563446163
6169	6169	0.016163341783455194
6170	6170	0.00018185826130827959
6171	6171	0.011677504685103984
6172	6172	3.306513886567092e-05
6173	6173	0.0037969800516317754
6174	6174	0.00313567728510469
6175	6175	0.005576986664389845
6176	6176	0.00870715309176681
6177	6177	0.004326022263868849
6178	6178	0.004507880524917382
6179	6179	0.0018736911718812087
6180	6180	6.061942099599054e-05
6181	6181	0.0046236085097031586
6182	6182	0.027146478562969117
6183	6183	0.016163341783766706
6184	6184	0.0011793232669722493
6185	6185	0.00030309710216390543
6186	6186	0.00025901025091105897
6187	6187	0.0017193871931825914
6188	6188	3.857599547675015e-05
6189	6189	0.00041331422940493767
6190	6190	0.027146478562887686
6191	6191	0.0004959770752684004
6192	6192	0.0015540615013905617
6193	6193	0.004276424557043159
6194	6194	0.00017634740534824096
6195	6195	2.2043425599738092e-05
6196	6196	0.0004959770753304197
6197	6197	0.004017414307011564
6198	6198	0.016615232007080934
6199	6199	0.007588449245697396
6200	6200	0.033522539402803336
6201	6201	0.016615232007684656
6202	6202	0.03352253940295366
6203	6203	0.007588449245724262
6204	6204	0.0011352364159171369
6205	6205	0.00040229251704211594
6206	6206	0.03352253940315513
6207	6207	0.01957456188724288
6208	6208	1.6532570142165515e-05
6209	6209	0.0011352364164333186
6210	6210	0.01957456188776109
6211	6211	0.00017083654817755476
6212	6212	0.0019122671665104262
6213	6213	0.03352253940323321
6214	6214	0.0004574010809967184
6215	6215	0.0026176567838944067
6216	6216	0.0006998787621200392
6217	6217	0.03352253940320288
6218	6218	0.0006172159159974111
6219	6219	0.033522539403303166
6220	6220	8.817370226679044e-05
6221	6221	6.61302766895493e-05
6222	6222	0.0018626694594812221
6223	6223	0.033522539403048314
6224	6224	0.0038631103275023706
6225	6225	0.006706712223103528
6226	6226	0.0001322605540676971
6227	6227	0.0018902237412431009
6228	6228	0.0001543039790671618
6229	6229	0.001300562107788107
6230	6230	0.0023366031087361035
6231	6231	0.0031356772851189032
6232	6232	0.004833021051639822
6233	6233	0.001895734597540726
6234	6234	0.00014328226637963
6235	6235	0.001311583820406528
6236	6236	0.010889452220901617
6237	6237	0.0025294830825750955
6238	6238	0.01688526397079084
6239	6239	0.000512509644937223
6240	6240	0.016163341783588768
6241	6241	0.017023035379730912
6242	6242	0.00019839083014904738
6243	6243	0.010806789375735135
6244	6244	0.009098423895281047
6245	6245	0.0009148021607427398
6246	6246	0.027146478562939003
6247	6247	4.9597707716709495e-05
6248	6248	6.613027752268436e-05
6249	6249	0.010889452221165585
6250	6250	0.01080678937514623
6251	6251	1.102171370987193e-05
6252	6252	3.306513878327601e-05
6253	6253	7.16411337682347e-05
6254	6254	0.0006282376284901133
6255	6255	4.408685187791853e-05
6256	6256	0.027146478563254594
6257	6257	0.0013115838207343041
6258	6258	0.0003141188142369815
6259	6259	0.000909291304605288
6260	6260	0.010806789375153704
6261	6261	0.01957456188728368
6262	6262	0.008707153091664109
6263	6263	0.0005510856392532831
6264	6264	0.0018736911724347204
6265	6265	0.0004243359421557441
6266	6266	0.033522539403070685
6267	6267	0.009098423895357872
6268	6268	0.0012454535441147373
6269	6269	0.00035820566612526015
6270	6270	0.0004078033735075877
6271	6271	5.510857348257995e-06
6272	6272	0.0005345530697711799
6273	6273	0.007830926926231243
6274	6274	0.0014438443743826541
6275	6275	6.061942090807971e-05
6276	6276	0.005637606084431654
6277	6277	0.03352253940286741
6278	6278	0.0002590102504574415
6279	6279	0.006431169404160902
6280	6280	0.009098423895875358
6281	6281	0.0002534993942434618
6282	6282	0.004507880524998873
6283	6283	0.0271464785633347
6284	6284	0.0006668136229723088
6285	6285	0.01957456188714985
6286	6286	0.0005069987881625496
6287	6287	0.014454976303367898
6288	6288	0.03352253940361092
6289	6289	0.005681692935996444
6290	6290	0.010806789375121056
6291	6291	0.016615232007868703
6292	6292	0.0009148021607391217
6293	6293	0.0001708365489149635
6294	6294	0.0013115838208362343
6295	6295	0.0012123884056870547
6296	6296	3.306513847063028e-05
6297	6297	0.0008156067456018478
6298	6298	0.0017193871932134532
6299	6299	0.0029923950190920198
6300	6300	0.00019839083002196672
6301	6301	0.0012123884051712733
6302	6302	0.016163341783899016
6303	6303	0.010702083104176302
6304	6304	0.033522539402653394
6305	6305	0.004833021052188513
6306	6306	0.007830926926402642
6307	6307	0.00014879312331357727
6308	6308	0.0031797641357016134
6309	6309	3.306513876679525e-05
6310	6310	0.01661523200755147
6311	6311	0.0011793232668684045
6312	6312	5.510856448081129e-05
6313	6313	0.0015540615014009997
6314	6314	0.00017083654821341518
6315	6315	0.008707153092361598
6316	6316	7.715198958956243e-05
6317	6317	0.00055659649515065
6318	6318	0.003179764135875686
6319	6319	0.016615232007653732
6320	6320	0.016885263970319087
6321	6321	0.033522539402796966
6322	6322	0.0001102171283476258
6323	6323	0.016885263970240344
6324	6324	2.755428232396831e-05
6325	6325	3.306513905233565e-05
6326	6326	9.368455953172575e-05
6327	6327	0.0017193871935775194
6328	6328	0.00031962967077726754
6329	6329	0.013782651824272931
6330	6330	0.0011793232677329809
6331	6331	0.013782651824157947
6332	6332	5.510856431940775e-06
6333	6333	0.007169624160115787
6334	6334	0.0018351151775139905
6335	6335	0.0005345530703354367
6336	6336	0.001454866086729829
6337	6337	0.0013005621079580387
6338	6338	0.00010470627135686986
6339	6339	0.0007935633200213722
6340	6340	0.00045740108018781875
6341	6341	0.003411220104231859
6342	6342	0.0004078033729162289
6343	6343	0.00014879312250079335
6344	6344	1.1021713461617524e-05
6345	6345	0.0010139975752582252
6346	6346	6.061942042075533e-05
6347	6347	0.006706712223903825
6348	6348	0.03352253940280512
6349	6349	0.016885263970592698
6350	6350	0.010702083104108284
6351	6351	0.0013666923844164118
6352	6352	0.0005676182086912415
6353	6353	0.0011903449804043281
6354	6354	0.00014879312291681375
6355	6355	0.0012619861129207805
6356	6356	0.0008652044536333515
6357	6357	0.005637606084091493
6358	6358	0.0003582056652795668
6359	6359	0.0020169734384123204
6360	6360	0.00017634740522653328
6361	6361	0.00031962967059702267
6362	6362	0.013782651824978334
6363	6363	0.0009974650062582425
6364	6364	0.0017248980494062403
6365	6365	0.005576986664302803
6366	6366	0.002347624821520536
6367	6367	0.0056376060841312635
6368	6368	0.016163341784258944
6369	6369	0.0002149233995018443
6370	6370	0.005576986664706599
6371	6371	5.510856799116024e-06
6372	6372	0.017023035380565547
6373	6373	0.0015816157840745674
6374	6374	0.00034718395242834874
6375	6375	0.016163341784225658
6376	6376	0.00150997465046378
6377	6377	0.0008927587348544828
6378	6378	0.0006447701979889267
6379	6379	0.0004298467984194049
6380	6380	0.00015430397965342132
6381	6381	0.00020941254363332048
6382	6382	8.266284604034994e-05
6383	6383	0.014454976304004585
6384	6384	0.00025901025086326365
6385	6385	0.0008486718844133558
6386	6386	4.408685202813898e-05
6387	6387	0.003411220103704902
6388	6388	0.013782651824784473
6389	6389	0.0005069987877314656
6390	6390	9.919541584378664e-05
6391	6391	0.00038024909135285593
6392	6392	0.0016422352036437936
6393	6393	0.005681692935197962
6394	6394	3.3065138843111544e-05
6395	6395	0.004833021052368206
6396	6396	0.016615232007739622
6397	6397	0.003411220103712711
6398	6398	0.006706712223379486
6399	6399	0.0020335060077063005
6400	6400	0.014454976304104677
6401	6401	0.0019398214488494795
6402	6402	8.266284635152069e-05
6403	6403	0.019574561886991235
6404	6404	0.000203901687009481
6405	6405	0.0031356772849849787
6406	6406	0.0038631103273789958
6407	6407	0.005576986664340716
6408	6408	0.0056376060840597824
6409	6409	0.011677504684293067
6410	6410	4.959770763977583e-05
6411	6411	0.0005455747831096252
6412	6412	0.0020169734382078346
6413	6413	0.03352253940279155
6414	6414	0.008707153091711002
6415	6415	0.016615232008003383
6416	6416	0.003378154965466244
6417	6417	0.03352253940327702
6418	6418	2.7554281970373378e-05
6419	6419	0.0013281163901109041
6420	6420	0.0005014879320209569
6421	6421	0.0022263859812887998
6422	6422	0.013782651824507204
6423	6423	7.715198970596397e-05
6424	6424	2.755428274103719e-05
6425	6425	0.00017083654816501344
6426	6426	0.014454976303657635
6427	6427	0.003863110327484422
6428	6428	0.0005676182087217931
6429	6429	0.01957456188785884
6430	6430	0.0012674969690829904
6431	6431	0.011677504684894627
6432	6432	0.00010470627142655235
6433	6433	0.0002424776814259154
6434	6434	0.027146478563143832
6435	6435	0.0009478672990363352
6436	6436	0.03352253940328109
6437	6437	0.0006006833467725335
6438	6438	0.0003637165216262917
6439	6439	0.00012123884057512652
6440	6440	0.0020169734385665646
6441	6441	0.0009754215813625669
6442	6442	0.0018626694594723037
6443	6443	0.016615232007693118
6444	6444	0.0019949300127494792
6445	6445	0.004326022264384599
6446	6446	0.0001377714102994985
6447	6447	0.006706712223200736
6448	6448	0.001653256917037382
6449	6449	0.00016532569245302804
6450	6450	0.0038631103273515824
6451	6451	2.7554282376023823e-05
6452	6452	0.00187369117190503
6453	6453	0.002320070539803693
6454	6454	0.0004739336500388586
6455	6455	0.00022594511281814802
6456	6456	0.027146478562853894
6457	6457	0.00019287997385346867
6458	6458	0.008707153091949141
6459	6459	0.013782651824202397
6460	6460	0.03352253940306883
6461	6461	0.033522539402734
6462	6462	0.0014438443740240245
6463	6463	0.009098423895983714
6464	6464	0.01957456188776532
6465	6465	0.0030089275877067975
6466	6466	0.0001487931225504404
6467	6467	0.0006778353357462705
6468	6468	0.016163341784069366
6469	6469	0.003863110327934575
6470	6470	7.715198975748938e-05
6471	6471	0.0018571586030617202
6472	6472	0.0015265072192578908
6473	6473	0.0016532569165590145
6474	6474	0.010889452221471242
6475	6475	0.001245453543899907
6476	6476	0.0010856387086133612
6477	6477	2.7554282487745317e-05
6478	6478	0.0018957345973316935
6479	6479	0.00036922737890496645
6480	6480	0.017023035380669356
6481	6481	8.266284660875446e-05
6482	6482	0.0008652044529591242
6483	6483	0.0015816157833003178
6484	6484	0.002534993938566384
6485	6485	0.0002865645322881066
6486	6486	0.0044362393922561865
6487	6487	0.00909842389562816
6488	6488	0.010702083104150587
6489	6489	0.0004739336496748876
6490	6490	0.013782651824134092
6491	6491	0.013782651824542535
6492	6492	0.004326022264832853
6493	6493	0.0005621073515633772
6494	6494	0.003411220104270427
6495	6495	0.004507880525251797
6496	6496	0.00046842279369206966
6497	6497	0.01957456188724659
6498	6498	4.408685149997228e-05
6499	6499	0.00027003196303934895
6500	6500	0.0007384547561025907
6501	6501	0.0014548660867155553
6502	6502	0.0014273118049164999
6503	6503	0.0018736911721716517
6504	6504	0.00018185826111896428
6505	6505	0.0024247768109709644
6506	6506	0.0027333847683111245
6507	6507	0.008707153092183914
6508	6508	0.0056816929356796235
6509	6509	0.0026837870608666953
6510	6510	1.1021713511770294e-05
6511	6511	0.007219221867903397
6512	6512	9.919541529731192e-05
6513	6513	0.0016422352040473547
6514	6514	7.164113321670975e-05
6515	6515	0.000865204453098039
6516	6516	0.004276424557080969
6517	6517	0.0012454535438011609
6518	6518	0.011677504684526727
6519	6519	0.007588449245844834
6520	6520	0.0006337484849826635
6521	6521	7.164113386452756e-05
6522	6522	0.014454976304112112
6523	6523	0.0012234101185790677
6524	6524	0.0036426760721003145
6525	6525	3.857599528429138e-05
6526	6526	0.006431169403926407
6527	6527	0.0003526948088859649
6528	6528	0.00265623277864606
6529	6529	0.0003967816606571506
6530	6530	0.007169624160184286
6531	6531	0.0020831037152493634
6532	6532	0.0008927587354805335
6533	6533	0.004017414306948924
6534	6534	3.306513861836756e-05
6535	6535	0.002016973438235985
6536	6536	0.016615232007457986
6537	6537	0.0025349939386259167
6538	6538	0.0005786399213320451
6539	6539	0.004777912487985191
6540	6540	0.0017248980498225834
6541	6541	0.0001322605533062775
6542	6542	0.0024247768111762083
6543	6543	0.0006337484852870226
6544	6544	0.008707153092056767
6545	6545	0.00037473823485054076
6546	6546	0.009098423895546904
6547	6547	0.01445497630348449
6548	6548	0.03352253940356531
6549	6549	0.00022043425564597779
6550	6550	0.000870715309733283
6551	6551	0.01616334178378656
6552	6552	0.0006006833470122812
6553	6553	2.7554282722277082e-05
6554	6554	0.010702083104496062
6555	6555	0.001515485506947347
6556	6556	0.00047944450667065144
6557	6557	0.027146478563149064
6558	6558	0.00029758624587512166
6559	6559	0.0038631103279968804
6560	6560	8.266284601196471e-05
6561	6561	0.0009092913043498248
6562	6562	2.2043426109948587e-05
6563	6563	0.0005400639265903338
6564	6564	0.002066571145712498
6565	6565	0.0006282376284991762
6566	6566	0.0011572798414466968
6567	6567	6.613027682008204e-05
6568	6568	0.0006613027671674359
6569	6569	0.011677504685061681
6570	6570	4.9597708465642176e-05
6571	6571	0.001741430619011635
6572	6572	0.0056376060845908455
6573	6573	0.0017138763370374028
6574	6574	0.0017028546242181695
6575	6575	0.003796980051371846
6576	6576	0.00016532569182636548
6577	6577	0.019574561887853795
6578	6578	0.0012123884055260318
6579	6579	0.004276424556927201
6580	6580	0.0005510856388044323
6581	6581	0.002016973438346922
6582	6582	0.0002975862453910545
6583	6583	4.9597708002396646e-05
6584	6584	0.0017248980496032853
6585	6585	0.0002314559687227362
6586	6586	0.00450788052546794
6587	6587	0.013782651824989004
6588	6588	0.00012674969786025608
6589	6589	0.002320070539244027
6590	6590	0.016885263970453847
6591	6591	7.715198948906307e-05
6592	6592	0.0045078805253434455
6593	6593	0.03352253940333928
6594	6594	0.00017634740480633175
6595	6595	5.510857200457691e-06
6596	6596	0.016163341783408836
6597	6597	0.0011793232675970792
6598	6598	0.00017083654839694892
6599	6599	0.003697784635922526
6600	6600	0.017023035379935745
6601	6601	0.03352253940319139
6602	6602	0.03352253940357621
6603	6603	7.715198975074388e-05
6604	6604	0.017023035380268794
6605	6605	0.00012123884060830121
6606	6606	1.6532569971346267e-05
6607	6607	0.007169624159835533
6608	6608	0.00040229251685164075
6609	6609	0.0014438443737275427
6610	6610	0.00030309710214223163
6611	6611	0.006431169404267689
6612	6612	0.000292075388771645
6613	6613	0.007588449245096456
6614	6614	0.002992395018272591
6615	6615	0.00028656453214800004
6616	6616	0.004436239392317427
6617	6617	0.0005731290645696775
6618	6618	0.000688857048830812
6619	6619	0.03352253940338746
6620	6620	0.01616334178424089
6621	6621	0.004326022264281611
6622	6622	0.014454976303845388
6623	6623	0.0016422352043262802
6624	6624	0.0025349939389976584
6625	6625	0.006431169404686277
6626	6626	0.0170230353801406
6627	6627	5.510857357378304e-06
6628	6628	1.6532569943492853e-05
6629	6629	0.0006502810537368591
6630	6630	0.01616334178360796
6631	6631	0.007219221868028363
6632	6632	0.0335225394035014
6633	6633	0.0005951724906442965
6634	6634	0.00045740108080206113
6635	6635	0.0009974650068968033
6636	6636	0.007169624160504291
6637	6637	0.004430728536145149
6638	6638	0.001328116389500146
6639	6639	0.0017414306188603202
6640	6640	0.02714647856347302
6641	6641	0.0033781549660734916
6642	6642	1.1021713167191345e-05
6643	6643	0.0003637165224239224
6644	6644	0.0008431610273818709
6645	6645	0.0029923950185694976
6646	6646	0.000666813622863368
6647	6647	0.0034112201040579397
6648	6648	0.004276424557353937
6649	6649	0.0018957345972746046
6650	6650	6.0619421148284544e-05
6651	6651	0.0006613027672905873
6652	6652	7.164113350435147e-05
6653	6653	0.002226385980628377
6654	6654	0.0025845916463911453
6655	6655	0.0025349939386467442
6656	6656	0.0004959770748653895
6657	6657	0.00020941254280790135
6658	6658	0.0006337484847871644
6659	6659	0.00014328226659092203
6660	6660	0.00015981483577731025
6661	6661	5.5108565091866e-06
6662	6662	0.0012289209751984163
6663	6663	0.0004188250858952716
6664	6664	0.003135677285102195
6665	6665	0.03352253940307829
6666	6666	0.01957456188729572
6667	6667	0.014454976303439226
6668	6668	0.010806789375835107
6669	6669	0.0017193871936341594
6670	6670	0.019574561887399654
6671	6671	0.00027003196381949584
6672	6672	0.0006888570490207242
6673	6673	0.0033781549656387087
6674	6674	0.007219221867374398
6675	6675	0.02714647856356275
6676	6676	0.0002314559684999115
6677	6677	0.0005345530702495387
6678	6678	0.000121238841359119
6679	6679	0.0006613027666306991
6680	6680	0.0001818582608514544
6681	6681	0.0003526948092965469
6682	6682	0.027146478563705355
6683	6683	0.0034112201044720725
6684	6684	0.00379698005155592
6685	6685	0.002584591646399805
6686	6686	0.00025349939450398115
6687	6687	0.0007660090386563576
6688	6688	0.03352253940266329
6689	6689	0.00250743965701645
6690	6690	2.2043425750388648e-05
6691	6691	0.0067067122235125315
6692	6692	0.0005014879322214784
6693	6693	0.0003361622405812556
6694	6694	3.857599501186536e-05
6695	6695	0.0017193871928973337
6696	6696	0.0008486718836704764
6697	6697	0.033522539402650785
6698	6698	0.007830926926687581
6699	6699	0.010806789375462538
6700	6700	0.0271464785630128
6701	6701	0.007830926926160796
6702	6702	0.0006337484847301454
6703	6703	0.005637606084178033
6704	6704	0.0014769095118720907
6705	6705	2.204342593481887e-05
6706	6706	5.5108563876029624e-06
6707	6707	0.00022594511244558823
6708	6708	4.408685206592789e-05
6709	6709	0.0023476248214999336
6710	6710	0.007219221867911057
6711	6711	0.0006613027666214691
6712	6712	0.0005786399208022063
6713	6713	0.0003747382347285855
6714	6714	0.00031411881477675513
6715	6715	0.00043535765521224133
6716	6716	0.002534993938563245
6717	6717	0.0005069987883468078
6718	6718	0.0006998787617470049
6719	6719	0.004430728536095583
6720	6720	0.0001267496977257177
6721	6721	7.164113359666708e-05
6722	6722	0.0019012454537097935
6723	6723	0.007219221867188618
6724	6724	0.0023476248217071814
6725	6725	0.002226385980600788
6726	6726	0.0003637165221447491
6727	6727	0.0002314559687842428
6728	6728	0.0023476248217981946
6729	6729	0.0006613027664579179
6730	6730	0.016615232007947296
6731	6731	0.0005841507770690525
6732	6732	0.014454976304057078
6733	6733	0.011677504684686478
6734	6734	0.010889452221686803
6735	6735	0.01702303537981153
6736	6736	6.061942037984198e-05
6737	6737	0.007588449245965711
6738	6738	0.010889452221129158
6739	6739	0.0018626694591417866
6740	6740	0.002336603108469299
6741	6741	0.009098423896012285
6742	6742	0.019574561887451276
6743	6743	0.0008652044537678298
6744	6744	0.0031852749922955583
6745	6745	0.0008982695912252154
6746	6746	0.002320070539265875
6747	6747	0.005681692935726634
6748	6748	0.007830926926455942
6749	6749	8.817370309476237e-05
6750	6750	0.033522539403611655
6751	6751	8.266284669223064e-05
6752	6752	0.004777912488260828
6753	6753	0.0027829824757467326
6754	6754	0.0009974650066324577
6755	6755	0.007830926926460303
6756	6756	0.0025349939386249583
6757	6757	0.0006006833470487408
6758	6758	0.0007770307507534183
6759	6759	0.0004794445066115551
6760	6760	0.033522539403070636
6761	6761	0.016163341784283528
6762	6762	0.01378265182456922
6763	6763	0.0005455747832083293
6764	6764	0.00015430397967332145
6765	6765	0.0001157279842761585
6766	6766	0.00014328226676464155
6767	6767	0.0020169734378510523
6768	6768	0.011677504684674123
6769	6769	3.8575994831637203e-05
6770	6770	6.0619420458771644e-05
6771	6771	0.0011793232673837823
6772	6772	0.007830926926720445
6773	6773	0.0001157279849417704
6774	6774	0.004430728535451951
6775	6775	0.00043535765495475605
6776	6776	0.0006998787611632448
6777	6777	0.004017414306852696
6778	6778	4.959770776843942e-05
6779	6779	0.0019398214489371223
6780	6780	3.857599483578381e-05
6781	6781	0.016885263971020692
6782	6782	0.0008321393151907329
6783	6783	2.7554282478441463e-05
6784	6784	0.0007274330437173856
6785	6785	9.919541583838138e-05
6786	6786	0.0004463793681479154
6787	6787	0.0033175355457145794
6788	6788	0.0004298467982558909
6789	6789	9.368455910760813e-05
6790	6790	0.007588449245799604
6791	6791	0.00036371652211234325
6792	6792	0.03352253940284658
6793	6793	0.019574561887685724
6794	6794	0.0016808111989235573
6795	6795	0.0018957345974568295
6796	6796	0.017023035380221627
6797	6797	0.0005014879318578415
6798	6798	0.001835115177552199
6799	6799	0.0003141188148149708
6800	6800	0.0016808111984723082
6801	6801	0.0004849553621933561
6802	6802	0.016615232007091123
6803	6803	0.027146478562814727
6804	6804	0.027146478563646312
6805	6805	0.01957456188701381
6806	6806	0.0033175355453225297
6807	6807	1.1021713015472663e-05
6808	6808	0.00025901025104296685
6809	6809	0.00043535765479513346
6810	6810	4.959770797710396e-05
6811	6811	0.0025349939381283716
6812	6812	0.0044362393923394455
6813	6813	0.00035820566612124313
6814	6814	0.0014769095124415165
6815	6815	7.16411335211584e-05
6816	6816	0.0001653256919354305
6817	6817	0.0005345530702125502
6818	6818	2.2043426376147987e-05
6819	6819	0.0002920753889583306
6820	6820	4.4086851338919226e-05
6821	6821	0.0012399426877342686
6822	6822	0.0015540615012144025
6823	6823	0.027146478562911743
6824	6824	6.613027667690597e-05
6825	6825	0.0031356772849549168
6826	6826	0.007169624159871652
6827	6827	0.004182739998463712
6828	6828	0.0006668136235913034
6829	6829	0.0012564752568022118
6830	6830	0.019574561887627833
6831	6831	0.0009974650063901767
6832	6832	8.817370226295194e-05
6833	6833	9.368455933088183e-05
6834	6834	1.1021712832369719e-05
6835	6835	0.005681692935248698
6836	6836	0.003697784636387683
6837	6837	0.0018406260341140707
6838	6838	0.00021492339969853767
6839	6839	0.011677504684747955
6840	6840	0.0016477460600912586
6841	6841	0.033522539403317064
6842	6842	0.005576986664081235
6843	6843	0.03352253940325997
6844	6844	0.0008211176020883081
6845	6845	0.00011572798422644263
6846	6846	0.002534993938333211
6847	6847	0.01957456188764907
6848	6848	0.002016973438204389
6849	6849	0.0006557919103474504
6850	6850	0.007169624160021424
6851	6851	0.004017414306659818
6852	6852	0.0005621073519962074
6853	6853	0.0033781549658735348
6854	6854	6.61302770414509e-05
6855	6855	0.001184834123431271
6856	6856	0.0012123884054587352
6857	6857	0.0006613027673289851
6858	6858	0.001465887799946844
6859	6859	0.00012123884070949291
6860	6860	0.0029923950187884236
6861	6861	0.0010856387083113999
6862	6862	0.004507880524896349
6863	6863	0.00036371652161527104
6864	6864	0.0028656453213220735
6865	6865	0.001901245453831421
6866	6866	0.0018736911722351177
6867	6867	0.000892758735680279
6868	6868	0.0018957345975523432
6869	6869	0.00023145596903388838
6870	6870	0.013782651825016513
6871	6871	0.01702303537981014
6872	6872	0.0002975862456821276
6873	6873	0.0004904662187796617
6874	6874	0.0031356772845542655
6875	6875	0.0004849553625956994
6876	6876	0.002782982476001331
6877	6877	0.0002039016872575695
6878	6878	0.0075884492456704585
6879	6879	0.016615232007510014
6880	6880	9.919541524067434e-05
6881	6881	0.016885263970633925
6882	6882	0.010889452221002616
6883	6883	0.017023035379929833
6884	6884	0.0020335060074967433
6885	6885	7.164113332642553e-05
6886	6886	0.016885263970050544
6887	6887	0.0026837870608973496
6888	6888	0.0002975862452784325
6889	6889	0.00013777140994647308
6890	6890	0.016163341783365204
6891	6891	0.002424776810469692
6892	6892	0.0144549763038601
6893	6893	0.003411220104466331
6894	6894	0.0012123884057054731
6895	6895	0.03352253940348475
6896	6896	5.510856415068724e-05
6897	6897	0.00020941254320351558
6898	6898	0.0013556706712590052
6899	6899	0.0001212388412143738
6900	6900	0.0003416730963456555
6901	6901	7.715198994278453e-05
6902	6902	0.0004133142292640585
6903	6903	0.002606635071833986
6904	6904	0.00011572798493829978
6905	6905	0.00017083654815670368
6906	6906	0.0005014879319579463
6907	6907	0.000231455968946782
6908	6908	6.613027685845782e-05
6909	6909	0.016163341783795592
6910	6910	0.00018736911749984278
6911	6911	0.002534993938817775
6912	6912	4.959770770166986e-05
6913	6913	0.0025349939388220675
6914	6914	0.0027444064816540045
6915	6915	0.00034718395261075047
6916	6916	0.0001267496969742963
6917	6917	0.0008211176026077132
6918	6918	0.0014769095124902891
6919	6919	0.0004022925167553113
6920	6920	0.03352253940281704
6921	6921	0.0026837870609343127
6922	6922	0.027146478563088258
6923	6923	0.0010084867194451285
6924	6924	0.0056376060845123015
6925	6925	0.0002645211075284228
6926	6926	0.0024247768110296285
6927	6927	0.016885263970317536
6928	6928	0.016163341784065057
6929	6929	0.033522539403610094
6930	6930	0.003697784636128624
6931	6931	0.008707153092272846
6932	6932	0.0017414306185726581
6933	6933	0.003863110328201321
6934	6934	1.1021713632406134e-05
6935	6935	9.368455882076021e-05
6936	6936	0.0003416730966251343
6937	6937	0.0075884492452557295
6938	6938	0.0007660090384337667
6939	6939	0.000705389617593081
6940	6940	0.002782982476340208
6941	6941	0.01070208310375622
6942	6942	0.005681692935137502
6943	6943	0.0022263859806774156
6944	6944	8.266284631675462e-05
6945	6945	0.007219221867895697
6946	6946	0.0026176567839489217
6947	6947	0.0012454535435129934
6948	6948	0.0030089275878029797
6949	6949	0.010702083103941905
6950	6950	0.010702083104009245
6951	6951	0.0008927587352132835
6952	6952	0.005681692935122017
6953	6953	0.0013170946772803757
6954	6954	6.613027732635138e-05
6955	6955	0.019574561887468405
6956	6956	0.019574561887812925
6957	6957	0.00418273999806167
6958	6958	0.017023035380042944
6959	6959	0.0009699107244945371
6960	6960	0.0029923950182791014
6961	6961	7.164113310373714e-05
6962	6962	0.0013060729640199575
6963	6963	1.6532569644446526e-05
6964	6964	0.0011683015544340595
6965	6965	0.0011793232669089632
6966	6966	0.0008376501712232804
6967	6967	0.000380249091094519
6968	6968	0.008707153091815516
6969	6969	2.7554282439247907e-05
6970	6970	0.03352253940277706
6971	6971	0.0005400639264999827
6972	6972	6.613027724526018e-05
6973	6973	0.00011572798466499236
6974	6974	0.00035269480971863076
6975	6975	2.204342569569242e-05
6976	6976	0.010806789375242125
6977	6977	0.006431169403748298
6978	6978	3.3065139201313334e-05
6979	6979	0.001008486719303836
6980	6980	0.01688526397032304
6981	6981	5.510857223156247e-06
6982	6982	0.0003526948094260821
6983	6983	0.000986443293788453
6984	6984	0.016615232007476322
6985	6985	0.006706712223533965
6986	6986	0.0008266284590212642
6987	6987	0.019574561886931352
6988	6988	0.0025349939383210477
6989	6989	0.0015099746503314563
6990	6990	0.010889452220947074
6991	6991	0.014454976303923022
6992	6992	0.00023696682521119676
6993	6993	0.0012674969699666427
6994	6994	0.00035269480935193315
6995	6995	0.001939821449245412
6996	6996	0.002617656784043974
6997	6997	6.613027688081322e-05
6998	6998	0.002320070539777532
6999	6999	0.0003637165225112522
7000	7000	0.033522539403394114
7001	7001	0.0003471839532214703
7002	7002	1.6532569856009664e-05
7003	7003	0.0108067893750799
7004	7004	0.0007274330436092063
7005	7005	0.03352253940269711
7006	7006	0.0033781549655277888
7007	7007	8.266284680585935e-05
7008	7008	0.005637606084672012
7009	7009	0.00025901025029089186
7010	7010	6.061942106067649e-05
7011	7011	8.266284615206576e-05
7012	7012	0.007219221867242528
7013	7013	6.0619420275390475e-05
7014	7014	0.004276424556581279
7015	7015	0.00015430397923772113
7016	7016	6.0619420425973146e-05
7017	7017	0.00036371652219895626
7018	7018	0.0003141188146379582
7019	7019	0.01702303538058608
7020	7020	0.001835115177095593
7021	7021	0.0020831037152348204
7022	7022	0.004430728535829209
7023	7023	0.00909842389545856
7024	7024	0.03352253940303332
7025	7025	0.00025349939424109633
7026	7026	0.0023476248214223845
7027	7027	0.00031411881475719677
7028	7028	7.715199030227894e-05
7029	7029	0.0016808111987007112
7030	7030	8.817370262210625e-05
7031	7031	0.00011572798487556165
7032	7032	0.01957456188713165
7033	7033	0.0027829824762256334
7034	7034	0.0006998787617046346
7035	7035	0.004276424556487256
7036	7036	0.0005510856391663033
7037	7037	5.510856544544161e-06
7038	7038	0.0027333847682487074
7039	7039	0.016615232007817286
7040	7040	0.0019894191557550877
7041	7041	0.002347624821705889
7042	7042	0.000115727984658089
7043	7043	0.0006172159158694632
7044	7044	0.01957456188718248
7045	7045	0.017023035380473818
7046	7046	0.03352253940332556
7047	7047	0.00017634740526400832
7048	7048	0.0008431610281388651
7049	7049	0.0033230464019791393
7050	7050	0.0012619861129370329
7051	7051	0.010806789375972486
7052	7052	0.017023035380484976
7053	7053	0.007588449245907171
7054	7054	0.0006888570488793353
7055	7055	0.0012564752567958415
7056	7056	2.7554282850704024e-05
7057	7057	2.2043426118123743e-05
7058	7058	0.004436239391698338
7059	7059	0.013782651824106379
7060	7060	0.0009533781555875752
7061	7061	1.6532569391433475e-05
7062	7062	0.01702303538055071
7063	7063	8.817370295194326e-05
7064	7064	0.00034718395248890555
7065	7065	0.0009148021603274198
7066	7066	0.0056816929357918385
7067	7067	0.0036977846366342856
7068	7068	0.0002424776816321296
7069	7069	0.0335225394030378
7070	7070	0.013782651824345427
7071	7071	0.0007660090378789418
7072	7072	0.0011793232671157895
7073	7073	0.001719387192924924
7074	7074	0.006431169404336849
7075	7075	0.002424776810523374
7076	7076	0.0034112201039545654
7077	7077	0.0002094125430483716
7078	7078	0.016885263970828897
7079	7079	0.001339138102914352
7080	7080	2.204342568564174e-05
7081	7081	0.027146478563394437
7082	7082	0.01702303538062507
7083	7083	6.061942110371892e-05
7084	7084	0.00031411881492002545
7085	7085	0.00019839083049690977
7086	7086	0.001719387192897802
7087	7087	0.0001267496975044888
7088	7088	0.019574561886963507
7089	7089	0.00034718395299504815
7090	7090	0.004326022264277619
7091	7091	0.00783092692638737
7092	7092	0.0001047062714288075
7093	7093	0.004507880525172394
7094	7094	6.613027745590049e-05
7095	7095	0.0004959770750297646
7096	7096	0.0008431610272351178
7097	7097	0.0005290422136562469
7098	7098	0.006706712223574652
7099	7099	0.0008927587352654888
7100	7100	0.001223410118663279
7101	7101	0.0033175355459765343
7102	7102	4.408685162697477e-05
7103	7103	0.016615232007374102
7104	7104	8.817370258411599e-05
7105	7105	0.016615232007094208
7106	7106	0.000297586245065171
7107	7107	1.6532569721144007e-05
7108	7108	0.017023035380495814
7109	7109	0.0027444064812239856
7110	7110	0.010889452221535595
7111	7111	0.0001432822670047266
7112	7112	0.0017744957574807017
7113	7113	0.0013060729639371947
7114	7114	0.0022263859805724804
7115	7115	0.0002590102508503744
7116	7116	0.0009919541501405876
7117	7117	0.0025294830816965878
7118	7118	8.817370276239463e-05
7119	7119	0.002992395018236755
7120	7120	0.007588449245740666
7121	7121	6.0619420577194006e-05
7122	7122	0.0011572798418992218
7123	7123	3.30651389471232e-05
7124	7124	0.00026452110735478417
7125	7125	7.164113335309539e-05
7126	7126	6.613027733823044e-05
7127	7127	0.00017634740442556117
